domain,series,filter,optimizer,seed,t_conv,conv,final_grad,holdout_mse
financial_daily,AAPL,F0,sgd,0,99,1,6.404868560536894e-05,0.7488003489616908
financial_daily,AAPL,F0,sgd,1,94,1,0.00016159530659344372,0.7494898529511145
financial_daily,AAPL,F0,sgd,2,112,1,7.691709800208645e-05,0.74843245215059
financial_daily,AAPL,F0,sgd,3,103,1,0.0001172524791532541,0.7495054524725671
financial_daily,AAPL,F0,sgd,4,104,1,0.00015396835433407894,0.7491490317455788
financial_daily,AAPL,F0,sgd,5,97,1,0.0001508348184560848,0.7493515566809846
financial_daily,AAPL,F0,sgd,6,111,1,0.00022210985390033194,0.7480081111453848
financial_daily,AAPL,F0,sgd,7,136,1,0.0001351178020660694,0.7490597261287203
financial_daily,AAPL,F0,sgd,8,117,1,0.00023327960016381955,0.7481366673227284
financial_daily,AAPL,F0,sgd,9,115,1,6.939726049252435e-05,0.7481813918274894
financial_daily,AAPL,F0,sgd,10,99,1,4.6814013264351676e-05,0.7485136757830437
financial_daily,AAPL,F0,sgd,11,104,1,5.3862742062381256e-05,0.7480981744330514
financial_daily,AAPL,F0,sgd,12,124,1,4.3846523363152864e-05,0.7491101658954072
financial_daily,AAPL,F0,sgd,13,97,1,0.00012082538776698003,0.748545112299572
financial_daily,AAPL,F0,sgd,14,115,1,0.00011465281032375982,0.748859137556162
financial_daily,AAPL,F0,sgd,15,105,1,6.12956102695312e-05,0.7488966690837836
financial_daily,AAPL,F0,sgd,16,108,1,6.291134281129901e-05,0.7483039546758942
financial_daily,AAPL,F0,sgd,17,119,1,0.00021377327588101272,0.7490581296309593
financial_daily,AAPL,F0,sgd,18,117,1,0.00010733779324280691,0.7496010923529404
financial_daily,AAPL,F0,sgd,19,109,1,2.674463771887849e-05,0.7485286383177089
financial_daily,AAPL,F0,sgd,20,139,1,0.0001689604530260502,0.7488129695739909
financial_daily,AAPL,F0,sgd,21,97,1,0.0002741780247640296,0.7486545380652694
financial_daily,AAPL,F0,sgd,22,104,1,6.851613955143014e-05,0.7483278902146514
financial_daily,AAPL,F0,sgd,23,110,1,0.00032029021759483,0.7485900146251984
financial_daily,AAPL,F0,sgd,24,121,1,0.0001011368618674057,0.7487990734073128
financial_daily,AAPL,F0,sgd,25,100,1,0.00010947897716887767,0.7481151635606816
financial_daily,AAPL,F0,sgd,26,128,1,0.00016002955930613774,0.7487703850333145
financial_daily,AAPL,F0,sgd,27,112,1,0.0002026374092071677,0.7495489371956053
financial_daily,AAPL,F0,sgd,28,112,1,7.958355713335121e-05,0.7489937103131292
financial_daily,AAPL,F0,sgd,29,108,1,0.00024897070324672696,0.7484326963999169
financial_daily,AAPL,F0,sgd,30,98,1,9.075731137368127e-05,0.7484495357118234
financial_daily,AAPL,F0,sgd,31,122,1,0.00010677656819011362,0.7478815332107791
financial_daily,AAPL,F0,sgd,32,107,1,0.00014061582359642686,0.7490652845422802
financial_daily,AAPL,F0,sgd,33,96,1,0.0001648401625179854,0.7486509423545321
financial_daily,AAPL,F0,sgd,34,122,1,0.00012368393369855389,0.7485308817068294
financial_daily,AAPL,F0,sgd,35,115,1,0.00010522550149240007,0.7486033833900515
financial_daily,AAPL,F0,sgd,36,111,1,0.0003105985386161387,0.748104206152474
financial_daily,AAPL,F0,sgd,37,105,1,0.00044892355485425076,0.7474690061112584
financial_daily,AAPL,F0,sgd,38,115,1,5.802152076207492e-05,0.7493219356401437
financial_daily,AAPL,F0,sgd,39,99,1,0.0004953568420167967,0.7495202533973341
financial_daily,AAPL,F0,sgd,40,137,1,5.192289994150091e-05,0.7493306600980232
financial_daily,AAPL,F0,sgd,41,137,1,7.308589664765861e-05,0.7487178797715186
financial_daily,AAPL,F0,sgd,42,105,1,0.0001914256611688085,0.7497139748231286
financial_daily,AAPL,F0,sgd,43,104,1,0.00012360450186001183,0.7487934603027436
financial_daily,AAPL,F0,sgd,44,113,1,7.137992421183987e-05,0.7481349794626706
financial_daily,AAPL,F0,sgd,45,106,1,0.00011975256015586066,0.7491403609657392
financial_daily,AAPL,F0,sgd,46,116,1,0.00027184831423307656,0.7493669388416397
financial_daily,AAPL,F0,sgd,47,105,1,0.00010341574227712866,0.7496446211697321
financial_daily,AAPL,F0,sgd,48,104,1,0.0006842127048241474,0.7482454775612958
financial_daily,AAPL,F0,sgd,49,129,1,0.00010049029509054405,0.7485841483287815
financial_daily,AAPL,F0,adam,0,89,1,0.0008165683274690345,0.7507056952803732
financial_daily,AAPL,F0,adam,1,91,1,0.0014462103541092917,0.7520833828421607
financial_daily,AAPL,F0,adam,2,61,1,0.0012980338614291746,0.750782259666087
financial_daily,AAPL,F0,adam,3,55,1,0.000949880138368222,0.7489035209031194
financial_daily,AAPL,F0,adam,4,182,1,0.0019325924739763169,0.7466370946282432
financial_daily,AAPL,F0,adam,5,100,1,0.00223126243235591,0.7531279133402231
financial_daily,AAPL,F0,adam,6,97,1,0.0016101507916029421,0.7473074276717067
financial_daily,AAPL,F0,adam,7,522,1,0.0006776325317115727,0.748868920083422
financial_daily,AAPL,F0,adam,8,1159,1,0.003885691739135672,0.7507330133464564
financial_daily,AAPL,F0,adam,9,295,1,0.0023771139105582557,0.7459942199353884
financial_daily,AAPL,F0,adam,10,27,1,0.0028893720191432784,0.745334824850534
financial_daily,AAPL,F0,adam,11,293,1,0.00036124402664119103,0.7491820581294595
financial_daily,AAPL,F0,adam,12,154,1,0.0018885184673218935,0.7515572563482312
financial_daily,AAPL,F0,adam,13,114,1,0.0019208832501901973,0.7503725082075086
financial_daily,AAPL,F0,adam,14,173,1,0.003280999228534957,0.7487159714126644
financial_daily,AAPL,F0,adam,15,214,1,0.002615819498127697,0.7493937738491907
financial_daily,AAPL,F0,adam,16,162,1,0.0018841061978790061,0.7493599483469909
financial_daily,AAPL,F0,adam,17,272,1,0.0008710804249279054,0.7476635641638691
financial_daily,AAPL,F0,adam,18,457,1,0.0019282769881101844,0.7514079606748567
financial_daily,AAPL,F0,adam,19,83,1,0.0022188962392349306,0.7477140577724277
financial_daily,AAPL,F0,adam,20,185,1,0.0025216544015187986,0.7506179051329817
financial_daily,AAPL,F0,adam,21,633,1,0.0012286148216539513,0.7480200247491526
financial_daily,AAPL,F0,adam,22,358,1,0.0007929289598477294,0.7498155427682773
financial_daily,AAPL,F0,adam,23,847,1,0.00478886965814968,0.7472523641199891
financial_daily,AAPL,F0,adam,24,192,1,0.0025188372389896253,0.7489082619980456
financial_daily,AAPL,F0,adam,25,152,1,0.001196304669813556,0.7495371595875021
financial_daily,AAPL,F0,adam,26,188,1,0.0007093683303101024,0.7503810106573944
financial_daily,AAPL,F0,adam,27,115,1,0.002622430289481277,0.7511396912323778
financial_daily,AAPL,F0,adam,28,169,1,0.0004999479441703623,0.7505804470787693
financial_daily,AAPL,F0,adam,29,90,1,0.0037246890642332778,0.7480250736570869
financial_daily,AAPL,F0,adam,30,478,1,0.0006259402379623486,0.7476169396053366
financial_daily,AAPL,F0,adam,31,253,1,0.0015949702192351173,0.7510494569785774
financial_daily,AAPL,F0,adam,32,27,1,0.00038615203504976454,0.7473677837103382
financial_daily,AAPL,F0,adam,33,238,1,0.0027689344517836363,0.7488076368368554
financial_daily,AAPL,F0,adam,34,32,1,0.002820299642078817,0.7481065733263271
financial_daily,AAPL,F0,adam,35,83,1,0.0031976530094951572,0.751006831355883
financial_daily,AAPL,F0,adam,36,263,1,0.001561982096223244,0.7486940443076361
financial_daily,AAPL,F0,adam,37,37,1,0.003130747866624314,0.7449675611133857
financial_daily,AAPL,F0,adam,38,169,1,0.002088270333074413,0.7479190632709194
financial_daily,AAPL,F0,adam,39,283,1,0.0021964117058903302,0.7505622887903917
financial_daily,AAPL,F0,adam,40,212,1,0.0009567777593224677,0.7481111478476768
financial_daily,AAPL,F0,adam,41,33,1,0.0024303694552223207,0.7497762686152849
financial_daily,AAPL,F0,adam,42,406,1,0.0011197338927357986,0.748072775421119
financial_daily,AAPL,F0,adam,43,63,1,0.002239895841321458,0.7490259657960554
financial_daily,AAPL,F0,adam,44,115,1,0.004230327160184801,0.7485743334154119
financial_daily,AAPL,F0,adam,45,80,1,0.004134839107271461,0.7510620851881473
financial_daily,AAPL,F0,adam,46,292,1,0.007050953305449271,0.7515596996354584
financial_daily,AAPL,F0,adam,47,97,1,0.004352537208945246,0.7514923744824462
financial_daily,AAPL,F0,adam,48,50,1,0.0037810948678433276,0.7524289252162848
financial_daily,AAPL,F0,adam,49,111,1,0.0019013289373905737,0.750755875435313
financial_daily,AAPL,F1,sgd,0,592,1,2.950141253758541e-05,0.7918972554593371
financial_daily,AAPL,F1,sgd,1,654,1,3.274880387660778e-05,0.7920585987260682
financial_daily,AAPL,F1,sgd,2,502,1,2.242069320956636e-05,0.7927574593434756
financial_daily,AAPL,F1,sgd,3,567,1,3.378972317954647e-05,0.7915258514908581
financial_daily,AAPL,F1,sgd,4,622,1,6.161715079818689e-05,0.7901831545117228
financial_daily,AAPL,F1,sgd,5,603,1,5.585805544550502e-05,0.7903975688722696
financial_daily,AAPL,F1,sgd,6,512,1,3.5302972058099325e-05,0.7933850170742738
financial_daily,AAPL,F1,sgd,7,537,1,3.416836292131351e-05,0.7916099661090756
financial_daily,AAPL,F1,sgd,8,543,1,3.893768658212221e-05,0.7925069629173306
financial_daily,AAPL,F1,sgd,9,501,1,2.7812039375528192e-05,0.7922311806877027
financial_daily,AAPL,F1,sgd,10,552,1,3.883445050317344e-05,0.7922411863313438
financial_daily,AAPL,F1,sgd,11,539,1,3.0001570663233556e-05,0.7927097510940768
financial_daily,AAPL,F1,sgd,12,574,1,3.6493070854444244e-05,0.7924541158907877
financial_daily,AAPL,F1,sgd,13,534,1,2.7106009146378277e-05,0.7922659694913966
financial_daily,AAPL,F1,sgd,14,539,1,2.765465037580979e-05,0.7921588130733569
financial_daily,AAPL,F1,sgd,15,561,1,4.0475700197699905e-05,0.7927011833624972
financial_daily,AAPL,F1,sgd,16,605,1,4.2398302924344825e-05,0.7926129962338482
financial_daily,AAPL,F1,sgd,17,558,1,3.475555135152372e-05,0.7923003087326996
financial_daily,AAPL,F1,sgd,18,617,1,3.211918306817245e-05,0.7915753050897175
financial_daily,AAPL,F1,sgd,19,558,1,3.550370261915359e-05,0.791712133620697
financial_daily,AAPL,F1,sgd,20,588,1,2.1233222969205282e-05,0.7934124888539644
financial_daily,AAPL,F1,sgd,21,587,1,3.350976939071329e-05,0.7925203366759122
financial_daily,AAPL,F1,sgd,22,605,1,3.465078764547658e-05,0.7918174737106362
financial_daily,AAPL,F1,sgd,23,574,1,4.6549312052664454e-05,0.7937144084434319
financial_daily,AAPL,F1,sgd,24,539,1,2.967950549272727e-05,0.7920044246163693
financial_daily,AAPL,F1,sgd,25,510,1,3.037743729710674e-05,0.7921894636235716
financial_daily,AAPL,F1,sgd,26,514,1,3.113201754383772e-05,0.7930593713857901
financial_daily,AAPL,F1,sgd,27,622,1,2.6641543029692872e-05,0.7918128426529235
financial_daily,AAPL,F1,sgd,28,509,1,2.3513081420157563e-05,0.7924516429347439
financial_daily,AAPL,F1,sgd,29,589,1,6.436219259490922e-05,0.7935828192103723
financial_daily,AAPL,F1,sgd,30,615,1,2.8042374503862316e-05,0.7921998541074383
financial_daily,AAPL,F1,sgd,31,606,1,3.212740467531774e-05,0.7938778174646249
financial_daily,AAPL,F1,sgd,32,610,1,3.966357627074476e-05,0.7911832923726881
financial_daily,AAPL,F1,sgd,33,547,1,3.694389739632508e-05,0.7929409974550929
financial_daily,AAPL,F1,sgd,34,598,1,3.241988089836723e-05,0.7929636178108832
financial_daily,AAPL,F1,sgd,35,588,1,4.716519173523837e-05,0.790988456683396
financial_daily,AAPL,F1,sgd,36,492,1,3.461112041301436e-05,0.7925690167661434
financial_daily,AAPL,F1,sgd,37,571,1,0.00013156522595072164,0.7955397427267313
financial_daily,AAPL,F1,sgd,38,570,1,3.585948781041503e-05,0.7916593182146893
financial_daily,AAPL,F1,sgd,39,539,1,4.752731213208607e-05,0.7925726884642368
financial_daily,AAPL,F1,sgd,40,525,1,3.937187873939561e-05,0.791251884305401
financial_daily,AAPL,F1,sgd,41,568,1,3.074552954573479e-05,0.7926135654095614
financial_daily,AAPL,F1,sgd,42,608,1,6.48326124576189e-05,0.791406953268468
financial_daily,AAPL,F1,sgd,43,553,1,4.6748834945255527e-05,0.7922240855044256
financial_daily,AAPL,F1,sgd,44,587,1,4.1357151304145046e-05,0.7930257223278877
financial_daily,AAPL,F1,sgd,45,527,1,4.5969693194042186e-05,0.7909945354438888
financial_daily,AAPL,F1,sgd,46,584,1,3.1280438892907076e-05,0.7916349144853184
financial_daily,AAPL,F1,sgd,47,496,1,4.670286596786224e-05,0.7909344318800982
financial_daily,AAPL,F1,sgd,48,602,1,3.7689714495002494e-05,0.7913885721281847
financial_daily,AAPL,F1,sgd,49,563,1,8.013789489383255e-05,0.7947892203113233
financial_daily,AAPL,F1,adam,0,55,1,0.00018748300315492658,0.7934220015156057
financial_daily,AAPL,F1,adam,1,91,1,0.00021100296983827348,0.7872647117640111
financial_daily,AAPL,F1,adam,2,49,1,2.98333234490322e-05,0.7943141589768157
financial_daily,AAPL,F1,adam,3,86,1,1.0837701197107417e-05,0.7931249382051463
financial_daily,AAPL,F1,adam,4,77,1,0.0002009432847721183,0.7946469740370096
financial_daily,AAPL,F1,adam,5,147,1,0.00028400810925144717,0.7902339765560581
financial_daily,AAPL,F1,adam,6,60,1,0.00041106131753586945,0.8054157745597211
financial_daily,AAPL,F1,adam,7,75,1,3.4449853660350465e-05,0.7959198406985163
financial_daily,AAPL,F1,adam,8,63,1,1.4772367642494142e-05,0.7947161712685009
financial_daily,AAPL,F1,adam,9,76,1,4.156075752132555e-05,0.7960620964904792
financial_daily,AAPL,F1,adam,10,84,1,0.00023942026482349815,0.8012487836857675
financial_daily,AAPL,F1,adam,11,88,1,0.00023269457588740567,0.8012578882013133
financial_daily,AAPL,F1,adam,12,55,1,0.00045406484864387285,0.7869385616596427
financial_daily,AAPL,F1,adam,13,48,1,0.00019771746833428016,0.7988724408373318
financial_daily,AAPL,F1,adam,14,54,1,0.00014384528209313537,0.796681973413053
financial_daily,AAPL,F1,adam,15,65,1,5.992573411236902e-05,0.7964034639463484
financial_daily,AAPL,F1,adam,16,55,1,3.642188476934239e-06,0.7949316631869967
financial_daily,AAPL,F1,adam,17,69,1,6.156256693637094e-05,0.7918335341036273
financial_daily,AAPL,F1,adam,18,84,1,2.1907831854478562e-05,0.7956817050784225
financial_daily,AAPL,F1,adam,19,73,1,2.6676876661867154e-05,0.7963967929099558
financial_daily,AAPL,F1,adam,20,76,1,2.5556379327869578e-05,0.7973186346880058
financial_daily,AAPL,F1,adam,21,69,1,4.575006757218496e-05,0.7991175002704776
financial_daily,AAPL,F1,adam,22,55,1,0.00018863381748593632,0.8007052457868417
financial_daily,AAPL,F1,adam,23,75,1,3.3622901110371424e-05,0.7949594017589853
financial_daily,AAPL,F1,adam,24,67,1,8.09615912460301e-05,0.7972962039295155
financial_daily,AAPL,F1,adam,25,50,1,8.591558238928816e-05,0.7981042833539398
financial_daily,AAPL,F1,adam,26,47,1,0.0005401603599978913,0.7865827921411864
financial_daily,AAPL,F1,adam,27,67,1,0.00013300595083459303,0.7893565971080425
financial_daily,AAPL,F1,adam,28,64,1,0.00026308123341122955,0.788681277003411
financial_daily,AAPL,F1,adam,29,56,1,0.0003038898904804813,0.7998791511098626
financial_daily,AAPL,F1,adam,30,99,1,4.9567867344798666e-05,0.7947574376305342
financial_daily,AAPL,F1,adam,31,69,1,3.581149529958034e-05,0.7964198687464379
financial_daily,AAPL,F1,adam,32,94,1,1.168542882820406e-05,0.7945096931694969
financial_daily,AAPL,F1,adam,33,95,1,4.603717083580482e-06,0.7942322779989117
financial_daily,AAPL,F1,adam,34,57,1,4.711616836784889e-05,0.7982919061664145
financial_daily,AAPL,F1,adam,35,67,1,5.6946907210137796e-05,0.7924190868516403
financial_daily,AAPL,F1,adam,36,63,1,2.4691087097707564e-05,0.795963482219252
financial_daily,AAPL,F1,adam,37,75,1,0.0009197698982832998,0.8071997070888655
financial_daily,AAPL,F1,adam,38,100,1,8.872579703768373e-07,0.7946520154633193
financial_daily,AAPL,F1,adam,39,111,1,0.00015721660318316366,0.7970924518656579
financial_daily,AAPL,F1,adam,40,54,1,0.0003399479018153502,0.7867752710195349
financial_daily,AAPL,F1,adam,41,83,1,9.510425736890183e-06,0.7939472877994955
financial_daily,AAPL,F1,adam,42,62,1,0.00016112051454126105,0.7936938885417972
financial_daily,AAPL,F1,adam,43,88,1,0.0002876837293686023,0.798882788400272
financial_daily,AAPL,F1,adam,44,60,1,0.00013087712278572644,0.7999858196634013
financial_daily,AAPL,F1,adam,45,80,1,0.0005694495842059669,0.7853599556351627
financial_daily,AAPL,F1,adam,46,104,1,0.00032095399713305816,0.8016914881388245
financial_daily,AAPL,F1,adam,47,65,1,0.0003372710532299667,0.7866804874018541
financial_daily,AAPL,F1,adam,48,60,1,0.0002640781321697441,0.7888799535527489
financial_daily,AAPL,F1,adam,49,48,1,4.9043075551911574e-05,0.795644968259377
financial_daily,AAPL,F2,sgd,0,1610,1,5.419859684617468e-06,0.7522572947572802
financial_daily,AAPL,F2,sgd,1,1392,1,8.384624080494957e-06,0.7528528325275643
financial_daily,AAPL,F2,sgd,2,1516,1,6.572749647434694e-06,0.7516593605552411
financial_daily,AAPL,F2,sgd,3,1747,1,5.376905440077717e-06,0.7520371040748502
financial_daily,AAPL,F2,sgd,4,1725,1,1.3006270760729984e-05,0.7511673296237125
financial_daily,AAPL,F2,sgd,5,2018,1,9.717797680150369e-06,0.751234864412832
financial_daily,AAPL,F2,sgd,6,1608,1,4.849189477026528e-06,0.7521607130655664
financial_daily,AAPL,F2,sgd,7,1615,1,5.93878986596491e-06,0.7523895877892615
financial_daily,AAPL,F2,sgd,8,1505,1,6.23669541086403e-06,0.7524012752284857
financial_daily,AAPL,F2,sgd,9,1614,1,4.685706294150626e-06,0.7520894270161027
financial_daily,AAPL,F2,sgd,10,1636,1,6.301654309049544e-06,0.7525172130879981
financial_daily,AAPL,F2,sgd,11,1758,1,4.8437682939966e-06,0.752255553047817
financial_daily,AAPL,F2,sgd,12,1779,1,5.255540626662286e-06,0.7522968379307704
financial_daily,AAPL,F2,sgd,13,1596,1,4.74791423184132e-06,0.7519198314775823
financial_daily,AAPL,F2,sgd,14,1587,1,8.72571160691355e-06,0.7514531904821153
financial_daily,AAPL,F2,sgd,15,2016,1,5.323244854669502e-06,0.7521622673377041
financial_daily,AAPL,F2,sgd,16,1481,1,6.152608616101077e-06,0.7524375516349006
financial_daily,AAPL,F2,sgd,17,1756,1,5.26708639802794e-06,0.7521730493295705
financial_daily,AAPL,F2,sgd,18,1638,1,9.974513124185624e-06,0.7530093895070368
financial_daily,AAPL,F2,sgd,19,1339,1,6.712884126522409e-06,0.7517540508006602
financial_daily,AAPL,F2,sgd,20,1556,1,5.395452591472346e-06,0.7525186001152645
financial_daily,AAPL,F2,sgd,21,1439,1,5.221053351393451e-06,0.7521734937967234
financial_daily,AAPL,F2,sgd,22,1706,1,6.5417954325126186e-06,0.751810074973432
financial_daily,AAPL,F2,sgd,23,1396,1,7.704872971395553e-06,0.7527223512226702
financial_daily,AAPL,F2,sgd,24,1927,1,5.135369396804351e-06,0.7523080961051576
financial_daily,AAPL,F2,sgd,25,1428,1,6.261125830762919e-06,0.7516039087468507
financial_daily,AAPL,F2,sgd,26,1631,1,4.459229430022577e-06,0.7522337514681647
financial_daily,AAPL,F2,sgd,27,1787,1,5.177222131542112e-06,0.7517378609583814
financial_daily,AAPL,F2,sgd,28,1887,1,4.79593209250005e-06,0.7522222523930258
financial_daily,AAPL,F2,sgd,29,1663,1,7.862029828610761e-06,0.7527952224782005
financial_daily,AAPL,F2,sgd,30,1534,1,5.429709019586623e-06,0.7519115242812053
financial_daily,AAPL,F2,sgd,31,1556,1,8.508831970806708e-06,0.7527727259997833
financial_daily,AAPL,F2,sgd,32,1377,1,1.2906158575621602e-05,0.7512509401764189
financial_daily,AAPL,F2,sgd,33,1546,1,4.835402856619933e-06,0.7521620722604774
financial_daily,AAPL,F2,sgd,34,1471,1,1.018517388234033e-05,0.7530645075768557
financial_daily,AAPL,F2,sgd,35,1765,1,7.417504227887067e-06,0.7517237099146891
financial_daily,AAPL,F2,sgd,36,1586,1,6.768545861691594e-06,0.7527021362875361
financial_daily,AAPL,F2,sgd,37,1444,1,1.9658318973361047e-05,0.7538478300358329
financial_daily,AAPL,F2,sgd,38,1801,1,5.657184969957903e-06,0.7521592836566963
financial_daily,AAPL,F2,sgd,39,1703,1,5.9877572092088146e-06,0.7523669523966883
financial_daily,AAPL,F2,sgd,40,1726,1,5.941531941407216e-06,0.7518890995754716
financial_daily,AAPL,F2,sgd,41,1545,1,5.447375945673957e-06,0.7521466605324142
financial_daily,AAPL,F2,sgd,42,1532,1,8.325381774286737e-06,0.7522688390981813
financial_daily,AAPL,F2,sgd,43,1599,1,6.3086991763830256e-06,0.7524175111145522
financial_daily,AAPL,F2,sgd,44,1507,1,5.321982421157872e-06,0.7521427283843036
financial_daily,AAPL,F2,sgd,45,1550,1,8.27308510664845e-06,0.7516042382983195
financial_daily,AAPL,F2,sgd,46,1701,1,5.012411624363017e-06,0.7519255035929819
financial_daily,AAPL,F2,sgd,47,1401,1,8.087041002142332e-06,0.7517602264118882
financial_daily,AAPL,F2,sgd,48,1713,1,5.654811286311765e-06,0.7521353572908769
financial_daily,AAPL,F2,sgd,49,1615,1,1.2908409857529333e-05,0.7531411227493586
financial_daily,AAPL,F2,adam,0,50,1,5.437804231354191e-06,0.7518826065331923
financial_daily,AAPL,F2,adam,1,50,1,3.464902047583434e-05,0.7489869576351379
financial_daily,AAPL,F2,adam,2,72,1,9.28184122673751e-06,0.7532812191577959
financial_daily,AAPL,F2,adam,3,57,1,8.123453012702636e-05,0.7474568730752822
financial_daily,AAPL,F2,adam,4,85,1,0.00015838173585168704,0.7475012843709236
financial_daily,AAPL,F2,adam,5,54,1,0.00016082477983084945,0.7464720369715584
financial_daily,AAPL,F2,adam,6,79,1,3.185357001902611e-05,0.7522181979346653
financial_daily,AAPL,F2,adam,7,38,1,8.573639807570397e-05,0.7472817598080548
financial_daily,AAPL,F2,adam,8,57,1,1.6793599780929112e-05,0.7517222805515199
financial_daily,AAPL,F2,adam,9,63,1,5.526452570112064e-06,0.7518495000995076
financial_daily,AAPL,F2,adam,10,57,1,4.914796370210309e-06,0.7510277003499872
financial_daily,AAPL,F2,adam,11,56,1,7.621824816103178e-05,0.7543983147884025
financial_daily,AAPL,F2,adam,12,64,1,2.042574637107783e-06,0.7521731054271574
financial_daily,AAPL,F2,adam,13,86,1,3.969235058352757e-06,0.7507009102027273
financial_daily,AAPL,F2,adam,14,65,1,7.743433662322763e-05,0.7539068300864441
financial_daily,AAPL,F2,adam,15,55,1,8.005373241352103e-05,0.7552309229565433
financial_daily,AAPL,F2,adam,16,80,1,3.8239700547554283e-05,0.753974817784692
financial_daily,AAPL,F2,adam,17,55,1,9.319779151144192e-07,0.7510795964327411
financial_daily,AAPL,F2,adam,18,60,1,2.5070859072626714e-05,0.7493780000755227
financial_daily,AAPL,F2,adam,19,79,1,1.5268409918447316e-06,0.7521855405803016
financial_daily,AAPL,F2,adam,20,37,1,3.8105251274870115e-05,0.7546485026860487
financial_daily,AAPL,F2,adam,21,63,1,1.5408370818000904e-05,0.7527750880908316
financial_daily,AAPL,F2,adam,22,80,1,3.926697711846639e-05,0.7533356204666183
financial_daily,AAPL,F2,adam,23,69,1,6.961094780568756e-05,0.7535513242760163
financial_daily,AAPL,F2,adam,24,48,1,3.4314036000114348e-06,0.7519204878397308
financial_daily,AAPL,F2,adam,25,77,1,1.6688202611932555e-05,0.7521847451595035
financial_daily,AAPL,F2,adam,26,85,1,4.938419304013761e-05,0.7482481297428575
financial_daily,AAPL,F2,adam,27,86,1,1.2545082907541935e-05,0.7492252680686596
financial_daily,AAPL,F2,adam,28,48,1,7.467808843291893e-05,0.7472559615576362
financial_daily,AAPL,F2,adam,29,65,1,0.0001253839157611096,0.7563631592550529
financial_daily,AAPL,F2,adam,30,48,1,4.261119496208475e-06,0.7497371673860056
financial_daily,AAPL,F2,adam,31,49,1,7.915158166563652e-05,0.7537532612331318
financial_daily,AAPL,F2,adam,32,61,1,7.115294829505691e-07,0.7503193161870149
financial_daily,AAPL,F2,adam,33,108,1,3.261892552180027e-05,0.7545949190102575
financial_daily,AAPL,F2,adam,34,46,1,4.342846452919349e-05,0.7491775679377
financial_daily,AAPL,F2,adam,35,55,1,8.831536442370646e-06,0.7511085502699678
financial_daily,AAPL,F2,adam,36,47,1,3.2096262595462165e-05,0.7546073673653628
financial_daily,AAPL,F2,adam,37,78,1,0.000300990116581274,0.7595119318912518
financial_daily,AAPL,F2,adam,38,93,1,6.962840616966654e-06,0.7501066260450234
financial_daily,AAPL,F2,adam,39,132,1,0.00010294301791988302,0.7552419488586113
financial_daily,AAPL,F2,adam,40,88,1,3.671919517946346e-05,0.7486881950596508
financial_daily,AAPL,F2,adam,41,55,1,5.173437323891923e-06,0.749819910933479
financial_daily,AAPL,F2,adam,42,71,1,1.4866763371817879e-05,0.7542869613960821
financial_daily,AAPL,F2,adam,43,58,1,2.210837209386611e-05,0.7531179178250448
financial_daily,AAPL,F2,adam,44,74,1,9.879382525618964e-05,0.7555416238860758
financial_daily,AAPL,F2,adam,45,53,1,9.571960296622276e-05,0.7478622751034746
financial_daily,AAPL,F2,adam,46,107,1,2.5072126501389073e-06,0.7513142704208216
financial_daily,AAPL,F2,adam,47,63,1,5.2142697760676085e-05,0.7492225642790785
financial_daily,AAPL,F2,adam,48,75,1,2.2706589983708205e-05,0.749072085395814
financial_daily,AAPL,F2,adam,49,71,1,0.00011897151755512004,0.7544729016091553
financial_daily,AAPL,F4,sgd,0,3399,1,1.3221937554855975e-05,0.7558021885167011
financial_daily,AAPL,F4,sgd,1,3063,1,2.010583027889905e-05,0.7560158011814299
financial_daily,AAPL,F4,sgd,2,2845,1,1.0797657118390946e-05,0.7559359855401333
financial_daily,AAPL,F4,sgd,3,3381,1,1.4435007567083868e-05,0.7554410722783447
financial_daily,AAPL,F4,sgd,4,3395,1,2.7454842866907615e-05,0.754691908865855
financial_daily,AAPL,F4,sgd,5,3332,1,2.6535145067952093e-05,0.7556497484834797
financial_daily,AAPL,F4,sgd,6,3106,1,1.5502275246237168e-05,0.7565598005071983
financial_daily,AAPL,F4,sgd,7,3081,1,1.4439710148488026e-05,0.7557134615441798
financial_daily,AAPL,F4,sgd,8,3362,1,1.710529192224027e-05,0.7556991359824426
financial_daily,AAPL,F4,sgd,9,3328,1,1.7992446594885354e-05,0.7558339927743604
financial_daily,AAPL,F4,sgd,10,3528,1,1.695979855341977e-05,0.7551326264300501
financial_daily,AAPL,F4,sgd,11,3308,1,1.61046020877658e-05,0.7559683039737882
financial_daily,AAPL,F4,sgd,12,3626,1,1.9611265201265807e-05,0.7551987541785551
financial_daily,AAPL,F4,sgd,13,3032,1,1.575065786217912e-05,0.756052019910274
financial_daily,AAPL,F4,sgd,14,2947,1,1.606646986004033e-05,0.7553595257476998
financial_daily,AAPL,F4,sgd,15,3150,1,2.076015577882248e-05,0.7549920767412589
financial_daily,AAPL,F4,sgd,16,3429,1,1.7634078599519272e-05,0.7551886580414195
financial_daily,AAPL,F4,sgd,17,3171,1,1.8882426324806173e-05,0.755316456955973
financial_daily,AAPL,F4,sgd,18,2865,1,1.9617430741813198e-05,0.7562619903393243
financial_daily,AAPL,F4,sgd,19,3073,1,2.0482298804313864e-05,0.7547693426091814
financial_daily,AAPL,F4,sgd,20,3041,1,1.1918975411182241e-05,0.7571299340759464
financial_daily,AAPL,F4,sgd,21,3247,1,1.3692560269534656e-05,0.7556785013693327
financial_daily,AAPL,F4,sgd,22,3086,1,1.8424433820725337e-05,0.7550717743121128
financial_daily,AAPL,F4,sgd,23,2959,1,2.4407145242890582e-05,0.7566151140605295
financial_daily,AAPL,F4,sgd,24,3076,1,1.284796330759527e-05,0.7560140980870174
financial_daily,AAPL,F4,sgd,25,3132,1,1.6724104009601527e-05,0.7553915744038514
financial_daily,AAPL,F4,sgd,26,3143,1,1.7311782423547295e-05,0.7561188352137065
financial_daily,AAPL,F4,sgd,27,2547,1,1.1455965425101654e-05,0.7561571017764627
financial_daily,AAPL,F4,sgd,28,2884,1,8.427411805662772e-06,0.7568271542642243
financial_daily,AAPL,F4,sgd,29,2909,1,2.073627840928744e-05,0.7555370544353335
financial_daily,AAPL,F4,sgd,30,2803,1,1.2235502939723543e-05,0.7557936555876564
financial_daily,AAPL,F4,sgd,31,2872,1,1.6754381670112814e-05,0.7577204495463424
financial_daily,AAPL,F4,sgd,32,3379,1,2.4952901940961595e-05,0.7547407052356383
financial_daily,AAPL,F4,sgd,33,3492,1,2.4654703672183776e-05,0.7551200182335664
financial_daily,AAPL,F4,sgd,34,2936,1,1.910322633311821e-05,0.7563979224556124
financial_daily,AAPL,F4,sgd,35,3928,1,2.3703765186187172e-05,0.7544570634710891
financial_daily,AAPL,F4,sgd,36,3008,1,1.6254160325826864e-05,0.7557100565616282
financial_daily,AAPL,F4,sgd,37,4000,0,4.3872482424662876e-05,0.7557751089833619
financial_daily,AAPL,F4,sgd,38,3527,1,1.8953073086709095e-05,0.7551517276171845
financial_daily,AAPL,F4,sgd,39,3382,1,2.4239526999131027e-05,0.7549672302814984
financial_daily,AAPL,F4,sgd,40,3105,1,2.156010574528904e-05,0.7550459579262103
financial_daily,AAPL,F4,sgd,41,3213,1,1.3222560737071169e-05,0.7559427644133122
financial_daily,AAPL,F4,sgd,42,4000,0,4.8527966947702265e-05,0.753094215965453
financial_daily,AAPL,F4,sgd,43,3063,1,2.6317767276468173e-05,0.7548315008876062
financial_daily,AAPL,F4,sgd,44,3130,1,1.8739169500746587e-05,0.7552350405709921
financial_daily,AAPL,F4,sgd,45,4000,0,3.07369816336069e-05,0.7545576106051564
financial_daily,AAPL,F4,sgd,46,2772,1,1.6952535529247622e-05,0.7556796949102275
financial_daily,AAPL,F4,sgd,47,3559,1,2.429347543423778e-05,0.7542709462705691
financial_daily,AAPL,F4,sgd,48,3571,1,1.924566685452875e-05,0.7553594803483699
financial_daily,AAPL,F4,sgd,49,3258,1,3.10341505752675e-05,0.7568499770441136
financial_daily,AAPL,F4,adam,0,255,1,5.702165878974585e-05,0.7653155541537621
financial_daily,AAPL,F4,adam,1,607,1,8.468780393521442e-05,0.753581270511388
financial_daily,AAPL,F4,adam,2,102,1,2.5632576659762755e-05,0.7611927964839533
financial_daily,AAPL,F4,adam,3,143,1,7.6980720176085e-05,0.756104510882743
financial_daily,AAPL,F4,adam,4,873,1,0.00027533826873483736,0.7611840140878765
financial_daily,AAPL,F4,adam,5,306,1,0.00021928632203187362,0.757504006520947
financial_daily,AAPL,F4,adam,6,173,1,0.00014217539897158523,0.7677315986800908
financial_daily,AAPL,F4,adam,7,1119,1,0.00015648947020911882,0.7593681652022519
financial_daily,AAPL,F4,adam,8,175,1,2.8754054325934863e-05,0.7633451329367142
financial_daily,AAPL,F4,adam,9,692,1,5.113338592479469e-05,0.7629821692603668
financial_daily,AAPL,F4,adam,10,436,1,2.047425969955204e-05,0.7602675864534368
financial_daily,AAPL,F4,adam,11,136,1,0.00011984299984577594,0.7650272344433332
financial_daily,AAPL,F4,adam,12,88,1,4.331083879608799e-05,0.7586686086569613
financial_daily,AAPL,F4,adam,13,222,1,5.257725625860799e-05,0.7605951621214795
financial_daily,AAPL,F4,adam,14,119,1,0.00015236924283705216,0.759651671987869
financial_daily,AAPL,F4,adam,15,279,1,9.006440098578528e-05,0.759560647196639
financial_daily,AAPL,F4,adam,16,261,1,4.968017534870371e-05,0.7611001320316774
financial_daily,AAPL,F4,adam,17,196,1,0.0001185583068961668,0.7536483450786313
financial_daily,AAPL,F4,adam,18,227,1,2.5502917237215462e-05,0.7581463441553093
financial_daily,AAPL,F4,adam,19,95,1,1.086406471088371e-05,0.7582033828414595
financial_daily,AAPL,F4,adam,20,394,1,5.128623870216974e-05,0.7611283926960788
financial_daily,AAPL,F4,adam,21,693,1,8.18068790068644e-05,0.7629030016588868
financial_daily,AAPL,F4,adam,22,211,1,6.262241429350228e-05,0.7629689855057653
financial_daily,AAPL,F4,adam,23,221,1,0.0001430604856891143,0.7645426241485361
financial_daily,AAPL,F4,adam,24,389,1,1.621211376158691e-05,0.757513914837445
financial_daily,AAPL,F4,adam,25,153,1,3.5868123767932565e-05,0.7611398713397558
financial_daily,AAPL,F4,adam,26,572,1,9.514750547874098e-05,0.7587624340736974
financial_daily,AAPL,F4,adam,27,611,1,3.913482058841497e-05,0.7566580505193607
financial_daily,AAPL,F4,adam,28,198,1,0.0001344855722396188,0.7583563616471674
financial_daily,AAPL,F4,adam,29,269,1,0.00022853440868329878,0.7613325726697694
financial_daily,AAPL,F4,adam,30,813,1,4.695296458382653e-05,0.7633296758157562
financial_daily,AAPL,F4,adam,31,142,1,0.00011618963997358824,0.7659643816312776
financial_daily,AAPL,F4,adam,32,226,1,2.78211471993952e-05,0.7595493752903715
financial_daily,AAPL,F4,adam,33,240,1,4.795454685326835e-05,0.7595567490834723
financial_daily,AAPL,F4,adam,34,379,1,7.448660639846743e-05,0.7610470590492048
financial_daily,AAPL,F4,adam,35,480,1,1.8821556781614756e-05,0.7610848115357398
financial_daily,AAPL,F4,adam,36,167,1,6.128591324183477e-05,0.7602014396545635
financial_daily,AAPL,F4,adam,37,223,1,0.0004011748807166622,0.7669314489315322
financial_daily,AAPL,F4,adam,38,286,1,1.3136661944489533e-05,0.7578109518078068
financial_daily,AAPL,F4,adam,39,417,1,0.00022531617628683431,0.7587271488913576
financial_daily,AAPL,F4,adam,40,334,1,7.034743811772418e-05,0.7543882061063016
financial_daily,AAPL,F4,adam,41,385,1,1.5439194075872437e-05,0.7599406685459396
financial_daily,AAPL,F4,adam,42,350,1,0.00011916093020103715,0.750828252190487
financial_daily,AAPL,F4,adam,43,179,1,7.0104784630395e-05,0.7564074205048229
financial_daily,AAPL,F4,adam,44,302,1,0.00012862967078250135,0.7642979052189925
financial_daily,AAPL,F4,adam,45,219,1,0.00014052493425081874,0.7568089145068327
financial_daily,AAPL,F4,adam,46,285,1,9.195193647531127e-05,0.7617083715002909
financial_daily,AAPL,F4,adam,47,148,1,6.40369698656424e-05,0.7540464032402282
financial_daily,AAPL,F4,adam,48,406,1,4.940767680476509e-05,0.7601550857089563
financial_daily,AAPL,F4,adam,49,165,1,0.00012577096272771575,0.760894525316926
financial_daily,BTC-USD,F0,sgd,0,98,1,6.022868339141063e-05,0.510589884356831
financial_daily,BTC-USD,F0,sgd,1,90,1,0.0001882985926877686,0.5105645667651615
financial_daily,BTC-USD,F0,sgd,2,112,1,7.562311098905488e-05,0.5106123842294822
financial_daily,BTC-USD,F0,sgd,3,88,1,0.00011869982516893783,0.51061354461933
financial_daily,BTC-USD,F0,sgd,4,132,1,0.00015519789547044325,0.510502056295555
financial_daily,BTC-USD,F0,sgd,5,80,1,0.000168966608182478,0.5104710024933761
financial_daily,BTC-USD,F0,sgd,6,95,1,0.00023287072612653115,0.5106994008237322
financial_daily,BTC-USD,F0,sgd,7,137,1,0.00015667433287847295,0.5105490110930162
financial_daily,BTC-USD,F0,sgd,8,114,1,0.00023836502327810108,0.5106971605136535
financial_daily,BTC-USD,F0,sgd,9,110,1,7.146725119902382e-05,0.5106773582864655
financial_daily,BTC-USD,F0,sgd,10,98,1,5.5802946780890794e-05,0.5107116882853625
financial_daily,BTC-USD,F0,sgd,11,101,1,7.969375228317003e-05,0.5107570452543657
financial_daily,BTC-USD,F0,sgd,12,143,1,5.5898855746185955e-05,0.5105348710135283
financial_daily,BTC-USD,F0,sgd,13,97,1,0.00012448193856741966,0.5106125017945538
financial_daily,BTC-USD,F0,sgd,14,98,1,0.00014039260941793076,0.5107851953144851
financial_daily,BTC-USD,F0,sgd,15,103,1,6.506652406177213e-05,0.5107288377597747
financial_daily,BTC-USD,F0,sgd,16,101,1,7.436843728502867e-05,0.510751087565428
financial_daily,BTC-USD,F0,sgd,17,113,1,0.00022886369495278368,0.510680433272237
financial_daily,BTC-USD,F0,sgd,18,95,1,0.00011510977388370991,0.5106035142535029
financial_daily,BTC-USD,F0,sgd,19,104,1,2.851510643350406e-05,0.5106377524885284
financial_daily,BTC-USD,F0,sgd,20,88,1,0.00017053312113566186,0.510705974043021
financial_daily,BTC-USD,F0,sgd,21,95,1,0.0002867635869124456,0.5106779509127072
financial_daily,BTC-USD,F0,sgd,22,111,1,7.43792433208025e-05,0.5107145525293928
financial_daily,BTC-USD,F0,sgd,23,108,1,0.00033982387763493164,0.5108471487706993
financial_daily,BTC-USD,F0,sgd,24,121,1,0.0001083999467783666,0.5106483429018461
financial_daily,BTC-USD,F0,sgd,25,96,1,0.0001206448883728066,0.510754185437692
financial_daily,BTC-USD,F0,sgd,26,128,1,0.00016786959715304645,0.5105721093536282
financial_daily,BTC-USD,F0,sgd,27,113,1,0.00020952827078351232,0.5106299843476003
financial_daily,BTC-USD,F0,sgd,28,113,1,9.208295388795997e-05,0.5105590753982326
financial_daily,BTC-USD,F0,sgd,29,96,1,0.0002761714801429482,0.5108142996130548
financial_daily,BTC-USD,F0,sgd,30,95,1,9.374368984392082e-05,0.5105831223508623
financial_daily,BTC-USD,F0,sgd,31,95,1,0.00010983993532781538,0.5107208472329808
financial_daily,BTC-USD,F0,sgd,32,98,1,0.00014380026533585339,0.5106395067308657
financial_daily,BTC-USD,F0,sgd,33,106,1,0.00018201176445201432,0.5108272315081414
financial_daily,BTC-USD,F0,sgd,34,114,1,0.00013579037809735353,0.5105575196006886
financial_daily,BTC-USD,F0,sgd,35,94,1,0.00011596196348195326,0.5106632737289296
financial_daily,BTC-USD,F0,sgd,36,106,1,0.00031501231084645295,0.5107329435293844
financial_daily,BTC-USD,F0,sgd,37,103,1,0.0005048965486132088,0.5110041445020039
financial_daily,BTC-USD,F0,sgd,38,130,1,6.660130752440103e-05,0.5105472132425739
financial_daily,BTC-USD,F0,sgd,39,107,1,0.0005621204541063648,0.5109492973180065
financial_daily,BTC-USD,F0,sgd,40,91,1,5.935210677883594e-05,0.5105562269014333
financial_daily,BTC-USD,F0,sgd,41,84,1,7.209288998395029e-05,0.5106903842284004
financial_daily,BTC-USD,F0,sgd,42,101,1,0.00018835482101604113,0.5106803071321112
financial_daily,BTC-USD,F0,sgd,43,121,1,0.0001402144143489924,0.5107795331730548
financial_daily,BTC-USD,F0,sgd,44,113,1,6.723092795483213e-05,0.5106980308443163
financial_daily,BTC-USD,F0,sgd,45,82,1,0.000146902599700071,0.5105515912242349
financial_daily,BTC-USD,F0,sgd,46,108,1,0.0002892386931146203,0.5107517015746171
financial_daily,BTC-USD,F0,sgd,47,91,1,0.00011324849077564897,0.5105507276099053
financial_daily,BTC-USD,F0,sgd,48,111,1,0.0007030715148685823,0.5105462538771725
financial_daily,BTC-USD,F0,sgd,49,130,1,8.761533513845352e-05,0.5107770600196957
financial_daily,BTC-USD,F0,adam,0,1549,1,0.0005710425844270858,0.5104530055606084
financial_daily,BTC-USD,F0,adam,1,2124,1,0.001847963977097458,0.5103014436344933
financial_daily,BTC-USD,F0,adam,2,61,1,0.001245979966685657,0.5103558334308124
financial_daily,BTC-USD,F0,adam,3,2630,1,0.0010060256436319232,0.5107676324011468
financial_daily,BTC-USD,F0,adam,4,3717,1,0.0018777628206090597,0.5106415907954562
financial_daily,BTC-USD,F0,adam,5,1034,1,0.0022548481266080654,0.5106330931062268
financial_daily,BTC-USD,F0,adam,6,494,1,0.0023506473629813346,0.5113858769885955
financial_daily,BTC-USD,F0,adam,7,1952,1,0.0010341126637780458,0.5105269983544959
financial_daily,BTC-USD,F0,adam,8,1158,1,0.003755264382728729,0.5109250410455592
financial_daily,BTC-USD,F0,adam,9,4000,0,0.0034570567699234484,0.5115142800301985
financial_daily,BTC-USD,F0,adam,10,3344,1,0.0041646364205917,0.5118847448035884
financial_daily,BTC-USD,F0,adam,11,4000,0,0.0004942432305436782,0.5109217627205557
financial_daily,BTC-USD,F0,adam,12,3248,1,0.0021821245748839843,0.5104385211273093
financial_daily,BTC-USD,F0,adam,13,190,1,0.003088476855167415,0.5102986282587273
financial_daily,BTC-USD,F0,adam,14,317,1,0.003923945262478229,0.5117624154053397
financial_daily,BTC-USD,F0,adam,15,795,1,0.0027170168022857643,0.5111730823799181
financial_daily,BTC-USD,F0,adam,16,1106,1,0.002973669829501794,0.5116951689949362
financial_daily,BTC-USD,F0,adam,17,709,1,0.0007634440649696367,0.5109104256909615
financial_daily,BTC-USD,F0,adam,18,648,1,0.0022422239890371393,0.5107123521841099
financial_daily,BTC-USD,F0,adam,19,472,1,0.0023821897936526578,0.51058620689153
financial_daily,BTC-USD,F0,adam,20,1126,1,0.002617156839186364,0.5108281232102992
financial_daily,BTC-USD,F0,adam,21,1883,1,0.0011811782706305988,0.5104370171247948
financial_daily,BTC-USD,F0,adam,22,2538,1,0.0008194464269522286,0.5105983451570191
financial_daily,BTC-USD,F0,adam,23,25,1,0.0045509797340832995,0.5116867703052657
financial_daily,BTC-USD,F0,adam,24,1015,1,0.0034195197675841995,0.5105754055697502
financial_daily,BTC-USD,F0,adam,25,151,1,0.0011914002943138767,0.5104346759021869
financial_daily,BTC-USD,F0,adam,26,597,1,0.0009492396720409841,0.5108564152567542
financial_daily,BTC-USD,F0,adam,27,371,1,0.002200630123314482,0.5105068409791356
financial_daily,BTC-USD,F0,adam,28,684,1,0.00043836123986273835,0.5105045230542296
financial_daily,BTC-USD,F0,adam,29,105,1,0.003739654202268251,0.5111312711370024
financial_daily,BTC-USD,F0,adam,30,2891,1,0.0011061732018613419,0.5112654289378643
financial_daily,BTC-USD,F0,adam,31,1670,1,0.0015986378782577445,0.5108790159092506
financial_daily,BTC-USD,F0,adam,32,4000,0,0.0006093173196606264,0.510891739682353
financial_daily,BTC-USD,F0,adam,33,2341,1,0.002891935403564409,0.5115630034376866
financial_daily,BTC-USD,F0,adam,34,4000,0,0.0035924635014481314,0.510734832134929
financial_daily,BTC-USD,F0,adam,35,767,1,0.0032018427128044226,0.5107970238722588
financial_daily,BTC-USD,F0,adam,36,960,1,0.0019709703700966368,0.510545970754861
financial_daily,BTC-USD,F0,adam,37,109,1,0.0025610837379002557,0.5114902831273644
financial_daily,BTC-USD,F0,adam,38,621,1,0.0022533153724643134,0.5104676218603293
financial_daily,BTC-USD,F0,adam,39,283,1,0.002232674500365121,0.5113576412084908
financial_daily,BTC-USD,F0,adam,40,1400,1,0.000692437596827923,0.5107688557894166
financial_daily,BTC-USD,F0,adam,41,3076,1,0.002483943433313093,0.5105128654044369
financial_daily,BTC-USD,F0,adam,42,4000,0,0.001129041440393173,0.5106897575696436
financial_daily,BTC-USD,F0,adam,43,1176,1,0.0021233616774260613,0.5112287395504315
financial_daily,BTC-USD,F0,adam,44,2835,1,0.004275309108954189,0.5109579012401455
financial_daily,BTC-USD,F0,adam,45,1083,1,0.0043513921741110085,0.511453271022616
financial_daily,BTC-USD,F0,adam,46,4000,0,0.00738457286398573,0.512205230808207
financial_daily,BTC-USD,F0,adam,47,480,1,0.005304066530874645,0.5104312547428885
financial_daily,BTC-USD,F0,adam,48,4000,0,0.004152202747103155,0.510156127098917
financial_daily,BTC-USD,F0,adam,49,111,1,0.0019771815218525336,0.5102307991163105
financial_daily,BTC-USD,F1,sgd,0,381,1,2.792187597046991e-05,0.5356971886402825
financial_daily,BTC-USD,F1,sgd,1,436,1,3.5039605798593216e-05,0.5354374359345103
financial_daily,BTC-USD,F1,sgd,2,396,1,2.2377525797574062e-05,0.5362312754443196
financial_daily,BTC-USD,F1,sgd,3,360,1,3.682552571264115e-05,0.5353834001957641
financial_daily,BTC-USD,F1,sgd,4,415,1,7.198130587265014e-05,0.5348973334413706
financial_daily,BTC-USD,F1,sgd,5,434,1,7.151108475613614e-05,0.5350902058719612
financial_daily,BTC-USD,F1,sgd,6,368,1,4.035302459418408e-05,0.5363535140361557
financial_daily,BTC-USD,F1,sgd,7,401,1,3.471433552322474e-05,0.5354504339277121
financial_daily,BTC-USD,F1,sgd,8,363,1,3.7656834139809484e-05,0.5358529399163549
financial_daily,BTC-USD,F1,sgd,9,350,1,2.7396620087954122e-05,0.5359208080181672
financial_daily,BTC-USD,F1,sgd,10,374,1,3.6546268430795304e-05,0.5357243063432686
financial_daily,BTC-USD,F1,sgd,11,394,1,3.167706608545407e-05,0.5359882294243941
financial_daily,BTC-USD,F1,sgd,12,440,1,3.469849034406251e-05,0.5356550878830885
financial_daily,BTC-USD,F1,sgd,13,340,1,2.738760576033156e-05,0.5357982550423974
financial_daily,BTC-USD,F1,sgd,14,405,1,2.7811824275742007e-05,0.5360582906421426
financial_daily,BTC-USD,F1,sgd,15,365,1,4.483109097692267e-05,0.535832081152649
financial_daily,BTC-USD,F1,sgd,16,372,1,4.29021275858904e-05,0.5358194044408926
financial_daily,BTC-USD,F1,sgd,17,391,1,3.592576184261903e-05,0.5357668040525193
financial_daily,BTC-USD,F1,sgd,18,465,1,3.99122477825912e-05,0.5353193018857245
financial_daily,BTC-USD,F1,sgd,19,370,1,3.4892244520283427e-05,0.5355008569709202
financial_daily,BTC-USD,F1,sgd,20,387,1,2.200435176049498e-05,0.536728644068595
financial_daily,BTC-USD,F1,sgd,21,389,1,3.363944754065297e-05,0.5358271486155808
financial_daily,BTC-USD,F1,sgd,22,379,1,3.332217988485633e-05,0.5356536168169251
financial_daily,BTC-USD,F1,sgd,23,382,1,5.6022853571779935e-05,0.5363599291033911
financial_daily,BTC-USD,F1,sgd,24,388,1,2.9489267036903523e-05,0.535629836815369
financial_daily,BTC-USD,F1,sgd,25,355,1,3.158514976786064e-05,0.5358366979906451
financial_daily,BTC-USD,F1,sgd,26,357,1,3.2304784721065134e-05,0.536013245493134
financial_daily,BTC-USD,F1,sgd,27,452,1,2.736246481780301e-05,0.5356973121603961
financial_daily,BTC-USD,F1,sgd,28,363,1,2.2129971530508225e-05,0.5359574746570682
financial_daily,BTC-USD,F1,sgd,29,369,1,7.564614360760403e-05,0.5363022532613885
financial_daily,BTC-USD,F1,sgd,30,400,1,2.639929751158608e-05,0.5359038133616926
financial_daily,BTC-USD,F1,sgd,31,394,1,3.327288882987816e-05,0.536817885234555
financial_daily,BTC-USD,F1,sgd,32,401,1,3.616648071620661e-05,0.5354159687501276
financial_daily,BTC-USD,F1,sgd,33,384,1,4.29219727862877e-05,0.5359455909034515
financial_daily,BTC-USD,F1,sgd,34,367,1,2.809247560223829e-05,0.5359252428498779
financial_daily,BTC-USD,F1,sgd,35,411,1,4.696630720689799e-05,0.5351290700145414
financial_daily,BTC-USD,F1,sgd,36,352,1,3.374221323962538e-05,0.536025502234878
financial_daily,BTC-USD,F1,sgd,37,371,1,0.0001674545875914572,0.5369349848087329
financial_daily,BTC-USD,F1,sgd,38,426,1,3.617430816037595e-05,0.5354158789546624
financial_daily,BTC-USD,F1,sgd,39,422,1,5.421409459265362e-05,0.5357953777826416
financial_daily,BTC-USD,F1,sgd,40,355,1,4.1607524872824074e-05,0.535244212368992
financial_daily,BTC-USD,F1,sgd,41,415,1,2.8821265970015828e-05,0.5359402205871064
financial_daily,BTC-USD,F1,sgd,42,388,1,6.654243986996848e-05,0.5347680345654726
financial_daily,BTC-USD,F1,sgd,43,395,1,4.76020550711667e-05,0.5355197417843379
financial_daily,BTC-USD,F1,sgd,44,411,1,4.8196936267915984e-05,0.5360070887632546
financial_daily,BTC-USD,F1,sgd,45,390,1,5.0744740413503865e-05,0.5350549622658124
financial_daily,BTC-USD,F1,sgd,46,376,1,3.079090007315499e-05,0.5355914368235937
financial_daily,BTC-USD,F1,sgd,47,350,1,4.8721634375925715e-05,0.5350766250600079
financial_daily,BTC-USD,F1,sgd,48,400,1,3.895759755108048e-05,0.5353231708916952
financial_daily,BTC-USD,F1,sgd,49,355,1,9.488546424618077e-05,0.5367342031816497
financial_daily,BTC-USD,F1,adam,0,51,1,0.00045723752958762575,0.5381601742305354
financial_daily,BTC-USD,F1,adam,1,80,1,0.0003348272276904365,0.5348005623999168
financial_daily,BTC-USD,F1,adam,2,47,1,1.679222602771828e-05,0.538483136802624
financial_daily,BTC-USD,F1,adam,3,55,1,1.0722965876214162e-05,0.5377784145538586
financial_daily,BTC-USD,F1,adam,4,75,1,0.00012302244530856552,0.5401587815803969
financial_daily,BTC-USD,F1,adam,5,81,1,0.0004648258995624829,0.535892302794646
financial_daily,BTC-USD,F1,adam,6,51,1,0.0005606858621093226,0.542856180344545
financial_daily,BTC-USD,F1,adam,7,53,1,3.5294024890106345e-05,0.5394362986203036
financial_daily,BTC-USD,F1,adam,8,57,1,1.808384277552106e-05,0.5392869651579422
financial_daily,BTC-USD,F1,adam,9,47,1,5.773523989189538e-05,0.5385738646865871
financial_daily,BTC-USD,F1,adam,10,69,1,0.00036883856146768205,0.542579821923712
financial_daily,BTC-USD,F1,adam,11,65,1,9.577227239712125e-05,0.5402693843741457
financial_daily,BTC-USD,F1,adam,12,52,1,0.0008590664703799787,0.5346789871595966
financial_daily,BTC-USD,F1,adam,13,47,1,8.208413418886928e-05,0.5381671684472246
financial_daily,BTC-USD,F1,adam,14,50,1,0.00020022278377216586,0.5390506106624348
financial_daily,BTC-USD,F1,adam,15,57,1,0.0001403103158104884,0.5385149437266178
financial_daily,BTC-USD,F1,adam,16,53,1,7.229256509175834e-06,0.5383998677554571
financial_daily,BTC-USD,F1,adam,17,66,1,0.00010034820546603128,0.5362241425433681
financial_daily,BTC-USD,F1,adam,18,52,1,0.00026031280290795265,0.5404627849439845
financial_daily,BTC-USD,F1,adam,19,71,1,1.6889303093157865e-05,0.5378900197010079
financial_daily,BTC-USD,F1,adam,20,66,1,5.936244342584486e-05,0.5397022900343459
financial_daily,BTC-USD,F1,adam,21,62,1,7.37917613825203e-05,0.5409441347987335
financial_daily,BTC-USD,F1,adam,22,46,1,0.00010835088351636065,0.5401261694905845
financial_daily,BTC-USD,F1,adam,23,59,1,5.450351166880519e-05,0.5383918885145238
financial_daily,BTC-USD,F1,adam,24,60,1,0.0001434229211822275,0.5390607089487467
financial_daily,BTC-USD,F1,adam,25,48,1,6.241189306112745e-05,0.5398963328527607
financial_daily,BTC-USD,F1,adam,26,47,1,0.00046890652273436637,0.5358290766672548
financial_daily,BTC-USD,F1,adam,27,65,1,0.00028506468373691487,0.5348632088392941
financial_daily,BTC-USD,F1,adam,28,57,1,0.0001344012873813358,0.537861124120767
financial_daily,BTC-USD,F1,adam,29,52,1,0.00025102251396308547,0.539926179060691
financial_daily,BTC-USD,F1,adam,30,94,1,3.695216247272468e-05,0.5400661639942343
financial_daily,BTC-USD,F1,adam,31,63,1,3.481994644892659e-05,0.5399141379449759
financial_daily,BTC-USD,F1,adam,32,60,1,1.3969192357019672e-05,0.5374865786254617
financial_daily,BTC-USD,F1,adam,33,60,1,2.28015273703739e-05,0.5378783287190789
financial_daily,BTC-USD,F1,adam,34,52,1,0.00011729816032442535,0.5412838874969711
financial_daily,BTC-USD,F1,adam,35,54,1,3.6660386974293604e-05,0.5390137249298002
financial_daily,BTC-USD,F1,adam,36,57,1,1.5079395808602733e-05,0.53901275590035
financial_daily,BTC-USD,F1,adam,37,72,1,0.0014675997113200447,0.5447028181499121
financial_daily,BTC-USD,F1,adam,38,73,1,1.4915967716392602e-05,0.5386085566958339
financial_daily,BTC-USD,F1,adam,39,76,1,0.00011778255156993552,0.5368756843151087
financial_daily,BTC-USD,F1,adam,40,52,1,0.0004836973893707647,0.5339185450355739
financial_daily,BTC-USD,F1,adam,41,62,1,5.1824696901967445e-06,0.5384476144249278
financial_daily,BTC-USD,F1,adam,42,53,1,0.00016426452534230236,0.5353226155216396
financial_daily,BTC-USD,F1,adam,43,73,1,0.0003519526710048578,0.5384237358998799
financial_daily,BTC-USD,F1,adam,44,54,1,6.257389939012645e-05,0.5393153481062011
financial_daily,BTC-USD,F1,adam,45,64,1,0.0006724690725795043,0.5347359898657165
financial_daily,BTC-USD,F1,adam,46,75,1,0.000477286378318338,0.540215982822034
financial_daily,BTC-USD,F1,adam,47,58,1,0.0003420322332309463,0.5351345118345646
financial_daily,BTC-USD,F1,adam,48,54,1,0.000328756015123777,0.5362946294231826
financial_daily,BTC-USD,F1,adam,49,47,1,1.7934885995576677e-05,0.5371125427166035
financial_daily,BTC-USD,F2,sgd,0,967,1,1.688665804539903e-05,0.5167049291276657
financial_daily,BTC-USD,F2,sgd,1,879,1,1.9640413140284904e-05,0.5169230063965999
financial_daily,BTC-USD,F2,sgd,2,1023,1,1.495186316292467e-05,0.516791171622067
financial_daily,BTC-USD,F2,sgd,3,854,1,1.665917503243964e-05,0.5166873084730226
financial_daily,BTC-USD,F2,sgd,4,920,1,3.05702477820995e-05,0.5162967482634341
financial_daily,BTC-USD,F2,sgd,5,1093,1,2.5833480155339332e-05,0.5163405100846045
financial_daily,BTC-USD,F2,sgd,6,860,1,1.6601851785909746e-05,0.5169221221550501
financial_daily,BTC-USD,F2,sgd,7,941,1,1.8315443736777486e-05,0.5167282143243861
financial_daily,BTC-USD,F2,sgd,8,984,1,2.0171932957590378e-05,0.5167808403811806
financial_daily,BTC-USD,F2,sgd,9,957,1,1.4828310757338171e-05,0.5166560844609204
financial_daily,BTC-USD,F2,sgd,10,1032,1,1.9590255689636412e-05,0.5167183418431348
financial_daily,BTC-USD,F2,sgd,11,931,1,1.5505547333920603e-05,0.5168448088169079
financial_daily,BTC-USD,F2,sgd,12,1070,1,1.78692573863923e-05,0.5168367876644425
financial_daily,BTC-USD,F2,sgd,13,1005,1,1.4661657135645274e-05,0.5167518667537794
financial_daily,BTC-USD,F2,sgd,14,903,1,1.8160683964656188e-05,0.5165979718433343
financial_daily,BTC-USD,F2,sgd,15,1158,1,1.716080938392649e-05,0.5167608643392495
financial_daily,BTC-USD,F2,sgd,16,911,1,2.0044973978934874e-05,0.5167933643652589
financial_daily,BTC-USD,F2,sgd,17,1062,1,1.670397515981628e-05,0.5167051385477491
financial_daily,BTC-USD,F2,sgd,18,905,1,1.748395838097831e-05,0.5169397391744878
financial_daily,BTC-USD,F2,sgd,19,845,1,1.7900793275691014e-05,0.5165758944507896
financial_daily,BTC-USD,F2,sgd,20,907,1,1.4948599621180096e-05,0.5169668156223252
financial_daily,BTC-USD,F2,sgd,21,901,1,1.6931971903477692e-05,0.516812393610072
financial_daily,BTC-USD,F2,sgd,22,967,1,1.8113756687940928e-05,0.5166104149499522
financial_daily,BTC-USD,F2,sgd,23,924,1,2.194059614363907e-05,0.5170072349617874
financial_daily,BTC-USD,F2,sgd,24,994,1,1.5776563187467734e-05,0.5168161400055866
financial_daily,BTC-USD,F2,sgd,25,935,1,1.618719935970417e-05,0.5166432264815475
financial_daily,BTC-USD,F2,sgd,26,850,1,1.4814400833769455e-05,0.51690925116846
financial_daily,BTC-USD,F2,sgd,27,934,1,1.534738086036351e-05,0.5167240966240035
financial_daily,BTC-USD,F2,sgd,28,1172,1,1.5324565212431757e-05,0.5169735881939824
financial_daily,BTC-USD,F2,sgd,29,925,1,2.6841331722895466e-05,0.5170589303291121
financial_daily,BTC-USD,F2,sgd,30,950,1,1.6047368611545476e-05,0.5167255743561441
financial_daily,BTC-USD,F2,sgd,31,985,1,2.1569450035730957e-05,0.5171132084390462
financial_daily,BTC-USD,F2,sgd,32,920,1,2.5045547015455137e-05,0.5164056548554531
financial_daily,BTC-USD,F2,sgd,33,849,1,1.541382333988885e-05,0.5167160649723691
financial_daily,BTC-USD,F2,sgd,34,883,1,2.2790816507132838e-05,0.5170333277043779
financial_daily,BTC-USD,F2,sgd,35,1010,1,2.0885052497056175e-05,0.5165499850227545
financial_daily,BTC-USD,F2,sgd,36,960,1,1.8641411863712365e-05,0.5169021163591578
financial_daily,BTC-USD,F2,sgd,37,920,1,5.491705180004776e-05,0.5172786947859415
financial_daily,BTC-USD,F2,sgd,38,1067,1,1.7592748581612273e-05,0.5166200670659725
financial_daily,BTC-USD,F2,sgd,39,810,1,1.956258663926547e-05,0.5167726077395777
financial_daily,BTC-USD,F2,sgd,40,868,1,1.800905638020288e-05,0.5165631157462902
financial_daily,BTC-USD,F2,sgd,41,951,1,1.726471765583451e-05,0.5167720830461412
financial_daily,BTC-USD,F2,sgd,42,917,1,2.3841633602185113e-05,0.5164143496031222
financial_daily,BTC-USD,F2,sgd,43,824,1,2.0406880208321023e-05,0.5167340237625123
financial_daily,BTC-USD,F2,sgd,44,1004,1,1.7113615175708222e-05,0.5167940193845351
financial_daily,BTC-USD,F2,sgd,45,973,1,2.110908841963778e-05,0.5163768637596202
financial_daily,BTC-USD,F2,sgd,46,1022,1,1.5935784747158998e-05,0.5166493921594608
financial_daily,BTC-USD,F2,sgd,47,873,1,2.1221725679927023e-05,0.5164802411735062
financial_daily,BTC-USD,F2,sgd,48,985,1,1.8009641301895458e-05,0.5166042108333164
financial_daily,BTC-USD,F2,sgd,49,918,1,3.564477887271376e-05,0.5172122879719974
financial_daily,BTC-USD,F2,adam,0,30,1,1.4875192286552082e-05,0.5196705378197944
financial_daily,BTC-USD,F2,adam,1,32,1,9.295550903052511e-05,0.5167287595175113
financial_daily,BTC-USD,F2,adam,2,35,1,6.161880901205596e-06,0.5198207333486012
financial_daily,BTC-USD,F2,adam,3,33,1,5.217963178424331e-05,0.5180513478648772
financial_daily,BTC-USD,F2,adam,4,37,1,0.00019312009608258652,0.5174745675107176
financial_daily,BTC-USD,F2,adam,5,38,1,0.00020622580362231714,0.5168819501370895
financial_daily,BTC-USD,F2,adam,6,37,1,8.364323717522043e-05,0.5205700994972245
financial_daily,BTC-USD,F2,adam,7,28,1,8.849914795154257e-05,0.5178695035335911
financial_daily,BTC-USD,F2,adam,8,38,1,2.5253860443960893e-06,0.5193408280772356
financial_daily,BTC-USD,F2,adam,9,48,1,1.029126992328506e-05,0.5184091849857531
financial_daily,BTC-USD,F2,adam,10,36,1,5.560349575182937e-06,0.5190482607246788
financial_daily,BTC-USD,F2,adam,11,33,1,0.00021033450379452865,0.5202127946874812
financial_daily,BTC-USD,F2,adam,12,37,1,9.367666190280145e-06,0.5174478965236662
financial_daily,BTC-USD,F2,adam,13,37,1,3.223240858473326e-05,0.5189056389624799
financial_daily,BTC-USD,F2,adam,14,39,1,0.00012913891440743605,0.5196659329168553
financial_daily,BTC-USD,F2,adam,15,37,1,5.847326343873094e-05,0.5187215993693836
financial_daily,BTC-USD,F2,adam,16,55,1,4.553392963591998e-05,0.5196557706345943
financial_daily,BTC-USD,F2,adam,17,41,1,3.360604627230199e-06,0.5177820326303292
financial_daily,BTC-USD,F2,adam,18,39,1,1.2455608142537705e-05,0.5176706668191118
financial_daily,BTC-USD,F2,adam,19,36,1,5.724054769436798e-06,0.51784439842872
financial_daily,BTC-USD,F2,adam,20,28,1,3.351860661463076e-05,0.5204731418594393
financial_daily,BTC-USD,F2,adam,21,44,1,1.2792985412680139e-05,0.520204837685516
financial_daily,BTC-USD,F2,adam,22,57,1,8.318168013676952e-05,0.5192552108496568
financial_daily,BTC-USD,F2,adam,23,37,1,4.0061660987433185e-05,0.5190421913865442
financial_daily,BTC-USD,F2,adam,24,31,1,8.83156883156329e-06,0.5198141249582621
financial_daily,BTC-USD,F2,adam,25,48,1,4.002373987846244e-05,0.5190464481758587
financial_daily,BTC-USD,F2,adam,26,35,1,0.00021373257885999312,0.5169654260954708
financial_daily,BTC-USD,F2,adam,27,34,1,3.1589001297337135e-05,0.5183937554365611
financial_daily,BTC-USD,F2,adam,28,33,1,0.00020618173696670855,0.5187122624883606
financial_daily,BTC-USD,F2,adam,29,38,1,0.00020753782702147804,0.5211572906427259
financial_daily,BTC-USD,F2,adam,30,32,1,1.5606250448899164e-05,0.5185296118017853
financial_daily,BTC-USD,F2,adam,31,31,1,7.658407382370652e-05,0.5207171997811034
financial_daily,BTC-USD,F2,adam,32,33,1,1.9107362929228108e-06,0.5185725271950378
financial_daily,BTC-USD,F2,adam,33,35,1,1.4036858575785836e-05,0.5178376597429215
financial_daily,BTC-USD,F2,adam,34,33,1,5.5236283751409275e-05,0.5179422918387906
financial_daily,BTC-USD,F2,adam,35,31,1,2.5817718361600938e-05,0.518138431369759
financial_daily,BTC-USD,F2,adam,36,34,1,4.595297402664062e-05,0.5196207997678742
financial_daily,BTC-USD,F2,adam,37,46,1,0.0004456021269672335,0.5201338801422908
financial_daily,BTC-USD,F2,adam,38,78,1,2.3096605071850154e-06,0.5178159343274444
financial_daily,BTC-USD,F2,adam,39,35,1,0.00018141824521467667,0.5194914632892653
financial_daily,BTC-USD,F2,adam,40,38,1,0.00011579336202652944,0.5165510838356993
financial_daily,BTC-USD,F2,adam,41,39,1,1.1325508217755273e-05,0.5187452898396897
financial_daily,BTC-USD,F2,adam,42,42,1,4.026571252308329e-05,0.5162840233271119
financial_daily,BTC-USD,F2,adam,43,36,1,7.75872064918807e-05,0.5185080534053944
financial_daily,BTC-USD,F2,adam,44,39,1,0.00010979238813586054,0.51977468932641
financial_daily,BTC-USD,F2,adam,45,37,1,0.00025289716056833356,0.5153507603014491
financial_daily,BTC-USD,F2,adam,46,56,1,4.0849197042901447e-05,0.5190237720523999
financial_daily,BTC-USD,F2,adam,47,40,1,0.00010298588125816836,0.5166825603416785
financial_daily,BTC-USD,F2,adam,48,32,1,8.648155227791263e-05,0.517083454310892
financial_daily,BTC-USD,F2,adam,49,55,1,6.64145260476141e-05,0.5189183127696398
financial_daily,BTC-USD,F4,sgd,0,766,1,1.6187766913655427e-05,0.5424817712601029
financial_daily,BTC-USD,F4,sgd,1,823,1,1.1758884488498097e-05,0.5418129013662704
financial_daily,BTC-USD,F4,sgd,2,709,1,6.9324593743806095e-06,0.5427308337628235
financial_daily,BTC-USD,F4,sgd,3,686,1,1.1702330762405308e-05,0.5420236323648199
financial_daily,BTC-USD,F4,sgd,4,717,1,5.6359698945117814e-05,0.5413151225984242
financial_daily,BTC-USD,F4,sgd,5,746,1,7.118512779289953e-05,0.5414822694884853
financial_daily,BTC-USD,F4,sgd,6,757,1,2.8370981827633072e-05,0.5434110011695746
financial_daily,BTC-USD,F4,sgd,7,856,1,9.804715731547661e-06,0.5421758038793989
financial_daily,BTC-USD,F4,sgd,8,686,1,9.437837934354879e-06,0.5429136526683448
financial_daily,BTC-USD,F4,sgd,9,786,1,1.6300361428765605e-05,0.5424073823137648
financial_daily,BTC-USD,F4,sgd,10,786,1,5.8407970857473935e-06,0.5424736748954483
financial_daily,BTC-USD,F4,sgd,11,753,1,9.715159999567927e-06,0.5425896854346907
financial_daily,BTC-USD,F4,sgd,12,754,1,1.063757807330773e-05,0.541991102534913
financial_daily,BTC-USD,F4,sgd,13,729,1,1.0292560366458192e-05,0.5424174471873279
financial_daily,BTC-USD,F4,sgd,14,685,1,1.0814459717175152e-05,0.5425696700565363
financial_daily,BTC-USD,F4,sgd,15,741,1,1.8225814962452614e-05,0.5422997782147488
financial_daily,BTC-USD,F4,sgd,16,833,1,9.543079413182368e-06,0.5426005855867981
financial_daily,BTC-USD,F4,sgd,17,724,1,1.1698115641240369e-05,0.5423057231868997
financial_daily,BTC-USD,F4,sgd,18,781,1,1.7748338174575847e-05,0.5416191019274414
financial_daily,BTC-USD,F4,sgd,19,784,1,1.0628276693463194e-05,0.5418141189543924
financial_daily,BTC-USD,F4,sgd,20,791,1,3.2263411340366546e-05,0.5430670137441057
financial_daily,BTC-USD,F4,sgd,21,803,1,3.840808631816716e-06,0.5425810267248443
financial_daily,BTC-USD,F4,sgd,22,736,1,7.992931195647144e-06,0.5422051591315715
financial_daily,BTC-USD,F4,sgd,23,714,1,4.4395675030514475e-05,0.5433075367226045
financial_daily,BTC-USD,F4,sgd,24,746,1,3.087771070002968e-06,0.5422691804296917
financial_daily,BTC-USD,F4,sgd,25,718,1,7.569149354910067e-06,0.5424357825023356
financial_daily,BTC-USD,F4,sgd,26,663,1,1.0695958455887456e-05,0.5426959544115237
financial_daily,BTC-USD,F4,sgd,27,810,1,6.523090431684688e-06,0.5422314005545485
financial_daily,BTC-USD,F4,sgd,28,678,1,4.651902338477377e-06,0.5428349861185152
financial_daily,BTC-USD,F4,sgd,29,787,1,4.6269127871973156e-05,0.5430937744069618
financial_daily,BTC-USD,F4,sgd,30,844,1,5.431687505101214e-06,0.5424683121178625
financial_daily,BTC-USD,F4,sgd,31,695,1,4.437348135124691e-05,0.543525337702833
financial_daily,BTC-USD,F4,sgd,32,760,1,1.0640601639877901e-05,0.5421858140450607
financial_daily,BTC-USD,F4,sgd,33,744,1,2.4368100420310252e-05,0.5422670152984972
financial_daily,BTC-USD,F4,sgd,34,827,1,8.017625615374923e-06,0.5424649079911619
financial_daily,BTC-USD,F4,sgd,35,765,1,1.312314280621593e-05,0.5418635183398952
financial_daily,BTC-USD,F4,sgd,36,741,1,1.5710908114595386e-05,0.5423739635901869
financial_daily,BTC-USD,F4,sgd,37,813,1,0.00013988731057710862,0.5436542261454657
financial_daily,BTC-USD,F4,sgd,38,820,1,1.0768964365250632e-05,0.5419231119895712
financial_daily,BTC-USD,F4,sgd,39,757,1,2.7402453353461847e-05,0.5424783970931403
financial_daily,BTC-USD,F4,sgd,40,704,1,1.9645102860625822e-05,0.5416600803171353
financial_daily,BTC-USD,F4,sgd,41,806,1,7.2144026048095725e-06,0.5426702564274422
financial_daily,BTC-USD,F4,sgd,42,814,1,4.481114023498947e-05,0.5411539917577903
financial_daily,BTC-USD,F4,sgd,43,761,1,1.9796569830621038e-05,0.5421261686482979
financial_daily,BTC-USD,F4,sgd,44,767,1,1.922261396053942e-05,0.5426981833612093
financial_daily,BTC-USD,F4,sgd,45,762,1,3.313872932425452e-05,0.5415146885092759
financial_daily,BTC-USD,F4,sgd,46,799,1,1.278321864298786e-05,0.5420467562304044
financial_daily,BTC-USD,F4,sgd,47,702,1,1.7764494608235558e-05,0.5415832526550671
financial_daily,BTC-USD,F4,sgd,48,802,1,1.584921377039557e-05,0.5419235953814181
financial_daily,BTC-USD,F4,sgd,49,741,1,7.56721724590659e-05,0.5436108801003016
financial_daily,BTC-USD,F4,adam,0,89,1,0.00044203079732974573,0.5403287681948631
financial_daily,BTC-USD,F4,adam,1,82,1,0.00035542253753079704,0.5392018172389779
financial_daily,BTC-USD,F4,adam,2,67,1,8.160722138553984e-05,0.5437657593712931
financial_daily,BTC-USD,F4,adam,3,89,1,0.00011661091068808627,0.5417912638846996
financial_daily,BTC-USD,F4,adam,4,76,1,0.0001592103601220098,0.5425462285727051
financial_daily,BTC-USD,F4,adam,5,142,1,0.00045792946022890044,0.5403842730554601
financial_daily,BTC-USD,F4,adam,6,78,1,0.0005791736243285464,0.5482442174780091
financial_daily,BTC-USD,F4,adam,7,74,1,8.820558048781037e-05,0.5422951410254753
financial_daily,BTC-USD,F4,adam,8,83,1,7.269160221598403e-05,0.5427629905650782
financial_daily,BTC-USD,F4,adam,9,77,1,5.2245811193238645e-05,0.5426501686002743
financial_daily,BTC-USD,F4,adam,10,105,1,0.00036050187681374433,0.5460298455777349
financial_daily,BTC-USD,F4,adam,11,83,1,9.902925163273557e-05,0.5449413428298842
financial_daily,BTC-USD,F4,adam,12,65,1,0.0008885781327005296,0.5380593645398426
financial_daily,BTC-USD,F4,adam,13,73,1,0.00010948046039377457,0.5454051899920958
financial_daily,BTC-USD,F4,adam,14,65,1,0.00026931845880563216,0.5438867543544913
financial_daily,BTC-USD,F4,adam,15,87,1,0.0001541419541426478,0.5445073455645724
financial_daily,BTC-USD,F4,adam,16,72,1,1.9813345266736677e-05,0.5427223453917029
financial_daily,BTC-USD,F4,adam,17,85,1,0.0004906596664235041,0.5413345791175174
financial_daily,BTC-USD,F4,adam,18,82,1,0.0002794389189771104,0.5448352759876662
financial_daily,BTC-USD,F4,adam,19,72,1,4.0233868938921304e-05,0.543531848665919
financial_daily,BTC-USD,F4,adam,20,68,1,9.095066995474054e-05,0.5423670347584834
financial_daily,BTC-USD,F4,adam,21,86,1,0.00011285841656849513,0.5433116933194664
financial_daily,BTC-USD,F4,adam,22,72,1,0.00018200033454445033,0.5453394807189417
financial_daily,BTC-USD,F4,adam,23,100,1,0.00022315641964391954,0.5445232340710952
financial_daily,BTC-USD,F4,adam,24,86,1,0.00014725725128336177,0.5437784237755457
financial_daily,BTC-USD,F4,adam,25,66,1,7.069656588792281e-05,0.5441790072985627
financial_daily,BTC-USD,F4,adam,26,73,1,0.00046559673317007113,0.5409129293196436
financial_daily,BTC-USD,F4,adam,27,72,1,0.00033638911141596015,0.5402723468641432
financial_daily,BTC-USD,F4,adam,28,59,1,0.0001541949750399649,0.54143611534353
financial_daily,BTC-USD,F4,adam,29,73,1,0.0003171660784966425,0.5445471023607306
financial_daily,BTC-USD,F4,adam,30,97,1,3.0403308469386095e-05,0.5438667485520459
financial_daily,BTC-USD,F4,adam,31,71,1,0.0001407414430286116,0.5450084543188307
financial_daily,BTC-USD,F4,adam,32,95,1,7.205308429101705e-05,0.5432270722999348
financial_daily,BTC-USD,F4,adam,33,91,1,8.755564183335434e-05,0.5429312970408439
financial_daily,BTC-USD,F4,adam,34,84,1,0.00020394466664273012,0.5469167334619961
financial_daily,BTC-USD,F4,adam,35,71,1,4.3546137124552144e-05,0.543350525342112
financial_daily,BTC-USD,F4,adam,36,74,1,0.0001338417714406598,0.5430540464920072
financial_daily,BTC-USD,F4,adam,37,79,1,0.0015742147813478885,0.5487424465179922
financial_daily,BTC-USD,F4,adam,38,87,1,7.805011437717155e-05,0.5425857384304236
financial_daily,BTC-USD,F4,adam,39,108,1,0.00043020941904466716,0.5413579004384433
financial_daily,BTC-USD,F4,adam,40,85,1,0.0005089903954532092,0.5385887750992722
financial_daily,BTC-USD,F4,adam,41,125,1,4.161445006964317e-05,0.543359180056434
financial_daily,BTC-USD,F4,adam,42,77,1,0.00017319988169885365,0.5413433986438988
financial_daily,BTC-USD,F4,adam,43,85,1,0.0003693200655304207,0.5452251010258664
financial_daily,BTC-USD,F4,adam,44,76,1,0.00012271824823700123,0.5452830339451765
financial_daily,BTC-USD,F4,adam,45,77,1,0.0006308213316378135,0.5400053898013795
financial_daily,BTC-USD,F4,adam,46,102,1,0.0006413495393738209,0.547168248999131
financial_daily,BTC-USD,F4,adam,47,72,1,0.00033142911412776464,0.5388232683923135
financial_daily,BTC-USD,F4,adam,48,106,1,0.00044773463329907803,0.5434814834657089
financial_daily,BTC-USD,F4,adam,49,84,1,3.0015043941037173e-05,0.5422214060041767
financial_daily,ETH-USD,F0,sgd,0,83,1,6.169953434213741e-05,0.596019167874776
financial_daily,ETH-USD,F0,sgd,1,94,1,0.00018087369092555143,0.5962011940978075
financial_daily,ETH-USD,F0,sgd,2,112,1,7.368775236766864e-05,0.5959633697639096
financial_daily,ETH-USD,F0,sgd,3,91,1,0.00011795081461995761,0.5963296990656974
financial_daily,ETH-USD,F0,sgd,4,132,1,0.0001585798373434574,0.5959370305872365
financial_daily,ETH-USD,F0,sgd,5,88,1,0.00016777570030550393,0.5959098797060741
financial_daily,ETH-USD,F0,sgd,6,113,1,0.00023219603335235538,0.5960174241339302
financial_daily,ETH-USD,F0,sgd,7,137,1,0.00015558843558019698,0.5960907605912744
financial_daily,ETH-USD,F0,sgd,8,114,1,0.00022762725223959116,0.5961576350341186
financial_daily,ETH-USD,F0,sgd,9,105,1,7.173666307135262e-05,0.5960920002870598
financial_daily,ETH-USD,F0,sgd,10,99,1,5.184014691842149e-05,0.596289600950151
financial_daily,ETH-USD,F0,sgd,11,104,1,7.702848659450965e-05,0.5962378838611958
financial_daily,ETH-USD,F0,sgd,12,143,1,5.455989727580806e-05,0.5959831272524064
financial_daily,ETH-USD,F0,sgd,13,99,1,0.00012403443696810718,0.5960822553877917
financial_daily,ETH-USD,F0,sgd,14,99,1,0.00013270062408855094,0.5964740986715069
financial_daily,ETH-USD,F0,sgd,15,103,1,6.348255220212314e-05,0.5964036409459942
financial_daily,ETH-USD,F0,sgd,16,101,1,7.280456174909006e-05,0.5963296832014242
financial_daily,ETH-USD,F0,sgd,17,113,1,0.00021831401416408478,0.5962946100826557
financial_daily,ETH-USD,F0,sgd,18,112,1,0.00011122459856806832,0.5963253278151485
financial_daily,ETH-USD,F0,sgd,19,104,1,2.6807353913683762e-05,0.5961222540423023
financial_daily,ETH-USD,F0,sgd,20,137,1,0.00016905705578203168,0.5962784869163222
financial_daily,ETH-USD,F0,sgd,21,95,1,0.00028264506654842756,0.596104320872207
financial_daily,ETH-USD,F0,sgd,22,111,1,7.184213154303721e-05,0.5962644188426603
financial_daily,ETH-USD,F0,sgd,23,108,1,0.00032550758458059113,0.5966149983987348
financial_daily,ETH-USD,F0,sgd,24,121,1,0.00010418358955340973,0.5962282575452411
financial_daily,ETH-USD,F0,sgd,25,96,1,0.00011816340349030886,0.59632601683325
financial_daily,ETH-USD,F0,sgd,26,127,1,0.00016542763706232507,0.5959399731073654
financial_daily,ETH-USD,F0,sgd,27,115,1,0.00020114793587053487,0.5963159719735494
financial_daily,ETH-USD,F0,sgd,28,118,1,8.814482723473422e-05,0.596039774455505
financial_daily,ETH-USD,F0,sgd,29,97,1,0.00026684941516348176,0.5964229049725462
financial_daily,ETH-USD,F0,sgd,30,98,1,9.395562992635757e-05,0.5959127961149436
financial_daily,ETH-USD,F0,sgd,31,99,1,0.00010998047914950568,0.5961391459252511
financial_daily,ETH-USD,F0,sgd,32,102,1,0.00013989372542280894,0.596182760442346
financial_daily,ETH-USD,F0,sgd,33,108,1,0.00017610789048029616,0.596621128233179
financial_daily,ETH-USD,F0,sgd,34,110,1,0.0001333117778860868,0.595913273258464
financial_daily,ETH-USD,F0,sgd,35,96,1,0.00011178424886674855,0.5962487589002541
financial_daily,ETH-USD,F0,sgd,36,110,1,0.0003062315099343376,0.5962414102131677
financial_daily,ETH-USD,F0,sgd,37,105,1,0.0004992141765011084,0.5966834817628002
financial_daily,ETH-USD,F0,sgd,38,129,1,6.430806554395782e-05,0.5960491080778483
financial_daily,ETH-USD,F0,sgd,39,109,1,0.000537305336373808,0.5970481793392567
financial_daily,ETH-USD,F0,sgd,40,98,1,5.899612764329643e-05,0.5960960227229779
financial_daily,ETH-USD,F0,sgd,41,81,1,7.191492132443012e-05,0.5963422397324462
financial_daily,ETH-USD,F0,sgd,42,112,1,0.00018450389657431742,0.5964561902583214
financial_daily,ETH-USD,F0,sgd,43,126,1,0.00013444113503477658,0.5964847840417241
financial_daily,ETH-USD,F0,sgd,44,113,1,6.729388820140805e-05,0.5961318090262666
financial_daily,ETH-USD,F0,sgd,45,93,1,0.0001438628966273267,0.5961276243151856
financial_daily,ETH-USD,F0,sgd,46,116,1,0.00027841541030877525,0.5965052868223912
financial_daily,ETH-USD,F0,sgd,47,93,1,0.00011011970859469199,0.5961565346376623
financial_daily,ETH-USD,F0,sgd,48,109,1,0.0006927635353732014,0.5957021802754474
financial_daily,ETH-USD,F0,sgd,49,130,1,8.859486136058343e-05,0.5964498554278735
financial_daily,ETH-USD,F0,adam,0,220,1,0.0005418040427537598,0.5959563746296082
financial_daily,ETH-USD,F0,adam,1,816,1,0.0017242920689249837,0.5960468834569053
financial_daily,ETH-USD,F0,adam,2,61,1,0.0012644763588721677,0.5957464454943022
financial_daily,ETH-USD,F0,adam,3,1640,1,0.000975877597512875,0.5967131435455925
financial_daily,ETH-USD,F0,adam,4,3081,1,0.0018490744911394907,0.5952314157903178
financial_daily,ETH-USD,F0,adam,5,1034,1,0.0023837912010577778,0.5971405797649157
financial_daily,ETH-USD,F0,adam,6,99,1,0.0021865955424634604,0.596798274067048
financial_daily,ETH-USD,F0,adam,7,1952,1,0.0009822454036644485,0.5962448595927726
financial_daily,ETH-USD,F0,adam,8,1158,1,0.0037632103536311364,0.5968737312759913
financial_daily,ETH-USD,F0,adam,9,1032,1,0.0033948213095960954,0.5966999091596515
financial_daily,ETH-USD,F0,adam,10,1202,1,0.004011197698333044,0.5977942150743659
financial_daily,ETH-USD,F0,adam,11,323,1,0.0004417265058839745,0.5967483844277935
financial_daily,ETH-USD,F0,adam,12,1042,1,0.0021293654179867635,0.5963340100729356
financial_daily,ETH-USD,F0,adam,13,190,1,0.0029623327422312103,0.5957530608074468
financial_daily,ETH-USD,F0,adam,14,173,1,0.004032079139220237,0.5981161603634271
financial_daily,ETH-USD,F0,adam,15,67,1,0.002577615381128506,0.5970570683650417
financial_daily,ETH-USD,F0,adam,16,464,1,0.002643356171064949,0.5983134537010479
financial_daily,ETH-USD,F0,adam,17,583,1,0.0008175744119268447,0.5964219083012885
financial_daily,ETH-USD,F0,adam,18,648,1,0.0022365224138579166,0.5972288688666868
financial_daily,ETH-USD,F0,adam,19,472,1,0.0023448243167985723,0.595135988192494
financial_daily,ETH-USD,F0,adam,20,650,1,0.002577777748279471,0.5968879776772049
financial_daily,ETH-USD,F0,adam,21,1290,1,0.0012568383201473452,0.595267595421968
financial_daily,ETH-USD,F0,adam,22,481,1,0.0007556412574372643,0.596293886897991
financial_daily,ETH-USD,F0,adam,23,848,1,0.004536894203515614,0.5983087765383986
financial_daily,ETH-USD,F0,adam,24,193,1,0.003265174332704392,0.5961337032465568
financial_daily,ETH-USD,F0,adam,25,151,1,0.0011906794834553047,0.5956252836204489
financial_daily,ETH-USD,F0,adam,26,597,1,0.0009524690037747479,0.5966151956269018
financial_daily,ETH-USD,F0,adam,27,115,1,0.002285677684802893,0.5961346292615562
financial_daily,ETH-USD,F0,adam,28,684,1,0.0004226264903939578,0.5961917604619057
financial_daily,ETH-USD,F0,adam,29,105,1,0.0036366140977862438,0.5967546464108957
financial_daily,ETH-USD,F0,adam,30,1782,1,0.0010397242206067676,0.5970208140897015
financial_daily,ETH-USD,F0,adam,31,789,1,0.0015480579327156506,0.5971434462931541
financial_daily,ETH-USD,F0,adam,32,815,1,0.0006099697726683243,0.5960826521405544
financial_daily,ETH-USD,F0,adam,33,388,1,0.0029196874421666408,0.5981327521492926
financial_daily,ETH-USD,F0,adam,34,131,1,0.003355704016409107,0.596217840021659
financial_daily,ETH-USD,F0,adam,35,767,1,0.0031080065239950396,0.5967859972834889
financial_daily,ETH-USD,F0,adam,36,454,1,0.001975404062026433,0.5961697442269692
financial_daily,ETH-USD,F0,adam,37,108,1,0.0025583309773552104,0.5969460658725015
financial_daily,ETH-USD,F0,adam,38,621,1,0.0022596710819114013,0.5951519744207681
financial_daily,ETH-USD,F0,adam,39,283,1,0.0022423304121026414,0.5980780966528224
financial_daily,ETH-USD,F0,adam,40,870,1,0.0007799194752851342,0.5962470457935718
financial_daily,ETH-USD,F0,adam,41,1877,1,0.002442200904615067,0.5956198437344694
financial_daily,ETH-USD,F0,adam,42,4000,0,0.0010286669193957203,0.5961361945491606
financial_daily,ETH-USD,F0,adam,43,1175,1,0.0022029437372226715,0.5970898168586682
financial_daily,ETH-USD,F0,adam,44,2835,1,0.004327172610236999,0.5966653415363508
financial_daily,ETH-USD,F0,adam,45,1083,1,0.004126863154712116,0.5977106913017419
financial_daily,ETH-USD,F0,adam,46,4000,0,0.007174527293865486,0.5996321876038607
financial_daily,ETH-USD,F0,adam,47,480,1,0.005010166884899105,0.5957592645331254
financial_daily,ETH-USD,F0,adam,48,507,1,0.004078894709651648,0.5951257934357626
financial_daily,ETH-USD,F0,adam,49,111,1,0.0019428060358876774,0.5951851654657342
financial_daily,ETH-USD,F1,sgd,0,363,1,2.784177788305593e-05,0.624853896611059
financial_daily,ETH-USD,F1,sgd,1,397,1,3.479609862798758e-05,0.6245802036298684
financial_daily,ETH-USD,F1,sgd,2,373,1,2.222068278503997e-05,0.6253857313857913
financial_daily,ETH-USD,F1,sgd,3,348,1,3.7051173097146806e-05,0.6244779442915254
financial_daily,ETH-USD,F1,sgd,4,373,1,7.201324184908292e-05,0.6239049611365987
financial_daily,ETH-USD,F1,sgd,5,380,1,7.092473476605169e-05,0.6242796260663489
financial_daily,ETH-USD,F1,sgd,6,352,1,3.966763263500941e-05,0.6257689014702743
financial_daily,ETH-USD,F1,sgd,7,359,1,3.514465880862753e-05,0.6245476014351695
financial_daily,ETH-USD,F1,sgd,8,337,1,3.7627052525249847e-05,0.6251059691324576
financial_daily,ETH-USD,F1,sgd,9,340,1,2.6312310308430415e-05,0.6252903681191735
financial_daily,ETH-USD,F1,sgd,10,353,1,3.690595383865698e-05,0.6248783839995197
financial_daily,ETH-USD,F1,sgd,11,381,1,3.085076604493247e-05,0.6253008968014924
financial_daily,ETH-USD,F1,sgd,12,408,1,3.435074508445056e-05,0.6248380654884689
financial_daily,ETH-USD,F1,sgd,13,327,1,2.614330416951946e-05,0.6250701618965998
financial_daily,ETH-USD,F1,sgd,14,374,1,2.7835587902092307e-05,0.6253480184987927
financial_daily,ETH-USD,F1,sgd,15,357,1,4.4570153465739643e-05,0.6250848879729546
financial_daily,ETH-USD,F1,sgd,16,350,1,4.328499221215578e-05,0.6250023955200498
financial_daily,ETH-USD,F1,sgd,17,352,1,3.529016255163073e-05,0.6250321039996927
financial_daily,ETH-USD,F1,sgd,18,430,1,4.01555995639012e-05,0.6243871610078863
financial_daily,ETH-USD,F1,sgd,19,347,1,3.430668235868929e-05,0.6246740596545765
financial_daily,ETH-USD,F1,sgd,20,359,1,2.1840466716661528e-05,0.626078138007001
financial_daily,ETH-USD,F1,sgd,21,378,1,3.326602977629897e-05,0.625037462135546
financial_daily,ETH-USD,F1,sgd,22,362,1,3.297432454611627e-05,0.6248671475743839
financial_daily,ETH-USD,F1,sgd,23,364,1,5.548347460130373e-05,0.6258133507719483
financial_daily,ETH-USD,F1,sgd,24,360,1,2.879664589615556e-05,0.6247606008918014
financial_daily,ETH-USD,F1,sgd,25,340,1,3.077552675712935e-05,0.625138209006766
financial_daily,ETH-USD,F1,sgd,26,342,1,3.084760855096513e-05,0.6253442227840111
financial_daily,ETH-USD,F1,sgd,27,407,1,2.6527945266587967e-05,0.6248784560349846
financial_daily,ETH-USD,F1,sgd,28,355,1,2.187776125953494e-05,0.6251308268676655
financial_daily,ETH-USD,F1,sgd,29,357,1,7.743900862739452e-05,0.6255249277905676
financial_daily,ETH-USD,F1,sgd,30,365,1,2.6184472058092633e-05,0.6251498878289535
financial_daily,ETH-USD,F1,sgd,31,375,1,3.262236446907853e-05,0.6263400095246835
financial_daily,ETH-USD,F1,sgd,32,367,1,3.558327923308722e-05,0.624595631999236
financial_daily,ETH-USD,F1,sgd,33,355,1,4.1943436313504316e-05,0.6253086700435369
financial_daily,ETH-USD,F1,sgd,34,348,1,2.7609482026592624e-05,0.6251416785482843
financial_daily,ETH-USD,F1,sgd,35,371,1,4.688348470127507e-05,0.6241703938025388
financial_daily,ETH-USD,F1,sgd,36,338,1,3.440959908504624e-05,0.6252089098367131
financial_daily,ETH-USD,F1,sgd,37,350,1,0.00017068834348006826,0.6264516184688438
financial_daily,ETH-USD,F1,sgd,38,386,1,3.580387542530013e-05,0.6245879519514259
financial_daily,ETH-USD,F1,sgd,39,408,1,5.45888317949099e-05,0.6250623618160819
financial_daily,ETH-USD,F1,sgd,40,339,1,4.100678337248262e-05,0.624406457356392
financial_daily,ETH-USD,F1,sgd,41,398,1,2.8289089465025997e-05,0.6252076456274129
financial_daily,ETH-USD,F1,sgd,42,365,1,6.550470541529846e-05,0.6238767948470717
financial_daily,ETH-USD,F1,sgd,43,370,1,4.729444059183781e-05,0.6247255349821387
financial_daily,ETH-USD,F1,sgd,44,358,1,4.814413362966986e-05,0.6252770363040242
financial_daily,ETH-USD,F1,sgd,45,349,1,4.974207671171346e-05,0.6242802001360602
financial_daily,ETH-USD,F1,sgd,46,359,1,2.968859297758168e-05,0.6248194127501853
financial_daily,ETH-USD,F1,sgd,47,339,1,4.910525317448773e-05,0.6241265756795514
financial_daily,ETH-USD,F1,sgd,48,361,1,3.8560021238636314e-05,0.6244985161400877
financial_daily,ETH-USD,F1,sgd,49,339,1,9.46291205390184e-05,0.6263158648688449
financial_daily,ETH-USD,F1,adam,0,50,1,0.0004758843098000451,0.6272602501185743
financial_daily,ETH-USD,F1,adam,1,53,1,0.0003481129984858477,0.6230776728978655
financial_daily,ETH-USD,F1,adam,2,46,1,1.583811861713519e-05,0.6271425621243943
financial_daily,ETH-USD,F1,adam,3,52,1,1.0114772474156198e-05,0.6269218695520918
financial_daily,ETH-USD,F1,adam,4,52,1,0.0001129554881670758,0.6300904449295072
financial_daily,ETH-USD,F1,adam,5,60,1,0.0004847908036027771,0.6250801104509363
financial_daily,ETH-USD,F1,adam,6,49,1,0.0005668933369378282,0.6336628220961278
financial_daily,ETH-USD,F1,adam,7,52,1,3.3610420134310674e-05,0.6290726147151949
financial_daily,ETH-USD,F1,adam,8,56,1,1.960991135133087e-05,0.6284930424018051
financial_daily,ETH-USD,F1,adam,9,46,1,5.738094591469856e-05,0.6282456583525907
financial_daily,ETH-USD,F1,adam,10,50,1,0.00037182538509114425,0.6323513183751028
financial_daily,ETH-USD,F1,adam,11,61,1,8.372006224033987e-05,0.6298986940008803
financial_daily,ETH-USD,F1,adam,12,51,1,0.0008786432466052649,0.6226490166980296
financial_daily,ETH-USD,F1,adam,13,46,1,6.956656385356833e-05,0.6274443529896329
financial_daily,ETH-USD,F1,adam,14,50,1,0.00020785104421697885,0.6291074778683832
financial_daily,ETH-USD,F1,adam,15,56,1,0.0001480573940552989,0.6278548812415856
financial_daily,ETH-USD,F1,adam,16,44,1,6.815121707527249e-06,0.6275037208216809
financial_daily,ETH-USD,F1,adam,17,65,1,9.431784943908137e-05,0.6250118427950093
financial_daily,ETH-USD,F1,adam,18,51,1,0.0002874658875091857,0.6305324770075172
financial_daily,ETH-USD,F1,adam,19,51,1,1.5231502872695943e-05,0.6267814877848696
financial_daily,ETH-USD,F1,adam,20,64,1,6.565925835644173e-05,0.6292470677818148
financial_daily,ETH-USD,F1,adam,21,59,1,7.295421019446479e-05,0.6302851350097983
financial_daily,ETH-USD,F1,adam,22,44,1,9.740704635572178e-05,0.6298319802034993
financial_daily,ETH-USD,F1,adam,23,57,1,5.717981413379436e-05,0.6284803540186016
financial_daily,ETH-USD,F1,adam,24,57,1,0.0001464930645381238,0.627894116553881
financial_daily,ETH-USD,F1,adam,25,47,1,5.650628415793257e-05,0.6297824855288305
financial_daily,ETH-USD,F1,adam,26,46,1,0.0004499198126528326,0.6244504373243399
financial_daily,ETH-USD,F1,adam,27,65,1,0.0002989401648276832,0.6232513287963878
financial_daily,ETH-USD,F1,adam,28,56,1,0.0001273504436560989,0.6268513972012087
financial_daily,ETH-USD,F1,adam,29,51,1,0.00024041937754297566,0.6286067027457148
financial_daily,ETH-USD,F1,adam,30,51,1,3.4513332334022335e-05,0.6298053419126396
financial_daily,ETH-USD,F1,adam,31,60,1,3.642665318319254e-05,0.6300687816638336
financial_daily,ETH-USD,F1,adam,32,56,1,1.3956639203207002e-05,0.6262870368698062
financial_daily,ETH-USD,F1,adam,33,49,1,2.7462856351359404e-05,0.6275661737143621
financial_daily,ETH-USD,F1,adam,34,52,1,0.00011402945282886656,0.6311123821261165
financial_daily,ETH-USD,F1,adam,35,53,1,3.49859728781257e-05,0.6280443273605278
financial_daily,ETH-USD,F1,adam,36,56,1,1.4791190935188217e-05,0.6285131392938785
financial_daily,ETH-USD,F1,adam,37,55,1,0.0015213443490092841,0.6363365712183008
financial_daily,ETH-USD,F1,adam,38,72,1,1.8414285785457294e-05,0.627782089436599
financial_daily,ETH-USD,F1,adam,39,50,1,0.0001110696528321673,0.6262397659050555
financial_daily,ETH-USD,F1,adam,40,51,1,0.0004951025732547867,0.6226236515020089
financial_daily,ETH-USD,F1,adam,41,61,1,4.729838354785113e-06,0.6278775363224925
financial_daily,ETH-USD,F1,adam,42,51,1,0.00016491060462775793,0.6245010461644324
financial_daily,ETH-USD,F1,adam,43,59,1,0.000358690451078948,0.6277438885789619
financial_daily,ETH-USD,F1,adam,44,52,1,5.4882606346955326e-05,0.6284793747420608
financial_daily,ETH-USD,F1,adam,45,59,1,0.0006826738929386815,0.623975977384914
financial_daily,ETH-USD,F1,adam,46,51,1,0.00048148315230645813,0.6304819739506462
financial_daily,ETH-USD,F1,adam,47,56,1,0.00033378019077392427,0.6239357823808321
financial_daily,ETH-USD,F1,adam,48,45,1,0.0003368183297399732,0.6250243383212543
financial_daily,ETH-USD,F1,adam,49,46,1,1.5524154237655992e-05,0.6263304476558113
financial_daily,ETH-USD,F2,sgd,0,956,1,1.0595422048561787e-05,0.5996527672812675
financial_daily,ETH-USD,F2,sgd,1,849,1,1.3338446619834869e-05,0.5999644741824576
financial_daily,ETH-USD,F2,sgd,2,1021,1,9.717086317279791e-06,0.5996307756806372
financial_daily,ETH-USD,F2,sgd,3,852,1,1.033261547489508e-05,0.5996519574565803
financial_daily,ETH-USD,F2,sgd,4,919,1,2.437241308827764e-05,0.5991744910178239
financial_daily,ETH-USD,F2,sgd,5,1071,1,2.0334260750892658e-05,0.599293730003383
financial_daily,ETH-USD,F2,sgd,6,858,1,1.0384900555665456e-05,0.5999495156825204
financial_daily,ETH-USD,F2,sgd,7,936,1,1.1366384209556813e-05,0.5996988060028584
financial_daily,ETH-USD,F2,sgd,8,980,1,1.2649290864365434e-05,0.5998001915172161
financial_daily,ETH-USD,F2,sgd,9,953,1,9.17758609079773e-06,0.599676535978327
financial_daily,ETH-USD,F2,sgd,10,1025,1,1.2335845838025715e-05,0.599692758881338
financial_daily,ETH-USD,F2,sgd,11,876,1,9.685464235375007e-06,0.5998552207743699
financial_daily,ETH-USD,F2,sgd,12,1069,1,1.1558215842216345e-05,0.5998471699069019
financial_daily,ETH-USD,F2,sgd,13,1004,1,9.00101857593163e-06,0.599733277867501
financial_daily,ETH-USD,F2,sgd,14,900,1,1.2275128904678993e-05,0.5995122592598285
financial_daily,ETH-USD,F2,sgd,15,1151,1,1.0568095850578698e-05,0.5997580571907876
financial_daily,ETH-USD,F2,sgd,16,900,1,1.2691712615144686e-05,0.5997826794448664
financial_daily,ETH-USD,F2,sgd,17,1058,1,1.0251044758344831e-05,0.5996987315432851
financial_daily,ETH-USD,F2,sgd,18,904,1,1.1735824028901971e-05,0.5999419318374359
financial_daily,ETH-USD,F2,sgd,19,815,1,1.1566758423728778e-05,0.5995316536659796
financial_daily,ETH-USD,F2,sgd,20,898,1,1.0096411442336513e-05,0.5998983034644105
financial_daily,ETH-USD,F2,sgd,21,901,1,1.0504510066845506e-05,0.599817743282322
financial_daily,ETH-USD,F2,sgd,22,965,1,1.1491267611828919e-05,0.5995746757002958
financial_daily,ETH-USD,F2,sgd,23,913,1,1.4949580464350304e-05,0.6000777233807079
financial_daily,ETH-USD,F2,sgd,24,991,1,9.723056235568084e-06,0.5997791854717188
financial_daily,ETH-USD,F2,sgd,25,932,1,1.0205850084751037e-05,0.5996353728408431
financial_daily,ETH-USD,F2,sgd,26,848,1,9.354068675050749e-06,0.5999400981065057
financial_daily,ETH-USD,F2,sgd,27,928,1,9.812871205547128e-06,0.5996682513685967
financial_daily,ETH-USD,F2,sgd,28,1171,1,9.67419932423689e-06,0.5999403746602903
financial_daily,ETH-USD,F2,sgd,29,921,1,1.9438461712312262e-05,0.6000685894407474
financial_daily,ETH-USD,F2,sgd,30,883,1,9.93925854786667e-06,0.5997054876413415
financial_daily,ETH-USD,F2,sgd,31,983,1,1.6139917188050138e-05,0.6001886364823231
financial_daily,ETH-USD,F2,sgd,32,917,1,1.8183539322664008e-05,0.5993415731825927
financial_daily,ETH-USD,F2,sgd,33,846,1,9.49868899821645e-06,0.5997301905910051
financial_daily,ETH-USD,F2,sgd,34,874,1,1.6906746599828463e-05,0.6000726367461828
financial_daily,ETH-USD,F2,sgd,35,1008,1,1.3422987423789038e-05,0.599513336438677
financial_daily,ETH-USD,F2,sgd,36,946,1,1.2532331875214863e-05,0.5998809631141043
financial_daily,ETH-USD,F2,sgd,37,917,1,4.667139114233023e-05,0.6004016796712528
financial_daily,ETH-USD,F2,sgd,38,1033,1,1.0924214670144292e-05,0.5996133182771681
financial_daily,ETH-USD,F2,sgd,39,806,1,1.208310246578919e-05,0.5997982326161272
financial_daily,ETH-USD,F2,sgd,40,856,1,1.1520444943259355e-05,0.5995497631371128
financial_daily,ETH-USD,F2,sgd,41,946,1,1.0721971590771022e-05,0.599773251756587
financial_daily,ETH-USD,F2,sgd,42,908,1,1.4754034647868928e-05,0.5994447281425066
financial_daily,ETH-USD,F2,sgd,43,819,1,1.2656487288857816e-05,0.5997652360705134
financial_daily,ETH-USD,F2,sgd,44,1003,1,1.057089451077009e-05,0.5997759941264375
financial_daily,ETH-USD,F2,sgd,45,904,1,1.4575777553556296e-05,0.5993884546627665
financial_daily,ETH-USD,F2,sgd,46,1019,1,1.0215774295940302e-05,0.5996142973767196
financial_daily,ETH-USD,F2,sgd,47,870,1,1.398413835050118e-05,0.5994319255816352
financial_daily,ETH-USD,F2,sgd,48,972,1,1.1178095191400286e-05,0.5996128741010002
financial_daily,ETH-USD,F2,sgd,49,916,1,2.828373940027636e-05,0.6003797425174212
financial_daily,ETH-USD,F2,adam,0,30,1,8.374738709579433e-06,0.6023129606342926
financial_daily,ETH-USD,F2,adam,1,32,1,8.865820155774173e-05,0.5992460265729319
financial_daily,ETH-USD,F2,adam,2,35,1,4.811328933978979e-06,0.6018613812902127
financial_daily,ETH-USD,F2,adam,3,33,1,5.5378512223696093e-05,0.6003838411574774
financial_daily,ETH-USD,F2,adam,4,37,1,0.00019004600774765997,0.5995618911909008
financial_daily,ETH-USD,F2,adam,5,37,1,0.00020399117725363857,0.600229471394436
financial_daily,ETH-USD,F2,adam,6,36,1,7.82576783821001e-05,0.6038754158574778
financial_daily,ETH-USD,F2,adam,7,27,1,8.95265573955449e-05,0.6003058460343813
financial_daily,ETH-USD,F2,adam,8,38,1,2.339289335653522e-06,0.6021760232462532
financial_daily,ETH-USD,F2,adam,9,48,1,7.025826741239211e-06,0.6015636562812146
financial_daily,ETH-USD,F2,adam,10,35,1,3.498167653116584e-06,0.6011045341506223
financial_daily,ETH-USD,F2,adam,11,33,1,0.0002066417361055216,0.6032985696509731
financial_daily,ETH-USD,F2,adam,12,37,1,8.158151651951416e-06,0.5999907610287487
financial_daily,ETH-USD,F2,adam,13,37,1,2.9264994178690533e-05,0.6024037345273973
financial_daily,ETH-USD,F2,adam,14,39,1,0.00012595165825942552,0.6030953680345459
financial_daily,ETH-USD,F2,adam,15,37,1,5.877534972649985e-05,0.6013812081332733
financial_daily,ETH-USD,F2,adam,16,55,1,4.636633249143588e-05,0.6018667189281276
financial_daily,ETH-USD,F2,adam,17,41,1,1.6201165855489537e-06,0.6007259477895208
financial_daily,ETH-USD,F2,adam,18,39,1,1.2893120901331303e-05,0.6002587693742846
financial_daily,ETH-USD,F2,adam,19,36,1,5.667272291445198e-06,0.6004389674210822
financial_daily,ETH-USD,F2,adam,20,28,1,2.8627553232045162e-05,0.6034606403073206
financial_daily,ETH-USD,F2,adam,21,44,1,1.234128076252462e-05,0.6019893883481653
financial_daily,ETH-USD,F2,adam,22,57,1,8.227017381778125e-05,0.6021798627554594
financial_daily,ETH-USD,F2,adam,23,37,1,3.7819222817429904e-05,0.6027088564737222
financial_daily,ETH-USD,F2,adam,24,30,1,9.311382659405438e-06,0.6019491426557272
financial_daily,ETH-USD,F2,adam,25,48,1,3.8258294637235866e-05,0.6018270031750139
financial_daily,ETH-USD,F2,adam,26,35,1,0.00020952040258772627,0.5994402710553316
financial_daily,ETH-USD,F2,adam,27,33,1,3.387689297674632e-05,0.6008367217398104
financial_daily,ETH-USD,F2,adam,28,32,1,0.00019996412090222452,0.6009496816482726
financial_daily,ETH-USD,F2,adam,29,38,1,0.00019944175048592448,0.603399098225251
financial_daily,ETH-USD,F2,adam,30,32,1,1.4782591007433902e-05,0.6010998980197512
financial_daily,ETH-USD,F2,adam,31,31,1,7.20653284563923e-05,0.6046112614279378
financial_daily,ETH-USD,F2,adam,32,32,1,1.3329064143657968e-06,0.6015465689845092
financial_daily,ETH-USD,F2,adam,33,35,1,1.346201139575533e-05,0.6007007387445408
financial_daily,ETH-USD,F2,adam,34,33,1,5.7666074046485326e-05,0.6002142236355004
financial_daily,ETH-USD,F2,adam,35,31,1,2.6094573236147028e-05,0.6002262003564092
financial_daily,ETH-USD,F2,adam,36,34,1,4.6954706877041355e-05,0.6019025689584403
financial_daily,ETH-USD,F2,adam,37,46,1,0.0004387004735282103,0.603313790261877
financial_daily,ETH-USD,F2,adam,38,75,1,2.1639975682747292e-06,0.6006039538442441
financial_daily,ETH-USD,F2,adam,39,35,1,0.0001773943090646662,0.6025375427874997
financial_daily,ETH-USD,F2,adam,40,38,1,0.00011206316556781166,0.5993723066460162
financial_daily,ETH-USD,F2,adam,41,38,1,1.1088773554157378e-05,0.601340496563756
financial_daily,ETH-USD,F2,adam,42,42,1,2.9488306763889447e-05,0.5996590647148758
financial_daily,ETH-USD,F2,adam,43,35,1,6.915902672802216e-05,0.6015139294694837
financial_daily,ETH-USD,F2,adam,44,39,1,0.0001075914128299358,0.6023256283436691
financial_daily,ETH-USD,F2,adam,45,37,1,0.00025154046026199423,0.5986438951568404
financial_daily,ETH-USD,F2,adam,46,55,1,3.529092950026435e-05,0.6021081484229908
financial_daily,ETH-USD,F2,adam,47,40,1,0.00010211916741361937,0.5990293221754527
financial_daily,ETH-USD,F2,adam,48,32,1,8.49740795204225e-05,0.599829770435544
financial_daily,ETH-USD,F2,adam,49,55,1,6.752276428386689e-05,0.6026236063096587
financial_daily,ETH-USD,F4,sgd,0,613,1,1.7184132573157022e-05,0.6263332728984031
financial_daily,ETH-USD,F4,sgd,1,636,1,1.5312835066886346e-05,0.6252387027264817
financial_daily,ETH-USD,F4,sgd,2,584,1,9.5502350670379e-06,0.626185717990662
financial_daily,ETH-USD,F4,sgd,3,554,1,1.4340558957863942e-05,0.6257662071407855
financial_daily,ETH-USD,F4,sgd,4,598,1,6.45863434575529e-05,0.6250608600719724
financial_daily,ETH-USD,F4,sgd,5,603,1,8.281339926749216e-05,0.6252504301479592
financial_daily,ETH-USD,F4,sgd,6,607,1,3.2937168887158124e-05,0.6268356776759155
financial_daily,ETH-USD,F4,sgd,7,654,1,1.281017530074673e-05,0.6257942469924728
financial_daily,ETH-USD,F4,sgd,8,539,1,9.283122985277396e-06,0.62655548613337
financial_daily,ETH-USD,F4,sgd,9,554,1,1.541650394510745e-05,0.6262580882674942
financial_daily,ETH-USD,F4,sgd,10,585,1,4.21749332090479e-06,0.6262501232015013
financial_daily,ETH-USD,F4,sgd,11,609,1,1.172955062074527e-05,0.6261363075492002
financial_daily,ETH-USD,F4,sgd,12,582,1,9.06635387889033e-06,0.6255501287518458
financial_daily,ETH-USD,F4,sgd,13,603,1,1.0473418051753447e-05,0.625767026486151
financial_daily,ETH-USD,F4,sgd,14,505,1,1.2968778569961648e-05,0.6263677612045501
financial_daily,ETH-USD,F4,sgd,15,605,1,2.1209734966147227e-05,0.6257101247605111
financial_daily,ETH-USD,F4,sgd,16,694,1,1.1024802371283832e-05,0.6261990482889324
financial_daily,ETH-USD,F4,sgd,17,583,1,1.224097836261127e-05,0.6257837362010787
financial_daily,ETH-USD,F4,sgd,18,618,1,2.3131723388208773e-05,0.6251908678759174
financial_daily,ETH-USD,F4,sgd,19,598,1,9.842385442929472e-06,0.6253060683427053
financial_daily,ETH-USD,F4,sgd,20,650,1,3.448065531938114e-05,0.6270322681143935
financial_daily,ETH-USD,F4,sgd,21,631,1,4.908649847040268e-06,0.6261496268585961
financial_daily,ETH-USD,F4,sgd,22,557,1,7.387411937711904e-06,0.6258677016612583
financial_daily,ETH-USD,F4,sgd,23,584,1,5.270822998475469e-05,0.6266164462514351
financial_daily,ETH-USD,F4,sgd,24,605,1,3.7606104283824372e-06,0.6256616084695283
financial_daily,ETH-USD,F4,sgd,25,594,1,7.2135696670074e-06,0.6261755763451743
financial_daily,ETH-USD,F4,sgd,26,500,1,1.011596316339796e-05,0.6260514700238438
financial_daily,ETH-USD,F4,sgd,27,667,1,7.124438890132069e-06,0.6256857742939786
financial_daily,ETH-USD,F4,sgd,28,541,1,4.5658326822310275e-06,0.6263657241100021
financial_daily,ETH-USD,F4,sgd,29,584,1,5.528566016127544e-05,0.626565256207054
financial_daily,ETH-USD,F4,sgd,30,648,1,3.3596930580467505e-06,0.6262373785706197
financial_daily,ETH-USD,F4,sgd,31,578,1,4.4074850952434295e-05,0.6276569701706827
financial_daily,ETH-USD,F4,sgd,32,611,1,9.067080231250727e-06,0.6257244180825718
financial_daily,ETH-USD,F4,sgd,33,554,1,2.8922724082893225e-05,0.6257687382697279
financial_daily,ETH-USD,F4,sgd,34,635,1,5.951872807268368e-06,0.6261751012024518
financial_daily,ETH-USD,F4,sgd,35,599,1,1.0611615054395891e-05,0.625530921603731
financial_daily,ETH-USD,F4,sgd,36,569,1,1.3667885350228624e-05,0.6263586432401937
financial_daily,ETH-USD,F4,sgd,37,627,1,0.0001642547030480502,0.6273016612762397
financial_daily,ETH-USD,F4,sgd,38,636,1,1.0812428151654395e-05,0.6255596492626394
financial_daily,ETH-USD,F4,sgd,39,620,1,3.4497292253976884e-05,0.6258922452415341
financial_daily,ETH-USD,F4,sgd,40,560,1,2.0703992428073296e-05,0.6252054113605267
financial_daily,ETH-USD,F4,sgd,41,597,1,5.758382992152755e-06,0.6262847250562732
financial_daily,ETH-USD,F4,sgd,42,623,1,4.6508783132534254e-05,0.6242894264924963
financial_daily,ETH-USD,F4,sgd,43,574,1,2.1142416776429563e-05,0.6254427862764504
financial_daily,ETH-USD,F4,sgd,44,586,1,2.4897992487010222e-05,0.6259753030196249
financial_daily,ETH-USD,F4,sgd,45,614,1,3.658598648184637e-05,0.6251550301645183
financial_daily,ETH-USD,F4,sgd,46,621,1,1.2410552633130667e-05,0.6255255131877729
financial_daily,ETH-USD,F4,sgd,47,521,1,1.8550188136383856e-05,0.6253146081774216
financial_daily,ETH-USD,F4,sgd,48,638,1,1.7356218418428585e-05,0.6255294570169667
financial_daily,ETH-USD,F4,sgd,49,586,1,8.072770042593688e-05,0.6269307919281867
financial_daily,ETH-USD,F4,adam,0,81,1,0.0005567576020072815,0.6242575972480201
financial_daily,ETH-USD,F4,adam,1,79,1,0.0004990183155723617,0.6228925463186452
financial_daily,ETH-USD,F4,adam,2,67,1,9.057011279928746e-05,0.6271111359565544
financial_daily,ETH-USD,F4,adam,3,85,1,0.00012128905360421267,0.6245929909782004
financial_daily,ETH-USD,F4,adam,4,75,1,0.0001192950524207758,0.6267898414892423
financial_daily,ETH-USD,F4,adam,5,103,1,0.0006414477200924304,0.6239423437367464
financial_daily,ETH-USD,F4,adam,6,77,1,0.0006636059520262113,0.6302404983588613
financial_daily,ETH-USD,F4,adam,7,73,1,8.518297609627028e-05,0.6262485327905488
financial_daily,ETH-USD,F4,adam,8,74,1,0.0001196550381778654,0.6268387698458007
financial_daily,ETH-USD,F4,adam,9,74,1,4.139522929538867e-05,0.6258429982241184
financial_daily,ETH-USD,F4,adam,10,82,1,0.0003690940835362787,0.6291702284139651
financial_daily,ETH-USD,F4,adam,11,81,1,3.059983535963257e-05,0.6278443119519519
financial_daily,ETH-USD,F4,adam,12,65,1,0.0010067322377067124,0.6222331023203337
financial_daily,ETH-USD,F4,adam,13,71,1,6.396672429886113e-05,0.6275553896447642
financial_daily,ETH-USD,F4,adam,14,65,1,0.00040080567109880116,0.6278408904131522
financial_daily,ETH-USD,F4,adam,15,78,1,0.00022783030740686596,0.6275101794508642
financial_daily,ETH-USD,F4,adam,16,71,1,1.7988471901796432e-05,0.626761244909504
financial_daily,ETH-USD,F4,adam,17,67,1,0.0005558518041405221,0.6244092712024223
financial_daily,ETH-USD,F4,adam,18,70,1,0.00047124448448429427,0.6288923564011272
financial_daily,ETH-USD,F4,adam,19,70,1,3.420831107777455e-05,0.6271862010394437
financial_daily,ETH-USD,F4,adam,20,66,1,0.00012952088034965802,0.6251012301251266
financial_daily,ETH-USD,F4,adam,21,82,1,0.00011258570295693914,0.6262082323410133
financial_daily,ETH-USD,F4,adam,22,69,1,0.0001226861898884886,0.6290365992658735
financial_daily,ETH-USD,F4,adam,23,77,1,0.00035237161167420535,0.6283327668532759
financial_daily,ETH-USD,F4,adam,24,82,1,0.000150616335031024,0.6272660336503834
financial_daily,ETH-USD,F4,adam,25,65,1,3.056858931087268e-05,0.6274036200613047
financial_daily,ETH-USD,F4,adam,26,72,1,0.00029839031415886363,0.6252017469182086
financial_daily,ETH-USD,F4,adam,27,71,1,0.00046095576422254785,0.6227775811303135
financial_daily,ETH-USD,F4,adam,28,58,1,0.00012866756011349568,0.62586306136801
financial_daily,ETH-USD,F4,adam,29,70,1,0.000258356948683303,0.6269635848861438
financial_daily,ETH-USD,F4,adam,30,95,1,2.8601790856176435e-05,0.6281643280335545
financial_daily,ETH-USD,F4,adam,31,68,1,0.00016327620537456085,0.6300502662914997
financial_daily,ETH-USD,F4,adam,32,89,1,7.527719940465124e-05,0.6254097199523218
financial_daily,ETH-USD,F4,adam,33,89,1,0.0001877608769981422,0.6269021252990293
financial_daily,ETH-USD,F4,adam,34,81,1,0.00016034933191279828,0.6299252830882561
financial_daily,ETH-USD,F4,adam,35,69,1,4.5124361671529365e-05,0.6274445642472951
financial_daily,ETH-USD,F4,adam,36,73,1,0.00013732498762178435,0.6288758572304401
financial_daily,ETH-USD,F4,adam,37,75,1,0.002051963992881274,0.6338390225110718
financial_daily,ETH-USD,F4,adam,38,86,1,0.00013333999126163273,0.6251839443555758
financial_daily,ETH-USD,F4,adam,39,81,1,0.0004517882364134727,0.623139264304406
financial_daily,ETH-USD,F4,adam,40,79,1,0.0005930774791111128,0.6220577134806613
financial_daily,ETH-USD,F4,adam,41,117,1,4.742720664431387e-05,0.6281384005559851
financial_daily,ETH-USD,F4,adam,42,73,1,0.00018944680962525702,0.6246586361604783
financial_daily,ETH-USD,F4,adam,43,82,1,0.00044407557128728483,0.6279031877690279
financial_daily,ETH-USD,F4,adam,44,73,1,9.160200839837897e-05,0.6270793121587647
financial_daily,ETH-USD,F4,adam,45,74,1,0.0007274160093611907,0.6241380111864786
financial_daily,ETH-USD,F4,adam,46,97,1,0.0007057688189557205,0.628688193131405
financial_daily,ETH-USD,F4,adam,47,71,1,0.0002645603091061901,0.6229153066014134
financial_daily,ETH-USD,F4,adam,48,99,1,0.0005231589514731028,0.6272215193658272
financial_daily,ETH-USD,F4,adam,49,81,1,5.3456045044814766e-05,0.6243210047408556
financial_daily,EURUSD=X,F0,sgd,0,240,1,5.630109978694441e-05,0.9370532042305212
financial_daily,EURUSD=X,F0,sgd,1,189,1,0.0001484768199880003,0.9362975755612103
financial_daily,EURUSD=X,F0,sgd,2,112,1,7.947611839999476e-05,0.9369723890468488
financial_daily,EURUSD=X,F0,sgd,3,113,1,0.0001139573293584176,0.9365804638657481
financial_daily,EURUSD=X,F0,sgd,4,132,1,0.00015319519712730492,0.9368177352562379
financial_daily,EURUSD=X,F0,sgd,5,303,1,0.0001608000153867557,0.9367388534696368
financial_daily,EURUSD=X,F0,sgd,6,120,1,0.00021233937526833784,0.9376212447102162
financial_daily,EURUSD=X,F0,sgd,7,92,1,0.0001355618624755723,0.9365071908774967
financial_daily,EURUSD=X,F0,sgd,8,97,1,0.00018901586716103312,0.9364066390671876
financial_daily,EURUSD=X,F0,sgd,9,124,1,5.5007231838345116e-05,0.9370733760750769
financial_daily,EURUSD=X,F0,sgd,10,343,1,3.433428228604653e-05,0.9368553753728854
financial_daily,EURUSD=X,F0,sgd,11,135,1,6.30725029541833e-05,0.937093753567813
financial_daily,EURUSD=X,F0,sgd,12,80,1,5.426353048603341e-05,0.9366593584081809
financial_daily,EURUSD=X,F0,sgd,13,117,1,0.00011346506730470116,0.9366602163867569
financial_daily,EURUSD=X,F0,sgd,14,101,1,0.0001272822316757387,0.9369210220538967
financial_daily,EURUSD=X,F0,sgd,15,200,1,6.134541817392554e-05,0.9367957779043473
financial_daily,EURUSD=X,F0,sgd,16,108,1,5.491243200547292e-05,0.9368087454635673
financial_daily,EURUSD=X,F0,sgd,17,107,1,0.00021916929659796745,0.936344901122883
financial_daily,EURUSD=X,F0,sgd,18,182,1,8.036783879273229e-05,0.9364300437094035
financial_daily,EURUSD=X,F0,sgd,19,93,1,2.3325059076428453e-05,0.9366740280816077
financial_daily,EURUSD=X,F0,sgd,20,182,1,0.00014197408415041993,0.9370610109321337
financial_daily,EURUSD=X,F0,sgd,21,109,1,0.000239375808261281,0.9373155548890125
financial_daily,EURUSD=X,F0,sgd,22,134,1,6.818276052783181e-05,0.9368322125644383
financial_daily,EURUSD=X,F0,sgd,23,126,1,0.0003057625811834192,0.937575537666426
financial_daily,EURUSD=X,F0,sgd,24,114,1,7.461935115134593e-05,0.9363256617619649
financial_daily,EURUSD=X,F0,sgd,25,87,1,9.383172600424936e-05,0.9367975243725778
financial_daily,EURUSD=X,F0,sgd,26,631,1,0.00012529644365696035,0.9371588263796825
financial_daily,EURUSD=X,F0,sgd,27,120,1,0.0001765437203226658,0.9371339564566558
financial_daily,EURUSD=X,F0,sgd,28,86,1,7.186303494709975e-05,0.9365458803898217
financial_daily,EURUSD=X,F0,sgd,29,105,1,0.00025929160330485516,0.9366799111671873
financial_daily,EURUSD=X,F0,sgd,30,120,1,7.236764250862605e-05,0.937004773080802
financial_daily,EURUSD=X,F0,sgd,31,126,1,0.00010905713442210573,0.9368517312766012
financial_daily,EURUSD=X,F0,sgd,32,153,1,0.00012487726757327302,0.9370165381920186
financial_daily,EURUSD=X,F0,sgd,33,134,1,0.00016667497535244333,0.936811944969864
financial_daily,EURUSD=X,F0,sgd,34,192,1,0.00011594615371833014,0.9369386921764864
financial_daily,EURUSD=X,F0,sgd,35,116,1,8.262613750832964e-05,0.9366986971593692
financial_daily,EURUSD=X,F0,sgd,36,109,1,0.0002779202719099522,0.9363348390498714
financial_daily,EURUSD=X,F0,sgd,37,179,1,0.0004725806889737048,0.9371093377814812
financial_daily,EURUSD=X,F0,sgd,38,248,1,6.903671020521459e-05,0.9367310363618064
financial_daily,EURUSD=X,F0,sgd,39,118,1,0.0004955238797968459,0.9369197117871834
financial_daily,EURUSD=X,F0,sgd,40,178,1,5.185537086701597e-05,0.9367754080802012
financial_daily,EURUSD=X,F0,sgd,41,188,1,6.934823315819367e-05,0.9365605982735176
financial_daily,EURUSD=X,F0,sgd,42,127,1,0.00016818486152001295,0.936862618775812
financial_daily,EURUSD=X,F0,sgd,43,132,1,0.00012432379387138746,0.9369087152203408
financial_daily,EURUSD=X,F0,sgd,44,93,1,7.713127398564592e-05,0.9372623610361145
financial_daily,EURUSD=X,F0,sgd,45,129,1,0.0001146070148864056,0.9365275067544031
financial_daily,EURUSD=X,F0,sgd,46,214,1,0.0002708336772865194,0.9373369965591747
financial_daily,EURUSD=X,F0,sgd,47,87,1,8.812900795588074e-05,0.9367045151793247
financial_daily,EURUSD=X,F0,sgd,48,143,1,0.0005473940438942501,0.9369900297862519
financial_daily,EURUSD=X,F0,sgd,49,138,1,9.122973508554889e-05,0.9370909530150091
financial_daily,EURUSD=X,F0,adam,0,4000,0,0.0005815169892699143,0.9368254884389774
financial_daily,EURUSD=X,F0,adam,1,3714,1,0.0019570239807665197,0.9354995400558197
financial_daily,EURUSD=X,F0,adam,2,4000,0,0.0012559231022856575,0.9371429762644031
financial_daily,EURUSD=X,F0,adam,3,335,1,0.0005648613268321899,0.9357737775500372
financial_daily,EURUSD=X,F0,adam,4,1289,1,0.001069188230435535,0.9374897296440156
financial_daily,EURUSD=X,F0,adam,5,4000,0,0.002576249918360495,0.9371009036772917
financial_daily,EURUSD=X,F0,adam,6,1431,1,0.0024477174805543627,0.9395565445273417
financial_daily,EURUSD=X,F0,adam,7,4000,0,0.0011238824129142914,0.9352916215441777
financial_daily,EURUSD=X,F0,adam,8,4000,0,0.0031306981352738797,0.9349844556352794
financial_daily,EURUSD=X,F0,adam,9,4000,0,0.0029408185930424077,0.9382176098671382
financial_daily,EURUSD=X,F0,adam,10,2223,1,0.003050125050050514,0.9390385029160982
financial_daily,EURUSD=X,F0,adam,11,4000,0,5.138987340681531e-05,0.9368910074625352
financial_daily,EURUSD=X,F0,adam,12,1118,1,0.0014171016624191176,0.9364314112316118
financial_daily,EURUSD=X,F0,adam,13,547,1,0.001976674137590777,0.935907536412613
financial_daily,EURUSD=X,F0,adam,14,319,1,0.0037630360791413727,0.9398971373642151
financial_daily,EURUSD=X,F0,adam,15,4000,0,0.002613571425842966,0.9374385311654954
financial_daily,EURUSD=X,F0,adam,16,1663,1,0.0027408323767124303,0.9375437164917133
financial_daily,EURUSD=X,F0,adam,17,4000,0,0.0007668305582153597,0.9365742875334582
financial_daily,EURUSD=X,F0,adam,18,650,1,0.0014433882116537224,0.9365748617540973
financial_daily,EURUSD=X,F0,adam,19,671,1,0.0014007567835873996,0.9376802418407837
financial_daily,EURUSD=X,F0,adam,20,128,1,0.0026465425483471914,0.9362202252861822
financial_daily,EURUSD=X,F0,adam,21,2065,1,0.0017843190679689735,0.9370762907646867
financial_daily,EURUSD=X,F0,adam,22,4000,0,0.0004591517474311167,0.9361303613951305
financial_daily,EURUSD=X,F0,adam,23,3781,1,0.0035477942912295725,0.9375904242959414
financial_daily,EURUSD=X,F0,adam,24,4000,0,0.0023333118805409074,0.935319514637021
financial_daily,EURUSD=X,F0,adam,25,4000,0,0.0013567554854080136,0.9358892918017083
financial_daily,EURUSD=X,F0,adam,26,4000,0,0.0007352761541178603,0.9364266917623818
financial_daily,EURUSD=X,F0,adam,27,4000,0,0.0026381185481748146,0.9358087528090129
financial_daily,EURUSD=X,F0,adam,28,1638,1,0.00042334803622706897,0.9363922440912211
financial_daily,EURUSD=X,F0,adam,29,4000,0,0.0030214105866819686,0.9361323842694885
financial_daily,EURUSD=X,F0,adam,30,4000,0,0.0016987490430054257,0.9389851977623621
financial_daily,EURUSD=X,F0,adam,31,1671,1,0.0013682699618460348,0.9375735162667876
financial_daily,EURUSD=X,F0,adam,32,4000,0,0.0004802329457880134,0.9376303666270668
financial_daily,EURUSD=X,F0,adam,33,2945,1,0.0024194974286924895,0.9374250234541885
financial_daily,EURUSD=X,F0,adam,34,4000,0,0.0022342410872624326,0.9377396529640538
financial_daily,EURUSD=X,F0,adam,35,4000,0,0.003363420497496231,0.937867899537095
financial_daily,EURUSD=X,F0,adam,36,489,1,0.001707211051500985,0.9352249740569084
financial_daily,EURUSD=X,F0,adam,37,4000,0,0.003238477873124738,0.937974017701557
financial_daily,EURUSD=X,F0,adam,38,4000,0,0.0015851899355686246,0.9371371116476506
financial_daily,EURUSD=X,F0,adam,39,4000,0,0.0022339055826896027,0.9369646408421
financial_daily,EURUSD=X,F0,adam,40,1332,1,0.0006288916908846611,0.9365687102397028
financial_daily,EURUSD=X,F0,adam,41,4000,0,0.0021696481125135056,0.9382465643106227
financial_daily,EURUSD=X,F0,adam,42,4000,0,0.0009060823397275649,0.9382285123050625
financial_daily,EURUSD=X,F0,adam,43,522,1,0.0021894403676523486,0.9387436326455635
financial_daily,EURUSD=X,F0,adam,44,4000,0,0.003190072539105251,0.9357267162031409
financial_daily,EURUSD=X,F0,adam,45,1598,1,0.0053422390277685465,0.9391814615739477
financial_daily,EURUSD=X,F0,adam,46,414,1,0.007061389762392452,0.9402140485524619
financial_daily,EURUSD=X,F0,adam,47,481,1,0.0036264530767972274,0.9382950812503312
financial_daily,EURUSD=X,F0,adam,48,1994,1,0.004501487880699506,0.9372879832093143
financial_daily,EURUSD=X,F0,adam,49,2217,1,0.0012104498718346947,0.9368021231795539
financial_daily,EURUSD=X,F1,sgd,0,867,1,3.263648041310557e-05,0.9855692564488736
financial_daily,EURUSD=X,F1,sgd,1,1099,1,3.8095751425867886e-05,0.9854274379075298
financial_daily,EURUSD=X,F1,sgd,2,795,1,2.6097337032510262e-05,0.9868655649011255
financial_daily,EURUSD=X,F1,sgd,3,766,1,3.8059293777411505e-05,0.9850264837172555
financial_daily,EURUSD=X,F1,sgd,4,811,1,6.630073677196832e-05,0.9840081664080071
financial_daily,EURUSD=X,F1,sgd,5,905,1,6.128078209323436e-05,0.9843749312074944
financial_daily,EURUSD=X,F1,sgd,6,938,1,4.07079866334913e-05,0.986997346528262
financial_daily,EURUSD=X,F1,sgd,7,1013,1,3.756768515542318e-05,0.9850377776902127
financial_daily,EURUSD=X,F1,sgd,8,726,1,4.267844254475272e-05,0.9857718418977002
financial_daily,EURUSD=X,F1,sgd,9,901,1,3.282499525424739e-05,0.9857623304223804
financial_daily,EURUSD=X,F1,sgd,10,936,1,4.208696679077748e-05,0.9854076903158135
financial_daily,EURUSD=X,F1,sgd,11,871,1,3.571220770835502e-05,0.986268392288626
financial_daily,EURUSD=X,F1,sgd,12,904,1,4.131210832257606e-05,0.9856322274474224
financial_daily,EURUSD=X,F1,sgd,13,898,1,3.2978321936742206e-05,0.9859634859215227
financial_daily,EURUSD=X,F1,sgd,14,723,1,3.168803993349918e-05,0.9857078270691442
financial_daily,EURUSD=X,F1,sgd,15,865,1,4.642267058662068e-05,0.9858631615329759
financial_daily,EURUSD=X,F1,sgd,16,1059,1,4.643246065953953e-05,0.9857946042439201
financial_daily,EURUSD=X,F1,sgd,17,928,1,4.0383560782534514e-05,0.9855680905291361
financial_daily,EURUSD=X,F1,sgd,18,920,1,3.682259084101517e-05,0.9851654969424585
financial_daily,EURUSD=X,F1,sgd,19,912,1,4.087842842829593e-05,0.9850003330174282
financial_daily,EURUSD=X,F1,sgd,20,1017,1,2.3845189572109942e-05,0.9875402495322733
financial_daily,EURUSD=X,F1,sgd,21,896,1,3.86892868046702e-05,0.9859858072652381
financial_daily,EURUSD=X,F1,sgd,22,768,1,3.949131448259455e-05,0.9851334611565475
financial_daily,EURUSD=X,F1,sgd,23,862,1,5.252284295374457e-05,0.9871751671468912
financial_daily,EURUSD=X,F1,sgd,24,899,1,3.499314912308131e-05,0.9857407180552387
financial_daily,EURUSD=X,F1,sgd,25,848,1,3.643844455711275e-05,0.9856268138453306
financial_daily,EURUSD=X,F1,sgd,26,684,1,3.770473489362843e-05,0.9866398815366472
financial_daily,EURUSD=X,F1,sgd,27,952,1,3.201814263820038e-05,0.9857048049917829
financial_daily,EURUSD=X,F1,sgd,28,738,1,2.7781342375542953e-05,0.9862987893300489
financial_daily,EURUSD=X,F1,sgd,29,914,1,6.782254702231186e-05,0.9864697490473098
financial_daily,EURUSD=X,F1,sgd,30,989,1,3.205458000705066e-05,0.9856694737665086
financial_daily,EURUSD=X,F1,sgd,31,803,1,3.5838088243383796e-05,0.9877041935062978
financial_daily,EURUSD=X,F1,sgd,32,1018,1,4.432969044548412e-05,0.9845208692631322
financial_daily,EURUSD=X,F1,sgd,33,784,1,4.34274335021568e-05,0.9862812392607025
financial_daily,EURUSD=X,F1,sgd,34,1006,1,3.666661022009968e-05,0.9864608319198666
financial_daily,EURUSD=X,F1,sgd,35,876,1,5.315375956190389e-05,0.9839603862909229
financial_daily,EURUSD=X,F1,sgd,36,797,1,3.762663585617591e-05,0.9858190213983519
financial_daily,EURUSD=X,F1,sgd,37,941,1,0.000133821316444316,0.988199459144623
financial_daily,EURUSD=X,F1,sgd,38,996,1,4.043295872507895e-05,0.9849720949158355
financial_daily,EURUSD=X,F1,sgd,39,840,1,5.355404776445466e-05,0.9854540498189445
financial_daily,EURUSD=X,F1,sgd,40,735,1,4.4660820199479606e-05,0.9845635576947311
financial_daily,EURUSD=X,F1,sgd,41,919,1,3.5047617531289185e-05,0.9861710004863237
financial_daily,EURUSD=X,F1,sgd,42,988,1,7.233611280527844e-05,0.983755300776282
financial_daily,EURUSD=X,F1,sgd,43,833,1,5.259610326555674e-05,0.9850899762980727
financial_daily,EURUSD=X,F1,sgd,44,949,1,4.6876114970097004e-05,0.9863156723960534
financial_daily,EURUSD=X,F1,sgd,45,848,1,5.189106448683263e-05,0.9841730767017234
financial_daily,EURUSD=X,F1,sgd,46,933,1,3.6645479642650364e-05,0.9852507389708534
financial_daily,EURUSD=X,F1,sgd,47,748,1,5.11909320872117e-05,0.9839448563340246
financial_daily,EURUSD=X,F1,sgd,48,961,1,4.2373491222108063e-05,0.9847371108214359
financial_daily,EURUSD=X,F1,sgd,49,826,1,8.579725498299754e-05,0.9879091763109851
financial_daily,EURUSD=X,F1,adam,0,96,1,0.00017637101206175067,0.99287781862248
financial_daily,EURUSD=X,F1,adam,1,122,1,0.00021074424530868245,0.9824375393701346
financial_daily,EURUSD=X,F1,adam,2,71,1,3.135048213296718e-05,0.9936471656198901
financial_daily,EURUSD=X,F1,adam,3,118,1,1.1012221089745775e-05,0.9893779116147973
financial_daily,EURUSD=X,F1,adam,4,82,1,0.00022176475761758832,0.9946847758021763
financial_daily,EURUSD=X,F1,adam,5,148,1,0.0002789925129932028,0.9876245239885155
financial_daily,EURUSD=X,F1,adam,6,96,1,0.0004035224506255946,1.0043155957941396
financial_daily,EURUSD=X,F1,adam,7,81,1,3.9546804170717156e-05,0.9945201816458353
financial_daily,EURUSD=X,F1,adam,8,86,1,1.332159255372384e-05,0.9926813307887071
financial_daily,EURUSD=X,F1,adam,9,81,1,4.257967590192357e-05,0.993805924106705
financial_daily,EURUSD=X,F1,adam,10,113,1,0.00023293349174676413,0.998871073881058
financial_daily,EURUSD=X,F1,adam,11,103,1,0.00023718459162528583,0.9988130258463375
financial_daily,EURUSD=X,F1,adam,12,66,1,0.0004328261824857277,0.9841470141685541
financial_daily,EURUSD=X,F1,adam,13,77,1,0.0001920411581062698,0.9947619246468976
financial_daily,EURUSD=X,F1,adam,14,67,1,0.0001473120897199698,0.9902838562683113
financial_daily,EURUSD=X,F1,adam,15,99,1,5.943046187862105e-05,0.9919276740058153
financial_daily,EURUSD=X,F1,adam,16,75,1,4.0084886790218585e-06,0.9927601492451826
financial_daily,EURUSD=X,F1,adam,17,114,1,8.640152238487838e-05,0.9850143069195035
financial_daily,EURUSD=X,F1,adam,18,86,1,1.8300640530716094e-05,0.9915799379408947
financial_daily,EURUSD=X,F1,adam,19,78,1,2.38774673254841e-05,0.9933074249026345
financial_daily,EURUSD=X,F1,adam,20,97,1,1.821167667969251e-05,0.9946254975421339
financial_daily,EURUSD=X,F1,adam,21,117,1,4.702497754219947e-05,0.9990759554010222
financial_daily,EURUSD=X,F1,adam,22,79,1,0.0001913504842655528,0.9978203051832134
financial_daily,EURUSD=X,F1,adam,23,111,1,3.6414125354551474e-05,0.9919118317454764
financial_daily,EURUSD=X,F1,adam,24,95,1,7.879685502423952e-05,0.994719943642165
financial_daily,EURUSD=X,F1,adam,25,63,1,8.449514781556003e-05,0.9943509816566146
financial_daily,EURUSD=X,F1,adam,26,76,1,0.000531335051724126,0.9853478279741179
financial_daily,EURUSD=X,F1,adam,27,120,1,0.00012452105473901665,0.9861893217811879
financial_daily,EURUSD=X,F1,adam,28,69,1,0.00026640234367769096,0.987099155355703
financial_daily,EURUSD=X,F1,adam,29,95,1,0.00031382697205673075,0.9964061838385284
financial_daily,EURUSD=X,F1,adam,30,118,1,5.730012860222905e-05,0.9933992813472496
financial_daily,EURUSD=X,F1,adam,31,86,1,3.0236866694103248e-05,0.9924268178678094
financial_daily,EURUSD=X,F1,adam,32,157,1,1.0964004208694368e-05,0.9913792735168946
financial_daily,EURUSD=X,F1,adam,33,102,1,5.396367607215666e-06,0.9897399999689628
financial_daily,EURUSD=X,F1,adam,34,87,1,4.7559363146510594e-05,0.9961377390565305
financial_daily,EURUSD=X,F1,adam,35,84,1,5.731918306084843e-05,0.9907612436357047
financial_daily,EURUSD=X,F1,adam,36,85,1,2.2504540946966054e-05,0.9921345350671127
financial_daily,EURUSD=X,F1,adam,37,101,1,0.0009041536114371842,1.001976654212964
financial_daily,EURUSD=X,F1,adam,38,103,1,7.901343479064736e-07,0.9913503082156179
financial_daily,EURUSD=X,F1,adam,39,112,1,0.000168889341186473,0.990968027117646
financial_daily,EURUSD=X,F1,adam,40,98,1,0.0003346931758182122,0.9822808155943522
financial_daily,EURUSD=X,F1,adam,41,128,1,1.0085518266322315e-05,0.9913358438283247
financial_daily,EURUSD=X,F1,adam,42,99,1,0.00016605580132859421,0.9849942944924212
financial_daily,EURUSD=X,F1,adam,43,120,1,0.0002860080517934472,0.9932788732965291
financial_daily,EURUSD=X,F1,adam,44,84,1,0.00013216559972992306,0.998587865033941
financial_daily,EURUSD=X,F1,adam,45,118,1,0.0005567010162792194,0.981347929889637
financial_daily,EURUSD=X,F1,adam,46,130,1,0.00031559325313553827,0.9977060627223647
financial_daily,EURUSD=X,F1,adam,47,78,1,0.00032851701061992693,0.9824163656876223
financial_daily,EURUSD=X,F1,adam,48,121,1,0.0002634431345877543,0.9866291859056466
financial_daily,EURUSD=X,F1,adam,49,89,1,5.011209244850904e-05,0.9909105501464618
financial_daily,EURUSD=X,F2,sgd,0,1704,1,1.0021202233309103e-05,0.9468817154042383
financial_daily,EURUSD=X,F2,sgd,1,1463,1,1.2708382384809732e-05,0.9476778086624502
financial_daily,EURUSD=X,F2,sgd,2,1769,1,1.0738944193320335e-05,0.9465811470167114
financial_daily,EURUSD=X,F2,sgd,3,1807,1,9.812705192102345e-06,0.9468262932141095
financial_daily,EURUSD=X,F2,sgd,4,1817,1,1.7082166410341256e-05,0.9460982249935035
financial_daily,EURUSD=X,F2,sgd,5,2124,1,1.3410310198827908e-05,0.946429870660908
financial_daily,EURUSD=X,F2,sgd,6,1857,1,8.794177998922943e-06,0.9472671726787333
financial_daily,EURUSD=X,F2,sgd,7,1828,1,1.076936325223968e-05,0.9469339096132141
financial_daily,EURUSD=X,F2,sgd,8,1835,1,1.1245166610398051e-05,0.946923816581981
financial_daily,EURUSD=X,F2,sgd,9,1750,1,8.642775230455288e-06,0.947107851982431
financial_daily,EURUSD=X,F2,sgd,10,1824,1,1.1456763131318654e-05,0.9468753943541793
financial_daily,EURUSD=X,F2,sgd,11,1851,1,8.815484694059829e-06,0.9473220182658234
financial_daily,EURUSD=X,F2,sgd,12,1989,1,9.695370387297572e-06,0.9470358048628582
financial_daily,EURUSD=X,F2,sgd,13,1635,1,8.650279536166233e-06,0.947053989243505
financial_daily,EURUSD=X,F2,sgd,14,1635,1,1.3110446512150082e-05,0.9462547424575148
financial_daily,EURUSD=X,F2,sgd,15,2069,1,9.845525050960474e-06,0.9469771182464832
financial_daily,EURUSD=X,F2,sgd,16,1522,1,1.1226311266722325e-05,0.946920793628567
financial_daily,EURUSD=X,F2,sgd,17,1861,1,9.69683487804498e-06,0.9469917827753312
financial_daily,EURUSD=X,F2,sgd,18,1670,1,1.4118727518730683e-05,0.9479495327810433
financial_daily,EURUSD=X,F2,sgd,19,1409,1,1.111509668567097e-05,0.9465528177778517
financial_daily,EURUSD=X,F2,sgd,20,1737,1,9.191463567133124e-06,0.9474310292293546
financial_daily,EURUSD=X,F2,sgd,21,1519,1,9.62714408277682e-06,0.9470678288571662
financial_daily,EURUSD=X,F2,sgd,22,1825,1,1.112142544694449e-05,0.9465560418033068
financial_daily,EURUSD=X,F2,sgd,23,1476,1,1.184836712707289e-05,0.9477220350966266
financial_daily,EURUSD=X,F2,sgd,24,2060,1,9.360066758714449e-06,0.9472789900183319
financial_daily,EURUSD=X,F2,sgd,25,1551,1,1.0278921296435284e-05,0.9467210298528813
financial_daily,EURUSD=X,F2,sgd,26,1701,1,8.039780554538985e-06,0.9475498547364505
financial_daily,EURUSD=X,F2,sgd,27,1825,1,9.023684635435453e-06,0.9469148498030217
financial_daily,EURUSD=X,F2,sgd,28,2024,1,8.61261746947342e-06,0.9473085547291475
financial_daily,EURUSD=X,F2,sgd,29,1806,1,1.28309832293283e-05,0.9471942342799231
financial_daily,EURUSD=X,F2,sgd,30,1651,1,9.716263154248522e-06,0.946737303999261
financial_daily,EURUSD=X,F2,sgd,31,1692,1,1.1833761403441256e-05,0.9479140692763217
financial_daily,EURUSD=X,F2,sgd,32,1450,1,1.768549390707815e-05,0.9459065544482602
financial_daily,EURUSD=X,F2,sgd,33,1601,1,8.983275538674835e-06,0.9471629374294592
financial_daily,EURUSD=X,F2,sgd,34,1643,1,1.4236432794931233e-05,0.947904793342208
financial_daily,EURUSD=X,F2,sgd,35,1839,1,1.2211285652953494e-05,0.9464020408320226
financial_daily,EURUSD=X,F2,sgd,36,1674,1,1.1241040617657276e-05,0.947318340211842
financial_daily,EURUSD=X,F2,sgd,37,1528,1,2.4250023663254888e-05,0.948099085590612
financial_daily,EURUSD=X,F2,sgd,38,1844,1,1.0320032641031108e-05,0.946812298086436
financial_daily,EURUSD=X,F2,sgd,39,1807,1,1.0875655286692082e-05,0.9469901094802763
financial_daily,EURUSD=X,F2,sgd,40,1792,1,1.0359522280096663e-05,0.9467139387075543
financial_daily,EURUSD=X,F2,sgd,41,1766,1,9.965925975040062e-06,0.9469101378433681
financial_daily,EURUSD=X,F2,sgd,42,1817,1,1.445362718948723e-05,0.9463361112022859
financial_daily,EURUSD=X,F2,sgd,43,1674,1,1.143885629757178e-05,0.9469176494045085
financial_daily,EURUSD=X,F2,sgd,44,1752,1,9.83301311726151e-06,0.9469648367227581
financial_daily,EURUSD=X,F2,sgd,45,1693,1,1.2722840151145517e-05,0.9464238408224092
financial_daily,EURUSD=X,F2,sgd,46,1933,1,9.044130767202115e-06,0.9469517106947012
financial_daily,EURUSD=X,F2,sgd,47,1509,1,1.3047152966108945e-05,0.9462474783443593
financial_daily,EURUSD=X,F2,sgd,48,1912,1,1.0285569129025212e-05,0.9468602551201469
financial_daily,EURUSD=X,F2,sgd,49,1753,1,1.667321863114283e-05,0.9481699802641342
financial_daily,EURUSD=X,F2,adam,0,57,1,8.601883974612755e-06,0.9530956980705684
financial_daily,EURUSD=X,F2,adam,1,133,1,3.3280789861010534e-05,0.9464699520975016
financial_daily,EURUSD=X,F2,adam,2,76,1,1.0268417120375367e-05,0.9538685833750662
financial_daily,EURUSD=X,F2,adam,3,60,1,8.039557223183033e-05,0.9466689507876389
financial_daily,EURUSD=X,F2,adam,4,87,1,0.00015856968717601008,0.9479784952158584
financial_daily,EURUSD=X,F2,adam,5,83,1,0.00016185768217359567,0.9495375167752123
financial_daily,EURUSD=X,F2,adam,6,92,1,3.3042535312229616e-05,0.9550197623134415
financial_daily,EURUSD=X,F2,adam,7,39,1,8.335796343512451e-05,0.946707358170106
financial_daily,EURUSD=X,F2,adam,8,60,1,1.8123391801708504e-05,0.9525270404098725
financial_daily,EURUSD=X,F2,adam,9,66,1,6.762437639374617e-06,0.9524153049094475
financial_daily,EURUSD=X,F2,adam,10,59,1,5.0236564329216136e-06,0.9481890013519582
financial_daily,EURUSD=X,F2,adam,11,59,1,7.060690039476817e-05,0.9541097697206885
financial_daily,EURUSD=X,F2,adam,12,66,1,2.3457549322137556e-06,0.94943170494799
financial_daily,EURUSD=X,F2,adam,13,89,1,4.442486849951187e-06,0.9513667499831783
financial_daily,EURUSD=X,F2,adam,14,66,1,7.499131117671391e-05,0.9536115906979775
financial_daily,EURUSD=X,F2,adam,15,59,1,8.014323737133646e-05,0.9524894640829457
financial_daily,EURUSD=X,F2,adam,16,81,1,3.650760426184402e-05,0.9518288941528553
financial_daily,EURUSD=X,F2,adam,17,56,1,1.72585242468537e-06,0.9493003678456265
financial_daily,EURUSD=X,F2,adam,18,62,1,2.554646154554966e-05,0.9475265419752784
financial_daily,EURUSD=X,F2,adam,19,82,1,2.1457945252271994e-06,0.9489900640373221
financial_daily,EURUSD=X,F2,adam,20,38,1,4.3134025274836685e-05,0.9564736099617778
financial_daily,EURUSD=X,F2,adam,21,66,1,1.5030784998915287e-05,0.952285783627307
financial_daily,EURUSD=X,F2,adam,22,83,1,3.722470643269109e-05,0.951826427576776
financial_daily,EURUSD=X,F2,adam,23,74,1,7.289731048909741e-05,0.9552639503083357
financial_daily,EURUSD=X,F2,adam,24,50,1,3.0767008568322516e-06,0.9518903336599209
financial_daily,EURUSD=X,F2,adam,25,87,1,1.584169677068562e-05,0.9509888534446302
financial_daily,EURUSD=X,F2,adam,26,87,1,4.511708968293936e-05,0.9485739806583194
financial_daily,EURUSD=X,F2,adam,27,135,1,1.1423186370106355e-05,0.9493735453272846
financial_daily,EURUSD=X,F2,adam,28,49,1,7.151560769017831e-05,0.9485398817045485
financial_daily,EURUSD=X,F2,adam,29,69,1,0.000124482110497423,0.9519034722037731
financial_daily,EURUSD=X,F2,adam,30,58,1,4.029328421707489e-06,0.948948722849272
financial_daily,EURUSD=X,F2,adam,31,52,1,8.247712307439359e-05,0.9570539760994213
financial_daily,EURUSD=X,F2,adam,32,66,1,1.1561660434017454e-06,0.9500098235635411
financial_daily,EURUSD=X,F2,adam,33,114,1,3.358104831614642e-05,0.9529097878377453
financial_daily,EURUSD=X,F2,adam,34,49,1,4.28307731005698e-05,0.9477009079470503
financial_daily,EURUSD=X,F2,adam,35,57,1,9.309662245587346e-06,0.9465285705504262
financial_daily,EURUSD=X,F2,adam,36,49,1,3.1420928146041686e-05,0.9505544915666607
financial_daily,EURUSD=X,F2,adam,37,80,1,0.0002941655769795461,0.956114552564526
financial_daily,EURUSD=X,F2,adam,38,95,1,6.881843573420182e-06,0.9487824591236983
financial_daily,EURUSD=X,F2,adam,39,137,1,0.00010176069870943978,0.95201383267085
financial_daily,EURUSD=X,F2,adam,40,90,1,3.4706168948392476e-05,0.9474441579932286
financial_daily,EURUSD=X,F2,adam,41,56,1,5.6407985029046525e-06,0.9502747290242425
financial_daily,EURUSD=X,F2,adam,42,78,1,1.9197283589005553e-05,0.947523432026717
financial_daily,EURUSD=X,F2,adam,43,61,1,2.241211312813424e-05,0.9495099228461723
financial_daily,EURUSD=X,F2,adam,44,81,1,9.803577128318323e-05,0.9539712087138909
financial_daily,EURUSD=X,F2,adam,45,60,1,9.221433279225595e-05,0.9471652624126947
financial_daily,EURUSD=X,F2,adam,46,110,1,2.4320986458199483e-06,0.9513223830064866
financial_daily,EURUSD=X,F2,adam,47,67,1,4.982925830340563e-05,0.9453666647884518
financial_daily,EURUSD=X,F2,adam,48,138,1,2.2662354008943952e-05,0.9486368645988665
financial_daily,EURUSD=X,F2,adam,49,72,1,0.00012256108011927784,0.9546346928493822
financial_daily,EURUSD=X,F4,sgd,0,2873,1,1.6848110056574472e-05,0.9563735956491958
financial_daily,EURUSD=X,F4,sgd,1,2380,1,2.2182428062296708e-05,0.9556920706021219
financial_daily,EURUSD=X,F4,sgd,2,2118,1,1.273395186346819e-05,0.9564241113514282
financial_daily,EURUSD=X,F4,sgd,3,2569,1,1.600731048130046e-05,0.9557615458969668
financial_daily,EURUSD=X,F4,sgd,4,2569,1,3.849743667025794e-05,0.9552410397344848
financial_daily,EURUSD=X,F4,sgd,5,2480,1,4.313932127048382e-05,0.9550157241592123
financial_daily,EURUSD=X,F4,sgd,6,2290,1,2.191798968523414e-05,0.9554427562594957
financial_daily,EURUSD=X,F4,sgd,7,2197,1,1.5640891671229694e-05,0.9555473608515321
financial_daily,EURUSD=X,F4,sgd,8,2815,1,1.7414314113910236e-05,0.9553876826490844
financial_daily,EURUSD=X,F4,sgd,9,2554,1,2.4887260548137875e-05,0.9560909590440386
financial_daily,EURUSD=X,F4,sgd,10,2766,1,1.6344937507139633e-05,0.9560803896063298
financial_daily,EURUSD=X,F4,sgd,11,2254,1,1.9731880708487134e-05,0.9557299045151201
financial_daily,EURUSD=X,F4,sgd,12,2527,1,2.3866043802456974e-05,0.9558919710066054
financial_daily,EURUSD=X,F4,sgd,13,2474,1,2.0790151289689373e-05,0.9550970955624547
financial_daily,EURUSD=X,F4,sgd,14,2269,1,1.9055284394626324e-05,0.9553427090688827
financial_daily,EURUSD=X,F4,sgd,15,2255,1,2.3800443432210644e-05,0.9553867029859854
financial_daily,EURUSD=X,F4,sgd,16,2827,1,1.7241431090347897e-05,0.9559102997552806
financial_daily,EURUSD=X,F4,sgd,17,2265,1,2.195725819491166e-05,0.9550442566111454
financial_daily,EURUSD=X,F4,sgd,18,2030,1,1.9571309851384465e-05,0.9560530217741584
financial_daily,EURUSD=X,F4,sgd,19,2306,1,2.4215989203296225e-05,0.9552083527493608
financial_daily,EURUSD=X,F4,sgd,20,2125,1,2.285619096386693e-05,0.957993953662715
financial_daily,EURUSD=X,F4,sgd,21,2615,1,1.3406036172367302e-05,0.9558718134655683
financial_daily,EURUSD=X,F4,sgd,22,2158,1,2.1060462569032206e-05,0.9551695878573957
financial_daily,EURUSD=X,F4,sgd,23,2456,1,3.321006949635162e-05,0.9554255472026344
financial_daily,EURUSD=X,F4,sgd,24,2334,1,1.3132796957059171e-05,0.9556689548828435
financial_daily,EURUSD=X,F4,sgd,25,2303,1,1.8780241800903217e-05,0.9551869909541839
financial_daily,EURUSD=X,F4,sgd,26,2577,1,2.165049762311336e-05,0.9556849541491493
financial_daily,EURUSD=X,F4,sgd,27,2238,1,1.454963840906214e-05,0.9553325809414045
financial_daily,EURUSD=X,F4,sgd,28,2269,1,1.0141272447506878e-05,0.9558303757164947
financial_daily,EURUSD=X,F4,sgd,29,2366,1,2.4089994055183578e-05,0.9559579308002257
financial_daily,EURUSD=X,F4,sgd,30,2188,1,1.4673159817611834e-05,0.955783170347367
financial_daily,EURUSD=X,F4,sgd,31,2449,1,2.9486142903017675e-05,0.9574102468625253
financial_daily,EURUSD=X,F4,sgd,32,2697,1,2.7548195627199482e-05,0.9543162752472338
financial_daily,EURUSD=X,F4,sgd,33,2620,1,3.0533446631110006e-05,0.9558417885767493
financial_daily,EURUSD=X,F4,sgd,34,2578,1,2.2465103423235643e-05,0.9570439039325526
financial_daily,EURUSD=X,F4,sgd,35,2561,1,2.4860245288081295e-05,0.9544934787399858
financial_daily,EURUSD=X,F4,sgd,36,2476,1,1.8935833679463497e-05,0.9569786012527504
financial_daily,EURUSD=X,F4,sgd,37,2559,1,6.311663428776022e-05,0.9573218534132248
financial_daily,EURUSD=X,F4,sgd,38,2764,1,2.1871809388012814e-05,0.9555242563693902
financial_daily,EURUSD=X,F4,sgd,39,2203,1,2.7529954154176337e-05,0.9549537585122927
financial_daily,EURUSD=X,F4,sgd,40,2225,1,2.6966946619518044e-05,0.9548910096973896
financial_daily,EURUSD=X,F4,sgd,41,2491,1,1.606617273899158e-05,0.9560118263853011
financial_daily,EURUSD=X,F4,sgd,42,2977,1,5.5874124670421204e-05,0.9540020858290994
financial_daily,EURUSD=X,F4,sgd,43,2277,1,2.966047332011395e-05,0.9547563762846388
financial_daily,EURUSD=X,F4,sgd,44,2601,1,2.0664783277931157e-05,0.955391815128638
financial_daily,EURUSD=X,F4,sgd,45,2746,1,3.905923209121332e-05,0.9544974104243406
financial_daily,EURUSD=X,F4,sgd,46,2089,1,2.2894582373005324e-05,0.9551455440141897
financial_daily,EURUSD=X,F4,sgd,47,2138,1,2.6413627113957117e-05,0.9550143310041289
financial_daily,EURUSD=X,F4,sgd,48,2788,1,2.3107803691057065e-05,0.9552049491232135
financial_daily,EURUSD=X,F4,sgd,49,2496,1,4.5085512389936266e-05,0.9559683154210699
financial_daily,EURUSD=X,F4,adam,0,247,1,4.1883723111590475e-05,0.9609838473891461
financial_daily,EURUSD=X,F4,adam,1,202,1,0.00014061378758071385,0.9530968798415649
financial_daily,EURUSD=X,F4,adam,2,100,1,4.157829194072638e-05,0.9607835598411947
financial_daily,EURUSD=X,F4,adam,3,144,1,8.52876425876025e-05,0.951493080957597
financial_daily,EURUSD=X,F4,adam,4,619,1,0.0003221202998755482,0.9577623432881178
financial_daily,EURUSD=X,F4,adam,5,228,1,0.0002461533646848739,0.9558383591982462
financial_daily,EURUSD=X,F4,adam,6,152,1,0.00018309542955886285,0.9608747255994473
financial_daily,EURUSD=X,F4,adam,7,94,1,0.0001517792944466713,0.9590715115098523
financial_daily,EURUSD=X,F4,adam,8,172,1,3.453308627094034e-05,0.9585754690106254
financial_daily,EURUSD=X,F4,adam,9,315,1,4.577524326271277e-05,0.957692800952495
financial_daily,EURUSD=X,F4,adam,10,223,1,1.978916147542004e-05,0.9592656237577513
financial_daily,EURUSD=X,F4,adam,11,127,1,0.00022269357187977933,0.9616571545446887
financial_daily,EURUSD=X,F4,adam,12,99,1,6.862760735048659e-05,0.9611107243191324
financial_daily,EURUSD=X,F4,adam,13,200,1,8.093320697087099e-05,0.9551921233748686
financial_daily,EURUSD=X,F4,adam,14,116,1,0.00020243113738155244,0.9563469743583362
financial_daily,EURUSD=X,F4,adam,15,245,1,6.881890478004889e-05,0.9571897178277518
financial_daily,EURUSD=X,F4,adam,16,144,1,5.3694507540070855e-05,0.9606182364958631
financial_daily,EURUSD=X,F4,adam,17,190,1,0.0002316012852382618,0.9531889374268604
financial_daily,EURUSD=X,F4,adam,18,225,1,1.5829993330009867e-05,0.956271192927772
financial_daily,EURUSD=X,F4,adam,19,87,1,1.7078706985777052e-05,0.9599546420897302
financial_daily,EURUSD=X,F4,adam,20,387,1,3.469081623562313e-05,0.9600789516476209
financial_daily,EURUSD=X,F4,adam,21,182,1,9.070109026754719e-05,0.9633221902769823
financial_daily,EURUSD=X,F4,adam,22,198,1,0.00011348040571941025,0.9614455088310542
financial_daily,EURUSD=X,F4,adam,23,163,1,0.00016277377603999613,0.956857390388019
financial_daily,EURUSD=X,F4,adam,24,195,1,2.3596964096980552e-05,0.9583529328616063
financial_daily,EURUSD=X,F4,adam,25,145,1,6.0874203910781516e-05,0.9578876136038476
financial_daily,EURUSD=X,F4,adam,26,345,1,0.00022658574791529603,0.9545307410395125
financial_daily,EURUSD=X,F4,adam,27,459,1,6.94191001710815e-05,0.95236578230742
financial_daily,EURUSD=X,F4,adam,28,191,1,0.0002464951986914426,0.9537602637940952
financial_daily,EURUSD=X,F4,adam,29,120,1,0.00031898014575079095,0.9605559377111954
financial_daily,EURUSD=X,F4,adam,30,458,1,6.041879398094222e-05,0.9590818092929944
financial_daily,EURUSD=X,F4,adam,31,130,1,0.00011501783500402587,0.9618314214143835
financial_daily,EURUSD=X,F4,adam,32,223,1,4.1497326670250786e-05,0.9552978638762122
financial_daily,EURUSD=X,F4,adam,33,162,1,4.3352658052094384e-05,0.9547625955701716
financial_daily,EURUSD=X,F4,adam,34,220,1,8.253337597494666e-05,0.9580340373935512
financial_daily,EURUSD=X,F4,adam,35,353,1,3.267591172782278e-05,0.9578968890680853
financial_daily,EURUSD=X,F4,adam,36,125,1,8.507714813830029e-05,0.9620564408179311
financial_daily,EURUSD=X,F4,adam,37,213,1,0.0005386750813973063,0.9645709322314825
financial_daily,EURUSD=X,F4,adam,38,263,1,1.517985836996103e-05,0.9570295380317636
financial_daily,EURUSD=X,F4,adam,39,297,1,0.000345338586607209,0.9544399849237389
financial_daily,EURUSD=X,F4,adam,40,307,1,0.00014313998500779717,0.9525442009577187
financial_daily,EURUSD=X,F4,adam,41,366,1,2.4526392455839726e-05,0.9558350404747226
financial_daily,EURUSD=X,F4,adam,42,305,1,0.0001283147438504017,0.9544273580426296
financial_daily,EURUSD=X,F4,adam,43,161,1,0.00012064650603789812,0.9564440931622583
financial_daily,EURUSD=X,F4,adam,44,251,1,0.00014878295171423295,0.9618735922726969
financial_daily,EURUSD=X,F4,adam,45,216,1,0.00025703977517811113,0.9520613374605781
financial_daily,EURUSD=X,F4,adam,46,280,1,0.00017202561225936538,0.955304151060188
financial_daily,EURUSD=X,F4,adam,47,147,1,0.00011114109279080443,0.9537265193991065
financial_daily,EURUSD=X,F4,adam,48,190,1,0.00012732432961390112,0.955562014082105
financial_daily,EURUSD=X,F4,adam,49,128,1,8.247944963513627e-05,0.9566486949575865
financial_daily,GBPUSD=X,F0,sgd,0,110,1,5.550014303730125e-05,0.6277095618534171
financial_daily,GBPUSD=X,F0,sgd,1,117,1,0.00017497908379556504,0.626923481605371
financial_daily,GBPUSD=X,F0,sgd,2,100,1,7.995272114019587e-05,0.6276652823789413
financial_daily,GBPUSD=X,F0,sgd,3,111,1,0.00011858272262642849,0.6272249181357655
financial_daily,GBPUSD=X,F0,sgd,4,91,1,0.00015071853839432862,0.6275915419915993
financial_daily,GBPUSD=X,F0,sgd,5,143,1,0.00017085908464133516,0.6275105277112579
financial_daily,GBPUSD=X,F0,sgd,6,109,1,0.00021894347063274223,0.628140690991726
financial_daily,GBPUSD=X,F0,sgd,7,89,1,0.00014924900617323316,0.6274811492036025
financial_daily,GBPUSD=X,F0,sgd,8,96,1,0.00021633034463162766,0.6274228314005547
financial_daily,GBPUSD=X,F0,sgd,9,84,1,6.118107313009674e-05,0.6277139349548178
financial_daily,GBPUSD=X,F0,sgd,10,119,1,4.882105069802791e-05,0.6275543370536113
financial_daily,GBPUSD=X,F0,sgd,11,114,1,8.163062107076063e-05,0.6278476691926312
financial_daily,GBPUSD=X,F0,sgd,12,80,1,6.360615496841526e-05,0.6273095516566757
financial_daily,GBPUSD=X,F0,sgd,13,117,1,0.00012420533830616467,0.6273227484452961
financial_daily,GBPUSD=X,F0,sgd,14,96,1,0.00014809730858871022,0.6274348613366483
financial_daily,GBPUSD=X,F0,sgd,15,151,1,6.653235758634242e-05,0.62738471470689
financial_daily,GBPUSD=X,F0,sgd,16,104,1,6.741288654716971e-05,0.6276380676534556
financial_daily,GBPUSD=X,F0,sgd,17,84,1,0.00023988832989316018,0.6269342593951255
financial_daily,GBPUSD=X,F0,sgd,18,100,1,9.507957108440012e-05,0.6272245032869741
financial_daily,GBPUSD=X,F0,sgd,19,93,1,2.8828449637617902e-05,0.6275491817884806
financial_daily,GBPUSD=X,F0,sgd,20,137,1,0.000157895964786453,0.6277932514719856
financial_daily,GBPUSD=X,F0,sgd,21,108,1,0.0002615839055639293,0.6280796602997456
financial_daily,GBPUSD=X,F0,sgd,22,127,1,7.555743735684431e-05,0.627738161614323
financial_daily,GBPUSD=X,F0,sgd,23,111,1,0.0003369304839956861,0.6281785787598798
financial_daily,GBPUSD=X,F0,sgd,24,108,1,8.961157050922048e-05,0.6271657662818505
financial_daily,GBPUSD=X,F0,sgd,25,91,1,0.00011113060321098186,0.6276503173501286
financial_daily,GBPUSD=X,F0,sgd,26,272,1,0.00014589715273118388,0.627617814888061
financial_daily,GBPUSD=X,F0,sgd,27,113,1,0.000196919230958621,0.6276442783961464
financial_daily,GBPUSD=X,F0,sgd,28,90,1,8.822946910386793e-05,0.6271830305173449
financial_daily,GBPUSD=X,F0,sgd,29,105,1,0.0002849987513267858,0.6272423761597137
financial_daily,GBPUSD=X,F0,sgd,30,102,1,7.82716264455374e-05,0.627647171038334
financial_daily,GBPUSD=X,F0,sgd,31,102,1,0.00011232862293398761,0.6276527264671381
financial_daily,GBPUSD=X,F0,sgd,32,140,1,0.00013629881454645074,0.6274166313575368
financial_daily,GBPUSD=X,F0,sgd,33,114,1,0.0001836416775023673,0.6273999255945146
financial_daily,GBPUSD=X,F0,sgd,34,162,1,0.00013474194107058557,0.6276031887260819
financial_daily,GBPUSD=X,F0,sgd,35,96,1,9.852290706137115e-05,0.6275068136031681
financial_daily,GBPUSD=X,F0,sgd,36,109,1,0.00030065645417325234,0.6274742466620208
financial_daily,GBPUSD=X,F0,sgd,37,118,1,0.0005139946116734483,0.6280290178292437
financial_daily,GBPUSD=X,F0,sgd,38,136,1,7.751699849026431e-05,0.6273140479811808
financial_daily,GBPUSD=X,F0,sgd,39,117,1,0.0005800878645648013,0.6273555980316571
financial_daily,GBPUSD=X,F0,sgd,40,137,1,5.848214018891141e-05,0.6274209468581713
financial_daily,GBPUSD=X,F0,sgd,41,137,1,7.185326584688447e-05,0.6274540281350833
financial_daily,GBPUSD=X,F0,sgd,42,115,1,0.00017530784150534152,0.6275262945964256
financial_daily,GBPUSD=X,F0,sgd,43,102,1,0.00014366412072249791,0.6274293977671307
financial_daily,GBPUSD=X,F0,sgd,44,93,1,7.384453597947014e-05,0.6278449151986281
financial_daily,GBPUSD=X,F0,sgd,45,103,1,0.0001359177607520906,0.6272519295213032
financial_daily,GBPUSD=X,F0,sgd,46,139,1,0.00029721797893021777,0.627621246807445
financial_daily,GBPUSD=X,F0,sgd,47,86,1,0.00010301320657440177,0.6274082644831405
financial_daily,GBPUSD=X,F0,sgd,48,124,1,0.0006415281358935563,0.6274165238457031
financial_daily,GBPUSD=X,F0,sgd,49,121,1,8.257321465423813e-05,0.6275972802797378
financial_daily,GBPUSD=X,F0,adam,0,1550,1,0.000458268092742456,0.6271607174882949
financial_daily,GBPUSD=X,F0,adam,1,817,1,0.002312419246572179,0.6255780758544716
financial_daily,GBPUSD=X,F0,adam,2,773,1,0.0011304549341247913,0.6281040606979342
financial_daily,GBPUSD=X,F0,adam,3,4000,0,0.0009666258950123878,0.6264604246936861
financial_daily,GBPUSD=X,F0,adam,4,3219,1,0.0013755147829294146,0.627787820581982
financial_daily,GBPUSD=X,F0,adam,5,4000,0,0.0023614086341644754,0.6268960980213366
financial_daily,GBPUSD=X,F0,adam,6,1112,1,0.0028969363431455724,0.6291268015990438
financial_daily,GBPUSD=X,F0,adam,7,1952,1,0.0012935599034205323,0.6262031248887419
financial_daily,GBPUSD=X,F0,adam,8,1158,1,0.0032316853746209013,0.6270728656442485
financial_daily,GBPUSD=X,F0,adam,9,4000,0,0.003793639902962182,0.6290039257402944
financial_daily,GBPUSD=X,F0,adam,10,4000,0,0.004278330110529768,0.6299097075054116
financial_daily,GBPUSD=X,F0,adam,11,4000,0,0.00037587441387699924,0.6279152858440642
financial_daily,GBPUSD=X,F0,adam,12,3248,1,0.0015442834450228341,0.6266708715147764
financial_daily,GBPUSD=X,F0,adam,13,3013,1,0.00258420682328698,0.6260723868530854
financial_daily,GBPUSD=X,F0,adam,14,28,1,0.0037207434876196017,0.6290690383933693
financial_daily,GBPUSD=X,F0,adam,15,4000,0,0.0029018916566475764,0.6268148656474366
financial_daily,GBPUSD=X,F0,adam,16,4000,0,0.0038662536021854365,0.6278467369154016
financial_daily,GBPUSD=X,F0,adam,17,583,1,0.000722012316340539,0.6276248922225318
financial_daily,GBPUSD=X,F0,adam,18,649,1,0.0019076399964975562,0.627040402474504
financial_daily,GBPUSD=X,F0,adam,19,1648,1,0.0018074660963039375,0.6280921738799942
financial_daily,GBPUSD=X,F0,adam,20,127,1,0.0026853093708441,0.6281246343526338
financial_daily,GBPUSD=X,F0,adam,21,1289,1,0.001628084714806803,0.6279350648709463
financial_daily,GBPUSD=X,F0,adam,22,480,1,0.0006376701469075765,0.6275088611076054
financial_daily,GBPUSD=X,F0,adam,23,4000,0,0.003962987298980471,0.6280302769432996
financial_daily,GBPUSD=X,F0,adam,24,3398,1,0.003079196416848023,0.6258705969022538
financial_daily,GBPUSD=X,F0,adam,25,822,1,0.0011973501174404291,0.626504766500973
financial_daily,GBPUSD=X,F0,adam,26,1796,1,0.0006444060415574052,0.6270006677274226
financial_daily,GBPUSD=X,F0,adam,27,3887,1,0.0023380994102301348,0.6274955168943807
financial_daily,GBPUSD=X,F0,adam,28,229,1,0.0004620093167386567,0.6272552415492757
financial_daily,GBPUSD=X,F0,adam,29,2396,1,0.0034503669515429524,0.6275596926723965
financial_daily,GBPUSD=X,F0,adam,30,2892,1,0.0017961723846719893,0.6288658473621829
financial_daily,GBPUSD=X,F0,adam,31,1670,1,0.0015276785752314373,0.6275518527118635
financial_daily,GBPUSD=X,F0,adam,32,440,1,0.0005894367347089746,0.6283421901789243
financial_daily,GBPUSD=X,F0,adam,33,4000,0,0.002198828468688877,0.6272551899264955
financial_daily,GBPUSD=X,F0,adam,34,3665,1,0.0035208347375991957,0.6286580002234309
financial_daily,GBPUSD=X,F0,adam,35,4000,0,0.0034181658374604065,0.6284120755281185
financial_daily,GBPUSD=X,F0,adam,36,488,1,0.002130153865007835,0.626588680781269
financial_daily,GBPUSD=X,F0,adam,37,1022,1,0.002902992610507151,0.6292039431916707
financial_daily,GBPUSD=X,F0,adam,38,1480,1,0.001953199896867953,0.6272815211433999
financial_daily,GBPUSD=X,F0,adam,39,283,1,0.0024497793442478546,0.6275178588588278
financial_daily,GBPUSD=X,F0,adam,40,1330,1,0.0005957144805038462,0.6277142744757537
financial_daily,GBPUSD=X,F0,adam,41,4000,0,0.002438372075975662,0.6288091391503745
financial_daily,GBPUSD=X,F0,adam,42,4000,0,0.0011889870152925694,0.6288721461868854
financial_daily,GBPUSD=X,F0,adam,43,1175,1,0.0020341838004035904,0.6282954467712538
financial_daily,GBPUSD=X,F0,adam,44,4000,0,0.0034078665960676187,0.6278692945517188
financial_daily,GBPUSD=X,F0,adam,45,1083,1,0.005409175942425814,0.6286928396563908
financial_daily,GBPUSD=X,F0,adam,46,74,1,0.007414326697084189,0.6283887559794864
financial_daily,GBPUSD=X,F0,adam,47,480,1,0.005049297170186886,0.6289962887047945
financial_daily,GBPUSD=X,F0,adam,48,2462,1,0.004686345965641755,0.6264873320062859
financial_daily,GBPUSD=X,F0,adam,49,716,1,0.0016793905404702879,0.6271988818991019
financial_daily,GBPUSD=X,F1,sgd,0,699,1,2.900133910882395e-05,0.6571768690494061
financial_daily,GBPUSD=X,F1,sgd,1,808,1,3.565167415135555e-05,0.6569956164637998
financial_daily,GBPUSD=X,F1,sgd,2,634,1,2.3344179796133696e-05,0.6580013930395411
financial_daily,GBPUSD=X,F1,sgd,3,610,1,3.619154152838337e-05,0.6568477958943117
financial_daily,GBPUSD=X,F1,sgd,4,677,1,6.882718665626064e-05,0.6561246945631082
financial_daily,GBPUSD=X,F1,sgd,5,684,1,6.687555478962396e-05,0.6563344951932908
financial_daily,GBPUSD=X,F1,sgd,6,718,1,4.054227231951997e-05,0.6581869209939784
financial_daily,GBPUSD=X,F1,sgd,7,806,1,3.4474948198808745e-05,0.6569612122697692
financial_daily,GBPUSD=X,F1,sgd,8,575,1,3.860652515063505e-05,0.6575096448902008
financial_daily,GBPUSD=X,F1,sgd,9,653,1,2.9978109632002376e-05,0.6572871760203658
financial_daily,GBPUSD=X,F1,sgd,10,646,1,3.758203747440776e-05,0.6572075238336761
financial_daily,GBPUSD=X,F1,sgd,11,695,1,3.345469151370496e-05,0.6576002878037766
financial_daily,GBPUSD=X,F1,sgd,12,729,1,3.727845772633822e-05,0.6571697846495834
financial_daily,GBPUSD=X,F1,sgd,13,720,1,3.0307700192723544e-05,0.6574190831962311
financial_daily,GBPUSD=X,F1,sgd,14,582,1,2.8517118248647505e-05,0.6575172795467153
financial_daily,GBPUSD=X,F1,sgd,15,668,1,4.532050300953768e-05,0.6574154263983922
financial_daily,GBPUSD=X,F1,sgd,16,812,1,4.313205609027858e-05,0.6574501351991644
financial_daily,GBPUSD=X,F1,sgd,17,685,1,3.7759089781542405e-05,0.6572726044770022
financial_daily,GBPUSD=X,F1,sgd,18,703,1,3.759884838216977e-05,0.656798236816124
financial_daily,GBPUSD=X,F1,sgd,19,686,1,3.752330674016499e-05,0.6568831183683191
financial_daily,GBPUSD=X,F1,sgd,20,764,1,2.2306785827360848e-05,0.6583907517256661
financial_daily,GBPUSD=X,F1,sgd,21,740,1,3.55066589416887e-05,0.6575047849352644
financial_daily,GBPUSD=X,F1,sgd,22,638,1,3.55802563004856e-05,0.6570918573740863
financial_daily,GBPUSD=X,F1,sgd,23,668,1,5.4270488495746594e-05,0.6582432131909057
financial_daily,GBPUSD=X,F1,sgd,24,703,1,3.195019950038674e-05,0.6572847885789905
financial_daily,GBPUSD=X,F1,sgd,25,629,1,3.3869819351522655e-05,0.657353262412962
financial_daily,GBPUSD=X,F1,sgd,26,553,1,3.5531539970658534e-05,0.6577124391600712
financial_daily,GBPUSD=X,F1,sgd,27,806,1,2.9688734066462348e-05,0.6573236158683973
financial_daily,GBPUSD=X,F1,sgd,28,604,1,2.4197969005366902e-05,0.6577374670624049
financial_daily,GBPUSD=X,F1,sgd,29,640,1,7.029983535777225e-05,0.6580820053342965
financial_daily,GBPUSD=X,F1,sgd,30,794,1,2.8518973717290185e-05,0.657406832292912
financial_daily,GBPUSD=X,F1,sgd,31,655,1,3.448476730226718e-05,0.6585634644774632
financial_daily,GBPUSD=X,F1,sgd,32,725,1,3.925810643753508e-05,0.6568020580160088
financial_daily,GBPUSD=X,F1,sgd,33,585,1,4.317714813662703e-05,0.6574448709997232
financial_daily,GBPUSD=X,F1,sgd,34,771,1,3.12819382431579e-05,0.657565276094625
financial_daily,GBPUSD=X,F1,sgd,35,671,1,4.959700972092664e-05,0.6564861109170643
financial_daily,GBPUSD=X,F1,sgd,36,674,1,3.414776533809779e-05,0.6574817424754903
financial_daily,GBPUSD=X,F1,sgd,37,758,1,0.00014923642320907235,0.6587858840881207
financial_daily,GBPUSD=X,F1,sgd,38,780,1,3.743710505716939e-05,0.6567938686619689
financial_daily,GBPUSD=X,F1,sgd,39,746,1,5.315519987852665e-05,0.6573469107021908
financial_daily,GBPUSD=X,F1,sgd,40,582,1,4.2751311947641707e-05,0.6565845913248761
financial_daily,GBPUSD=X,F1,sgd,41,728,1,3.124949586667474e-05,0.6575966892265385
financial_daily,GBPUSD=X,F1,sgd,42,726,1,6.934032769994731e-05,0.6559925115504178
financial_daily,GBPUSD=X,F1,sgd,43,644,1,4.9512809576973984e-05,0.6570360935985383
financial_daily,GBPUSD=X,F1,sgd,44,728,1,4.699845032506507e-05,0.6577039224296224
financial_daily,GBPUSD=X,F1,sgd,45,691,1,5.0982390339420015e-05,0.6562471142117366
financial_daily,GBPUSD=X,F1,sgd,46,797,1,3.380451007460407e-05,0.6570220474741859
financial_daily,GBPUSD=X,F1,sgd,47,536,1,4.871360754532075e-05,0.6563092699484727
financial_daily,GBPUSD=X,F1,sgd,48,777,1,3.989339727512991e-05,0.6567194314538821
financial_daily,GBPUSD=X,F1,sgd,49,667,1,9.15063770145847e-05,0.6586862162043433
financial_daily,GBPUSD=X,F1,adam,0,86,1,0.0003181481895649218,0.6607454656408042
financial_daily,GBPUSD=X,F1,adam,1,92,1,0.00026248458851191184,0.6563757004070621
financial_daily,GBPUSD=X,F1,adam,2,70,1,2.281338088922853e-05,0.6619863149157158
financial_daily,GBPUSD=X,F1,adam,3,115,1,1.2540509858145512e-05,0.6601506432994033
financial_daily,GBPUSD=X,F1,adam,4,80,1,0.00017540029597073241,0.662266146102443
financial_daily,GBPUSD=X,F1,adam,5,145,1,0.0003519703969595632,0.657634047709661
financial_daily,GBPUSD=X,F1,adam,6,90,1,0.0004932080101876784,0.6682694750118802
financial_daily,GBPUSD=X,F1,adam,7,78,1,3.743145730320749e-05,0.6626572626268348
financial_daily,GBPUSD=X,F1,adam,8,76,1,1.2567398699947489e-05,0.6627577499626793
financial_daily,GBPUSD=X,F1,adam,9,77,1,5.097934070951704e-05,0.66131448781482
financial_daily,GBPUSD=X,F1,adam,10,109,1,0.00032065676813807984,0.6666096390016478
financial_daily,GBPUSD=X,F1,adam,11,92,1,0.00017300881126423382,0.6647121222694427
financial_daily,GBPUSD=X,F1,adam,12,65,1,0.0006766707741812219,0.6557451980614433
financial_daily,GBPUSD=X,F1,adam,13,75,1,0.00015076902387860299,0.6630044850944746
financial_daily,GBPUSD=X,F1,adam,14,61,1,0.0001650852840620551,0.6612990064717198
financial_daily,GBPUSD=X,F1,adam,15,90,1,9.586117062877307e-05,0.6614332408905245
financial_daily,GBPUSD=X,F1,adam,16,74,1,7.330124761736944e-06,0.661320765133545
financial_daily,GBPUSD=X,F1,adam,17,94,1,0.00010950953451316623,0.658227068154343
financial_daily,GBPUSD=X,F1,adam,18,84,1,0.00010708977889915712,0.6626498410784667
financial_daily,GBPUSD=X,F1,adam,19,77,1,2.2796832576803205e-05,0.6613481816360082
financial_daily,GBPUSD=X,F1,adam,20,91,1,2.6597847578581867e-05,0.6621411731087129
financial_daily,GBPUSD=X,F1,adam,21,88,1,6.160947507017132e-05,0.6647600866221991
financial_daily,GBPUSD=X,F1,adam,22,75,1,0.00016658159810501973,0.6640133354697721
financial_daily,GBPUSD=X,F1,adam,23,104,1,4.2083769536155464e-05,0.6613243311549623
financial_daily,GBPUSD=X,F1,adam,24,90,1,0.00011182350497892204,0.6632057906270432
financial_daily,GBPUSD=X,F1,adam,25,64,1,8.31936855972229e-05,0.6628643072916243
financial_daily,GBPUSD=X,F1,adam,26,74,1,0.0005448980737332416,0.6577880216036118
financial_daily,GBPUSD=X,F1,adam,27,89,1,0.0001956617162457245,0.6576856074912365
financial_daily,GBPUSD=X,F1,adam,28,63,1,0.00019095622972528398,0.6604674051841033
financial_daily,GBPUSD=X,F1,adam,29,92,1,0.0002965682388222052,0.664758705817098
financial_daily,GBPUSD=X,F1,adam,30,100,1,5.103799592661002e-05,0.6625692521633949
financial_daily,GBPUSD=X,F1,adam,31,84,1,2.7794306829249777e-05,0.6617212585755499
financial_daily,GBPUSD=X,F1,adam,32,110,1,1.1607761196943106e-05,0.6613165321442921
financial_daily,GBPUSD=X,F1,adam,33,95,1,8.424890720089716e-06,0.659677575809189
financial_daily,GBPUSD=X,F1,adam,34,83,1,0.00010359306460043265,0.6646612222794998
financial_daily,GBPUSD=X,F1,adam,35,77,1,4.65746599670241e-05,0.6617736043831516
financial_daily,GBPUSD=X,F1,adam,36,78,1,1.5379818911019633e-05,0.6610204269910361
financial_daily,GBPUSD=X,F1,adam,37,97,1,0.0011650001450526143,0.6675855885816286
financial_daily,GBPUSD=X,F1,adam,38,101,1,3.180869527984177e-06,0.6612879282212152
financial_daily,GBPUSD=X,F1,adam,39,110,1,0.00014637365687241623,0.660066210814816
financial_daily,GBPUSD=X,F1,adam,40,86,1,0.0004096501380321208,0.6550001674362692
financial_daily,GBPUSD=X,F1,adam,41,125,1,7.630321182603064e-06,0.6612278964233448
financial_daily,GBPUSD=X,F1,adam,42,84,1,0.0001666949854556186,0.6571378652139985
financial_daily,GBPUSD=X,F1,adam,43,93,1,0.0003209741223939427,0.6620919164107866
financial_daily,GBPUSD=X,F1,adam,44,81,1,0.00010241808838300397,0.6641919027635093
financial_daily,GBPUSD=X,F1,adam,45,96,1,0.0006155183606792764,0.6553136555931464
financial_daily,GBPUSD=X,F1,adam,46,119,1,0.0004174559130621586,0.6645225702571423
financial_daily,GBPUSD=X,F1,adam,47,71,1,0.0003634764960870318,0.6558582545493704
financial_daily,GBPUSD=X,F1,adam,48,111,1,0.0002925212957468036,0.6583244199828565
financial_daily,GBPUSD=X,F1,adam,49,86,1,3.677266640642329e-05,0.6607164471258483
financial_daily,GBPUSD=X,F2,sgd,0,1607,1,1.1032254929263468e-05,0.6319806916625188
financial_daily,GBPUSD=X,F2,sgd,1,1388,1,1.3886359293306511e-05,0.6324370116776391
financial_daily,GBPUSD=X,F2,sgd,2,1500,1,1.134500864024871e-05,0.631858070090706
financial_daily,GBPUSD=X,F2,sgd,3,1718,1,1.0691380913865491e-05,0.6319454449714538
financial_daily,GBPUSD=X,F2,sgd,4,1722,1,1.849643098761145e-05,0.6314649570949761
financial_daily,GBPUSD=X,F2,sgd,5,1989,1,1.4536961370986794e-05,0.6316698596509719
financial_daily,GBPUSD=X,F2,sgd,6,1596,1,9.6384723618755e-06,0.6322282240538792
financial_daily,GBPUSD=X,F2,sgd,7,1608,1,1.1836156299409137e-05,0.631993218370079
financial_daily,GBPUSD=X,F2,sgd,8,1492,1,1.2378237701220317e-05,0.6319735147590296
financial_daily,GBPUSD=X,F2,sgd,9,1611,1,9.452284253429267e-06,0.6321061665200335
financial_daily,GBPUSD=X,F2,sgd,10,1632,1,1.2686193636314606e-05,0.6319429494094715
financial_daily,GBPUSD=X,F2,sgd,11,1755,1,9.708679167932322e-06,0.6322464834867687
financial_daily,GBPUSD=X,F2,sgd,12,1778,1,1.0773288521698825e-05,0.6320953921323698
financial_daily,GBPUSD=X,F2,sgd,13,1524,1,9.359821610225617e-06,0.6320852713845533
financial_daily,GBPUSD=X,F2,sgd,14,1554,1,1.372502227103183e-05,0.6316394538932841
financial_daily,GBPUSD=X,F2,sgd,15,2013,1,1.0774449071346094e-05,0.6320132402808142
financial_daily,GBPUSD=X,F2,sgd,16,1424,1,1.2430810316013844e-05,0.6319720438065841
financial_daily,GBPUSD=X,F2,sgd,17,1750,1,1.0608587059555191e-05,0.6320185383538072
financial_daily,GBPUSD=X,F2,sgd,18,1621,1,1.5026098905538465e-05,0.6326065074342376
financial_daily,GBPUSD=X,F2,sgd,19,1324,1,1.2021900335916288e-05,0.6317635106427354
financial_daily,GBPUSD=X,F2,sgd,20,1555,1,1.0205241328784475e-05,0.6323823355429162
financial_daily,GBPUSD=X,F2,sgd,21,1417,1,1.0538527667535268e-05,0.6320768819938297
financial_daily,GBPUSD=X,F2,sgd,22,1699,1,1.1952504003653133e-05,0.6317720866591698
financial_daily,GBPUSD=X,F2,sgd,23,1382,1,1.308771379522935e-05,0.6324554230869893
financial_daily,GBPUSD=X,F2,sgd,24,1925,1,1.0257709267762202e-05,0.6321993924856769
financial_daily,GBPUSD=X,F2,sgd,25,1416,1,1.0942874768005375e-05,0.6318745980760662
financial_daily,GBPUSD=X,F2,sgd,26,1614,1,8.888201095908953e-06,0.6323939835200314
financial_daily,GBPUSD=X,F2,sgd,27,1786,1,9.738053803113603e-06,0.6320077907060141
financial_daily,GBPUSD=X,F2,sgd,28,1859,1,9.514190821884844e-06,0.6322956038000055
financial_daily,GBPUSD=X,F2,sgd,29,1640,1,1.460598365024508e-05,0.6321967427174916
financial_daily,GBPUSD=X,F2,sgd,30,1530,1,1.0497975085035193e-05,0.6319225038353202
financial_daily,GBPUSD=X,F2,sgd,31,1549,1,1.3283681059443979e-05,0.6326661428747128
financial_daily,GBPUSD=X,F2,sgd,32,1335,1,1.8571734925128907e-05,0.6313652080340236
financial_daily,GBPUSD=X,F2,sgd,33,1478,1,9.825187664767439e-06,0.6321142200048461
financial_daily,GBPUSD=X,F2,sgd,34,1470,1,1.574499321393925e-05,0.6325979525885099
financial_daily,GBPUSD=X,F2,sgd,35,1668,1,1.3195719239974248e-05,0.6316607783429249
financial_daily,GBPUSD=X,F2,sgd,36,1526,1,1.2534923898370356e-05,0.6322723473996028
financial_daily,GBPUSD=X,F2,sgd,37,1442,1,2.8126612936428295e-05,0.6327032251050707
financial_daily,GBPUSD=X,F2,sgd,38,1795,1,1.129895184371824e-05,0.6319055235107853
financial_daily,GBPUSD=X,F2,sgd,39,1702,1,1.1975685163350058e-05,0.6320065700025803
financial_daily,GBPUSD=X,F2,sgd,40,1708,1,1.1260769357128641e-05,0.6318456514624308
financial_daily,GBPUSD=X,F2,sgd,41,1460,1,1.0860520980775308e-05,0.6319885075531957
financial_daily,GBPUSD=X,F2,sgd,42,1516,1,1.5706267622207413e-05,0.6315133312468012
financial_daily,GBPUSD=X,F2,sgd,43,1597,1,1.2592207692554572e-05,0.631947738792351
financial_daily,GBPUSD=X,F2,sgd,44,1407,1,1.073653621015166e-05,0.6320102961674021
financial_daily,GBPUSD=X,F2,sgd,45,1529,1,1.3670289868380915e-05,0.631638459412558
financial_daily,GBPUSD=X,F2,sgd,46,1672,1,9.861759975641259e-06,0.6320098841513627
financial_daily,GBPUSD=X,F2,sgd,47,1361,1,1.4070255954019726e-05,0.6315746753970312
financial_daily,GBPUSD=X,F2,sgd,48,1710,1,1.123608092468064e-05,0.6319211740272943
financial_daily,GBPUSD=X,F2,sgd,49,1610,1,1.885589798282693e-05,0.6327494374416462
financial_daily,GBPUSD=X,F2,adam,0,48,1,1.0466202727662995e-05,0.6370136713174905
financial_daily,GBPUSD=X,F2,adam,1,50,1,3.961339034315523e-05,0.6320293047033345
financial_daily,GBPUSD=X,F2,adam,2,71,1,8.727514743539057e-06,0.6370762977936986
financial_daily,GBPUSD=X,F2,adam,3,56,1,8.157864046744504e-05,0.6327799584757351
financial_daily,GBPUSD=X,F2,adam,4,85,1,0.00016464962857316097,0.6333964185043636
financial_daily,GBPUSD=X,F2,adam,5,54,1,0.00017082142761541908,0.6338880040429948
financial_daily,GBPUSD=X,F2,adam,6,79,1,3.75080377600475e-05,0.6372795346726912
financial_daily,GBPUSD=X,F2,adam,7,37,1,9.119546906226736e-05,0.6326582878430657
financial_daily,GBPUSD=X,F2,adam,8,56,1,1.6688893365930918e-05,0.6359330936574668
financial_daily,GBPUSD=X,F2,adam,9,62,1,7.423053353216919e-06,0.6360637391445513
financial_daily,GBPUSD=X,F2,adam,10,57,1,4.237685794840133e-06,0.6338233010506763
financial_daily,GBPUSD=X,F2,adam,11,56,1,8.788544073493825e-05,0.6370001390568295
financial_daily,GBPUSD=X,F2,adam,12,63,1,1.8169152195088707e-06,0.634052174450417
financial_daily,GBPUSD=X,F2,adam,13,85,1,5.521506282301207e-06,0.6349572708109792
financial_daily,GBPUSD=X,F2,adam,14,63,1,8.492931569751849e-05,0.6368921444541661
financial_daily,GBPUSD=X,F2,adam,15,53,1,8.112115651426837e-05,0.6356197861995003
financial_daily,GBPUSD=X,F2,adam,16,79,1,4.0773451260071097e-05,0.6357208157912535
financial_daily,GBPUSD=X,F2,adam,17,54,1,1.6433217299034205e-06,0.6336016471752107
financial_daily,GBPUSD=X,F2,adam,18,59,1,2.3724869873789653e-05,0.6330700100376471
financial_daily,GBPUSD=X,F2,adam,19,78,1,2.482776678381279e-06,0.6336803680632799
financial_daily,GBPUSD=X,F2,adam,20,36,1,4.249698472929245e-05,0.6394549756219444
financial_daily,GBPUSD=X,F2,adam,21,62,1,1.6174587209194743e-05,0.6357902892121788
financial_daily,GBPUSD=X,F2,adam,22,78,1,4.254895405734948e-05,0.6355067419725997
financial_daily,GBPUSD=X,F2,adam,23,58,1,7.046198715409085e-05,0.6369226871467913
financial_daily,GBPUSD=X,F2,adam,24,47,1,3.377382918633688e-06,0.6354467568969462
financial_daily,GBPUSD=X,F2,adam,25,72,1,1.8278862101580495e-05,0.6349391430118567
financial_daily,GBPUSD=X,F2,adam,26,84,1,6.16689078176841e-05,0.6332107087099794
financial_daily,GBPUSD=X,F2,adam,27,87,1,1.3278085980028868e-05,0.6339931905579942
financial_daily,GBPUSD=X,F2,adam,28,47,1,8.653349178844462e-05,0.6339114213729785
financial_daily,GBPUSD=X,F2,adam,29,64,1,0.00013493670962055695,0.6360186022250633
financial_daily,GBPUSD=X,F2,adam,30,46,1,5.373233484301436e-06,0.6341812310575858
financial_daily,GBPUSD=X,F2,adam,31,48,1,8.730145475944791e-05,0.639572168708909
financial_daily,GBPUSD=X,F2,adam,32,61,1,1.4498333523125138e-06,0.6343288597449744
financial_daily,GBPUSD=X,F2,adam,33,108,1,3.1466851173667946e-05,0.6357759392199923
financial_daily,GBPUSD=X,F2,adam,34,46,1,4.8434093192066366e-05,0.6335651304746538
financial_daily,GBPUSD=X,F2,adam,35,52,1,1.0363826791931955e-05,0.6323857856517696
financial_daily,GBPUSD=X,F2,adam,36,46,1,3.4644089466046546e-05,0.6356199583659428
financial_daily,GBPUSD=X,F2,adam,37,77,1,0.0003127808471438452,0.6380784343853902
financial_daily,GBPUSD=X,F2,adam,38,93,1,6.8137171270906694e-06,0.6336830795022518
financial_daily,GBPUSD=X,F2,adam,39,133,1,0.00011273104582956082,0.6354731752836444
financial_daily,GBPUSD=X,F2,adam,40,89,1,4.153806749677428e-05,0.6325181273867424
financial_daily,GBPUSD=X,F2,adam,41,54,1,6.595580675506555e-06,0.6348677674310161
financial_daily,GBPUSD=X,F2,adam,42,71,1,2.0448669089621532e-05,0.631850111368813
financial_daily,GBPUSD=X,F2,adam,43,56,1,2.668824719247305e-05,0.6337294968344116
financial_daily,GBPUSD=X,F2,adam,44,69,1,9.993906461022173e-05,0.6364220175606156
financial_daily,GBPUSD=X,F2,adam,45,54,1,0.00010953295967702844,0.6321053869915982
financial_daily,GBPUSD=X,F2,adam,46,108,1,4.297472390525624e-06,0.6352688959250489
financial_daily,GBPUSD=X,F2,adam,47,61,1,5.483117667439517e-05,0.6317375526715944
financial_daily,GBPUSD=X,F2,adam,48,74,1,2.740638174488423e-05,0.6334396740525482
financial_daily,GBPUSD=X,F2,adam,49,70,1,0.00011586359357099148,0.6366881372951632
financial_daily,GBPUSD=X,F4,sgd,0,1378,1,1.97066668959489e-05,0.6425504583697884
financial_daily,GBPUSD=X,F4,sgd,1,1515,1,2.109235339313867e-05,0.6415062585650237
financial_daily,GBPUSD=X,F4,sgd,2,1295,1,1.3045149594055953e-05,0.6428815283011747
financial_daily,GBPUSD=X,F4,sgd,3,1374,1,1.7627093887653937e-05,0.6418666027877852
financial_daily,GBPUSD=X,F4,sgd,4,1406,1,5.1105259969576485e-05,0.6420367929997489
financial_daily,GBPUSD=X,F4,sgd,5,1534,1,5.8685838601518486e-05,0.641915806462622
financial_daily,GBPUSD=X,F4,sgd,6,1343,1,2.7730658225052938e-05,0.6420425847695551
financial_daily,GBPUSD=X,F4,sgd,7,1463,1,1.6607033815524754e-05,0.6416531435711229
financial_daily,GBPUSD=X,F4,sgd,8,1387,1,1.8561199744952008e-05,0.6417240516302495
financial_daily,GBPUSD=X,F4,sgd,9,1515,1,2.7380590006575997e-05,0.6423460485063792
financial_daily,GBPUSD=X,F4,sgd,10,1456,1,1.6554920229548366e-05,0.641990457176426
financial_daily,GBPUSD=X,F4,sgd,11,1341,1,2.107682715581079e-05,0.6420560388325044
financial_daily,GBPUSD=X,F4,sgd,12,1326,1,2.500411262596118e-05,0.6419523733836284
financial_daily,GBPUSD=X,F4,sgd,13,1369,1,2.19460311033666e-05,0.6416560098149106
financial_daily,GBPUSD=X,F4,sgd,14,1309,1,1.8552192160004405e-05,0.6417283738653246
financial_daily,GBPUSD=X,F4,sgd,15,1310,1,2.626534858192638e-05,0.6417343038050158
financial_daily,GBPUSD=X,F4,sgd,16,1639,1,1.8625652867003496e-05,0.6420246384572285
financial_daily,GBPUSD=X,F4,sgd,17,1332,1,2.2985120600078492e-05,0.6414071080297727
financial_daily,GBPUSD=X,F4,sgd,18,1325,1,1.9115248440060027e-05,0.6417734269669726
financial_daily,GBPUSD=X,F4,sgd,19,1451,1,2.4992298567710246e-05,0.6416311613898396
financial_daily,GBPUSD=X,F4,sgd,20,1509,1,2.8383001913861877e-05,0.6437281247677648
financial_daily,GBPUSD=X,F4,sgd,21,1491,1,1.4161029685923113e-05,0.6421101635036488
financial_daily,GBPUSD=X,F4,sgd,22,1495,1,2.1440661073260943e-05,0.6415979132996658
financial_daily,GBPUSD=X,F4,sgd,23,1428,1,4.0342805516369475e-05,0.6419668952017472
financial_daily,GBPUSD=X,F4,sgd,24,1434,1,1.3974703735105924e-05,0.641929084305893
financial_daily,GBPUSD=X,F4,sgd,25,1277,1,1.8884862402332527e-05,0.6415890659277114
financial_daily,GBPUSD=X,F4,sgd,26,1243,1,2.3898766679632843e-05,0.6421025597511898
financial_daily,GBPUSD=X,F4,sgd,27,1415,1,1.6181833473480977e-05,0.641725965059538
financial_daily,GBPUSD=X,F4,sgd,28,1305,1,1.0599057793395859e-05,0.6418515895259448
financial_daily,GBPUSD=X,F4,sgd,29,1404,1,3.3967359494323126e-05,0.6415321944051658
financial_daily,GBPUSD=X,F4,sgd,30,1415,1,1.559111113200903e-05,0.6418272088956978
financial_daily,GBPUSD=X,F4,sgd,31,1323,1,3.783314554553169e-05,0.6430329760580321
financial_daily,GBPUSD=X,F4,sgd,32,1460,1,2.6436109430067925e-05,0.6411338518071802
financial_daily,GBPUSD=X,F4,sgd,33,1343,1,3.339737731848162e-05,0.6422960596391178
financial_daily,GBPUSD=X,F4,sgd,34,1518,1,2.2033138499586332e-05,0.6426003460970958
financial_daily,GBPUSD=X,F4,sgd,35,1344,1,2.5825860232196254e-05,0.6407127966789972
financial_daily,GBPUSD=X,F4,sgd,36,1367,1,1.9809038410212727e-05,0.6422865442491696
financial_daily,GBPUSD=X,F4,sgd,37,1626,1,9.76455285462877e-05,0.6428189938668492
financial_daily,GBPUSD=X,F4,sgd,38,1441,1,2.328232132883692e-05,0.641769404199034
financial_daily,GBPUSD=X,F4,sgd,39,1322,1,3.0554964815290424e-05,0.6411994308198647
financial_daily,GBPUSD=X,F4,sgd,40,1385,1,2.9779799690744465e-05,0.6413653413629402
financial_daily,GBPUSD=X,F4,sgd,41,1525,1,1.8201158530969487e-05,0.642224946709686
financial_daily,GBPUSD=X,F4,sgd,42,1785,1,5.799716969248481e-05,0.6406948963344488
financial_daily,GBPUSD=X,F4,sgd,43,1357,1,3.120368481906153e-05,0.6410812681620887
financial_daily,GBPUSD=X,F4,sgd,44,1495,1,2.382339010303551e-05,0.6419049372591172
financial_daily,GBPUSD=X,F4,sgd,45,1469,1,4.27324621102993e-05,0.6412290459625499
financial_daily,GBPUSD=X,F4,sgd,46,1303,1,2.5183788468035304e-05,0.6416412635862508
financial_daily,GBPUSD=X,F4,sgd,47,1310,1,2.7982714311428323e-05,0.6412182128334943
financial_daily,GBPUSD=X,F4,sgd,48,1433,1,2.576150909856625e-05,0.6416118694111629
financial_daily,GBPUSD=X,F4,sgd,49,1570,1,6.497837345367929e-05,0.6420129705241787
financial_daily,GBPUSD=X,F4,adam,0,159,1,7.626934605257155e-05,0.6446853751189182
financial_daily,GBPUSD=X,F4,adam,1,193,1,0.0002059749878548381,0.6387852874092667
financial_daily,GBPUSD=X,F4,adam,2,78,1,6.916629779825702e-05,0.6455889039874161
financial_daily,GBPUSD=X,F4,adam,3,120,1,5.949203673915716e-05,0.6397070006518862
financial_daily,GBPUSD=X,F4,adam,4,93,1,0.00031108708839525134,0.6456465898572923
financial_daily,GBPUSD=X,F4,adam,5,152,1,0.0002661303148053638,0.6440383470671532
financial_daily,GBPUSD=X,F4,adam,6,119,1,0.0003406356602420398,0.6479392930026867
financial_daily,GBPUSD=X,F4,adam,7,82,1,7.930373659766041e-05,0.6464005860174494
financial_daily,GBPUSD=X,F4,adam,8,96,1,4.261821472482621e-05,0.6423714629866093
financial_daily,GBPUSD=X,F4,adam,9,131,1,4.2287797904258605e-05,0.6440424965045249
financial_daily,GBPUSD=X,F4,adam,10,155,1,0.00014945427194527905,0.6446045749915499
financial_daily,GBPUSD=X,F4,adam,11,114,1,0.0002694008402465154,0.6455771939092251
financial_daily,GBPUSD=X,F4,adam,12,72,1,0.0002852956876726955,0.6441534095227784
financial_daily,GBPUSD=X,F4,adam,13,95,1,0.00019108763847342763,0.6423476056561737
financial_daily,GBPUSD=X,F4,adam,14,95,1,0.0001978608836636572,0.6402373477644131
financial_daily,GBPUSD=X,F4,adam,15,200,1,5.205109746588011e-05,0.6424910399279518
financial_daily,GBPUSD=X,F4,adam,16,111,1,1.5669685525655568e-05,0.6447763189819807
financial_daily,GBPUSD=X,F4,adam,17,118,1,0.0002957537852134745,0.6376920852894867
financial_daily,GBPUSD=X,F4,adam,18,126,1,8.40613295677514e-06,0.6419565638962778
financial_daily,GBPUSD=X,F4,adam,19,78,1,2.926804100259724e-05,0.6455797339580052
financial_daily,GBPUSD=X,F4,adam,20,115,1,3.09795162991321e-05,0.6449357984884253
financial_daily,GBPUSD=X,F4,adam,21,156,1,8.153562924582585e-05,0.6480209051368123
financial_daily,GBPUSD=X,F4,adam,22,87,1,0.00020635401125258348,0.6465100958488893
financial_daily,GBPUSD=X,F4,adam,23,140,1,0.000142946302171408,0.643915427504147
financial_daily,GBPUSD=X,F4,adam,24,114,1,5.543327489858637e-05,0.6435268017387199
financial_daily,GBPUSD=X,F4,adam,25,139,1,8.761613231949975e-05,0.643028429190182
financial_daily,GBPUSD=X,F4,adam,26,105,1,0.00044913471540207147,0.6411574536906834
financial_daily,GBPUSD=X,F4,adam,27,121,1,0.00011080991558573986,0.6403246919409825
financial_daily,GBPUSD=X,F4,adam,28,163,1,0.0003205825454161173,0.6398301269015061
financial_daily,GBPUSD=X,F4,adam,29,101,1,0.00037746838364108456,0.6429109020939174
financial_daily,GBPUSD=X,F4,adam,30,148,1,6.87452266031567e-05,0.6440677743664912
financial_daily,GBPUSD=X,F4,adam,31,91,1,8.528145306853928e-05,0.6441255658115322
financial_daily,GBPUSD=X,F4,adam,32,169,1,4.453873582933728e-05,0.6417675053898635
financial_daily,GBPUSD=X,F4,adam,33,136,1,3.223278021481783e-05,0.6405502351079297
financial_daily,GBPUSD=X,F4,adam,34,197,1,5.0707879473878293e-05,0.6452711398351809
financial_daily,GBPUSD=X,F4,adam,35,91,1,6.439521600282901e-05,0.6429236272452648
financial_daily,GBPUSD=X,F4,adam,36,112,1,7.673787918004884e-05,0.6449113505509783
financial_daily,GBPUSD=X,F4,adam,37,150,1,0.0008056827946958231,0.6461594354437438
financial_daily,GBPUSD=X,F4,adam,38,160,1,1.8151775660547876e-05,0.6431794978691842
financial_daily,GBPUSD=X,F4,adam,39,115,1,0.00035266701260924354,0.6396259440537406
financial_daily,GBPUSD=X,F4,adam,40,119,1,0.00029255808589941535,0.6402489248966139
financial_daily,GBPUSD=X,F4,adam,41,205,1,2.3750810975693505e-05,0.6417689642370272
financial_daily,GBPUSD=X,F4,adam,42,129,1,0.0001633748597497731,0.6408145224197573
financial_daily,GBPUSD=X,F4,adam,43,140,1,0.0002478652123833494,0.6427695849484747
financial_daily,GBPUSD=X,F4,adam,44,104,1,0.0001705206043614489,0.6471379207496071
financial_daily,GBPUSD=X,F4,adam,45,121,1,0.0004669007937344089,0.6396652444071577
financial_daily,GBPUSD=X,F4,adam,46,211,1,0.00033245091414765664,0.6440296227752916
financial_daily,GBPUSD=X,F4,adam,47,103,1,0.00026110238512268096,0.6401779402785017
financial_daily,GBPUSD=X,F4,adam,48,167,1,0.00027085588480590077,0.6417034955780522
financial_daily,GBPUSD=X,F4,adam,49,122,1,6.086169181081747e-05,0.6419723995286516
financial_daily,JPM,F0,sgd,0,80,1,5.929124065196563e-05,0.6239622212622635
financial_daily,JPM,F0,sgd,1,85,1,0.00017430203862763471,0.6246025555015531
financial_daily,JPM,F0,sgd,2,102,1,7.326814149708189e-05,0.6238648371282853
financial_daily,JPM,F0,sgd,3,83,1,0.00011723100370588247,0.6245502542466832
financial_daily,JPM,F0,sgd,4,93,1,0.0001556300831732514,0.6239658149671794
financial_daily,JPM,F0,sgd,5,86,1,0.00016141409309588264,0.6240323417984873
financial_daily,JPM,F0,sgd,6,95,1,0.00023439439852435874,0.6236705533549805
financial_daily,JPM,F0,sgd,7,115,1,0.0001536730547956358,0.6240731750983155
financial_daily,JPM,F0,sgd,8,81,1,0.00022253013924022292,0.6239689078186049
financial_daily,JPM,F0,sgd,9,90,1,6.84662809102592e-05,0.6239109108289886
financial_daily,JPM,F0,sgd,10,95,1,5.21510194718477e-05,0.6242122449955179
financial_daily,JPM,F0,sgd,11,92,1,6.752893530753743e-05,0.623927508408663
financial_daily,JPM,F0,sgd,12,106,1,4.6622813723136936e-05,0.62417605411063
financial_daily,JPM,F0,sgd,13,89,1,0.00011970604804806285,0.6241506054907466
financial_daily,JPM,F0,sgd,14,94,1,0.00012845723223278157,0.6244985186561137
financial_daily,JPM,F0,sgd,15,80,1,6.386001026641413e-05,0.6244400676051414
financial_daily,JPM,F0,sgd,16,101,1,6.922918399544979e-05,0.6241103964481883
financial_daily,JPM,F0,sgd,17,94,1,0.00022146830919401783,0.6245857554193331
financial_daily,JPM,F0,sgd,18,92,1,0.00011481264828079548,0.6245181527874722
financial_daily,JPM,F0,sgd,19,98,1,2.641861895911953e-05,0.6240125030011546
financial_daily,JPM,F0,sgd,20,113,1,0.00016169901607006494,0.624094577693692
financial_daily,JPM,F0,sgd,21,89,1,0.00028083093117661924,0.6238034455480355
financial_daily,JPM,F0,sgd,22,94,1,7.020477453621236e-05,0.6239934430668186
financial_daily,JPM,F0,sgd,23,108,1,0.0003261607961672884,0.6242335068564694
financial_daily,JPM,F0,sgd,24,112,1,0.00010651593643876005,0.6243244182106803
financial_daily,JPM,F0,sgd,25,88,1,0.00011543890795041788,0.6240713222045111
financial_daily,JPM,F0,sgd,26,112,1,0.00016297103996462951,0.6240036624570703
financial_daily,JPM,F0,sgd,27,92,1,0.00019625696793763075,0.6244268022651748
financial_daily,JPM,F0,sgd,28,93,1,8.172694973201521e-05,0.6242555859272412
financial_daily,JPM,F0,sgd,29,91,1,0.000261830589008743,0.6244628180463022
financial_daily,JPM,F0,sgd,30,87,1,9.588129618043872e-05,0.6238430348298609
financial_daily,JPM,F0,sgd,31,95,1,0.00010954427329208447,0.6238978150088573
financial_daily,JPM,F0,sgd,32,91,1,0.0001391089902405146,0.6243523525654948
financial_daily,JPM,F0,sgd,33,89,1,0.00017607348487945943,0.6245684451609964
financial_daily,JPM,F0,sgd,34,108,1,0.00012677317657620147,0.6239015965900577
financial_daily,JPM,F0,sgd,35,91,1,0.00011701654385295608,0.6241852089914072
financial_daily,JPM,F0,sgd,36,102,1,0.00029938011267699173,0.6239812847448847
financial_daily,JPM,F0,sgd,37,95,1,0.00047394606885585043,0.6240537014052301
financial_daily,JPM,F0,sgd,38,104,1,6.157651442298077e-05,0.6242620935101256
financial_daily,JPM,F0,sgd,39,86,1,0.0005340745265930982,0.6251235150368598
financial_daily,JPM,F0,sgd,40,84,1,5.69173175912958e-05,0.6242450333248862
financial_daily,JPM,F0,sgd,41,73,1,7.083494908076806e-05,0.6242440565663046
financial_daily,JPM,F0,sgd,42,82,1,0.00018091496793277574,0.6245737004001854
financial_daily,JPM,F0,sgd,43,103,1,0.00012942827715869596,0.6245130129546411
financial_daily,JPM,F0,sgd,44,90,1,6.645202224164954e-05,0.6239114205058146
financial_daily,JPM,F0,sgd,45,86,1,0.00013667496999787349,0.6243039574202862
financial_daily,JPM,F0,sgd,46,91,1,0.00027741953965093033,0.6245979144199746
financial_daily,JPM,F0,sgd,47,91,1,0.00010296888671141646,0.624339900256932
financial_daily,JPM,F0,sgd,48,101,1,0.0006671088924688604,0.6238573845366596
financial_daily,JPM,F0,sgd,49,106,1,9.31974094481221e-05,0.6243587100902587
financial_daily,JPM,F0,adam,0,89,1,0.0005976605772881104,0.6246270856038895
financial_daily,JPM,F0,adam,1,70,1,0.001763109632728573,0.6255615001594416
financial_daily,JPM,F0,adam,2,61,1,0.0012427097048162254,0.6240209543144578
financial_daily,JPM,F0,adam,3,199,1,0.0009155554185618515,0.6249119581006192
financial_daily,JPM,F0,adam,4,2113,1,0.0017990216630099608,0.6229946236828388
financial_daily,JPM,F0,adam,5,100,1,0.0026602453633135206,0.6261652444636898
financial_daily,JPM,F0,adam,6,98,1,0.001906098011717455,0.6241612478409138
financial_daily,JPM,F0,adam,7,834,1,0.0008616334986093852,0.6247542552001127
financial_daily,JPM,F0,adam,8,1159,1,0.003908365380939866,0.6250112750201972
financial_daily,JPM,F0,adam,9,294,1,0.002700836973239678,0.6235775350704262
financial_daily,JPM,F0,adam,10,1202,1,0.0035467148678744367,0.6239465794136367
financial_daily,JPM,F0,adam,11,182,1,0.0003790974859718861,0.6244775193634027
financial_daily,JPM,F0,adam,12,312,1,0.0023197849685206934,0.6254966814602045
financial_daily,JPM,F0,adam,13,44,1,0.0026825021861087766,0.6251804493975858
financial_daily,JPM,F0,adam,14,317,1,0.0038987841421337017,0.6254829949603743
financial_daily,JPM,F0,adam,15,67,1,0.0025415083107928433,0.6256470856881133
financial_daily,JPM,F0,adam,16,179,1,0.0023431769254419355,0.6259007854029212
financial_daily,JPM,F0,adam,17,583,1,0.0008212353608174555,0.6241819420000392
financial_daily,JPM,F0,adam,18,457,1,0.0021158517233232873,0.6258385219451645
financial_daily,JPM,F0,adam,19,83,1,0.0024905284481489126,0.6230868901671952
financial_daily,JPM,F0,adam,20,127,1,0.002749406736318468,0.6248219268248283
financial_daily,JPM,F0,adam,21,1289,1,0.0011614756376676146,0.6232037084283588
financial_daily,JPM,F0,adam,22,481,1,0.0007225825126944025,0.6242776917161913
financial_daily,JPM,F0,adam,23,847,1,0.004567863582359232,0.6256601047146007
financial_daily,JPM,F0,adam,24,192,1,0.003104291734989064,0.6251375998308134
financial_daily,JPM,F0,adam,25,151,1,0.0012505279804706057,0.6244180128701383
financial_daily,JPM,F0,adam,26,229,1,0.001035872786615451,0.6249420841562565
financial_daily,JPM,F0,adam,27,115,1,0.0022963447568153956,0.6240273966838531
financial_daily,JPM,F0,adam,28,169,1,0.00041133725425078135,0.624481014275262
financial_daily,JPM,F0,adam,29,105,1,0.0037005286109292085,0.6243186519726902
financial_daily,JPM,F0,adam,30,477,1,0.000964128022060554,0.6244345901193628
financial_daily,JPM,F0,adam,31,704,1,0.0016211651453855304,0.6255689390766586
financial_daily,JPM,F0,adam,32,26,1,0.0005439993816131258,0.6234021809791841
financial_daily,JPM,F0,adam,33,388,1,0.0033070264793144256,0.6264317016075581
financial_daily,JPM,F0,adam,34,93,1,0.003053496650068532,0.6238699989976859
financial_daily,JPM,F0,adam,35,282,1,0.0028519385804570124,0.624719111505979
financial_daily,JPM,F0,adam,36,454,1,0.0017369469742593282,0.6244438789531884
financial_daily,JPM,F0,adam,37,35,1,0.002928042166607838,0.623487696061701
financial_daily,JPM,F0,adam,38,20,1,0.002389418371409576,0.6235282267653465
financial_daily,JPM,F0,adam,39,282,1,0.002073858726397984,0.6260545512583244
financial_daily,JPM,F0,adam,40,870,1,0.000672976417022699,0.6236832021587737
financial_daily,JPM,F0,adam,41,1877,1,0.0023085767221159323,0.6235166653428817
financial_daily,JPM,F0,adam,42,4000,0,0.001117370913238416,0.6235825911430309
financial_daily,JPM,F0,adam,43,264,1,0.0021220432392075384,0.6249985090487906
financial_daily,JPM,F0,adam,44,239,1,0.0044338883058084935,0.6240373386830755
financial_daily,JPM,F0,adam,45,80,1,0.004090522185906269,0.6255359863770747
financial_daily,JPM,F0,adam,46,292,1,0.007154273808062286,0.6278131986794896
financial_daily,JPM,F0,adam,47,254,1,0.00467681166829339,0.623739537582047
financial_daily,JPM,F0,adam,48,507,1,0.0038520202837340864,0.6249683699301215
financial_daily,JPM,F0,adam,49,111,1,0.0016778414143432151,0.6241055708069397
financial_daily,JPM,F1,sgd,0,646,1,2.8215414497413474e-05,0.6609665912109528
financial_daily,JPM,F1,sgd,1,665,1,3.355168031883602e-05,0.6609974932056546
financial_daily,JPM,F1,sgd,2,509,1,2.2072978786452226e-05,0.6617242745124216
financial_daily,JPM,F1,sgd,3,570,1,3.4465490675841256e-05,0.6606779033958511
financial_daily,JPM,F1,sgd,4,633,1,6.537340640613546e-05,0.6598392058867905
financial_daily,JPM,F1,sgd,5,615,1,6.17200712872854e-05,0.6600733891956314
financial_daily,JPM,F1,sgd,6,554,1,3.772837722117743e-05,0.6622510559303303
financial_daily,JPM,F1,sgd,7,622,1,3.3548931356394166e-05,0.6607543410150486
financial_daily,JPM,F1,sgd,8,539,1,3.8090109784837684e-05,0.6615246196325062
financial_daily,JPM,F1,sgd,9,512,1,2.8008918285320593e-05,0.6612645966638296
financial_daily,JPM,F1,sgd,10,558,1,3.733328213712506e-05,0.6611641206573347
financial_daily,JPM,F1,sgd,11,570,1,3.11953273972661e-05,0.6616541003783654
financial_daily,JPM,F1,sgd,12,588,1,3.615562532547102e-05,0.6612420989289074
financial_daily,JPM,F1,sgd,13,540,1,2.813086296712348e-05,0.6613767344346331
financial_daily,JPM,F1,sgd,14,534,1,2.715460838792439e-05,0.6613023431205886
financial_daily,JPM,F1,sgd,15,583,1,4.274950632426018e-05,0.661600820613014
financial_daily,JPM,F1,sgd,16,718,1,4.224846658244992e-05,0.6615130981856949
financial_daily,JPM,F1,sgd,17,593,1,3.5778801782883015e-05,0.6613408936002122
financial_daily,JPM,F1,sgd,18,621,1,3.465274526920044e-05,0.6606373947830372
financial_daily,JPM,F1,sgd,19,574,1,3.587093502890817e-05,0.6608608077248405
financial_daily,JPM,F1,sgd,20,676,1,2.0498057377378e-05,0.662063612990642
financial_daily,JPM,F1,sgd,21,643,1,3.399428992079536e-05,0.6615254931696485
financial_daily,JPM,F1,sgd,22,591,1,3.4416888785350144e-05,0.6610172627366605
financial_daily,JPM,F1,sgd,23,580,1,5.0553364705508566e-05,0.6624936221967074
financial_daily,JPM,F1,sgd,24,600,1,3.0282450118210265e-05,0.6611707877331447
financial_daily,JPM,F1,sgd,25,522,1,3.165071410012077e-05,0.6613430855198026
financial_daily,JPM,F1,sgd,26,497,1,3.2974440455813586e-05,0.6618746571294549
financial_daily,JPM,F1,sgd,27,725,1,2.7616220762986215e-05,0.661089990797344
financial_daily,JPM,F1,sgd,28,509,1,2.3051744255164442e-05,0.6614476814363905
financial_daily,JPM,F1,sgd,29,590,1,6.773807154345014e-05,0.6621325754685008
financial_daily,JPM,F1,sgd,30,666,1,2.739515771379344e-05,0.6612171017065069
financial_daily,JPM,F1,sgd,31,609,1,3.23286096915142e-05,0.6624423525106905
financial_daily,JPM,F1,sgd,32,663,1,3.8600117288050016e-05,0.6606424046946027
financial_daily,JPM,F1,sgd,33,548,1,3.980324788689022e-05,0.6617648291934447
financial_daily,JPM,F1,sgd,34,628,1,3.063667729853289e-05,0.66158470228042
financial_daily,JPM,F1,sgd,35,593,1,4.816332874279432e-05,0.6603547041264464
financial_daily,JPM,F1,sgd,36,508,1,3.34796646864841e-05,0.6613124527174788
financial_daily,JPM,F1,sgd,37,620,1,0.00014245686543202566,0.663400432144651
financial_daily,JPM,F1,sgd,38,632,1,3.5943442631248404e-05,0.6607708206796186
financial_daily,JPM,F1,sgd,39,556,1,5.034397354719438e-05,0.6615231419645391
financial_daily,JPM,F1,sgd,40,525,1,4.068398787554986e-05,0.6605406348030156
financial_daily,JPM,F1,sgd,41,570,1,3.011822891562542e-05,0.6615638006818079
financial_daily,JPM,F1,sgd,42,612,1,6.706631529258032e-05,0.6605109785288351
financial_daily,JPM,F1,sgd,43,561,1,4.783025318118812e-05,0.6612242050294689
financial_daily,JPM,F1,sgd,44,592,1,4.418994715694294e-05,0.6618876326210663
financial_daily,JPM,F1,sgd,45,596,1,4.824874707821507e-05,0.6603477788206185
financial_daily,JPM,F1,sgd,46,622,1,3.1932475780954624e-05,0.6609018530032361
financial_daily,JPM,F1,sgd,47,484,1,4.7294676571016617e-05,0.6601931942210864
financial_daily,JPM,F1,sgd,48,644,1,3.824687857630915e-05,0.660657157435851
financial_daily,JPM,F1,sgd,49,571,1,8.67892939853206e-05,0.6631301939968373
financial_daily,JPM,F1,adam,0,83,1,0.0002727586622575399,0.6613580925329494
financial_daily,JPM,F1,adam,1,91,1,0.0002423205447843959,0.657458667859956
financial_daily,JPM,F1,adam,2,67,1,2.556484977787741e-05,0.6630153386499659
financial_daily,JPM,F1,adam,3,89,1,1.137766178052343e-05,0.6616852025839112
financial_daily,JPM,F1,adam,4,79,1,0.00018260989239781827,0.6634551115624983
financial_daily,JPM,F1,adam,5,146,1,0.00032494013889567937,0.6598533490231175
financial_daily,JPM,F1,adam,6,89,1,0.00046831156076389144,0.6716855939856881
financial_daily,JPM,F1,adam,7,76,1,3.641036377797507e-05,0.664417667329023
financial_daily,JPM,F1,adam,8,63,1,1.3220918578891122e-05,0.6634542043982964
financial_daily,JPM,F1,adam,9,76,1,4.796660363641458e-05,0.6637952475075024
financial_daily,JPM,F1,adam,10,109,1,0.00029575734855718594,0.6676343477821294
financial_daily,JPM,F1,adam,11,89,1,0.00019583634075083086,0.667296732828762
financial_daily,JPM,F1,adam,12,61,1,0.0006048312981385218,0.6564419159669556
financial_daily,JPM,F1,adam,13,51,1,0.0001736255305209967,0.6663482150571156
financial_daily,JPM,F1,adam,14,56,1,0.00015659886221731245,0.6641503984618451
financial_daily,JPM,F1,adam,15,88,1,8.172896467723646e-05,0.6642970406807941
financial_daily,JPM,F1,adam,16,73,1,6.095697841833483e-06,0.6628368251752791
financial_daily,JPM,F1,adam,17,69,1,8.768194017695642e-05,0.6606632797917797
financial_daily,JPM,F1,adam,18,84,1,6.966146395764813e-05,0.6645586245747728
financial_daily,JPM,F1,adam,19,75,1,2.5257305548941338e-05,0.6640788058846776
financial_daily,JPM,F1,adam,20,77,1,2.5771419022937284e-05,0.6644536219169089
financial_daily,JPM,F1,adam,21,86,1,5.666538670056151e-05,0.6660043120891512
financial_daily,JPM,F1,adam,22,72,1,0.00017750185977898845,0.6668989629508753
financial_daily,JPM,F1,adam,23,103,1,3.800819832132266e-05,0.6641889039146165
financial_daily,JPM,F1,adam,24,88,1,0.00010110727090991377,0.6650283934952015
financial_daily,JPM,F1,adam,25,54,1,8.644692005037332e-05,0.6651111859113819
financial_daily,JPM,F1,adam,26,49,1,0.0005541244273205982,0.6580901041081745
financial_daily,JPM,F1,adam,27,79,1,0.00017307943588836005,0.6594146816684224
financial_daily,JPM,F1,adam,28,62,1,0.0002155168116427303,0.6600494104641382
financial_daily,JPM,F1,adam,29,66,1,0.0003010499737103762,0.666164549724502
financial_daily,JPM,F1,adam,30,99,1,5.08938125766069e-05,0.6634333645430305
financial_daily,JPM,F1,adam,31,73,1,3.032905145429031e-05,0.6633173664257911
financial_daily,JPM,F1,adam,32,97,1,1.1616919622747626e-05,0.663257681768761
financial_daily,JPM,F1,adam,33,94,1,6.6303647260512966e-06,0.6625594976904833
financial_daily,JPM,F1,adam,34,82,1,8.462356327454462e-05,0.6660609372519692
financial_daily,JPM,F1,adam,35,72,1,5.062436015862722e-05,0.66184665423106
financial_daily,JPM,F1,adam,36,75,1,1.7677729891133556e-05,0.6627411636095313
financial_daily,JPM,F1,adam,37,87,1,0.0010771942214614187,0.6714159315312573
financial_daily,JPM,F1,adam,38,101,1,2.1188256827559868e-06,0.6630373951490461
financial_daily,JPM,F1,adam,39,110,1,0.00014794718377341172,0.6642765858429226
financial_daily,JPM,F1,adam,40,85,1,0.00038532927474463883,0.6573299103328684
financial_daily,JPM,F1,adam,41,125,1,8.276956011367253e-06,0.6628659417339234
financial_daily,JPM,F1,adam,42,78,1,0.0001668061891105495,0.6616973770827413
financial_daily,JPM,F1,adam,43,91,1,0.00031203307128430677,0.6658834976973675
financial_daily,JPM,F1,adam,44,78,1,0.00011362263381195319,0.6668765384815215
financial_daily,JPM,F1,adam,45,89,1,0.0006041551654806536,0.6568051250983311
financial_daily,JPM,F1,adam,46,106,1,0.0003870666482818397,0.6687605764275862
financial_daily,JPM,F1,adam,47,66,1,0.00036161491578248257,0.6570954114279385
financial_daily,JPM,F1,adam,48,112,1,0.0002822976023850123,0.6592507694360061
financial_daily,JPM,F1,adam,49,85,1,4.2269720841529714e-05,0.663811920020351
financial_daily,JPM,F2,sgd,0,1640,1,7.508507542727946e-06,0.6349312003999545
financial_daily,JPM,F2,sgd,1,1432,1,1.0346231251788491e-05,0.6355351699540477
financial_daily,JPM,F2,sgd,2,1741,1,8.472764567290165e-06,0.6345233764998613
financial_daily,JPM,F2,sgd,3,1791,1,7.407625015763404e-06,0.6348423637208547
financial_daily,JPM,F2,sgd,4,1793,1,1.4808056044512277e-05,0.6341609357516943
financial_daily,JPM,F2,sgd,5,2096,1,1.1369032442302441e-05,0.6343072593290077
financial_daily,JPM,F2,sgd,6,1733,1,6.668772445736295e-06,0.6350953366908336
financial_daily,JPM,F2,sgd,7,1685,1,8.158860283621235e-06,0.6350841514091903
financial_daily,JPM,F2,sgd,8,1715,1,8.53580116584921e-06,0.6351519246986196
financial_daily,JPM,F2,sgd,9,1736,1,6.502759727506306e-06,0.6348922575802156
financial_daily,JPM,F2,sgd,10,1686,1,8.638045199439309e-06,0.6351032998841075
financial_daily,JPM,F2,sgd,11,1832,1,6.64637921121641e-06,0.6351079443883885
financial_daily,JPM,F2,sgd,12,1887,1,7.26498863834861e-06,0.6350063977630451
financial_daily,JPM,F2,sgd,13,1624,1,6.5401662250748475e-06,0.6348681642986062
financial_daily,JPM,F2,sgd,14,1619,1,1.0745233750660112e-05,0.6343437626127214
financial_daily,JPM,F2,sgd,15,2063,1,7.377203229359748e-06,0.6349865050174716
financial_daily,JPM,F2,sgd,16,1513,1,8.447208947952332e-06,0.6351339154167561
financial_daily,JPM,F2,sgd,17,1831,1,7.2933227732807165e-06,0.6349810878575711
financial_daily,JPM,F2,sgd,18,1649,1,1.1861106611304935e-05,0.6356561235701284
financial_daily,JPM,F2,sgd,19,1384,1,8.736873784836193e-06,0.6346069727236467
financial_daily,JPM,F2,sgd,20,1679,1,7.095936932290693e-06,0.6351188750616058
financial_daily,JPM,F2,sgd,21,1449,1,7.22722002462139e-06,0.635050737032969
financial_daily,JPM,F2,sgd,22,1738,1,8.656462438454166e-06,0.6346739680813704
financial_daily,JPM,F2,sgd,23,1458,1,9.589399346368281e-06,0.6355577041015812
financial_daily,JPM,F2,sgd,24,1976,1,7.046332502271083e-06,0.6351671867012736
financial_daily,JPM,F2,sgd,25,1533,1,8.115966429322983e-06,0.6346291632012545
financial_daily,JPM,F2,sgd,26,1649,1,6.068622785577547e-06,0.6351441822717494
financial_daily,JPM,F2,sgd,27,1818,1,6.944861660836285e-06,0.6347582834290988
financial_daily,JPM,F2,sgd,28,1962,1,6.549656481725707e-06,0.6351018788494599
financial_daily,JPM,F2,sgd,29,1720,1,1.006394544731637e-05,0.6353887801891597
financial_daily,JPM,F2,sgd,30,1639,1,7.423056261018828e-06,0.6347364954925596
financial_daily,JPM,F2,sgd,31,1646,1,1.0023604299834934e-05,0.6354826013308388
financial_daily,JPM,F2,sgd,32,1424,1,1.511116475310208e-05,0.6342284263907433
financial_daily,JPM,F2,sgd,33,1558,1,6.699069107383943e-06,0.6349710215767458
financial_daily,JPM,F2,sgd,34,1607,1,1.196400297701536e-05,0.6356367671097136
financial_daily,JPM,F2,sgd,35,1824,1,9.626907649711235e-06,0.6346382388701262
financial_daily,JPM,F2,sgd,36,1641,1,8.765924780754758e-06,0.6352547896170727
financial_daily,JPM,F2,sgd,37,1486,1,2.147490439479161e-05,0.6361097386893326
financial_daily,JPM,F2,sgd,38,1822,1,7.790621830037301e-06,0.6348911679444957
financial_daily,JPM,F2,sgd,39,1788,1,8.224208585164414e-06,0.6351404644563392
financial_daily,JPM,F2,sgd,40,1743,1,7.97282772176258e-06,0.6347505143940633
financial_daily,JPM,F2,sgd,41,1762,1,7.524627300984944e-06,0.6349587890211305
financial_daily,JPM,F2,sgd,42,1733,1,1.1109125371483369e-05,0.6348949261531754
financial_daily,JPM,F2,sgd,43,1628,1,8.654760711733897e-06,0.6351511575156159
financial_daily,JPM,F2,sgd,44,1739,1,7.369565964471454e-06,0.6349763411977148
financial_daily,JPM,F2,sgd,45,1674,1,1.0299685556066169e-05,0.6345047109044568
financial_daily,JPM,F2,sgd,46,1909,1,6.8593006143534e-06,0.6348234910764218
financial_daily,JPM,F2,sgd,47,1490,1,1.0368856899345258e-05,0.634523495350235
financial_daily,JPM,F2,sgd,48,1730,1,7.786550318432363e-06,0.6349465101664427
financial_daily,JPM,F2,sgd,49,1731,1,1.4542351274521031e-05,0.635877128744691
financial_daily,JPM,F2,adam,0,53,1,6.556546730142627e-06,0.6350688950042597
financial_daily,JPM,F2,adam,1,57,1,3.339537374459063e-05,0.632911990100992
financial_daily,JPM,F2,adam,2,74,1,1.0187785170135395e-05,0.6365747783864116
financial_daily,JPM,F2,adam,3,59,1,8.048607713104012e-05,0.6317954115303843
financial_daily,JPM,F2,adam,4,86,1,0.0001575874914443744,0.6316164841929277
financial_daily,JPM,F2,adam,5,80,1,0.00016023585243662904,0.6322129203368939
financial_daily,JPM,F2,adam,6,91,1,3.162740888764901e-05,0.6381016811679066
financial_daily,JPM,F2,adam,7,38,1,8.392442485330211e-05,0.6319699542494905
financial_daily,JPM,F2,adam,8,59,1,1.7389807165450742e-05,0.6366482407477387
financial_daily,JPM,F2,adam,9,65,1,6.028779240593719e-06,0.6350784275678382
financial_daily,JPM,F2,adam,10,58,1,4.909140531592198e-06,0.6335577978485849
financial_daily,JPM,F2,adam,11,57,1,7.206876765297466e-05,0.6377824780963245
financial_daily,JPM,F2,adam,12,65,1,2.1267255919349504e-06,0.6346404378212085
financial_daily,JPM,F2,adam,13,87,1,3.894050100011212e-06,0.6360410902658656
financial_daily,JPM,F2,adam,14,66,1,7.531328950389476e-05,0.6370430468126889
financial_daily,JPM,F2,adam,15,57,1,7.997447230328202e-05,0.6378146043817021
financial_daily,JPM,F2,adam,16,81,1,3.7005457963799006e-05,0.6367226016905551
financial_daily,JPM,F2,adam,17,56,1,1.207952087319767e-06,0.6351576076178906
financial_daily,JPM,F2,adam,18,61,1,2.546123114180849e-05,0.6329464521792798
financial_daily,JPM,F2,adam,19,81,1,1.6559232562939748e-06,0.6348626302658674
financial_daily,JPM,F2,adam,20,37,1,4.0279020762959025e-05,0.6363299319933651
financial_daily,JPM,F2,adam,21,65,1,1.519305609069202e-05,0.6370617294326711
financial_daily,JPM,F2,adam,22,82,1,3.783173421715241e-05,0.6366552305445311
financial_daily,JPM,F2,adam,23,73,1,7.073689472987019e-05,0.6389233496345382
financial_daily,JPM,F2,adam,24,50,1,3.4577925862976094e-06,0.6366080185802713
financial_daily,JPM,F2,adam,25,85,1,1.620861370657594e-05,0.6360729139271363
financial_daily,JPM,F2,adam,26,86,1,4.573014705928431e-05,0.6333763406843433
financial_daily,JPM,F2,adam,27,87,1,1.1920358981439123e-05,0.634429212363466
financial_daily,JPM,F2,adam,28,49,1,7.158150703835978e-05,0.6330245166324423
financial_daily,JPM,F2,adam,29,67,1,0.00012400425485492198,0.638436193761667
financial_daily,JPM,F2,adam,30,57,1,3.99029281733914e-06,0.6337040125553517
financial_daily,JPM,F2,adam,31,51,1,8.025980802927356e-05,0.63707683856869
financial_daily,JPM,F2,adam,32,64,1,7.651799724129328e-07,0.6352349922436039
financial_daily,JPM,F2,adam,33,112,1,3.329746726572631e-05,0.6369562275713662
financial_daily,JPM,F2,adam,34,48,1,4.220000370829562e-05,0.6320634453336011
financial_daily,JPM,F2,adam,35,56,1,8.938636695364816e-06,0.6343878274165529
financial_daily,JPM,F2,adam,36,48,1,3.118020695358914e-05,0.6352408789004041
financial_daily,JPM,F2,adam,37,79,1,0.00029635799337036337,0.6398280069699668
financial_daily,JPM,F2,adam,38,94,1,6.976076817568444e-06,0.6337074776384369
financial_daily,JPM,F2,adam,39,135,1,0.0001012532143745137,0.6381670589858774
financial_daily,JPM,F2,adam,40,90,1,3.514643579066746e-05,0.6331802702960264
financial_daily,JPM,F2,adam,41,56,1,5.254681583827806e-06,0.6342157576102652
financial_daily,JPM,F2,adam,42,73,1,1.6685727038177878e-05,0.6362168844090852
financial_daily,JPM,F2,adam,43,59,1,2.1929749864526595e-05,0.6365778435722605
financial_daily,JPM,F2,adam,44,79,1,9.834543694570743e-05,0.638955070544117
financial_daily,JPM,F2,adam,45,58,1,9.185488505369792e-05,0.6322869740474043
financial_daily,JPM,F2,adam,46,108,1,2.2326631792644494e-06,0.6355300802006646
financial_daily,JPM,F2,adam,47,65,1,5.069420736226447e-05,0.6319827318123642
financial_daily,JPM,F2,adam,48,137,1,2.185005031688355e-05,0.6335044956836298
financial_daily,JPM,F2,adam,49,72,1,0.00012097289871585643,0.638783191812558
financial_daily,JPM,F4,sgd,0,2223,1,1.445703067804548e-05,0.6280959974533772
financial_daily,JPM,F4,sgd,1,2270,1,1.610476668327383e-05,0.6283955008768779
financial_daily,JPM,F4,sgd,2,1815,1,8.294255774915852e-06,0.6282404248947893
financial_daily,JPM,F4,sgd,3,2189,1,1.0547651869340636e-05,0.6280486458402724
financial_daily,JPM,F4,sgd,4,2151,1,3.549210566409328e-05,0.6274567453725749
financial_daily,JPM,F4,sgd,5,2178,1,4.468223736291599e-05,0.6273621270594155
financial_daily,JPM,F4,sgd,6,2169,1,2.0857279887410557e-05,0.6283947624186463
financial_daily,JPM,F4,sgd,7,1956,1,1.0791623478635093e-05,0.6281185847741855
financial_daily,JPM,F4,sgd,8,2494,1,1.1942616846257817e-05,0.628241100893523
financial_daily,JPM,F4,sgd,9,2415,1,2.1013131360531336e-05,0.6279745787052637
financial_daily,JPM,F4,sgd,10,2276,1,9.608019069480402e-06,0.628252057709124
financial_daily,JPM,F4,sgd,11,1904,1,1.34000805788313e-05,0.6282687780451391
financial_daily,JPM,F4,sgd,12,2145,1,1.7534800173860648e-05,0.6282747211373936
financial_daily,JPM,F4,sgd,13,2293,1,1.6762394727219013e-05,0.6280949638746561
financial_daily,JPM,F4,sgd,14,1820,1,1.5690948617837284e-05,0.6278487202001279
financial_daily,JPM,F4,sgd,15,2069,1,1.684205144395879e-05,0.6282789526962479
financial_daily,JPM,F4,sgd,16,2616,1,9.74743543944263e-06,0.6283952730994598
financial_daily,JPM,F4,sgd,17,2067,1,1.614080388828736e-05,0.6280902938951184
financial_daily,JPM,F4,sgd,18,1881,1,1.3273090527284496e-05,0.6283268374110944
financial_daily,JPM,F4,sgd,19,2124,1,1.7334158755299055e-05,0.6279548091413967
financial_daily,JPM,F4,sgd,20,1915,1,2.637279325616463e-05,0.6284023527884776
financial_daily,JPM,F4,sgd,21,2443,1,6.034504798654108e-06,0.6283429084395407
financial_daily,JPM,F4,sgd,22,2051,1,1.5136362419588215e-05,0.6279411414385608
financial_daily,JPM,F4,sgd,23,2205,1,3.237684900520649e-05,0.6285566789202744
financial_daily,JPM,F4,sgd,24,2066,1,6.030466447055069e-06,0.6282960428357078
financial_daily,JPM,F4,sgd,25,2076,1,1.2936378779292163e-05,0.6279461104003757
financial_daily,JPM,F4,sgd,26,2350,1,1.526364691032154e-05,0.6283626190738724
financial_daily,JPM,F4,sgd,27,2113,1,9.93506880380115e-06,0.6280493533254491
financial_daily,JPM,F4,sgd,28,1968,1,7.925458062945838e-06,0.6283734035642864
financial_daily,JPM,F4,sgd,29,2093,1,2.148279347624655e-05,0.6288159268610422
financial_daily,JPM,F4,sgd,30,2006,1,1.0509042801270929e-05,0.62807430467736
financial_daily,JPM,F4,sgd,31,2004,1,3.64779707919656e-05,0.6284729784457846
financial_daily,JPM,F4,sgd,32,2154,1,2.2044383560947534e-05,0.6276693911405252
financial_daily,JPM,F4,sgd,33,2576,1,2.2894245341390065e-05,0.6282185516942868
financial_daily,JPM,F4,sgd,34,2231,1,1.7343846287946683e-05,0.6286041492096998
financial_daily,JPM,F4,sgd,35,2374,1,1.897912268403204e-05,0.6278952636102386
financial_daily,JPM,F4,sgd,36,2149,1,1.6377058873803147e-05,0.6284286095247666
financial_daily,JPM,F4,sgd,37,2287,1,6.296665392856353e-05,0.6292081913331614
financial_daily,JPM,F4,sgd,38,2446,1,1.4923871066985886e-05,0.627994910764545
financial_daily,JPM,F4,sgd,39,1942,1,2.2201269958616025e-05,0.6283523711478398
financial_daily,JPM,F4,sgd,40,2055,1,2.19360689472686e-05,0.6278481616502756
financial_daily,JPM,F4,sgd,41,2173,1,1.1471816312405978e-05,0.6282633510550703
financial_daily,JPM,F4,sgd,42,2463,1,5.017788803936888e-05,0.6280401979950927
financial_daily,JPM,F4,sgd,43,2147,1,2.3672387702756723e-05,0.6282831797400348
financial_daily,JPM,F4,sgd,44,2353,1,1.312276038938194e-05,0.6283781225248366
financial_daily,JPM,F4,sgd,45,2370,1,3.436654708618566e-05,0.6275810985149655
financial_daily,JPM,F4,sgd,46,1932,1,1.8668870504474404e-05,0.6279673035949711
financial_daily,JPM,F4,sgd,47,1935,1,1.9616617315326606e-05,0.6278199548149614
financial_daily,JPM,F4,sgd,48,2274,1,1.7353241115307558e-05,0.627919996238407
financial_daily,JPM,F4,sgd,49,2326,1,4.460254620706942e-05,0.6289007652314768
financial_daily,JPM,F4,adam,0,232,1,3.403508351545109e-05,0.6291540526050909
financial_daily,JPM,F4,adam,1,201,1,0.00016132717859340779,0.6270444267772789
financial_daily,JPM,F4,adam,2,94,1,7.203681346050463e-05,0.6293595907815197
financial_daily,JPM,F4,adam,3,147,1,0.0001253122572513545,0.6275158812656506
financial_daily,JPM,F4,adam,4,616,1,0.0003306917013739028,0.6262648433548714
financial_daily,JPM,F4,adam,5,229,1,0.0002475211052138669,0.6265012584938333
financial_daily,JPM,F4,adam,6,152,1,0.00020151502047336512,0.631153629912163
financial_daily,JPM,F4,adam,7,83,1,0.00014312867847675117,0.6275543647022979
financial_daily,JPM,F4,adam,8,172,1,6.122376044902101e-05,0.6286162988784421
financial_daily,JPM,F4,adam,9,313,1,3.480271613397024e-05,0.6288581182459997
financial_daily,JPM,F4,adam,10,222,1,2.6026671139708208e-05,0.629429930050172
financial_daily,JPM,F4,adam,11,246,1,0.0002416939620433951,0.6313320842636209
financial_daily,JPM,F4,adam,12,101,1,8.878686076655732e-05,0.6286724827027966
financial_daily,JPM,F4,adam,13,199,1,9.93448044486547e-05,0.6299425242996738
financial_daily,JPM,F4,adam,14,114,1,0.00022407628192894333,0.6300388717437955
financial_daily,JPM,F4,adam,15,214,1,6.0922972077179016e-05,0.6299659521912208
financial_daily,JPM,F4,adam,16,137,1,5.127899630903389e-05,0.6298667884796779
financial_daily,JPM,F4,adam,17,189,1,0.00036112566527279975,0.6294359546534055
financial_daily,JPM,F4,adam,18,227,1,1.362541145278263e-05,0.6279341808644594
financial_daily,JPM,F4,adam,19,127,1,2.7271093182440568e-05,0.6292696640081642
financial_daily,JPM,F4,adam,20,367,1,4.064547302200547e-05,0.6296730866148972
financial_daily,JPM,F4,adam,21,161,1,9.462567411314872e-05,0.629940895434868
financial_daily,JPM,F4,adam,22,196,1,0.00015172300475038583,0.6300417031174731
financial_daily,JPM,F4,adam,23,161,1,0.00021637393076950795,0.6293261949642036
financial_daily,JPM,F4,adam,24,194,1,3.380006015038455e-05,0.6295347101104503
financial_daily,JPM,F4,adam,25,143,1,7.366397068505001e-05,0.6292911808404481
financial_daily,JPM,F4,adam,26,345,1,0.00027278898306895864,0.6267045245251909
financial_daily,JPM,F4,adam,27,128,1,0.00010475058064856666,0.6277632759453947
financial_daily,JPM,F4,adam,28,189,1,0.0002889112953732086,0.6263036062662674
financial_daily,JPM,F4,adam,29,118,1,0.00035907782479431804,0.6323632283839482
financial_daily,JPM,F4,adam,30,455,1,5.592422449467437e-05,0.6281289169773775
financial_daily,JPM,F4,adam,31,131,1,0.00013660864677909713,0.629811633821226
financial_daily,JPM,F4,adam,32,499,1,6.231171228103207e-05,0.6294664615574431
financial_daily,JPM,F4,adam,33,158,1,5.9098797512646236e-05,0.6285055110341168
financial_daily,JPM,F4,adam,34,216,1,9.092767280937503e-05,0.6281614531573008
financial_daily,JPM,F4,adam,35,351,1,3.695518895620225e-05,0.6280549658037771
financial_daily,JPM,F4,adam,36,121,1,0.00012635767096788318,0.629209885888034
financial_daily,JPM,F4,adam,37,211,1,0.0006211024936408078,0.6319702795096842
financial_daily,JPM,F4,adam,38,177,1,3.274289302202512e-05,0.6292252279948299
financial_daily,JPM,F4,adam,39,275,1,0.0004522675081000269,0.6310162712943145
financial_daily,JPM,F4,adam,40,337,1,0.0001733611521325629,0.6264366884805916
financial_daily,JPM,F4,adam,41,230,1,3.5415024712660885e-05,0.6276391463971708
financial_daily,JPM,F4,adam,42,290,1,0.0001357948389310981,0.6289531436471476
financial_daily,JPM,F4,adam,43,158,1,0.00015885819494288077,0.6303608049071503
financial_daily,JPM,F4,adam,44,249,1,0.00017078326585068517,0.6314576438683551
financial_daily,JPM,F4,adam,45,215,1,0.0002865527110845788,0.6257036826546604
financial_daily,JPM,F4,adam,46,279,1,0.00023769493596448012,0.630265040416775
financial_daily,JPM,F4,adam,47,147,1,0.00013444398372427095,0.6266881951076998
financial_daily,JPM,F4,adam,48,185,1,0.00019411602178508422,0.627522686296812
financial_daily,JPM,F4,adam,49,126,1,7.513764615190884e-05,0.6298744514163455
financial_daily,JPY=X,F0,sgd,0,249,1,6.084429382526456e-05,1.240850330078816
financial_daily,JPY=X,F0,sgd,1,199,1,0.0001233431298477175,1.2393303565756684
financial_daily,JPY=X,F0,sgd,2,142,1,7.587317385527372e-05,1.240104786370279
financial_daily,JPY=X,F0,sgd,3,127,1,0.0001046041543308388,1.2404385234278532
financial_daily,JPY=X,F0,sgd,4,138,1,0.00015608552522322673,1.240659954288904
financial_daily,JPY=X,F0,sgd,5,143,1,0.00015036814211270472,1.2405080072315564
financial_daily,JPY=X,F0,sgd,6,133,1,0.0002084875691521491,1.2421025894267432
financial_daily,JPY=X,F0,sgd,7,192,1,0.00012514040721239213,1.2395308685972932
financial_daily,JPY=X,F0,sgd,8,126,1,0.00015999528548992897,1.2381329205324565
financial_daily,JPY=X,F0,sgd,9,127,1,5.4028745844972926e-05,1.2407729198945374
financial_daily,JPY=X,F0,sgd,10,343,1,2.4146872542890603e-05,1.2401336728433898
financial_daily,JPY=X,F0,sgd,11,154,1,4.878752248050631e-05,1.2404489396724636
financial_daily,JPY=X,F0,sgd,12,193,1,4.928739997318583e-05,1.2397357277225094
financial_daily,JPY=X,F0,sgd,13,119,1,0.00010796599617647054,1.2398998257481404
financial_daily,JPY=X,F0,sgd,14,140,1,0.00010332462523661039,1.240628307849451
financial_daily,JPY=X,F0,sgd,15,196,1,5.439752874540543e-05,1.2403009708606274
financial_daily,JPY=X,F0,sgd,16,108,1,4.5922432580450645e-05,1.2397561943828412
financial_daily,JPY=X,F0,sgd,17,139,1,0.00018521810406098166,1.2388192425619744
financial_daily,JPY=X,F0,sgd,18,182,1,6.975739297718395e-05,1.2396630966111006
financial_daily,JPY=X,F0,sgd,19,189,1,1.7436721324470298e-05,1.2395115493788853
financial_daily,JPY=X,F0,sgd,20,264,1,0.00013192833959761204,1.2407027673709956
financial_daily,JPY=X,F0,sgd,21,120,1,0.00022152828983891345,1.2410709234075452
financial_daily,JPY=X,F0,sgd,22,137,1,5.8585788282543856e-05,1.239893010771148
financial_daily,JPY=X,F0,sgd,23,151,1,0.0002610637489704472,1.2426471825181982
financial_daily,JPY=X,F0,sgd,24,157,1,6.219738634849408e-05,1.2386585904389147
financial_daily,JPY=X,F0,sgd,25,99,1,8.129205562243416e-05,1.239808765401328
financial_daily,JPY=X,F0,sgd,26,161,1,0.0001124026716181078,1.2412353334159245
financial_daily,JPY=X,F0,sgd,27,332,1,0.00015158978582576485,1.2419895586626568
financial_daily,JPY=X,F0,sgd,28,183,1,5.75043220694495e-05,1.2396609270629844
financial_daily,JPY=X,F0,sgd,29,258,1,0.00022832973055798278,1.2391670898941225
financial_daily,JPY=X,F0,sgd,30,119,1,7.070789102032347e-05,1.2404509671989719
financial_daily,JPY=X,F0,sgd,31,143,1,0.00010575881818874931,1.2394363281447036
financial_daily,JPY=X,F0,sgd,32,157,1,0.00011136391320515665,1.2411759974780834
financial_daily,JPY=X,F0,sgd,33,135,1,0.00014637754233504566,1.240497744165341
financial_daily,JPY=X,F0,sgd,34,207,1,0.00010013883210333381,1.2404533107200997
financial_daily,JPY=X,F0,sgd,35,171,1,7.003018907693116e-05,1.239827872424007
financial_daily,JPY=X,F0,sgd,36,189,1,0.0002507675549652884,1.2378057733174783
financial_daily,JPY=X,F0,sgd,37,137,1,0.0004362874357447827,1.2397974451163647
financial_daily,JPY=X,F0,sgd,38,247,1,6.038637956264639e-05,1.2403197569440918
financial_daily,JPY=X,F0,sgd,39,232,1,0.000405897890176865,1.2413325085466564
financial_daily,JPY=X,F0,sgd,40,181,1,4.78399603695928e-05,1.2406491718646866
financial_daily,JPY=X,F0,sgd,41,194,1,6.705546461158036e-05,1.239512466335668
financial_daily,JPY=X,F0,sgd,42,189,1,0.00016147869871278566,1.2409649467977684
financial_daily,JPY=X,F0,sgd,43,154,1,0.00010493223408639947,1.2407056771511453
financial_daily,JPY=X,F0,sgd,44,129,1,7.663052248616386e-05,1.2411420600170777
financial_daily,JPY=X,F0,sgd,45,130,1,9.913050834850578e-05,1.2399871562656113
financial_daily,JPY=X,F0,sgd,46,223,1,0.00023939502821638417,1.2426559612629553
financial_daily,JPY=X,F0,sgd,47,100,1,7.612084979929874e-05,1.2404854587192153
financial_daily,JPY=X,F0,sgd,48,119,1,0.0004777201986190292,1.240322289633199
financial_daily,JPY=X,F0,sgd,49,165,1,9.62758673753094e-05,1.2411223588649967
financial_daily,JPY=X,F0,adam,0,4000,0,0.0007647321616394769,1.241011680419717
financial_daily,JPY=X,F0,adam,1,4000,0,0.001641628057918086,1.239491007311973
financial_daily,JPY=X,F0,adam,2,4000,0,0.0013172165196442041,1.240794619613026
financial_daily,JPY=X,F0,adam,3,3996,1,0.0003756968083270651,1.237219231127896
financial_daily,JPY=X,F0,adam,4,4000,0,0.0009833549738816718,1.2397888147341922
financial_daily,JPY=X,F0,adam,5,1801,1,0.0028115176117079806,1.2458053079933107
financial_daily,JPY=X,F0,adam,6,1431,1,0.0020672979366550847,1.243893589269066
financial_daily,JPY=X,F0,adam,7,4000,0,0.0010636133306630578,1.235995615576368
financial_daily,JPY=X,F0,adam,8,4000,0,0.0031016103397272198,1.2327016713150354
financial_daily,JPY=X,F0,adam,9,1034,1,0.0022763106667170892,1.2379222311905531
financial_daily,JPY=X,F0,adam,10,4000,0,0.002338121950660222,1.2439851419791146
financial_daily,JPY=X,F0,adam,11,4000,0,5.7652935226122575e-05,1.239174924964379
financial_daily,JPY=X,F0,adam,12,2034,1,0.0013214191176159772,1.2415354394614462
financial_daily,JPY=X,F0,adam,13,2146,1,0.001712172770845734,1.2377846654099947
financial_daily,JPY=X,F0,adam,14,2053,1,0.003673565440232039,1.2506109838124235
financial_daily,JPY=X,F0,adam,15,4000,0,0.0021863432199844958,1.242594816435986
financial_daily,JPY=X,F0,adam,16,3718,1,0.0017398052379739293,1.2417203550416973
financial_daily,JPY=X,F0,adam,17,4000,0,0.0008273529397329353,1.2372926062657155
financial_daily,JPY=X,F0,adam,18,4000,0,0.0011244779524595787,1.242544693861087
financial_daily,JPY=X,F0,adam,19,671,1,0.001032103696385782,1.2406884720819562
financial_daily,JPY=X,F0,adam,20,4000,0,0.0027343408740679496,1.2368053824328702
financial_daily,JPY=X,F0,adam,21,2466,1,0.0018887198063673844,1.2375686612685144
financial_daily,JPY=X,F0,adam,22,4000,0,0.00029883300377141507,1.2387343577476886
financial_daily,JPY=X,F0,adam,23,1317,1,0.003161623132448445,1.2423089720947624
financial_daily,JPY=X,F0,adam,24,2894,1,0.0017517763851747235,1.2356750490480448
financial_daily,JPY=X,F0,adam,25,4000,0,0.0013215572888542228,1.2366854832444316
financial_daily,JPY=X,F0,adam,26,4000,0,0.0007248323298543802,1.2407515064895207
financial_daily,JPY=X,F0,adam,27,4000,0,0.0028648666839955744,1.2388734911616446
financial_daily,JPY=X,F0,adam,28,1639,1,0.00032183058394860654,1.2397051944993516
financial_daily,JPY=X,F0,adam,29,4000,0,0.0024029032533211445,1.2348246382318557
financial_daily,JPY=X,F0,adam,30,4000,0,0.0013378792550821916,1.2432264362104524
financial_daily,JPY=X,F0,adam,31,530,1,0.0009830820135280085,1.24431375817986
financial_daily,JPY=X,F0,adam,32,4000,0,0.00037675430757721265,1.2402270966056081
financial_daily,JPY=X,F0,adam,33,935,1,0.0025154017440788684,1.241445066355446
financial_daily,JPY=X,F0,adam,34,4000,0,0.0013168881063636158,1.2426661317816285
financial_daily,JPY=X,F0,adam,35,4000,0,0.0030132507554143833,1.2453711300513886
financial_daily,JPY=X,F0,adam,36,4000,0,0.0015706380139544065,1.234255872705201
financial_daily,JPY=X,F0,adam,37,4000,0,0.0035212974289753314,1.2390389769431696
financial_daily,JPY=X,F0,adam,38,1651,1,0.0014699768624247388,1.238567168574746
financial_daily,JPY=X,F0,adam,39,4000,0,0.002106793782515599,1.2413436186851134
financial_daily,JPY=X,F0,adam,40,4000,0,0.0008471144782919166,1.2393103559538172
financial_daily,JPY=X,F0,adam,41,4000,0,0.0019089480724202026,1.2439677271541538
financial_daily,JPY=X,F0,adam,42,4000,0,0.0008400072339696857,1.2448053480990207
financial_daily,JPY=X,F0,adam,43,522,1,0.002338822046447842,1.2447876951623662
financial_daily,JPY=X,F0,adam,44,4000,0,0.003017904316117424,1.2339471100456945
financial_daily,JPY=X,F0,adam,45,1598,1,0.004861799471387638,1.2478816317580008
financial_daily,JPY=X,F0,adam,46,415,1,0.005913566876414647,1.251851568321229
financial_daily,JPY=X,F0,adam,47,481,1,0.002625243345345053,1.24566945415233
financial_daily,JPY=X,F0,adam,48,4000,0,0.004031792227709092,1.2427864225140723
financial_daily,JPY=X,F0,adam,49,4000,0,0.0010480361932222713,1.2398919425657036
financial_daily,JPY=X,F1,sgd,0,705,1,3.418875816134595e-05,1.2832688854632137
financial_daily,JPY=X,F1,sgd,1,811,1,3.8074638891017796e-05,1.2833190589352048
financial_daily,JPY=X,F1,sgd,2,616,1,2.703026482761374e-05,1.285534199106474
financial_daily,JPY=X,F1,sgd,3,689,1,3.872703623471799e-05,1.2827212026467887
financial_daily,JPY=X,F1,sgd,4,700,1,6.535010182494991e-05,1.2818497139895344
financial_daily,JPY=X,F1,sgd,5,696,1,5.860949383700883e-05,1.2824308680997134
financial_daily,JPY=X,F1,sgd,6,743,1,3.976135074689196e-05,1.2855667422629873
financial_daily,JPY=X,F1,sgd,7,830,1,3.922809618977405e-05,1.282555132813606
financial_daily,JPY=X,F1,sgd,8,601,1,4.428351800443179e-05,1.2835446633705991
financial_daily,JPY=X,F1,sgd,9,676,1,3.227014512014938e-05,1.283543383093727
financial_daily,JPY=X,F1,sgd,10,656,1,4.4262333867578316e-05,1.2827242673687607
financial_daily,JPY=X,F1,sgd,11,696,1,3.49862458229695e-05,1.2846079990750652
financial_daily,JPY=X,F1,sgd,12,756,1,4.186144103271581e-05,1.2832447889313785
financial_daily,JPY=X,F1,sgd,13,771,1,3.203569381774673e-05,1.2843609438283528
financial_daily,JPY=X,F1,sgd,14,643,1,3.257932533549231e-05,1.2834483974590447
financial_daily,JPY=X,F1,sgd,15,709,1,4.5821819017260364e-05,1.2838242730500187
financial_daily,JPY=X,F1,sgd,16,831,1,4.7959745289866246e-05,1.2835014544412768
financial_daily,JPY=X,F1,sgd,17,718,1,4.006049374654648e-05,1.2834361906632568
financial_daily,JPY=X,F1,sgd,18,701,1,3.661732661647393e-05,1.2830922037632684
financial_daily,JPY=X,F1,sgd,19,730,1,4.086498885584937e-05,1.2826375494286928
financial_daily,JPY=X,F1,sgd,20,770,1,2.470753064948018e-05,1.285749243883464
financial_daily,JPY=X,F1,sgd,21,760,1,3.9010840183687706e-05,1.2842380360451764
financial_daily,JPY=X,F1,sgd,22,695,1,4.0092734088480306e-05,1.2827876031656908
financial_daily,JPY=X,F1,sgd,23,682,1,5.093069099661984e-05,1.2858110227265724
financial_daily,JPY=X,F1,sgd,24,778,1,3.498789151356491e-05,1.2841911530880021
financial_daily,JPY=X,F1,sgd,25,611,1,3.569192144445306e-05,1.2837441724557939
financial_daily,JPY=X,F1,sgd,26,620,1,3.6081220247640366e-05,1.2852451847143052
financial_daily,JPY=X,F1,sgd,27,821,1,3.1560187777672876e-05,1.2842034396746167
financial_daily,JPY=X,F1,sgd,28,622,1,2.8560214799862797e-05,1.28469958146025
financial_daily,JPY=X,F1,sgd,29,656,1,6.906985198620594e-05,1.2840014318893818
financial_daily,JPY=X,F1,sgd,30,817,1,3.299303851165044e-05,1.2833511196510416
financial_daily,JPY=X,F1,sgd,31,697,1,3.587347182233605e-05,1.2859685790008537
financial_daily,JPY=X,F1,sgd,32,741,1,4.523833884053537e-05,1.2820359601370248
financial_daily,JPY=X,F1,sgd,33,647,1,4.151406612534575e-05,1.2845018341102916
financial_daily,JPY=X,F1,sgd,34,792,1,3.772612849347254e-05,1.2844223519663331
financial_daily,JPY=X,F1,sgd,35,693,1,5.344363116963091e-05,1.281193840327857
financial_daily,JPY=X,F1,sgd,36,700,1,3.960870432783161e-05,1.2831147300156447
financial_daily,JPY=X,F1,sgd,37,811,1,0.00013300285637735638,1.2858219099196075
financial_daily,JPY=X,F1,sgd,38,798,1,4.0873679506018435e-05,1.2824778987823653
financial_daily,JPY=X,F1,sgd,39,666,1,5.3174553921544934e-05,1.2829945381559156
financial_daily,JPY=X,F1,sgd,40,613,1,4.4287720944391146e-05,1.2821325565180903
financial_daily,JPY=X,F1,sgd,41,745,1,3.584125607588341e-05,1.2842117805168525
financial_daily,JPY=X,F1,sgd,42,728,1,7.105684745468269e-05,1.280589703002142
financial_daily,JPY=X,F1,sgd,43,624,1,5.266772309753843e-05,1.2825517784717386
financial_daily,JPY=X,F1,sgd,44,802,1,4.63410702519667e-05,1.2845271368550442
financial_daily,JPY=X,F1,sgd,45,709,1,5.0463241211898885e-05,1.281560156356408
financial_daily,JPY=X,F1,sgd,46,842,1,3.610422332187648e-05,1.283259689066864
financial_daily,JPY=X,F1,sgd,47,598,1,5.207413151011522e-05,1.2808529304757992
financial_daily,JPY=X,F1,sgd,48,797,1,4.263460951736385e-05,1.2823113584068113
financial_daily,JPY=X,F1,sgd,49,647,1,8.357451591361281e-05,1.2863487878969102
financial_daily,JPY=X,F1,adam,0,92,1,0.0001618882271858879,1.2985145746469848
financial_daily,JPY=X,F1,adam,1,121,1,0.00020263742804236255,1.2797231112646803
financial_daily,JPY=X,F1,adam,2,68,1,3.077000056198375e-05,1.2996341686895092
financial_daily,JPY=X,F1,adam,3,117,1,1.1045001706836626e-05,1.2906301701025147
financial_daily,JPY=X,F1,adam,4,81,1,0.0002128462772843475,1.3011175457023563
financial_daily,JPY=X,F1,adam,5,148,1,0.0002711674472501384,1.2909706709161255
financial_daily,JPY=X,F1,adam,6,92,1,0.00038564542737264205,1.3156114347846577
financial_daily,JPY=X,F1,adam,7,77,1,3.6010449423433e-05,1.3000708532865652
financial_daily,JPY=X,F1,adam,8,66,1,1.2949999947340065e-05,1.2958265205652413
financial_daily,JPY=X,F1,adam,9,79,1,3.9847772110431146e-05,1.2992647164090902
financial_daily,JPY=X,F1,adam,10,112,1,0.00021728246401448134,1.300973270031314
financial_daily,JPY=X,F1,adam,11,101,1,0.00024195832069810058,1.3038111784547906
financial_daily,JPY=X,F1,adam,12,60,1,0.0004000664209733736,1.2833223628194501
financial_daily,JPY=X,F1,adam,13,51,1,0.00019249966932512132,1.2989973580831313
financial_daily,JPY=X,F1,adam,14,60,1,0.000140898409835556,1.2883914741525933
financial_daily,JPY=X,F1,adam,15,93,1,5.495899896924621e-05,1.293795361682816
financial_daily,JPY=X,F1,adam,16,74,1,3.369267999435994e-06,1.29596964039205
financial_daily,JPY=X,F1,adam,17,71,1,6.371704867602869e-05,1.2827605348953328
financial_daily,JPY=X,F1,adam,18,85,1,1.2592912845217677e-05,1.2919332770138794
financial_daily,JPY=X,F1,adam,19,77,1,2.395548897757114e-05,1.2968170272504442
financial_daily,JPY=X,F1,adam,20,93,1,2.1699717797810915e-05,1.2995926533997473
financial_daily,JPY=X,F1,adam,21,88,1,4.046480673274384e-05,1.3058250083116028
financial_daily,JPY=X,F1,adam,22,75,1,0.00018872082701324965,1.301728581145991
financial_daily,JPY=X,F1,adam,23,108,1,2.9647876966352675e-05,1.2969613491607634
financial_daily,JPY=X,F1,adam,24,92,1,7.451351769202667e-05,1.2991063177025992
financial_daily,JPY=X,F1,adam,25,53,1,8.336852041162851e-05,1.295673787539913
financial_daily,JPY=X,F1,adam,26,50,1,0.000524863390639087,1.2886743385786807
financial_daily,JPY=X,F1,adam,27,120,1,0.00011824719145296739,1.288581315751793
financial_daily,JPY=X,F1,adam,28,68,1,0.00027399770797922337,1.2889599079106355
financial_daily,JPY=X,F1,adam,29,73,1,0.00030499880062218434,1.2982454577331073
financial_daily,JPY=X,F1,adam,30,118,1,5.1747492644424046e-05,1.2968674251583499
financial_daily,JPY=X,F1,adam,31,85,1,3.3034589724708264e-05,1.292208252454651
financial_daily,JPY=X,F1,adam,32,158,1,9.694182800071967e-06,1.295069013327982
financial_daily,JPY=X,F1,adam,33,99,1,4.726432422364456e-06,1.2909425526371192
financial_daily,JPY=X,F1,adam,34,85,1,3.8136694593203194e-05,1.2989254969970139
financial_daily,JPY=X,F1,adam,35,76,1,5.677056289911557e-05,1.291691285995096
financial_daily,JPY=X,F1,adam,36,78,1,2.4524258471663968e-05,1.2912421374599796
financial_daily,JPY=X,F1,adam,37,92,1,0.0008715908278195599,1.3030455265195817
financial_daily,JPY=X,F1,adam,38,102,1,5.352728996711263e-07,1.293203786981764
financial_daily,JPY=X,F1,adam,39,112,1,0.00016235378692247898,1.292991082925355
financial_daily,JPY=X,F1,adam,40,88,1,0.0003238623613109552,1.282349309431559
financial_daily,JPY=X,F1,adam,41,127,1,9.695132773922839e-06,1.294501774421906
financial_daily,JPY=X,F1,adam,42,90,1,0.00016059060762071221,1.281523024275763
financial_daily,JPY=X,F1,adam,43,119,1,0.0002785156032390896,1.2945584935024095
financial_daily,JPY=X,F1,adam,44,81,1,0.0001329217829501554,1.3056685899790108
financial_daily,JPY=X,F1,adam,45,103,1,0.0005501265696835783,1.2802869742321143
financial_daily,JPY=X,F1,adam,46,128,1,0.00029485006909600917,1.303801231098821
financial_daily,JPY=X,F1,adam,47,74,1,0.0003215584539457857,1.280980433181123
financial_daily,JPY=X,F1,adam,48,120,1,0.0002583760698187021,1.288529389879171
financial_daily,JPY=X,F1,adam,49,87,1,4.9003894013419655e-05,1.2931332730104377
financial_daily,JPY=X,F2,sgd,0,1609,1,7.193535756968665e-06,1.2439622191339037
financial_daily,JPY=X,F2,sgd,1,1392,1,1.005629164087116e-05,1.2449125660435203
financial_daily,JPY=X,F2,sgd,2,1513,1,8.15740944570437e-06,1.2437997122568618
financial_daily,JPY=X,F2,sgd,3,1722,1,7.020428189193938e-06,1.2438601009101011
financial_daily,JPY=X,F2,sgd,4,1725,1,1.4659392340179023e-05,1.2430974567776243
financial_daily,JPY=X,F2,sgd,5,2019,1,1.1153670235926673e-05,1.243387755000245
financial_daily,JPY=X,F2,sgd,6,1608,1,6.267817266279039e-06,1.2443909865250216
financial_daily,JPY=X,F2,sgd,7,1615,1,7.762866588578326e-06,1.2438449716449447
financial_daily,JPY=X,F2,sgd,8,1505,1,8.0609978338872e-06,1.2438643197289092
financial_daily,JPY=X,F2,sgd,9,1614,1,6.146163057376013e-06,1.2442169893146862
financial_daily,JPY=X,F2,sgd,10,1644,1,8.288498138548091e-06,1.2438663577027036
financial_daily,JPY=X,F2,sgd,11,1758,1,6.316159078044774e-06,1.2445989359564782
financial_daily,JPY=X,F2,sgd,12,1779,1,6.95843715764001e-06,1.2441413300987143
financial_daily,JPY=X,F2,sgd,13,1596,1,6.152017900345948e-06,1.2442059867274016
financial_daily,JPY=X,F2,sgd,14,1587,1,1.0328864219186767e-05,1.2430683873325792
financial_daily,JPY=X,F2,sgd,15,2016,1,6.961565834053383e-06,1.2441342107414668
financial_daily,JPY=X,F2,sgd,16,1481,1,8.053417642143556e-06,1.2439781839544437
financial_daily,JPY=X,F2,sgd,17,1756,1,6.8868683485446405e-06,1.2440777679061503
financial_daily,JPY=X,F2,sgd,18,1638,1,1.1563773595201421e-05,1.2453310509127642
financial_daily,JPY=X,F2,sgd,19,1335,1,8.34224696123866e-06,1.2435175078371945
financial_daily,JPY=X,F2,sgd,20,1558,1,7.015961426497741e-06,1.2446865891335082
financial_daily,JPY=X,F2,sgd,21,1439,1,6.809574608687421e-06,1.2442331374969113
financial_daily,JPY=X,F2,sgd,22,1706,1,8.192483210496856e-06,1.2434537631406444
financial_daily,JPY=X,F2,sgd,23,1396,1,9.230269971761644e-06,1.2450026922204744
financial_daily,JPY=X,F2,sgd,24,1927,1,6.6975890093868225e-06,1.244561523911185
financial_daily,JPY=X,F2,sgd,25,1427,1,7.655774255180418e-06,1.2437315541708591
financial_daily,JPY=X,F2,sgd,26,1627,1,5.780807539190567e-06,1.2449944582404904
financial_daily,JPY=X,F2,sgd,27,1811,1,6.577451530350978e-06,1.2440038831377704
financial_daily,JPY=X,F2,sgd,28,1887,1,6.272390277947397e-06,1.2444387396005596
financial_daily,JPY=X,F2,sgd,29,1663,1,9.941338496615381e-06,1.2441619003462336
financial_daily,JPY=X,F2,sgd,30,1534,1,7.016974154650674e-06,1.2436048902362558
financial_daily,JPY=X,F2,sgd,31,1555,1,9.975105134238499e-06,1.2451302556241624
financial_daily,JPY=X,F2,sgd,32,1377,1,1.4621418506950692e-05,1.2425333140264783
financial_daily,JPY=X,F2,sgd,33,1532,1,6.3307992959057096e-06,1.2445730565891895
financial_daily,JPY=X,F2,sgd,34,1471,1,1.1912989171380402e-05,1.245315067658499
financial_daily,JPY=X,F2,sgd,35,1680,1,9.130882958065709e-06,1.2431639838655402
financial_daily,JPY=X,F2,sgd,36,1571,1,8.636704346315638e-06,1.2444172079259677
financial_daily,JPY=X,F2,sgd,37,1444,1,2.2142250332334823e-05,1.245544148821325
financial_daily,JPY=X,F2,sgd,38,1802,1,7.380003017985597e-06,1.2438235419714587
financial_daily,JPY=X,F2,sgd,39,1703,1,7.755842518009619e-06,1.2439482124242505
financial_daily,JPY=X,F2,sgd,40,1721,1,7.54292379330723e-06,1.2436653253203205
financial_daily,JPY=X,F2,sgd,41,1545,1,7.091930406294171e-06,1.2439415731051162
financial_daily,JPY=X,F2,sgd,42,1532,1,1.0444016934456816e-05,1.2432777784757125
financial_daily,JPY=X,F2,sgd,43,1599,1,8.15686460747765e-06,1.2438559541395997
financial_daily,JPY=X,F2,sgd,44,1507,1,6.9566686198348946e-06,1.2441613346464044
financial_daily,JPY=X,F2,sgd,45,1532,1,9.858902010898617e-06,1.2433311595766112
financial_daily,JPY=X,F2,sgd,46,1700,1,6.499557497968329e-06,1.2440223937466979
financial_daily,JPY=X,F2,sgd,47,1399,1,9.921709706490679e-06,1.2429957387602655
financial_daily,JPY=X,F2,sgd,48,1713,1,7.3192075836475154e-06,1.243802710321388
financial_daily,JPY=X,F2,sgd,49,1613,1,1.4546078052514961e-05,1.245478669401935
financial_daily,JPY=X,F2,adam,0,50,1,6.4659332204098666e-06,1.2534249697655275
financial_daily,JPY=X,F2,adam,1,51,1,3.564244113051455e-05,1.2436924008827674
financial_daily,JPY=X,F2,adam,2,72,1,8.792562284328419e-06,1.258092831363437
financial_daily,JPY=X,F2,adam,3,57,1,8.162275643169225e-05,1.2429869223720618
financial_daily,JPY=X,F2,adam,4,85,1,0.0001599658846107591,1.2487926835506966
financial_daily,JPY=X,F2,adam,5,54,1,0.00016382879144626958,1.2492605325737314
financial_daily,JPY=X,F2,adam,6,79,1,3.337465474250284e-05,1.2551519600099375
financial_daily,JPY=X,F2,adam,7,38,1,8.697115428658193e-05,1.2429819388393188
financial_daily,JPY=X,F2,adam,8,57,1,1.6930764969453554e-05,1.2502400037891144
financial_daily,JPY=X,F2,adam,9,63,1,5.838614717888207e-06,1.2525879075710464
financial_daily,JPY=X,F2,adam,10,57,1,4.807260860330442e-06,1.2459714261601333
financial_daily,JPY=X,F2,adam,11,56,1,7.884540643964788e-05,1.2552324101848908
financial_daily,JPY=X,F2,adam,12,64,1,2.010223032343389e-06,1.2478216893768117
financial_daily,JPY=X,F2,adam,13,86,1,4.460276353257548e-06,1.249962296961689
financial_daily,JPY=X,F2,adam,14,64,1,7.910240858181972e-05,1.2522235757478009
financial_daily,JPY=X,F2,adam,15,55,1,8.032178108146244e-05,1.2525721443486408
financial_daily,JPY=X,F2,adam,16,80,1,3.887802067496589e-05,1.251342656464649
financial_daily,JPY=X,F2,adam,17,55,1,1.0042893831462966e-06,1.2474720051106687
financial_daily,JPY=X,F2,adam,18,60,1,2.4768632498943144e-05,1.2457026262771975
financial_daily,JPY=X,F2,adam,19,79,1,1.732783753777013e-06,1.2482412191428698
financial_daily,JPY=X,F2,adam,20,36,1,3.873874964937972e-05,1.2596402584031816
financial_daily,JPY=X,F2,adam,21,63,1,1.5380426948871512e-05,1.2528230783698593
financial_daily,JPY=X,F2,adam,22,80,1,4.002988889781262e-05,1.2503809560270749
financial_daily,JPY=X,F2,adam,23,69,1,6.972513467274405e-05,1.2552138889501325
financial_daily,JPY=X,F2,adam,24,48,1,3.158268656617251e-06,1.2533533964282768
financial_daily,JPY=X,F2,adam,25,76,1,1.7012256918440474e-05,1.2492495728667017
financial_daily,JPY=X,F2,adam,26,85,1,5.225679226073462e-05,1.2474156056745607
financial_daily,JPY=X,F2,adam,27,86,1,1.2786149509315121e-05,1.248165601124302
financial_daily,JPY=X,F2,adam,28,48,1,7.693370119162111e-05,1.2455327903977433
financial_daily,JPY=X,F2,adam,29,65,1,0.00012767324152001487,1.2482447021882213
financial_daily,JPY=X,F2,adam,30,47,1,4.413333976355779e-06,1.2452583079918298
financial_daily,JPY=X,F2,adam,31,49,1,8.081678012707329e-05,1.2555148863933263
financial_daily,JPY=X,F2,adam,32,61,1,8.578258804331482e-07,1.2472044531022253
financial_daily,JPY=X,F2,adam,33,108,1,3.192662896420827e-05,1.2556067480900124
financial_daily,JPY=X,F2,adam,34,46,1,4.466982336047605e-05,1.2456118146560486
financial_daily,JPY=X,F2,adam,35,54,1,9.380318429950502e-06,1.2413252904354832
financial_daily,JPY=X,F2,adam,36,47,1,3.2884153443921e-05,1.248265499044916
financial_daily,JPY=X,F2,adam,37,78,1,0.0003035518737889707,1.2567139827974612
financial_daily,JPY=X,F2,adam,38,93,1,6.93409860733276e-06,1.2468916250796422
financial_daily,JPY=X,F2,adam,39,132,1,0.00010495784092994739,1.2495446509247488
financial_daily,JPY=X,F2,adam,40,88,1,3.77779480261346e-05,1.244715787464547
financial_daily,JPY=X,F2,adam,41,55,1,5.559586937422063e-06,1.2488988302621526
financial_daily,JPY=X,F2,adam,42,71,1,1.5209174741985387e-05,1.2461701259723914
financial_daily,JPY=X,F2,adam,43,58,1,2.2828889655548265e-05,1.2469176084759763
financial_daily,JPY=X,F2,adam,44,74,1,9.869334002382271e-05,1.255341367853104
financial_daily,JPY=X,F2,adam,45,54,1,9.892081547150058e-05,1.2445304137625737
financial_daily,JPY=X,F2,adam,46,107,1,2.9357411695296568e-06,1.2514207560518698
financial_daily,JPY=X,F2,adam,47,63,1,5.280705975020925e-05,1.2410429284474143
financial_daily,JPY=X,F2,adam,48,75,1,2.393585260419174e-05,1.246506544397551
financial_daily,JPY=X,F2,adam,49,70,1,0.00011829880154389239,1.2526466851607831
financial_daily,JPY=X,F4,sgd,0,3021,1,5.610589621176932e-06,1.246673137959098
financial_daily,JPY=X,F4,sgd,1,2498,1,1.3136441615062699e-05,1.2462244511131966
financial_daily,JPY=X,F4,sgd,2,2305,1,5.160650042951602e-06,1.2474570826010127
financial_daily,JPY=X,F4,sgd,3,2800,1,7.29602284440501e-06,1.2457237737524542
financial_daily,JPY=X,F4,sgd,4,2767,1,1.967236363551807e-05,1.2464676409121753
financial_daily,JPY=X,F4,sgd,5,2621,1,1.974245354840885e-05,1.2466237610219837
financial_daily,JPY=X,F4,sgd,6,2309,1,1.0501579365236431e-05,1.2463366015046224
financial_daily,JPY=X,F4,sgd,7,2434,1,7.968494033138916e-06,1.2454993962434038
financial_daily,JPY=X,F4,sgd,8,3020,1,1.0747665627758861e-05,1.2453213555824185
financial_daily,JPY=X,F4,sgd,9,2675,1,9.800043685584766e-06,1.2467937503690643
financial_daily,JPY=X,F4,sgd,10,2999,1,9.108747473522324e-06,1.2455499582187295
financial_daily,JPY=X,F4,sgd,11,2260,1,8.919040061487294e-06,1.2467574052999693
financial_daily,JPY=X,F4,sgd,12,3113,1,1.165936348052249e-05,1.246138881771476
financial_daily,JPY=X,F4,sgd,13,2527,1,9.686060641766367e-06,1.246233524741356
financial_daily,JPY=X,F4,sgd,14,2386,1,9.863060736466263e-06,1.2451226746469597
financial_daily,JPY=X,F4,sgd,15,2278,1,1.2713138805021693e-05,1.2460489595920365
financial_daily,JPY=X,F4,sgd,16,3090,1,1.0113342598631642e-05,1.2458478082410653
financial_daily,JPY=X,F4,sgd,17,2297,1,1.1519631892559659e-05,1.2455741188478964
financial_daily,JPY=X,F4,sgd,18,2035,1,1.2365808039149468e-05,1.2468663219798926
financial_daily,JPY=X,F4,sgd,19,2322,1,1.2364673142835317e-05,1.2458312501182396
financial_daily,JPY=X,F4,sgd,20,2277,1,5.831394763970498e-06,1.2484230308502682
financial_daily,JPY=X,F4,sgd,21,2751,1,7.043023541143984e-06,1.2463414673552198
financial_daily,JPY=X,F4,sgd,22,2630,1,1.1082616548249116e-05,1.2454204334415546
financial_daily,JPY=X,F4,sgd,23,2536,1,1.8742184395828475e-05,1.2467878105819128
financial_daily,JPY=X,F4,sgd,24,2439,1,6.763359550348912e-06,1.2467435065510943
financial_daily,JPY=X,F4,sgd,25,2303,1,1.0098364004710861e-05,1.2453352524498513
financial_daily,JPY=X,F4,sgd,26,2593,1,1.010689084660829e-05,1.2469946955678939
financial_daily,JPY=X,F4,sgd,27,2239,1,6.25281779810549e-06,1.2461618626384636
financial_daily,JPY=X,F4,sgd,28,2317,1,5.008417940333484e-06,1.2458122148639201
financial_daily,JPY=X,F4,sgd,29,2522,1,1.5865305153859563e-05,1.244694849888914
financial_daily,JPY=X,F4,sgd,30,2310,1,6.114906338519852e-06,1.2453731313519427
financial_daily,JPY=X,F4,sgd,31,2523,1,1.2855526773089902e-05,1.247100776181375
financial_daily,JPY=X,F4,sgd,32,2958,1,1.8295229169254035e-05,1.2444915593241797
financial_daily,JPY=X,F4,sgd,33,2653,1,1.5196745117645829e-05,1.24737644033686
financial_daily,JPY=X,F4,sgd,34,2590,1,1.1915029263288885e-05,1.247219963157299
financial_daily,JPY=X,F4,sgd,35,2725,1,1.739902111626535e-05,1.2436839045610866
financial_daily,JPY=X,F4,sgd,36,2534,1,9.942925343950423e-06,1.2459028917743717
financial_daily,JPY=X,F4,sgd,37,2892,1,3.6705496739403376e-05,1.2470699355205592
financial_daily,JPY=X,F4,sgd,38,2807,1,1.056745893902213e-05,1.2459167176020882
financial_daily,JPY=X,F4,sgd,39,2364,1,1.6896276990488755e-05,1.2450088862985553
financial_daily,JPY=X,F4,sgd,40,2514,1,1.3814785729849091e-05,1.2455992964481002
financial_daily,JPY=X,F4,sgd,41,2735,1,6.396084749923494e-06,1.2462466511818158
financial_daily,JPY=X,F4,sgd,42,3315,1,3.7479646584625005e-05,1.2450544304855156
financial_daily,JPY=X,F4,sgd,43,2559,1,1.855405807166553e-05,1.2450883412216323
financial_daily,JPY=X,F4,sgd,44,2632,1,1.122702045507592e-05,1.2463204283668186
financial_daily,JPY=X,F4,sgd,45,2779,1,2.2214626774344066e-05,1.2453714227038475
financial_daily,JPY=X,F4,sgd,46,2097,1,9.884316500398895e-06,1.2463217477131763
financial_daily,JPY=X,F4,sgd,47,2387,1,1.6227080729293824e-05,1.2444855390240388
financial_daily,JPY=X,F4,sgd,48,2929,1,1.1490918490035153e-05,1.2458240404269272
financial_daily,JPY=X,F4,sgd,49,2561,1,2.5667884924211362e-05,1.2465305286938921
financial_daily,JPY=X,F4,adam,0,249,1,5.734269398913445e-05,1.2540751471416482
financial_daily,JPY=X,F4,adam,1,211,1,9.04913879210618e-05,1.2393578326191528
financial_daily,JPY=X,F4,adam,2,80,1,3.518650490121097e-05,1.2525437482819328
financial_daily,JPY=X,F4,adam,3,139,1,8.302694278199428e-05,1.2424640243636402
financial_daily,JPY=X,F4,adam,4,145,1,0.0002835360412409371,1.2543071681169056
financial_daily,JPY=X,F4,adam,5,230,1,0.00022469632289614258,1.2505957464700104
financial_daily,JPY=X,F4,adam,6,151,1,0.0001591746010856778,1.2594116504027275
financial_daily,JPY=X,F4,adam,7,88,1,0.00016394918491267584,1.253607379184247
financial_daily,JPY=X,F4,adam,8,172,1,2.9522193324360524e-05,1.2461733470888672
financial_daily,JPY=X,F4,adam,9,319,1,5.3345546379831026e-05,1.253849194302562
financial_daily,JPY=X,F4,adam,10,435,1,1.8315863228999227e-05,1.2460452881532857
financial_daily,JPY=X,F4,adam,11,135,1,0.00013250424361137844,1.2525724406720093
financial_daily,JPY=X,F4,adam,12,64,1,5.170617241783817e-05,1.25139697380874
financial_daily,JPY=X,F4,adam,13,161,1,5.9445994229130466e-05,1.2447289594625977
financial_daily,JPY=X,F4,adam,14,115,1,0.00016417552998984755,1.2438899829509649
financial_daily,JPY=X,F4,adam,15,254,1,8.908994323686703e-05,1.249317626039278
financial_daily,JPY=X,F4,adam,16,138,1,5.276201056184406e-05,1.2525883573454506
financial_daily,JPY=X,F4,adam,17,192,1,0.00012563554892576294,1.2384673407628808
financial_daily,JPY=X,F4,adam,18,226,1,2.607416545999948e-05,1.2437473779669515
financial_daily,JPY=X,F4,adam,19,86,1,1.0564662652767418e-05,1.2504089950553532
financial_daily,JPY=X,F4,adam,20,393,1,5.690519644416053e-05,1.2560900840835265
financial_daily,JPY=X,F4,adam,21,658,1,9.13101732558437e-05,1.259148208945631
financial_daily,JPY=X,F4,adam,22,201,1,6.765035191743727e-05,1.2525568757338936
financial_daily,JPY=X,F4,adam,23,191,1,0.00014554944904839772,1.2539628324869627
financial_daily,JPY=X,F4,adam,24,321,1,1.7249258951434013e-05,1.2461887165585666
financial_daily,JPY=X,F4,adam,25,149,1,4.080448607910948e-05,1.2479635036026808
financial_daily,JPY=X,F4,adam,26,385,1,0.00011151722137902618,1.2453752260247746
financial_daily,JPY=X,F4,adam,27,609,1,4.493927723066141e-05,1.2453154755541755
financial_daily,JPY=X,F4,adam,28,195,1,0.00014360125915794013,1.2404071253002105
financial_daily,JPY=X,F4,adam,29,111,1,0.00023767667704671018,1.246354585355091
financial_daily,JPY=X,F4,adam,30,812,1,5.185658991082332e-05,1.2497700044648004
financial_daily,JPY=X,F4,adam,31,135,1,0.00012167294393218351,1.2485525611604678
financial_daily,JPY=X,F4,adam,32,514,1,3.3743138551655716e-05,1.2463796596591912
financial_daily,JPY=X,F4,adam,33,170,1,5.303689450476035e-05,1.2468946495125575
financial_daily,JPY=X,F4,adam,34,268,1,8.201194256950346e-05,1.2480787061042653
financial_daily,JPY=X,F4,adam,35,438,1,2.1721491488922373e-05,1.2461987228071847
financial_daily,JPY=X,F4,adam,36,124,1,7.618533417665704e-05,1.248725956519423
financial_daily,JPY=X,F4,adam,37,219,1,0.00043413787586161074,1.2534069326785409
financial_daily,JPY=X,F4,adam,38,278,1,1.974146713641844e-05,1.2492032510543405
financial_daily,JPY=X,F4,adam,39,417,1,0.0002389384033650825,1.2482918830372074
financial_daily,JPY=X,F4,adam,40,333,1,7.773526614302827e-05,1.2461056661907202
financial_daily,JPY=X,F4,adam,41,372,1,2.4306252977568307e-05,1.2444975092617074
financial_daily,JPY=X,F4,adam,42,306,1,0.00012948719431954303,1.2431023099015184
financial_daily,JPY=X,F4,adam,43,168,1,7.156399676737199e-05,1.2464235844666844
financial_daily,JPY=X,F4,adam,44,301,1,0.0001406580530409435,1.257287024969319
financial_daily,JPY=X,F4,adam,45,217,1,0.0001543125650129639,1.243150468489153
financial_daily,JPY=X,F4,adam,46,286,1,0.00010608107619931376,1.2516845570367519
financial_daily,JPY=X,F4,adam,47,136,1,7.000151730528808e-05,1.2445118181859702
financial_daily,JPY=X,F4,adam,48,406,1,6.45319600859073e-05,1.2447202661485475
financial_daily,JPY=X,F4,adam,49,166,1,0.00012020546768553722,1.2495875671548011
financial_daily,MSFT,F0,sgd,0,110,1,6.718618455879831e-05,0.591760715121802
financial_daily,MSFT,F0,sgd,1,97,1,0.0001745634444528509,0.5925569248397237
financial_daily,MSFT,F0,sgd,2,112,1,7.892884399835707e-05,0.5915680965235883
financial_daily,MSFT,F0,sgd,3,112,1,0.00011646154938355279,0.592322880815601
financial_daily,MSFT,F0,sgd,4,105,1,0.00015015159204245616,0.5920036052529478
financial_daily,MSFT,F0,sgd,5,103,1,0.00014499176141534494,0.5921464606523559
financial_daily,MSFT,F0,sgd,6,109,1,0.00022308794277550994,0.5911465996650416
financial_daily,MSFT,F0,sgd,7,127,1,0.00013114684486876,0.5918526494106473
financial_daily,MSFT,F0,sgd,8,114,1,0.00026812635870783496,0.5914793241006928
financial_daily,MSFT,F0,sgd,9,115,1,7.694467273495985e-05,0.5915112654158386
financial_daily,MSFT,F0,sgd,10,104,1,5.851267391094747e-05,0.5917583052921751
financial_daily,MSFT,F0,sgd,11,117,1,4.926242424406547e-05,0.5913341301408176
financial_daily,MSFT,F0,sgd,12,119,1,4.1578258054035626e-05,0.5921083417899281
financial_daily,MSFT,F0,sgd,13,99,1,0.00012606681619981605,0.5919302029729155
financial_daily,MSFT,F0,sgd,14,114,1,0.00011514447571525269,0.5919061884728732
financial_daily,MSFT,F0,sgd,15,118,1,6.350127308990963e-05,0.5918432390703272
financial_daily,MSFT,F0,sgd,16,112,1,6.786430692948664e-05,0.5914664633568483
financial_daily,MSFT,F0,sgd,17,118,1,0.0002227161423147945,0.5922611813918417
financial_daily,MSFT,F0,sgd,18,116,1,0.00012369390359141618,0.5922987478184334
financial_daily,MSFT,F0,sgd,19,114,1,2.915569899636735e-05,0.5916693052625658
financial_daily,MSFT,F0,sgd,20,126,1,0.00018831875795458417,0.5914839679183639
financial_daily,MSFT,F0,sgd,21,105,1,0.00029565210498651415,0.5913312399159036
financial_daily,MSFT,F0,sgd,22,104,1,7.071622855547266e-05,0.5914140803829401
financial_daily,MSFT,F0,sgd,23,108,1,0.00034053146630303534,0.5912166010955509
financial_daily,MSFT,F0,sgd,24,120,1,0.00011978372175101562,0.5920035759778817
financial_daily,MSFT,F0,sgd,25,111,1,0.000119783908033365,0.5914433186035065
financial_daily,MSFT,F0,sgd,26,122,1,0.0001796931496681748,0.5918584701135832
financial_daily,MSFT,F0,sgd,27,112,1,0.00022300410431593613,0.592102767607353
financial_daily,MSFT,F0,sgd,28,111,1,8.913059585380657e-05,0.5921923669453504
financial_daily,MSFT,F0,sgd,29,114,1,0.0002521810338430388,0.5918251594640157
financial_daily,MSFT,F0,sgd,30,105,1,9.839263497800727e-05,0.5916811008201117
financial_daily,MSFT,F0,sgd,31,122,1,0.0001038640665524612,0.5913883381088463
financial_daily,MSFT,F0,sgd,32,109,1,0.000151271341663322,0.5921329119760985
financial_daily,MSFT,F0,sgd,33,109,1,0.00016639201197897601,0.5917771280376787
financial_daily,MSFT,F0,sgd,34,122,1,0.00012930128083988803,0.5918015942524093
financial_daily,MSFT,F0,sgd,35,122,1,0.00011820788089847538,0.5918258319156613
financial_daily,MSFT,F0,sgd,36,118,1,0.00033561510642610284,0.5914147445369458
financial_daily,MSFT,F0,sgd,37,105,1,0.0004349406534297544,0.5907523381117374
financial_daily,MSFT,F0,sgd,38,114,1,5.4161754887893364e-05,0.5921610274340985
financial_daily,MSFT,F0,sgd,39,103,1,0.0005125053378308166,0.592082851109197
financial_daily,MSFT,F0,sgd,40,120,1,5.1093331689622146e-05,0.5921006298129964
financial_daily,MSFT,F0,sgd,41,126,1,7.382206114595188e-05,0.5917252944714019
financial_daily,MSFT,F0,sgd,42,107,1,0.0002081256700044551,0.5921310374660308
financial_daily,MSFT,F0,sgd,43,107,1,0.00012702824436579347,0.5919428096910822
financial_daily,MSFT,F0,sgd,44,114,1,7.030298132706661e-05,0.5913561072376888
financial_daily,MSFT,F0,sgd,45,111,1,0.00012121928303515025,0.5921926333354446
financial_daily,MSFT,F0,sgd,46,116,1,0.0002812639179075286,0.5920976412104715
financial_daily,MSFT,F0,sgd,47,113,1,0.00011626924050531465,0.5922130593205973
financial_daily,MSFT,F0,sgd,48,108,1,0.0007656821492374292,0.5920968017398742
financial_daily,MSFT,F0,sgd,49,113,1,0.00010527409332313548,0.5915603665282351
financial_daily,MSFT,F0,adam,0,87,1,0.001214644908402837,0.593716704161385
financial_daily,MSFT,F0,adam,1,65,1,0.0013129933670245676,0.5945513685055679
financial_daily,MSFT,F0,adam,2,18,1,0.0012585057608349918,0.5925108242758916
financial_daily,MSFT,F0,adam,3,44,1,0.0007956048465985967,0.5922589472528602
financial_daily,MSFT,F0,adam,4,36,1,0.0023303487907263003,0.5912694219839498
financial_daily,MSFT,F0,adam,5,98,1,0.0019104136461557252,0.594053381434744
financial_daily,MSFT,F0,adam,6,18,1,0.0014331506744152392,0.5909620937374089
financial_daily,MSFT,F0,adam,7,38,1,0.0006379146288883442,0.5923061965625939
financial_daily,MSFT,F0,adam,8,44,1,0.004146041611171588,0.5930311470496291
financial_daily,MSFT,F0,adam,9,80,1,0.0024926830232822887,0.5906411109217474
financial_daily,MSFT,F0,adam,10,45,1,0.003044387217176354,0.5894605439244593
financial_daily,MSFT,F0,adam,11,15,1,0.0006087044212754587,0.5919920338698637
financial_daily,MSFT,F0,adam,12,75,1,0.002371618369449414,0.5942984522491949
financial_daily,MSFT,F0,adam,13,18,1,0.0023039036501736926,0.5940192528081343
financial_daily,MSFT,F0,adam,14,68,1,0.0029887711322459853,0.5911096016091221
financial_daily,MSFT,F0,adam,15,61,1,0.002755616952538706,0.5923244933200539
financial_daily,MSFT,F0,adam,16,19,1,0.0017059470730472002,0.5922448165432547
financial_daily,MSFT,F0,adam,17,40,1,0.0008369680949468416,0.5912572363464065
financial_daily,MSFT,F0,adam,18,17,1,0.002101251097342983,0.5922767038307967
financial_daily,MSFT,F0,adam,19,81,1,0.002199618979679921,0.5918846111889801
financial_daily,MSFT,F0,adam,20,19,1,0.0021014113698675538,0.5920884982538464
financial_daily,MSFT,F0,adam,21,169,1,0.0009683608437576045,0.5914255367076005
financial_daily,MSFT,F0,adam,22,151,1,0.0010800168432077049,0.5919304298831566
financial_daily,MSFT,F0,adam,23,18,1,0.005112634123131303,0.591125762909402
financial_daily,MSFT,F0,adam,24,16,1,0.0027400796530549837,0.5931152995392116
financial_daily,MSFT,F0,adam,25,95,1,0.0010865727760531498,0.5933491089437638
financial_daily,MSFT,F0,adam,26,44,1,0.0009498537455069387,0.5930141683022326
financial_daily,MSFT,F0,adam,27,44,1,0.0023735071977245,0.5924179754847809
financial_daily,MSFT,F0,adam,28,33,1,0.0005730094135139988,0.5927956757387408
financial_daily,MSFT,F0,adam,29,37,1,0.0040690349064243184,0.5911588123874771
financial_daily,MSFT,F0,adam,30,37,1,0.00034138562495527187,0.590982623833774
financial_daily,MSFT,F0,adam,31,38,1,0.001571553297177829,0.5931422749934374
financial_daily,MSFT,F0,adam,32,49,1,0.0003521908294050409,0.5910402131032133
financial_daily,MSFT,F0,adam,33,15,1,0.0031038061119719475,0.5922606107772255
financial_daily,MSFT,F0,adam,34,91,1,0.0034694994546645226,0.5915455179370328
financial_daily,MSFT,F0,adam,35,46,1,0.0035496829945510333,0.5925747373553601
financial_daily,MSFT,F0,adam,36,47,1,0.0012973244605738667,0.5923229087967888
financial_daily,MSFT,F0,adam,37,48,1,0.003102153221370993,0.5889685313115882
financial_daily,MSFT,F0,adam,38,95,1,0.002324087688321987,0.5918803096091174
financial_daily,MSFT,F0,adam,39,73,1,0.0021346941496341617,0.5923915225083903
financial_daily,MSFT,F0,adam,40,41,1,0.001093949158735636,0.5919046903182583
financial_daily,MSFT,F0,adam,41,15,1,0.002517453301270252,0.5913801850236089
financial_daily,MSFT,F0,adam,42,100,1,0.0013073808888689723,0.5903970333722742
financial_daily,MSFT,F0,adam,43,50,1,0.0021769056361954963,0.5914748337024839
financial_daily,MSFT,F0,adam,44,70,1,0.004314922149529298,0.5915055816739533
financial_daily,MSFT,F0,adam,45,75,1,0.0041583656487941805,0.5937492434248739
financial_daily,MSFT,F0,adam,46,75,1,0.007024535699080094,0.592994679490401
financial_daily,MSFT,F0,adam,47,65,1,0.004693221421642267,0.5918437469089968
financial_daily,MSFT,F0,adam,48,49,1,0.0032498258669419033,0.594918733221263
financial_daily,MSFT,F0,adam,49,49,1,0.002481472333884895,0.5937068366939791
financial_daily,MSFT,F1,sgd,0,1150,1,2.718089728429223e-05,0.6145206120753198
financial_daily,MSFT,F1,sgd,1,1251,1,3.176446365371215e-05,0.6147832185853672
financial_daily,MSFT,F1,sgd,2,1023,1,2.0468612597156305e-05,0.6151377944638049
financial_daily,MSFT,F1,sgd,3,868,1,3.041884695212115e-05,0.6142954789171943
financial_daily,MSFT,F1,sgd,4,963,1,5.329463186446516e-05,0.6132148669224255
financial_daily,MSFT,F1,sgd,5,1099,1,4.684941996379309e-05,0.6135029556151584
financial_daily,MSFT,F1,sgd,6,1032,1,3.103614339861437e-05,0.6155190294351984
financial_daily,MSFT,F1,sgd,7,1192,1,3.110830318128742e-05,0.6143852809716731
financial_daily,MSFT,F1,sgd,8,985,1,3.603811962242455e-05,0.6147867418291294
financial_daily,MSFT,F1,sgd,9,998,1,2.7038561623289556e-05,0.6145380237806395
financial_daily,MSFT,F1,sgd,10,1090,1,3.599196672895397e-05,0.6144952716776793
financial_daily,MSFT,F1,sgd,11,1019,1,2.8438472286670382e-05,0.6149882419022121
financial_daily,MSFT,F1,sgd,12,1102,1,3.505290864085095e-05,0.614767172900988
financial_daily,MSFT,F1,sgd,13,1032,1,2.6119413957287e-05,0.6147779157896414
financial_daily,MSFT,F1,sgd,14,895,1,2.655889515040988e-05,0.6144713625680136
financial_daily,MSFT,F1,sgd,15,1146,1,3.695094715640499e-05,0.6147100503256647
financial_daily,MSFT,F1,sgd,16,1221,1,3.865923592657244e-05,0.6147613350082365
financial_daily,MSFT,F1,sgd,17,1030,1,3.287377379726782e-05,0.6145124397876762
financial_daily,MSFT,F1,sgd,18,1098,1,2.7914014740568433e-05,0.6145825868286672
financial_daily,MSFT,F1,sgd,19,1080,1,3.41152332123249e-05,0.6141023226443143
financial_daily,MSFT,F1,sgd,20,1203,1,1.8886258076900635e-05,0.6157048836852423
financial_daily,MSFT,F1,sgd,21,1058,1,3.118819461354397e-05,0.6148654658923903
financial_daily,MSFT,F1,sgd,22,994,1,3.315870447249499e-05,0.6142138660669554
financial_daily,MSFT,F1,sgd,23,1051,1,4.1057473719346875e-05,0.6156580696811246
financial_daily,MSFT,F1,sgd,24,1057,1,2.7654449811555282e-05,0.6146904340186092
financial_daily,MSFT,F1,sgd,25,954,1,2.9220306308308234e-05,0.6144955479945122
financial_daily,MSFT,F1,sgd,26,802,1,2.9668905323954642e-05,0.6152378282429002
financial_daily,MSFT,F1,sgd,27,1102,1,2.4720747454721202e-05,0.614622901027254
financial_daily,MSFT,F1,sgd,28,1078,1,2.2125699246859734e-05,0.6152693259796921
financial_daily,MSFT,F1,sgd,29,1228,1,5.352323652862084e-05,0.6154913170445305
financial_daily,MSFT,F1,sgd,30,1160,1,2.614630043844403e-05,0.614697200065798
financial_daily,MSFT,F1,sgd,31,1015,1,2.9455388296227726e-05,0.6160948168832145
financial_daily,MSFT,F1,sgd,32,1154,1,3.91777141286038e-05,0.613742007107096
financial_daily,MSFT,F1,sgd,33,851,1,3.4727192255871164e-05,0.6147676163301581
financial_daily,MSFT,F1,sgd,34,1118,1,3.2925195292409774e-05,0.6153677483103008
financial_daily,MSFT,F1,sgd,35,1011,1,4.443218516192006e-05,0.6136574252362959
financial_daily,MSFT,F1,sgd,36,967,1,3.180930624462788e-05,0.6148915855624194
financial_daily,MSFT,F1,sgd,37,1074,1,0.00010562829370991762,0.616486500997094
financial_daily,MSFT,F1,sgd,38,1162,1,3.361292735208214e-05,0.6141734970985415
financial_daily,MSFT,F1,sgd,39,952,1,4.322870764809484e-05,0.6146045204376257
financial_daily,MSFT,F1,sgd,40,875,1,3.6359457211615805e-05,0.6139083665351018
financial_daily,MSFT,F1,sgd,41,1084,1,2.879754258401686e-05,0.6149694207422084
financial_daily,MSFT,F1,sgd,42,1239,1,6.306435641065097e-05,0.6133536563316037
financial_daily,MSFT,F1,sgd,43,976,1,4.4189531908485695e-05,0.6144099294064667
financial_daily,MSFT,F1,sgd,44,1100,1,3.6346443496853405e-05,0.6149548286618729
financial_daily,MSFT,F1,sgd,45,1080,1,4.323748492649311e-05,0.6135109763282203
financial_daily,MSFT,F1,sgd,46,1033,1,2.9459033236252987e-05,0.6142837191640369
financial_daily,MSFT,F1,sgd,47,870,1,4.298557176177399e-05,0.6135685531745654
financial_daily,MSFT,F1,sgd,48,1141,1,3.4757780552824374e-05,0.6140497947957951
financial_daily,MSFT,F1,sgd,49,1039,1,6.720985039727429e-05,0.6163514133545909
financial_daily,MSFT,F1,adam,0,107,1,7.641831715472068e-05,0.6202936633309332
financial_daily,MSFT,F1,adam,1,193,1,0.00017122728905937762,0.6125326440464189
financial_daily,MSFT,F1,adam,2,70,1,3.249179712384473e-05,0.6184112128203547
financial_daily,MSFT,F1,adam,3,120,1,1.5189891778551105e-05,0.6170076440861616
financial_daily,MSFT,F1,adam,4,83,1,0.00025940752033089395,0.6178255012978584
financial_daily,MSFT,F1,adam,5,152,1,0.00023926027375560324,0.6148165549466866
financial_daily,MSFT,F1,adam,6,96,1,0.0002839007292683133,0.6263193539003826
financial_daily,MSFT,F1,adam,7,82,1,5.38671657838532e-05,0.618998154235071
financial_daily,MSFT,F1,adam,8,71,1,1.97956009564258e-05,0.6192469561995168
financial_daily,MSFT,F1,adam,9,84,1,3.8544242849880575e-05,0.6199308819144224
financial_daily,MSFT,F1,adam,10,116,1,0.00011726276837061261,0.6226333827813919
financial_daily,MSFT,F1,adam,11,114,1,0.00026906788933224636,0.6243261639792589
financial_daily,MSFT,F1,adam,12,62,1,0.00018016985547227214,0.6141311373515168
financial_daily,MSFT,F1,adam,13,77,1,0.00015936098326471725,0.6211553793491665
financial_daily,MSFT,F1,adam,14,69,1,0.00015077995363258368,0.6192559211007432
financial_daily,MSFT,F1,adam,15,101,1,4.17205118705916e-05,0.618636198671878
financial_daily,MSFT,F1,adam,16,75,1,1.0571974000221335e-05,0.6194949655171903
financial_daily,MSFT,F1,adam,17,116,1,6.600053583495921e-05,0.6151649265379945
financial_daily,MSFT,F1,adam,18,89,1,2.51443247511684e-06,0.6173702519125307
financial_daily,MSFT,F1,adam,19,75,1,2.0996497327889788e-05,0.6188864400525699
financial_daily,MSFT,F1,adam,20,118,1,2.4223483899216546e-05,0.6197969396492568
financial_daily,MSFT,F1,adam,21,120,1,4.1933618025565545e-05,0.6217112602416547
financial_daily,MSFT,F1,adam,22,82,1,0.0001641394185100041,0.6226041475174388
financial_daily,MSFT,F1,adam,23,138,1,4.052302238019044e-05,0.6190312668733994
financial_daily,MSFT,F1,adam,24,95,1,4.7418014012617386e-05,0.6197715405374519
financial_daily,MSFT,F1,adam,25,58,1,7.3857203437386e-05,0.6206149284968413
financial_daily,MSFT,F1,adam,26,77,1,0.00042038447834515715,0.6135870810825561
financial_daily,MSFT,F1,adam,27,123,1,7.788839296577657e-05,0.6149509626206809
financial_daily,MSFT,F1,adam,28,77,1,0.00031706218256170957,0.6144685384062751
financial_daily,MSFT,F1,adam,29,96,1,0.00030165807933662235,0.6228843043072765
financial_daily,MSFT,F1,adam,30,121,1,5.31686305488322e-05,0.6189792931592843
financial_daily,MSFT,F1,adam,31,88,1,4.974793717498136e-05,0.6203988394121696
financial_daily,MSFT,F1,adam,32,167,1,1.3593674480421921e-05,0.6187557971862518
financial_daily,MSFT,F1,adam,33,108,1,5.557880240016395e-06,0.6171575103907786
financial_daily,MSFT,F1,adam,34,92,1,1.8909267832852933e-05,0.6197146450006978
financial_daily,MSFT,F1,adam,35,85,1,5.5178366859530275e-05,0.6173761337485938
financial_daily,MSFT,F1,adam,36,88,1,4.273362385374297e-05,0.6192014115626868
financial_daily,MSFT,F1,adam,37,149,1,0.0006848691712870069,0.6261443743075789
financial_daily,MSFT,F1,adam,38,105,1,8.564615367496027e-07,0.6181686459284482
financial_daily,MSFT,F1,adam,39,114,1,0.00020249446831056966,0.6195749217705646
financial_daily,MSFT,F1,adam,40,117,1,0.0002509314055858758,0.6119117496270274
financial_daily,MSFT,F1,adam,41,154,1,1.2311840238598313e-05,0.6178675208537205
financial_daily,MSFT,F1,adam,42,122,1,0.00015027012627964354,0.6146344028710504
financial_daily,MSFT,F1,adam,43,141,1,0.0002160738063518285,0.6197283952804492
financial_daily,MSFT,F1,adam,44,82,1,0.00014123495893532856,0.6228440638576288
financial_daily,MSFT,F1,adam,45,123,1,0.0004484614261070151,0.6114534508700303
financial_daily,MSFT,F1,adam,46,151,1,0.00019388325325811354,0.6219850470559158
financial_daily,MSFT,F1,adam,47,97,1,0.00023089725659174924,0.6124156269455895
financial_daily,MSFT,F1,adam,48,125,1,0.00021011696015154366,0.6146633139176128
financial_daily,MSFT,F1,adam,49,121,1,5.515832347519264e-05,0.6188627180087095
financial_daily,MSFT,F2,sgd,0,3058,1,5.657044370231152e-06,0.593081389479846
financial_daily,MSFT,F2,sgd,1,2487,1,5.133055889721225e-06,0.5937906546003209
financial_daily,MSFT,F2,sgd,2,3094,1,9.020255415086505e-06,0.5927795366635351
financial_daily,MSFT,F2,sgd,3,2848,1,6.1563491026313956e-06,0.5929995887947045
financial_daily,MSFT,F2,sgd,4,2887,1,1.2752083372344753e-05,0.5923801076782571
financial_daily,MSFT,F2,sgd,5,2865,1,1.0064118528093979e-05,0.5925214803461633
financial_daily,MSFT,F2,sgd,6,2536,1,4.686571448364896e-06,0.59324266243714
financial_daily,MSFT,F2,sgd,7,2562,1,5.16858332170723e-06,0.5933411225224724
financial_daily,MSFT,F2,sgd,8,2941,1,6.09030450798018e-06,0.5931372032005553
financial_daily,MSFT,F2,sgd,9,2709,1,4.60025713890945e-06,0.5931174201676174
financial_daily,MSFT,F2,sgd,10,2347,1,5.455937469270376e-06,0.5932856657424449
financial_daily,MSFT,F2,sgd,11,3126,1,4.460610368366867e-06,0.5932353423380198
financial_daily,MSFT,F2,sgd,12,3564,1,5.807847696638241e-06,0.5930298217450165
financial_daily,MSFT,F2,sgd,13,2597,1,5.156040039266313e-06,0.5930999987128589
financial_daily,MSFT,F2,sgd,14,2681,1,1.1473432544379192e-05,0.5925445896535093
financial_daily,MSFT,F2,sgd,15,2784,1,5.939469864451126e-06,0.5930215801074505
financial_daily,MSFT,F2,sgd,16,3085,1,5.847331089581804e-06,0.5931685536212367
financial_daily,MSFT,F2,sgd,17,2624,1,5.1165179428993916e-06,0.593166159095992
financial_daily,MSFT,F2,sgd,18,2652,1,6.097115494169101e-06,0.594063212919442
financial_daily,MSFT,F2,sgd,19,2679,1,7.2481968798449295e-06,0.5928363489424819
financial_daily,MSFT,F2,sgd,20,2307,1,3.7419234921922085e-06,0.593623660261455
financial_daily,MSFT,F2,sgd,21,3079,1,5.659589138656852e-06,0.5930969801078921
financial_daily,MSFT,F2,sgd,22,3155,1,8.141014628365783e-06,0.5927892274511113
financial_daily,MSFT,F2,sgd,23,2494,1,4.639763285461113e-06,0.5936720714766153
financial_daily,MSFT,F2,sgd,24,3009,1,4.441576791759195e-06,0.5933684657012908
financial_daily,MSFT,F2,sgd,25,2813,1,7.273046742844275e-06,0.5928352653339428
financial_daily,MSFT,F2,sgd,26,2764,1,3.900429253335694e-06,0.5932686450721589
financial_daily,MSFT,F2,sgd,27,2450,1,5.763769400245688e-06,0.593063272915164
financial_daily,MSFT,F2,sgd,28,2904,1,4.361489680483223e-06,0.5933620705164505
financial_daily,MSFT,F2,sgd,29,2855,1,5.299365534672525e-06,0.593474551419615
financial_daily,MSFT,F2,sgd,30,2839,1,6.465053245377374e-06,0.592969372512874
financial_daily,MSFT,F2,sgd,31,2529,1,4.062154708431668e-06,0.5937802920684028
financial_daily,MSFT,F2,sgd,32,3276,1,1.4451685475874844e-05,0.5923494116112298
financial_daily,MSFT,F2,sgd,33,2763,1,5.312447203481917e-06,0.5929715766980468
financial_daily,MSFT,F2,sgd,34,2121,1,5.527285172993036e-06,0.5939056224571526
financial_daily,MSFT,F2,sgd,35,3001,1,8.341446616078759e-06,0.5928234343470714
financial_daily,MSFT,F2,sgd,36,2724,1,4.505374467847748e-06,0.5935785708864789
financial_daily,MSFT,F2,sgd,37,2965,1,7.846002186861665e-06,0.5939514565613835
financial_daily,MSFT,F2,sgd,38,2640,1,5.828713366348266e-06,0.5930240016942178
financial_daily,MSFT,F2,sgd,39,2585,1,5.462906864393098e-06,0.593223903493041
financial_daily,MSFT,F2,sgd,40,2760,1,6.4758579058143775e-06,0.5929191808337625
financial_daily,MSFT,F2,sgd,41,2461,1,6.031298678563521e-06,0.5930314481792351
financial_daily,MSFT,F2,sgd,42,3361,1,9.554617186483397e-06,0.5925946542522595
financial_daily,MSFT,F2,sgd,43,2389,1,5.7745806853751635e-06,0.5931933069161229
financial_daily,MSFT,F2,sgd,44,2692,1,5.862345640371505e-06,0.5930471735038816
financial_daily,MSFT,F2,sgd,45,2514,1,8.97690552842186e-06,0.5925688246422443
financial_daily,MSFT,F2,sgd,46,2774,1,5.22573933176364e-06,0.5930886315446825
financial_daily,MSFT,F2,sgd,47,3011,1,9.329387876889082e-06,0.5926670419069402
financial_daily,MSFT,F2,sgd,48,2929,1,5.664951979397046e-06,0.5930820588693447
financial_daily,MSFT,F2,sgd,49,2385,1,5.7174003728024915e-06,0.5939186990837955
financial_daily,MSFT,F2,adam,0,267,1,2.4360305930697413e-06,0.5956676092125812
financial_daily,MSFT,F2,adam,1,237,1,1.3095546620832993e-05,0.5929585156681931
financial_daily,MSFT,F2,adam,2,158,1,1.3767132534966145e-05,0.5980677762146028
financial_daily,MSFT,F2,adam,3,99,1,5.676519265075036e-05,0.5924559864356903
financial_daily,MSFT,F2,adam,4,170,1,0.00011608597390505552,0.5913776352198913
financial_daily,MSFT,F2,adam,5,311,1,0.00011337395732574044,0.5914673256873115
financial_daily,MSFT,F2,adam,6,122,1,2.2299245181293177e-05,0.5977433449857529
financial_daily,MSFT,F2,adam,7,81,1,3.8495330924551626e-05,0.5930925678020166
financial_daily,MSFT,F2,adam,8,132,1,1.699597498848886e-05,0.5972557662859345
financial_daily,MSFT,F2,adam,9,143,1,3.634265926450558e-06,0.5946615153584565
financial_daily,MSFT,F2,adam,10,76,1,4.250652748933731e-06,0.5942463475052168
financial_daily,MSFT,F2,adam,11,127,1,1.668606404119879e-05,0.5963828357134521
financial_daily,MSFT,F2,adam,12,182,1,3.905273615779478e-06,0.5946192881716347
financial_daily,MSFT,F2,adam,13,159,1,3.294791297977603e-06,0.5956166127326974
financial_daily,MSFT,F2,adam,14,104,1,3.199969756211322e-05,0.597350298970684
financial_daily,MSFT,F2,adam,15,112,1,5.7130290556320164e-05,0.5971548915436505
financial_daily,MSFT,F2,adam,16,96,1,1.7103078637691484e-05,0.5964990108325676
financial_daily,MSFT,F2,adam,17,203,1,5.094789827733582e-06,0.5951276660087496
financial_daily,MSFT,F2,adam,18,78,1,2.9943744520454698e-05,0.5926155072437471
financial_daily,MSFT,F2,adam,19,105,1,1.039314465400047e-06,0.5939196565242075
financial_daily,MSFT,F2,adam,20,47,1,3.428488737418644e-05,0.5993077757857924
financial_daily,MSFT,F2,adam,21,125,1,6.563568592266523e-06,0.5967546630728096
financial_daily,MSFT,F2,adam,22,144,1,1.5826599438893387e-05,0.5959027385191111
financial_daily,MSFT,F2,adam,23,91,1,6.963450881591893e-05,0.5983847651802073
financial_daily,MSFT,F2,adam,24,96,1,2.156580653435311e-06,0.5964254697920978
financial_daily,MSFT,F2,adam,25,110,1,7.104451185556236e-06,0.5955723603319205
financial_daily,MSFT,F2,adam,26,123,1,3.4856895696557006e-06,0.5943058449486331
financial_daily,MSFT,F2,adam,27,144,1,5.922754056110354e-06,0.5950435470191796
financial_daily,MSFT,F2,adam,28,69,1,2.2879900457912904e-05,0.595623384220407
financial_daily,MSFT,F2,adam,29,179,1,8.31993743031137e-05,0.6000387315687077
financial_daily,MSFT,F2,adam,30,132,1,6.76758948168121e-07,0.5953208480014927
financial_daily,MSFT,F2,adam,31,82,1,5.228841564856848e-05,0.5994925637901929
financial_daily,MSFT,F2,adam,32,232,1,8.158631125348963e-07,0.5951086135592244
financial_daily,MSFT,F2,adam,33,158,1,3.174586621515498e-05,0.5957430990762218
financial_daily,MSFT,F2,adam,34,66,1,1.3997953003765424e-05,0.5936708207903831
financial_daily,MSFT,F2,adam,35,91,1,7.3259694029807045e-06,0.5946005924190143
financial_daily,MSFT,F2,adam,36,81,1,1.8756044183053224e-05,0.5969142003696576
financial_daily,MSFT,F2,adam,37,120,1,0.0002117689451607792,0.599744201069972
financial_daily,MSFT,F2,adam,38,230,1,4.540065635765701e-06,0.5933807716764149
financial_daily,MSFT,F2,adam,39,210,1,5.215149799144135e-05,0.5971508923853958
financial_daily,MSFT,F2,adam,40,112,1,1.53583977283829e-05,0.5926697676060559
financial_daily,MSFT,F2,adam,41,97,1,1.869551471095215e-06,0.5952030225903947
financial_daily,MSFT,F2,adam,42,129,1,1.4717487399012858e-05,0.5921729270567151
financial_daily,MSFT,F2,adam,43,130,1,9.00997446319583e-06,0.5948937351076324
financial_daily,MSFT,F2,adam,44,153,1,7.726779812804983e-05,0.5984325386760625
financial_daily,MSFT,F2,adam,45,90,1,3.519936329119398e-05,0.5911164540888165
financial_daily,MSFT,F2,adam,46,243,1,2.088705410207068e-06,0.5944819397212572
financial_daily,MSFT,F2,adam,47,87,1,2.8647832463577976e-05,0.5920290524514691
financial_daily,MSFT,F2,adam,48,147,1,8.46297896000146e-06,0.5932586007197852
financial_daily,MSFT,F2,adam,49,136,1,0.00013402945220576705,0.59952155393184
financial_daily,MSFT,F4,sgd,0,3869,1,2.0036906867645512e-05,0.5891801217220803
financial_daily,MSFT,F4,sgd,1,4000,0,2.809807179636654e-05,0.5893241736478473
financial_daily,MSFT,F4,sgd,2,3418,1,1.8496834184052394e-05,0.5893421592591368
financial_daily,MSFT,F4,sgd,3,3769,1,2.1449969343935155e-05,0.5891012881992425
financial_daily,MSFT,F4,sgd,4,4000,0,3.6459446080486186e-05,0.588735814081657
financial_daily,MSFT,F4,sgd,5,4000,0,3.771386170316911e-05,0.5889407244898384
financial_daily,MSFT,F4,sgd,6,4000,0,2.54110323317215e-05,0.5895193638187558
financial_daily,MSFT,F4,sgd,7,3838,1,2.1003642742523435e-05,0.5892637391622302
financial_daily,MSFT,F4,sgd,8,3855,1,2.508106017058089e-05,0.5892652997345336
financial_daily,MSFT,F4,sgd,9,4000,0,2.5896421026330706e-05,0.5890422304045331
financial_daily,MSFT,F4,sgd,10,3814,1,2.2205635474183266e-05,0.5890432411116783
financial_daily,MSFT,F4,sgd,11,4000,0,2.544735003513384e-05,0.5892436202936723
financial_daily,MSFT,F4,sgd,12,4000,0,2.672395806684765e-05,0.5889805790178887
financial_daily,MSFT,F4,sgd,13,4000,0,2.602830776609215e-05,0.5892759344796298
financial_daily,MSFT,F4,sgd,14,3419,1,2.3270212973810946e-05,0.5890312492923959
financial_daily,MSFT,F4,sgd,15,4000,0,2.9850089343579817e-05,0.5889612766054645
financial_daily,MSFT,F4,sgd,16,4000,0,2.4365464586609206e-05,0.5891163652411666
financial_daily,MSFT,F4,sgd,17,3962,1,2.8147063100330577e-05,0.5890399799236873
financial_daily,MSFT,F4,sgd,18,4000,0,2.7068496901407986e-05,0.5894163039202287
financial_daily,MSFT,F4,sgd,19,4000,0,2.8451554115024253e-05,0.5888366225586616
financial_daily,MSFT,F4,sgd,20,3324,1,1.6535988380957177e-05,0.5896003973769762
financial_daily,MSFT,F4,sgd,21,3932,1,2.177509055479217e-05,0.5892713731713913
financial_daily,MSFT,F4,sgd,22,3985,1,2.6556500462482e-05,0.5889744681216209
financial_daily,MSFT,F4,sgd,23,4000,0,3.5711197691677174e-05,0.5895341589396728
financial_daily,MSFT,F4,sgd,24,3762,1,2.175558748435617e-05,0.5893969706679547
financial_daily,MSFT,F4,sgd,25,3943,1,2.544690336165634e-05,0.5890578058738157
financial_daily,MSFT,F4,sgd,26,4000,0,2.7689027263501178e-05,0.5892733120854986
financial_daily,MSFT,F4,sgd,27,3395,1,2.0266762493658543e-05,0.5893969603341563
financial_daily,MSFT,F4,sgd,28,3443,1,1.5240430163994192e-05,0.5897177832260394
financial_daily,MSFT,F4,sgd,29,3734,1,2.53365305901618e-05,0.5894115180577528
financial_daily,MSFT,F4,sgd,30,3861,1,1.826028973576499e-05,0.5892226307537631
financial_daily,MSFT,F4,sgd,31,3497,1,2.2161671420509346e-05,0.5897827190521132
financial_daily,MSFT,F4,sgd,32,4000,0,3.3656805107925163e-05,0.5888788191118917
financial_daily,MSFT,F4,sgd,33,4000,0,3.465896136090894e-05,0.5888109319279767
financial_daily,MSFT,F4,sgd,34,4000,0,2.434203012893548e-05,0.5894150138513319
financial_daily,MSFT,F4,sgd,35,4000,0,3.113206688497663e-05,0.5889239498642898
financial_daily,MSFT,F4,sgd,36,3402,1,1.836914840470577e-05,0.5892545967852363
financial_daily,MSFT,F4,sgd,37,4000,0,4.813605983770654e-05,0.5892085642409652
financial_daily,MSFT,F4,sgd,38,4000,0,2.6815114997336215e-05,0.5889238096814463
financial_daily,MSFT,F4,sgd,39,4000,0,3.294555635196939e-05,0.589039115238815
financial_daily,MSFT,F4,sgd,40,4000,0,3.0640475166259615e-05,0.5888972057643088
financial_daily,MSFT,F4,sgd,41,3639,1,2.1020196506275592e-05,0.5892654229285582
financial_daily,MSFT,F4,sgd,42,4000,0,6.063060860442718e-05,0.5882297178963742
financial_daily,MSFT,F4,sgd,43,4000,0,3.558672356362038e-05,0.5889691533598965
financial_daily,MSFT,F4,sgd,44,4000,0,2.8207738957566168e-05,0.5890867531661023
financial_daily,MSFT,F4,sgd,45,4000,0,4.1127325199354615e-05,0.5885773542475061
financial_daily,MSFT,F4,sgd,46,3775,1,2.6364810672136828e-05,0.5891294614855684
financial_daily,MSFT,F4,sgd,47,3900,1,3.077292859954614e-05,0.5886984956540073
financial_daily,MSFT,F4,sgd,48,4000,0,2.7802623139302845e-05,0.5890269292025585
financial_daily,MSFT,F4,sgd,49,4000,0,4.022207486597994e-05,0.5895998092285416
financial_daily,MSFT,F4,adam,0,259,1,5.350912371565846e-05,0.5932211935097931
financial_daily,MSFT,F4,adam,1,609,1,8.571350433912002e-05,0.5896191514163905
financial_daily,MSFT,F4,adam,2,922,1,2.4955313292827445e-05,0.5923698290005452
financial_daily,MSFT,F4,adam,3,170,1,7.114977026919395e-05,0.5901990739558569
financial_daily,MSFT,F4,adam,4,872,1,0.0002795990372980172,0.5906787159787497
financial_daily,MSFT,F4,adam,5,308,1,0.00022039673654511774,0.5897176348629891
financial_daily,MSFT,F4,adam,6,236,1,0.00013496148262621228,0.5942058376291641
financial_daily,MSFT,F4,adam,7,1121,1,0.00015306972072400119,0.5907058611408184
financial_daily,MSFT,F4,adam,8,434,1,2.5845020807234232e-05,0.5935063595317078
financial_daily,MSFT,F4,adam,9,693,1,4.8597626167225075e-05,0.5918671677774976
financial_daily,MSFT,F4,adam,10,436,1,2.100539341075233e-05,0.592062744383115
financial_daily,MSFT,F4,adam,11,141,1,0.00011247520878553766,0.5934206452518774
financial_daily,MSFT,F4,adam,12,181,1,4.254966009392813e-05,0.5911221671087276
financial_daily,MSFT,F4,adam,13,428,1,4.581335953246394e-05,0.5924386805515707
financial_daily,MSFT,F4,adam,14,224,1,0.00015469519053725201,0.591670706289881
financial_daily,MSFT,F4,adam,15,312,1,9.1715113348058e-05,0.5915691985103362
financial_daily,MSFT,F4,adam,16,619,1,4.6418591046670226e-05,0.5917545151042197
financial_daily,MSFT,F4,adam,17,202,1,0.0001482775346904243,0.5901426158091083
financial_daily,MSFT,F4,adam,18,225,1,2.393190538221103e-05,0.5907674380483018
financial_daily,MSFT,F4,adam,19,274,1,1.1019342188619253e-05,0.5907949157372625
financial_daily,MSFT,F4,adam,20,394,1,4.437422725388039e-05,0.5915672698394421
financial_daily,MSFT,F4,adam,21,1058,1,7.973325248241435e-05,0.5921705856578015
financial_daily,MSFT,F4,adam,22,215,1,6.307994907809134e-05,0.5921357557591269
financial_daily,MSFT,F4,adam,23,225,1,0.0001531577132015353,0.5930731128643172
financial_daily,MSFT,F4,adam,24,567,1,1.630287371534892e-05,0.5912787130791449
financial_daily,MSFT,F4,adam,25,197,1,3.539634456704518e-05,0.5914536459081168
financial_daily,MSFT,F4,adam,26,570,1,8.704409652236912e-05,0.5914461463063984
financial_daily,MSFT,F4,adam,27,613,1,3.439061710659231e-05,0.5906226221082621
financial_daily,MSFT,F4,adam,28,222,1,0.00013315759759294172,0.5919653639903864
financial_daily,MSFT,F4,adam,29,268,1,0.0002361809115382315,0.5938199255059888
financial_daily,MSFT,F4,adam,30,814,1,4.8033259589158084e-05,0.5924667160784203
financial_daily,MSFT,F4,adam,31,438,1,0.00010723374494270563,0.5936252936963171
financial_daily,MSFT,F4,adam,32,228,1,2.629101567960303e-05,0.5922670509249854
financial_daily,MSFT,F4,adam,33,250,1,5.173153271065787e-05,0.5908119088867009
financial_daily,MSFT,F4,adam,34,379,1,7.473503813003827e-05,0.5918916387887003
financial_daily,MSFT,F4,adam,35,480,1,1.699152187560878e-05,0.5922518113895221
financial_daily,MSFT,F4,adam,36,169,1,5.0909892006155744e-05,0.591002963808025
financial_daily,MSFT,F4,adam,37,673,1,0.00038662492920234556,0.5936109691939674
financial_daily,MSFT,F4,adam,38,286,1,1.0936396890905405e-05,0.5909107234998334
financial_daily,MSFT,F4,adam,39,418,1,0.0002436387841838065,0.5910952527936719
financial_daily,MSFT,F4,adam,40,336,1,6.549194901734832e-05,0.5888923987774343
financial_daily,MSFT,F4,adam,41,411,1,1.4407394414136984e-05,0.5913541250287794
financial_daily,MSFT,F4,adam,42,350,1,0.00011080277757221694,0.5880247009385372
financial_daily,MSFT,F4,adam,43,198,1,7.042473740141136e-05,0.5903719086782013
financial_daily,MSFT,F4,adam,44,301,1,0.00012799673979132777,0.5933936471984143
financial_daily,MSFT,F4,adam,45,250,1,0.00013149846425350786,0.5898892149264958
financial_daily,MSFT,F4,adam,46,284,1,8.894577322939473e-05,0.5918900237459391
financial_daily,MSFT,F4,adam,47,264,1,5.9293003947306955e-05,0.5890217541338184
financial_daily,MSFT,F4,adam,48,407,1,4.3988514443850244e-05,0.5917188361159537
financial_daily,MSFT,F4,adam,49,169,1,0.00013012193784188908,0.5923076945949627
financial_15m,AAPL,F0,sgd,0,359,1,6.080631239592368e-05,0.9852939176077083
financial_15m,AAPL,F0,sgd,1,202,1,0.0001435550442132485,0.9865033998242623
financial_15m,AAPL,F0,sgd,2,123,1,7.70747168098328e-05,0.9853029085543641
financial_15m,AAPL,F0,sgd,3,102,1,0.00011295111683155541,0.9864889117479253
financial_15m,AAPL,F0,sgd,4,950,1,0.00015671664517113198,0.9847722324246938
financial_15m,AAPL,F0,sgd,5,100,1,0.00015676972093804322,0.9848719114693221
financial_15m,AAPL,F0,sgd,6,119,1,0.00021443922881864933,0.9853952141476683
financial_15m,AAPL,F0,sgd,7,196,1,0.00013364707731241464,0.9847191714738321
financial_15m,AAPL,F0,sgd,8,127,1,0.0001894916696941895,0.98510121900706
financial_15m,AAPL,F0,sgd,9,125,1,5.8780944657052245e-05,0.9855884524608337
financial_15m,AAPL,F0,sgd,10,103,1,3.309897216889888e-05,0.9860372693992135
financial_15m,AAPL,F0,sgd,11,200,1,5.7627455802319054e-05,0.9856962070170947
financial_15m,AAPL,F0,sgd,12,193,1,5.02157710757848e-05,0.9856426408244163
financial_15m,AAPL,F0,sgd,13,108,1,0.00011415464358172049,0.9859354879604281
financial_15m,AAPL,F0,sgd,14,138,1,0.00011492530607146773,0.9873278576555763
financial_15m,AAPL,F0,sgd,15,163,1,5.847023932869594e-05,0.9868072218471119
financial_15m,AAPL,F0,sgd,16,110,1,5.494712950345227e-05,0.9857859932219534
financial_15m,AAPL,F0,sgd,17,147,1,0.00020292320379877802,0.9870148887896811
financial_15m,AAPL,F0,sgd,18,142,1,8.19247055984017e-05,0.9860158337737387
financial_15m,AAPL,F0,sgd,19,119,1,2.217349946407222e-05,0.9853371307040719
financial_15m,AAPL,F0,sgd,20,383,1,0.0001464411207725728,0.9857494870120426
financial_15m,AAPL,F0,sgd,21,96,1,0.0002432260965749196,0.9851306290062677
financial_15m,AAPL,F0,sgd,22,129,1,6.5020532845629e-05,0.9853928333148965
financial_15m,AAPL,F0,sgd,23,133,1,0.0002908279534061597,0.986460696223734
financial_15m,AAPL,F0,sgd,24,140,1,7.597808118679113e-05,0.9859034805002138
financial_15m,AAPL,F0,sgd,25,101,1,9.415992131272577e-05,0.9856773543427747
financial_15m,AAPL,F0,sgd,26,141,1,0.00013074091671773193,0.9858335467692728
financial_15m,AAPL,F0,sgd,27,141,1,0.00017502019887639708,0.9865442938218516
financial_15m,AAPL,F0,sgd,28,174,1,6.897648566249606e-05,0.9859327155137212
financial_15m,AAPL,F0,sgd,29,260,1,0.00024591629157221277,0.9871568962669636
financial_15m,AAPL,F0,sgd,30,117,1,7.69289776378574e-05,0.9852301849390055
financial_15m,AAPL,F0,sgd,31,102,1,0.00010801028651087486,0.9854686818959439
financial_15m,AAPL,F0,sgd,32,500,1,0.0001241707594882595,0.9867238566821018
financial_15m,AAPL,F0,sgd,33,134,1,0.0001593583122697031,0.9871692512445331
financial_15m,AAPL,F0,sgd,34,192,1,0.0001140933570030577,0.9851580552218024
financial_15m,AAPL,F0,sgd,35,330,1,8.392217655832897e-05,0.985599121555509
financial_15m,AAPL,F0,sgd,36,188,1,0.0002778305886338085,0.9850611251110759
financial_15m,AAPL,F0,sgd,37,112,1,0.00046082409656952644,0.9861839970798871
financial_15m,AAPL,F0,sgd,38,275,1,6.32698253913786e-05,0.9859256453862583
financial_15m,AAPL,F0,sgd,39,298,1,0.0004607974851449592,0.9885461987901583
financial_15m,AAPL,F0,sgd,40,298,1,5.147099257892342e-05,0.9859260774087079
financial_15m,AAPL,F0,sgd,41,104,1,7.013776456913172e-05,0.9857777920301933
financial_15m,AAPL,F0,sgd,42,344,1,0.00017217198074802927,0.9868890639999142
financial_15m,AAPL,F0,sgd,43,154,1,0.00011799262297143996,0.9872158264943043
financial_15m,AAPL,F0,sgd,44,257,1,7.523687524499209e-05,0.9857183424377988
financial_15m,AAPL,F0,sgd,45,102,1,0.0001132938689892311,0.9856636400472358
financial_15m,AAPL,F0,sgd,46,269,1,0.00025811996025397737,0.9874630831978387
financial_15m,AAPL,F0,sgd,47,93,1,8.88726733882838e-05,0.9859244898465885
financial_15m,AAPL,F0,sgd,48,142,1,0.0005625074681166818,0.9854395731257805
financial_15m,AAPL,F0,sgd,49,166,1,9.4389753103739e-05,0.9869624395416305
financial_15m,AAPL,F0,adam,0,4000,0,0.0006004455198008573,0.9857038285827863
financial_15m,AAPL,F0,adam,1,4000,0,0.0016481459515849948,0.9872468386535029
financial_15m,AAPL,F0,adam,2,4000,0,0.0013447616998392192,0.9828097776750243
financial_15m,AAPL,F0,adam,3,4000,0,0.0006507283782792676,0.9861727772000178
financial_15m,AAPL,F0,adam,4,1289,1,0.001216219372639047,0.9839354260634546
financial_15m,AAPL,F0,adam,5,1035,1,0.0024874877843202325,0.9884383798379134
financial_15m,AAPL,F0,adam,6,1113,1,0.002055788908874796,0.9884421067114137
financial_15m,AAPL,F0,adam,7,1951,1,0.0009561608040677993,0.985974341257266
financial_15m,AAPL,F0,adam,8,4000,0,0.0033426291034714213,0.9841762572075025
financial_15m,AAPL,F0,adam,9,4000,0,0.0027231696112600704,0.9852527441257256
financial_15m,AAPL,F0,adam,10,2223,1,0.0028022626719452094,0.9864639854810973
financial_15m,AAPL,F0,adam,11,4000,0,4.5832469607068954e-05,0.9859308740967643
financial_15m,AAPL,F0,adam,12,4000,0,0.0014361404060583736,0.9863380999253123
financial_15m,AAPL,F0,adam,13,2146,1,0.0017992668825899504,0.9849842668574811
financial_15m,AAPL,F0,adam,14,319,1,0.003694579193463014,0.9934771478019103
financial_15m,AAPL,F0,adam,15,4000,0,0.0025034781239400123,0.9918384609956501
financial_15m,AAPL,F0,adam,16,4000,0,0.002164574512649584,0.9907894523759567
financial_15m,AAPL,F0,adam,17,4000,0,0.0008385319701584348,0.9866764390185945
financial_15m,AAPL,F0,adam,18,1446,1,0.0014991569920985498,0.9880940577677356
financial_15m,AAPL,F0,adam,19,671,1,0.0015406097261662594,0.9847972935464673
financial_15m,AAPL,F0,adam,20,4000,0,0.002695078195191029,0.984953107339865
financial_15m,AAPL,F0,adam,21,1045,1,0.0017001481261226393,0.9825371735599878
financial_15m,AAPL,F0,adam,22,4000,0,0.00047450079790546944,0.9846273110545064
financial_15m,AAPL,F0,adam,23,4000,0,0.003866476840714859,0.9900327369498046
financial_15m,AAPL,F0,adam,24,4000,0,0.0022022026827171744,0.9858120644082295
financial_15m,AAPL,F0,adam,25,4000,0,0.0012938023890198059,0.9846766669928655
financial_15m,AAPL,F0,adam,26,4000,0,0.0007107089939239202,0.9894224691190833
financial_15m,AAPL,F0,adam,27,4000,0,0.0027507515412833155,0.9827931877135152
financial_15m,AAPL,F0,adam,28,4000,0,0.000427794661655981,0.9857517234787373
financial_15m,AAPL,F0,adam,29,4000,0,0.003055091252203846,0.9845722290714322
financial_15m,AAPL,F0,adam,30,4000,0,0.0014128934318190952,0.9872603885051829
financial_15m,AAPL,F0,adam,31,1671,1,0.0012965563226649604,0.9887384642631549
financial_15m,AAPL,F0,adam,32,4000,0,0.00044699489865525355,0.9849023010124938
financial_15m,AAPL,F0,adam,33,2945,1,0.0025195462569788415,0.9927066887690814
financial_15m,AAPL,F0,adam,34,4000,0,0.002018038374219635,0.9837226944396766
financial_15m,AAPL,F0,adam,35,4000,0,0.003153442830840738,0.9870788428109153
financial_15m,AAPL,F0,adam,36,489,1,0.0017034784176382374,0.9842131653038764
financial_15m,AAPL,F0,adam,37,1023,1,0.003201696989072783,0.9871315297570109
financial_15m,AAPL,F0,adam,38,1651,1,0.0016740693677252947,0.9857640694837975
financial_15m,AAPL,F0,adam,39,4000,0,0.002266246007897878,0.9912906515028587
financial_15m,AAPL,F0,adam,40,4000,0,0.0008384896710149155,0.9834083760499228
financial_15m,AAPL,F0,adam,41,4000,0,0.0021791880352933207,0.9841423287908088
financial_15m,AAPL,F0,adam,42,4000,0,0.0008507171576914434,0.9859474436243574
financial_15m,AAPL,F0,adam,43,523,1,0.002287452516728834,0.9908467300598153
financial_15m,AAPL,F0,adam,44,4000,0,0.0034542838288139097,0.9812365732794938
financial_15m,AAPL,F0,adam,45,1598,1,0.004658629557298065,0.9910601752403045
financial_15m,AAPL,F0,adam,46,415,1,0.006749395526681346,0.997777732768853
financial_15m,AAPL,F0,adam,47,481,1,0.0034894816107545615,0.983394089694125
financial_15m,AAPL,F0,adam,48,4000,0,0.004260929950381087,0.9864983189287917
financial_15m,AAPL,F0,adam,49,2217,1,0.001346826626098308,0.9848790352713684
financial_15m,AAPL,F1,sgd,0,593,1,3.1728496202097936e-05,1.04296884544319
financial_15m,AAPL,F1,sgd,1,662,1,3.652901680177054e-05,1.0434265125617759
financial_15m,AAPL,F1,sgd,2,501,1,2.5028281803343977e-05,1.0435834547851486
financial_15m,AAPL,F1,sgd,3,565,1,3.7785057671736464e-05,1.042686718731197
financial_15m,AAPL,F1,sgd,4,622,1,6.803501706809605e-05,1.0413702811436456
financial_15m,AAPL,F1,sgd,5,603,1,6.342023539195807e-05,1.0425372497215277
financial_15m,AAPL,F1,sgd,6,534,1,4.0197990511303635e-05,1.045788619162386
financial_15m,AAPL,F1,sgd,7,588,1,3.7237111584883365e-05,1.042797755714224
financial_15m,AAPL,F1,sgd,8,538,1,4.186108675392686e-05,1.044363790564575
financial_15m,AAPL,F1,sgd,9,500,1,3.060604555380314e-05,1.0441241847961782
financial_15m,AAPL,F1,sgd,10,552,1,4.13794004438171e-05,1.0431909597735485
financial_15m,AAPL,F1,sgd,11,553,1,3.384304063575752e-05,1.0445443515153754
financial_15m,AAPL,F1,sgd,12,581,1,3.945414108844297e-05,1.0435963654140936
financial_15m,AAPL,F1,sgd,13,534,1,3.061696983006891e-05,1.0442403330629653
financial_15m,AAPL,F1,sgd,14,511,1,3.03615211868211e-05,1.0436649730208243
financial_15m,AAPL,F1,sgd,15,560,1,4.5715116318013285e-05,1.0442985417305677
financial_15m,AAPL,F1,sgd,16,707,1,4.609744227489614e-05,1.0438989516573771
financial_15m,AAPL,F1,sgd,17,558,1,3.873673197581344e-05,1.0440180024381855
financial_15m,AAPL,F1,sgd,18,617,1,3.7470265570955884e-05,1.0425455756804811
financial_15m,AAPL,F1,sgd,19,561,1,3.894920650652789e-05,1.0430533224658882
financial_15m,AAPL,F1,sgd,20,640,1,2.317846426976049e-05,1.0443459328893483
financial_15m,AAPL,F1,sgd,21,611,1,3.725919176322973e-05,1.0441746720651464
financial_15m,AAPL,F1,sgd,22,590,1,3.7751374130262874e-05,1.043399637227872
financial_15m,AAPL,F1,sgd,23,574,1,5.28163757180905e-05,1.0463433763389227
financial_15m,AAPL,F1,sgd,24,544,1,3.325532880716618e-05,1.043450473731864
financial_15m,AAPL,F1,sgd,25,511,1,3.4403307265720635e-05,1.0442162178588434
financial_15m,AAPL,F1,sgd,26,496,1,3.5286553217088866e-05,1.045018126458777
financial_15m,AAPL,F1,sgd,27,713,1,3.0289005997014863e-05,1.0435487764773823
financial_15m,AAPL,F1,sgd,28,495,1,2.6187670493160557e-05,1.043870945447871
financial_15m,AAPL,F1,sgd,29,588,1,7.165158939052783e-05,1.0445559988438313
financial_15m,AAPL,F1,sgd,30,641,1,3.073022018727388e-05,1.0436581505135563
financial_15m,AAPL,F1,sgd,31,597,1,3.483956792956349e-05,1.0459479768239985
financial_15m,AAPL,F1,sgd,32,653,1,4.205755200757806e-05,1.0429956931234416
financial_15m,AAPL,F1,sgd,33,542,1,4.196736998094836e-05,1.0447751059671035
financial_15m,AAPL,F1,sgd,34,608,1,3.394808069423825e-05,1.044040735585851
financial_15m,AAPL,F1,sgd,35,588,1,5.173168656934011e-05,1.0422218504519485
financial_15m,AAPL,F1,sgd,36,489,1,3.7279596003742704e-05,1.0431370806796374
financial_15m,AAPL,F1,sgd,37,608,1,0.0001453922940866415,1.0469533935719302
financial_15m,AAPL,F1,sgd,38,606,1,3.9172966241982445e-05,1.0430466821608937
financial_15m,AAPL,F1,sgd,39,541,1,5.354657293875569e-05,1.0443204942847282
financial_15m,AAPL,F1,sgd,40,508,1,4.3583455281544574e-05,1.0428858660552753
financial_15m,AAPL,F1,sgd,41,567,1,3.342949038033035e-05,1.0443631476176243
financial_15m,AAPL,F1,sgd,42,608,1,7.000854679955289e-05,1.0428956778057756
financial_15m,AAPL,F1,sgd,43,552,1,5.119296424597168e-05,1.0438988652538597
financial_15m,AAPL,F1,sgd,44,589,1,4.71087166183517e-05,1.0446772991133706
financial_15m,AAPL,F1,sgd,45,529,1,5.0648609243469225e-05,1.0430153102064907
financial_15m,AAPL,F1,sgd,46,614,1,3.462707539617608e-05,1.0433659437422471
financial_15m,AAPL,F1,sgd,47,480,1,5.0910696773343604e-05,1.0418803744228358
financial_15m,AAPL,F1,sgd,48,637,1,4.142318470126718e-05,1.043124599369049
financial_15m,AAPL,F1,sgd,49,563,1,8.90836280816838e-05,1.0475530807521936
financial_15m,AAPL,F1,adam,0,83,1,0.0002670223220903121,1.0414153308525953
financial_15m,AAPL,F1,adam,1,91,1,0.00023809208417951646,1.034781769015761
financial_15m,AAPL,F1,adam,2,67,1,2.4691274192007892e-05,1.0414705618221658
financial_15m,AAPL,F1,adam,3,88,1,1.1239789926444565e-05,1.0415191110881872
financial_15m,AAPL,F1,adam,4,79,1,0.00017851462054394488,1.0445638365707741
financial_15m,AAPL,F1,adam,5,146,1,0.0003206535070435779,1.0415928422248586
financial_15m,AAPL,F1,adam,6,82,1,0.00046051395215698874,1.0624821917757308
financial_15m,AAPL,F1,adam,7,76,1,3.4674524082402625e-05,1.0474823275392597
financial_15m,AAPL,F1,adam,8,63,1,1.20454525302301e-05,1.0453673347681744
financial_15m,AAPL,F1,adam,9,76,1,4.650994459262712e-05,1.0466299419742142
financial_15m,AAPL,F1,adam,10,109,1,0.00029044138424529797,1.0491526033431573
financial_15m,AAPL,F1,adam,11,89,1,0.0001980872906098412,1.0518945890132294
financial_15m,AAPL,F1,adam,12,60,1,0.0005921129172575569,1.030909061531103
financial_15m,AAPL,F1,adam,13,50,1,0.00017389879092333786,1.0525712640196208
financial_15m,AAPL,F1,adam,14,55,1,0.00015120126114324706,1.049002292220477
financial_15m,AAPL,F1,adam,15,88,1,7.962098856165964e-05,1.0459172306007167
financial_15m,AAPL,F1,adam,16,73,1,5.769706534506968e-06,1.042445459960254
financial_15m,AAPL,F1,adam,17,69,1,7.815698081498782e-05,1.0407310033953387
financial_15m,AAPL,F1,adam,18,84,1,6.492181281463051e-05,1.0474741278229278
financial_15m,AAPL,F1,adam,19,75,1,2.435987164545167e-05,1.0446653507745576
financial_15m,AAPL,F1,adam,20,77,1,2.546663008794033e-05,1.0443940108080807
financial_15m,AAPL,F1,adam,21,86,1,5.239733912008273e-05,1.0456297881523053
financial_15m,AAPL,F1,adam,22,71,1,0.0001772728546072013,1.0508775726864588
financial_15m,AAPL,F1,adam,23,79,1,3.3784188808979085e-05,1.050991821065144
financial_15m,AAPL,F1,adam,24,88,1,9.945463182804493e-05,1.0451014269534398
financial_15m,AAPL,F1,adam,25,53,1,8.550888584431467e-05,1.0486306600296877
financial_15m,AAPL,F1,adam,26,49,1,0.0005546091061860432,1.0368416724258878
financial_15m,AAPL,F1,adam,27,78,1,0.00016995612354390348,1.0393556200192808
financial_15m,AAPL,F1,adam,28,62,1,0.0002172421155819749,1.0404594252018577
financial_15m,AAPL,F1,adam,29,64,1,0.00029829720810304553,1.045775612655966
financial_15m,AAPL,F1,adam,30,99,1,4.898521253049339e-05,1.045029501379625
financial_15m,AAPL,F1,adam,31,71,1,2.900767858335503e-05,1.046960642773091
financial_15m,AAPL,F1,adam,32,96,1,9.874482484186825e-06,1.0452589510466144
financial_15m,AAPL,F1,adam,33,94,1,6.103476327486464e-06,1.0444877959426195
financial_15m,AAPL,F1,adam,34,82,1,8.065758378934434e-05,1.0482109988565236
financial_15m,AAPL,F1,adam,35,70,1,5.009645642087653e-05,1.0408666766571253
financial_15m,AAPL,F1,adam,36,75,1,1.671719044082538e-05,1.0421974856637253
financial_15m,AAPL,F1,adam,37,86,1,0.0010628932610535627,1.0601359115791709
financial_15m,AAPL,F1,adam,38,101,1,1.6466888910562145e-06,1.0430425457083237
financial_15m,AAPL,F1,adam,39,110,1,0.0001442078712426294,1.0485056753024866
financial_15m,AAPL,F1,adam,40,85,1,0.0003812001412738741,1.0371568076278244
financial_15m,AAPL,F1,adam,41,126,1,7.938952989694268e-06,1.0447035249304772
financial_15m,AAPL,F1,adam,42,75,1,0.00016428893210575308,1.0447805123623164
financial_15m,AAPL,F1,adam,43,90,1,0.00031051361077015434,1.0491764989116574
financial_15m,AAPL,F1,adam,44,78,1,0.00011280171346974371,1.0502073660190703
financial_15m,AAPL,F1,adam,45,88,1,0.0006028785465152228,1.0385694556672767
financial_15m,AAPL,F1,adam,46,106,1,0.00037939434638939906,1.056994480372166
financial_15m,AAPL,F1,adam,47,65,1,0.00036041590571343117,1.0350727040906131
financial_15m,AAPL,F1,adam,48,112,1,0.00028122974693010276,1.038453801975236
financial_15m,AAPL,F1,adam,49,85,1,4.176060864080399e-05,1.04839728336022
financial_15m,AAPL,F2,sgd,0,1461,1,6.968365457877123e-06,0.9994189830061067
financial_15m,AAPL,F2,sgd,1,1305,1,1.0045486700435495e-05,1.0004071689809375
financial_15m,AAPL,F2,sgd,2,1405,1,7.882030338147225e-06,0.9988019147450642
financial_15m,AAPL,F2,sgd,3,1682,1,6.7076357453876145e-06,0.9994187936722227
financial_15m,AAPL,F2,sgd,4,1452,1,1.5254879318341437e-05,0.9985483386586456
financial_15m,AAPL,F2,sgd,5,1878,1,1.1343691761162094e-05,0.9990325418186862
financial_15m,AAPL,F2,sgd,6,1267,1,6.054632923677153e-06,1.0000291067472906
financial_15m,AAPL,F2,sgd,7,1434,1,7.4869940925445065e-06,0.9995440974250601
financial_15m,AAPL,F2,sgd,8,1464,1,7.932211366992634e-06,0.9997974113426478
financial_15m,AAPL,F2,sgd,9,1568,1,5.75721185428148e-06,0.999740913180591
financial_15m,AAPL,F2,sgd,10,1474,1,8.148726630639548e-06,0.9995131558532975
financial_15m,AAPL,F2,sgd,11,1557,1,6.159770691020521e-06,1.0000137499504833
financial_15m,AAPL,F2,sgd,12,1641,1,6.81460866032675e-06,0.9996983828125855
financial_15m,AAPL,F2,sgd,13,1427,1,5.798979597619227e-06,0.9996838117835122
financial_15m,AAPL,F2,sgd,14,1473,1,9.633693634776672e-06,0.9986970004332859
financial_15m,AAPL,F2,sgd,15,1715,1,6.781443048296972e-06,0.9997267043116864
financial_15m,AAPL,F2,sgd,16,1315,1,8.033235570615617e-06,0.9996909792471845
financial_15m,AAPL,F2,sgd,17,1700,1,6.619605809395316e-06,0.9996773207595969
financial_15m,AAPL,F2,sgd,18,1480,1,1.1269257290119697e-05,1.0004859687457925
financial_15m,AAPL,F2,sgd,19,1231,1,8.053377326494437e-06,0.9991266841313178
financial_15m,AAPL,F2,sgd,20,1355,1,6.744793206748938e-06,0.9996199272685805
financial_15m,AAPL,F2,sgd,21,1322,1,6.659392240759301e-06,0.9998287236766552
financial_15m,AAPL,F2,sgd,22,1640,1,7.80427022869153e-06,0.9991991151263276
financial_15m,AAPL,F2,sgd,23,1262,1,9.492929918584452e-06,1.0006621097533468
financial_15m,AAPL,F2,sgd,24,1795,1,6.583035729786476e-06,0.999896383062682
financial_15m,AAPL,F2,sgd,25,1290,1,7.2181863886256405e-06,0.99940036452753
financial_15m,AAPL,F2,sgd,26,1509,1,5.6991208603979124e-06,1.0002489867625224
financial_15m,AAPL,F2,sgd,27,1594,1,6.266401572661235e-06,0.9994439921529643
financial_15m,AAPL,F2,sgd,28,1791,1,6.0800897361178245e-06,0.9997985803168861
financial_15m,AAPL,F2,sgd,29,1547,1,1.0425735869080098e-05,0.9998687754775708
financial_15m,AAPL,F2,sgd,30,1365,1,6.518874555224875e-06,0.9992844289250549
financial_15m,AAPL,F2,sgd,31,1456,1,1.0138618677156623e-05,1.0005221398261754
financial_15m,AAPL,F2,sgd,32,1227,1,1.4196354896985502e-05,0.9985735723684136
financial_15m,AAPL,F2,sgd,33,1437,1,6.183754380686844e-06,0.9999414284205659
financial_15m,AAPL,F2,sgd,34,1211,1,1.2147788094361544e-05,1.0005367448595324
financial_15m,AAPL,F2,sgd,35,1520,1,8.848385254290643e-06,0.999065323618356
financial_15m,AAPL,F2,sgd,36,1424,1,8.511598939584507e-06,0.9997423274237276
financial_15m,AAPL,F2,sgd,37,1383,1,2.495359027277607e-05,1.0010904027648637
financial_15m,AAPL,F2,sgd,38,1568,1,7.09663398619229e-06,0.9995031149678856
financial_15m,AAPL,F2,sgd,39,1421,1,7.608952881142884e-06,0.9998386447739727
financial_15m,AAPL,F2,sgd,40,1488,1,7.215381942911992e-06,0.9994045284255696
financial_15m,AAPL,F2,sgd,41,1382,1,6.799724892051598e-06,0.9996612573096484
financial_15m,AAPL,F2,sgd,42,1408,1,1.030170947849561e-05,0.9994969655156237
financial_15m,AAPL,F2,sgd,43,1372,1,8.035196733857783e-06,0.9998175502549667
financial_15m,AAPL,F2,sgd,44,1284,1,6.806910043217318e-06,0.9996855425433481
financial_15m,AAPL,F2,sgd,45,1425,1,9.516430787692602e-06,0.9992614380168435
financial_15m,AAPL,F2,sgd,46,1505,1,6.188520624572789e-06,0.9995287175008695
financial_15m,AAPL,F2,sgd,47,1278,1,9.55317854899106e-06,0.9988538410102393
financial_15m,AAPL,F2,sgd,48,1565,1,7.014253935262647e-06,0.999632467208985
financial_15m,AAPL,F2,sgd,49,1388,1,1.57896709702959e-05,1.0012384540079173
financial_15m,AAPL,F2,adam,0,43,1,8.616369115427985e-06,1.0016043463802737
financial_15m,AAPL,F2,adam,1,40,1,4.207813639232163e-05,0.9970016322668649
financial_15m,AAPL,F2,adam,2,69,1,8.18560187101273e-06,1.001861669330234
financial_15m,AAPL,F2,adam,3,52,1,7.989419396473246e-05,0.9956532670410322
financial_15m,AAPL,F2,adam,4,81,1,0.00016810198775925114,0.9968579166182686
financial_15m,AAPL,F2,adam,5,51,1,0.00017495060258554204,1.000587420555901
financial_15m,AAPL,F2,adam,6,59,1,3.684252134523956e-05,1.0073227241721208
financial_15m,AAPL,F2,adam,7,35,1,9.548813442899196e-05,0.9959410973397897
financial_15m,AAPL,F2,adam,8,53,1,1.5087556924329893e-05,1.0031428950328563
financial_15m,AAPL,F2,adam,9,60,1,6.741805172997509e-06,1.0025502140369145
financial_15m,AAPL,F2,adam,10,55,1,3.7591528970112876e-06,0.9967730542557285
financial_15m,AAPL,F2,adam,11,53,1,9.773914479309068e-05,1.0057911580874972
financial_15m,AAPL,F2,adam,12,60,1,1.7641997160631736e-06,0.999371902422142
financial_15m,AAPL,F2,adam,13,84,1,6.188469932350726e-06,1.0038122731373302
financial_15m,AAPL,F2,adam,14,60,1,9.231135284147139e-05,1.004334876773587
financial_15m,AAPL,F2,adam,15,49,1,8.136737719189947e-05,1.0037872779896737
financial_15m,AAPL,F2,adam,16,78,1,4.3025999991422e-05,1.0015699481931062
financial_15m,AAPL,F2,adam,17,53,1,1.3575157908838075e-06,1.0010381121501561
financial_15m,AAPL,F2,adam,18,57,1,2.2494298240183274e-05,0.9977589624195705
financial_15m,AAPL,F2,adam,19,73,1,3.1352505977755397e-06,0.9998166170086742
financial_15m,AAPL,F2,adam,20,34,1,3.962593765102057e-05,1.0022637142193032
financial_15m,AAPL,F2,adam,21,59,1,1.6897098270680985e-05,1.0018712551858024
financial_15m,AAPL,F2,adam,22,71,1,4.4807778133506184e-05,1.0030083340099345
financial_15m,AAPL,F2,adam,23,53,1,6.725954208512168e-05,1.0086327840996667
financial_15m,AAPL,F2,adam,24,43,1,3.951658041096844e-06,1.0021257097085847
financial_15m,AAPL,F2,adam,25,70,1,1.9952241668354604e-05,1.0021294608174423
financial_15m,AAPL,F2,adam,26,83,1,7.166740669604207e-05,0.998907429430783
financial_15m,AAPL,F2,adam,27,72,1,1.4178631635825924e-05,0.9994605530706657
financial_15m,AAPL,F2,adam,28,45,1,9.505759760551426e-05,0.9968746131559921
financial_15m,AAPL,F2,adam,29,61,1,0.0001421406857960478,1.0006270868077347
financial_15m,AAPL,F2,adam,30,44,1,6.303496190776594e-06,0.9976113126413038
financial_15m,AAPL,F2,adam,31,44,1,8.840169392048886e-05,1.0051370333819094
financial_15m,AAPL,F2,adam,32,55,1,1.3190688071306064e-06,1.0013523233259027
financial_15m,AAPL,F2,adam,33,62,1,3.1518947587763714e-05,1.004427510061321
financial_15m,AAPL,F2,adam,34,43,1,5.121807959771502e-05,0.995386366926806
financial_15m,AAPL,F2,adam,35,48,1,1.0900194564788401e-05,0.9965076080634595
financial_15m,AAPL,F2,adam,36,44,1,3.5836626409624476e-05,0.9974516769419488
financial_15m,AAPL,F2,adam,37,75,1,0.00032379803272829314,1.0073538061607257
financial_15m,AAPL,F2,adam,38,90,1,6.73542542389136e-06,0.9991913730803373
financial_15m,AAPL,F2,adam,39,127,1,0.00012107827632887574,1.0042539078037689
financial_15m,AAPL,F2,adam,40,85,1,4.581255428426755e-05,0.9988559422974591
financial_15m,AAPL,F2,adam,41,52,1,6.569594868846151e-06,0.9995487608076898
financial_15m,AAPL,F2,adam,42,65,1,1.7441239038293507e-05,1.0032767140292516
financial_15m,AAPL,F2,adam,43,50,1,2.92676796469141e-05,1.0024063167140191
financial_15m,AAPL,F2,adam,44,62,1,0.00010061124511192093,1.0055133454500016
financial_15m,AAPL,F2,adam,45,49,1,0.00011939913522408311,0.9997317627710004
financial_15m,AAPL,F2,adam,46,102,1,5.497544536756217e-06,1.0029953362395436
financial_15m,AAPL,F2,adam,47,58,1,5.769683249701919e-05,0.9951723272455292
financial_15m,AAPL,F2,adam,48,64,1,2.9879291649823042e-05,0.9994427616234669
financial_15m,AAPL,F2,adam,49,67,1,0.00011228727846493872,1.006876857073901
financial_15m,AAPL,F4,sgd,0,1643,1,2.41033359527663e-05,1.0030992144012734
financial_15m,AAPL,F4,sgd,1,1772,1,2.942754515383324e-05,1.002739814337923
financial_15m,AAPL,F4,sgd,2,1717,1,2.0245086517317287e-05,1.0032128499538642
financial_15m,AAPL,F4,sgd,3,1689,1,2.4627318437992626e-05,1.0026087619190844
financial_15m,AAPL,F4,sgd,4,1732,1,5.459123873007267e-05,1.0020244922328123
financial_15m,AAPL,F4,sgd,5,1889,1,5.750137378158993e-05,1.002504061550163
financial_15m,AAPL,F4,sgd,6,1587,1,3.277217864490702e-05,1.003603150673015
financial_15m,AAPL,F4,sgd,7,1793,1,2.2927654953453667e-05,1.0026834003968619
financial_15m,AAPL,F4,sgd,8,1712,1,2.7007041494223802e-05,1.003019079113977
financial_15m,AAPL,F4,sgd,9,1804,1,3.103636610690898e-05,1.003066783999792
financial_15m,AAPL,F4,sgd,10,1869,1,2.4263947191283524e-05,1.0026733120321933
financial_15m,AAPL,F4,sgd,11,1664,1,2.9265370588096423e-05,1.0030691591147551
financial_15m,AAPL,F4,sgd,12,1623,1,3.109615738567281e-05,1.0027890621679547
financial_15m,AAPL,F4,sgd,13,1805,1,2.92167435701814e-05,1.0029414377717498
financial_15m,AAPL,F4,sgd,14,1659,1,2.3954939226829464e-05,1.0026979780995116
financial_15m,AAPL,F4,sgd,15,1703,1,3.463132157314937e-05,1.0026239372423627
financial_15m,AAPL,F4,sgd,16,2040,1,2.7687915485869873e-05,1.0028310876905753
financial_15m,AAPL,F4,sgd,17,1595,1,3.131406945172185e-05,1.0025480300987717
financial_15m,AAPL,F4,sgd,18,1652,1,2.5421733343184043e-05,1.002692140147691
financial_15m,AAPL,F4,sgd,19,1843,1,3.22393763378099e-05,1.0022688159373767
financial_15m,AAPL,F4,sgd,20,1765,1,2.4935247555902617e-05,1.0040784944238703
financial_15m,AAPL,F4,sgd,21,1769,1,2.4798845602546472e-05,1.0028817403524166
financial_15m,AAPL,F4,sgd,22,1754,1,2.8888823383754856e-05,1.0024467254100544
financial_15m,AAPL,F4,sgd,23,1766,1,4.49889501185169e-05,1.0036934382540132
financial_15m,AAPL,F4,sgd,24,1804,1,2.4595258183148154e-05,1.0027509338864344
financial_15m,AAPL,F4,sgd,25,1743,1,2.780438702729061e-05,1.0025779514635698
financial_15m,AAPL,F4,sgd,26,1741,1,3.289171038659243e-05,1.0032481064337282
financial_15m,AAPL,F4,sgd,27,1822,1,2.4136405072685437e-05,1.0027418199418756
financial_15m,AAPL,F4,sgd,28,1786,1,1.750637867540639e-05,1.0032313524363579
financial_15m,AAPL,F4,sgd,29,1889,1,3.8288279404923355e-05,1.002877711130517
financial_15m,AAPL,F4,sgd,30,1748,1,2.1039862612337703e-05,1.0028274656875678
financial_15m,AAPL,F4,sgd,31,1780,1,3.5183902375298404e-05,1.0043752936923485
financial_15m,AAPL,F4,sgd,32,1842,1,3.452975547116473e-05,1.0021551929281372
financial_15m,AAPL,F4,sgd,33,1769,1,4.046181510169997e-05,1.00293843893528
financial_15m,AAPL,F4,sgd,34,1843,1,2.8527665732097704e-05,1.0034446032135822
financial_15m,AAPL,F4,sgd,35,1695,1,3.53503930402906e-05,1.0016652321952493
financial_15m,AAPL,F4,sgd,36,1772,1,2.191491804752287e-05,1.0028580447428066
financial_15m,AAPL,F4,sgd,37,2000,1,9.316831505630124e-05,1.004145829309126
financial_15m,AAPL,F4,sgd,38,1828,1,3.0391214942022278e-05,1.0025451528694307
financial_15m,AAPL,F4,sgd,39,1647,1,3.8230480228592906e-05,1.0024981097687504
financial_15m,AAPL,F4,sgd,40,1670,1,3.5419788258977535e-05,1.0022955966673772
financial_15m,AAPL,F4,sgd,41,1957,1,2.5244332553314548e-05,1.0032361598142465
financial_15m,AAPL,F4,sgd,42,2186,1,6.567271268795544e-05,1.001629620725882
financial_15m,AAPL,F4,sgd,43,1811,1,3.952219220675027e-05,1.0023738935659232
financial_15m,AAPL,F4,sgd,44,1902,1,3.307409789218218e-05,1.002857898455852
financial_15m,AAPL,F4,sgd,45,1832,1,4.7374631472748865e-05,1.0021723308560824
financial_15m,AAPL,F4,sgd,46,1597,1,3.081419554989385e-05,1.0026042347272548
financial_15m,AAPL,F4,sgd,47,1606,1,3.4549667101815524e-05,1.0018990150973603
financial_15m,AAPL,F4,sgd,48,1932,1,3.192329539015101e-05,1.0025251378740683
financial_15m,AAPL,F4,sgd,49,1824,1,6.68581442179516e-05,1.0040504495819058
financial_15m,AAPL,F4,adam,0,168,1,4.962815050555762e-05,1.0052156335397635
financial_15m,AAPL,F4,adam,1,195,1,0.00018398911933945375,0.9993873098296295
financial_15m,AAPL,F4,adam,2,94,1,5.581102668645675e-05,1.0041943713514212
financial_15m,AAPL,F4,adam,3,123,1,3.003425255134032e-05,1.0020681114032763
financial_15m,AAPL,F4,adam,4,134,1,0.00031704231647800886,1.0045776610344528
financial_15m,AAPL,F4,adam,5,201,1,0.00024997411496938447,1.0028097029042882
financial_15m,AAPL,F4,adam,6,135,1,0.0002753713270980573,1.0102977381207718
financial_15m,AAPL,F4,adam,7,94,1,7.445242323407701e-05,1.0048704080756812
financial_15m,AAPL,F4,adam,8,100,1,3.110383685843852e-05,1.004004808996167
financial_15m,AAPL,F4,adam,9,131,1,4.1313653882867335e-05,1.0053550542007208
financial_15m,AAPL,F4,adam,10,212,1,0.000107190903523125,1.0069774264040547
financial_15m,AAPL,F4,adam,11,119,1,0.0002730381196023092,1.0090771371940712
financial_15m,AAPL,F4,adam,12,87,1,0.00017399592163731348,1.00181571978893
financial_15m,AAPL,F4,adam,13,134,1,0.00014865313599305352,1.0065941859532628
financial_15m,AAPL,F4,adam,14,113,1,0.00019480560762454203,1.0047872845806889
financial_15m,AAPL,F4,adam,15,204,1,4.709863868055458e-05,1.004233188116734
financial_15m,AAPL,F4,adam,16,136,1,2.002670305549575e-05,1.0053143899111399
financial_15m,AAPL,F4,adam,17,120,1,0.00023297192501482928,0.9998788975410635
financial_15m,AAPL,F4,adam,18,128,1,7.135440068755076e-06,1.0036538454387556
financial_15m,AAPL,F4,adam,19,84,1,2.0613580376452366e-05,1.0050782924628483
financial_15m,AAPL,F4,adam,20,137,1,2.4182624670316606e-05,1.0040182050387267
financial_15m,AAPL,F4,adam,21,160,1,7.016165461942018e-05,1.0067275469518469
financial_15m,AAPL,F4,adam,22,118,1,0.00017372572171102038,1.0083981257524346
financial_15m,AAPL,F4,adam,23,158,1,0.00010217711840207965,1.0066024887602296
financial_15m,AAPL,F4,adam,24,115,1,4.032554253796432e-05,1.004223042934976
financial_15m,AAPL,F4,adam,25,141,1,7.954088908001577e-05,1.00614181428703
financial_15m,AAPL,F4,adam,26,109,1,0.0003832975491611087,1.0008625744914517
financial_15m,AAPL,F4,adam,27,127,1,6.968820749111092e-05,1.001812929399668
financial_15m,AAPL,F4,adam,28,185,1,0.00032452819601167703,1.0007752143762512
financial_15m,AAPL,F4,adam,29,111,1,0.00035622155678034095,1.0062062948836354
financial_15m,AAPL,F4,adam,30,149,1,6.933665170533815e-05,1.005099416539156
financial_15m,AAPL,F4,adam,31,124,1,6.648377365284397e-05,1.0065948103675084
financial_15m,AAPL,F4,adam,32,172,1,2.92886561012205e-05,1.0038736003778288
financial_15m,AAPL,F4,adam,33,140,1,2.0288786249299984e-05,1.0034858085794547
financial_15m,AAPL,F4,adam,34,199,1,4.3947530672522884e-05,1.0059228352898963
financial_15m,AAPL,F4,adam,35,117,1,5.686061145040912e-05,1.0040292921185183
financial_15m,AAPL,F4,adam,36,117,1,5.351930216937534e-05,1.0056228693808704
financial_15m,AAPL,F4,adam,37,152,1,0.0006988109821645694,1.0108973993804924
financial_15m,AAPL,F4,adam,38,171,1,1.0062632866474071e-05,1.0034660259743167
financial_15m,AAPL,F4,adam,39,121,1,0.00031878827873657893,1.0040690051465906
financial_15m,AAPL,F4,adam,40,119,1,0.00024460804867731316,0.99980906344769
financial_15m,AAPL,F4,adam,41,216,1,2.1510579076906824e-05,1.0040058049305607
financial_15m,AAPL,F4,adam,42,136,1,0.00014900544013477586,1.0019634824699453
financial_15m,AAPL,F4,adam,43,142,1,0.00020769588558229685,1.0055414858459586
financial_15m,AAPL,F4,adam,44,111,1,0.00015861183166781,1.0083236696119033
financial_15m,AAPL,F4,adam,45,135,1,0.00040527131310111157,1.0003647336036872
financial_15m,AAPL,F4,adam,46,229,1,0.00023040976655465053,1.0076807610136649
financial_15m,AAPL,F4,adam,47,109,1,0.00020656296399211249,0.9996564409376738
financial_15m,AAPL,F4,adam,48,182,1,0.00021682009146636777,1.002352362660594
financial_15m,AAPL,F4,adam,49,124,1,6.110057093019148e-05,1.0044769800995557
financial_15m,BTC-USD,F0,sgd,0,89,1,5.991394460423599e-05,0.5635650265031417
financial_15m,BTC-USD,F0,sgd,1,87,1,0.0001833439950957585,0.5643522435797768
financial_15m,BTC-USD,F0,sgd,2,114,1,8.135123122822648e-05,0.5637058229590663
financial_15m,BTC-USD,F0,sgd,3,92,1,0.00011933031372417455,0.564130360374007
financial_15m,BTC-USD,F0,sgd,4,100,1,0.00014840607826268476,0.5637423163559367
financial_15m,BTC-USD,F0,sgd,5,85,1,0.00015917154288964063,0.5637931713512887
financial_15m,BTC-USD,F0,sgd,6,99,1,0.00022772388531668448,0.5631388201364953
financial_15m,BTC-USD,F0,sgd,7,153,1,0.00014073900214440178,0.5642329723861659
financial_15m,BTC-USD,F0,sgd,8,166,1,0.00025292767646160636,0.5644874269850508
financial_15m,BTC-USD,F0,sgd,9,115,1,6.803820975447272e-05,0.563642402489523
financial_15m,BTC-USD,F0,sgd,10,99,1,5.342623584141956e-05,0.5639451133489723
financial_15m,BTC-USD,F0,sgd,11,101,1,6.546015925494167e-05,0.5637342360030352
financial_15m,BTC-USD,F0,sgd,12,112,1,5.017085548483052e-05,0.5639054116432499
financial_15m,BTC-USD,F0,sgd,13,89,1,0.00012019439924539744,0.5639846361068352
financial_15m,BTC-USD,F0,sgd,14,99,1,0.00013510638277907156,0.5638837853079565
financial_15m,BTC-USD,F0,sgd,15,83,1,6.491923174897917e-05,0.5640555981123129
financial_15m,BTC-USD,F0,sgd,16,106,1,6.703262921240342e-05,0.5641011792086018
financial_15m,BTC-USD,F0,sgd,17,105,1,0.00023680876204655222,0.56445761048578
financial_15m,BTC-USD,F0,sgd,18,106,1,0.00011556412774853482,0.5643206015860045
financial_15m,BTC-USD,F0,sgd,19,109,1,3.009014532269542e-05,0.564052335329564
financial_15m,BTC-USD,F0,sgd,20,140,1,0.00016813898389314143,0.5638085019727631
financial_15m,BTC-USD,F0,sgd,21,97,1,0.00028082977159857374,0.563462148629383
financial_15m,BTC-USD,F0,sgd,22,96,1,7.543003865315973e-05,0.5640023355142182
financial_15m,BTC-USD,F0,sgd,23,112,1,0.00035460973806389844,0.5634973158076305
financial_15m,BTC-USD,F0,sgd,24,121,1,0.00010668787152609782,0.564489426710021
financial_15m,BTC-USD,F0,sgd,25,100,1,0.0001138183271451246,0.5641088342900147
financial_15m,BTC-USD,F0,sgd,26,127,1,0.00016160490789525041,0.5633611468247696
financial_15m,BTC-USD,F0,sgd,27,92,1,0.0002198775232945458,0.5635628103236774
financial_15m,BTC-USD,F0,sgd,28,107,1,9.05272687268985e-05,0.5640179527372825
financial_15m,BTC-USD,F0,sgd,29,97,1,0.0002736442204068175,0.5642853627084099
financial_15m,BTC-USD,F0,sgd,30,81,1,8.874921350517185e-05,0.5635402136007034
financial_15m,BTC-USD,F0,sgd,31,121,1,0.00010708470319035914,0.5639260493485413
financial_15m,BTC-USD,F0,sgd,32,109,1,0.00014731289518137114,0.5636201689455161
financial_15m,BTC-USD,F0,sgd,33,86,1,0.00018089948693797293,0.5641802930361107
financial_15m,BTC-USD,F0,sgd,34,123,1,0.00012902270994495982,0.5636283248598579
financial_15m,BTC-USD,F0,sgd,35,116,1,0.00011348351695996579,0.5640802342574045
financial_15m,BTC-USD,F0,sgd,36,103,1,0.00032793060051610666,0.5646081537029739
financial_15m,BTC-USD,F0,sgd,37,94,1,0.0004779136076659162,0.5641691653603398
financial_15m,BTC-USD,F0,sgd,38,114,1,6.531553730522192e-05,0.5638856547394455
financial_15m,BTC-USD,F0,sgd,39,82,1,0.0005539118709139459,0.5643488442506569
financial_15m,BTC-USD,F0,sgd,40,140,1,5.363089226736089e-05,0.5638074237167857
financial_15m,BTC-USD,F0,sgd,41,142,1,7.36062988909207e-05,0.564259758145052
financial_15m,BTC-USD,F0,sgd,42,103,1,0.00019857278543431844,0.5639006184182261
financial_15m,BTC-USD,F0,sgd,43,133,1,0.00013743843138302867,0.5639483884996336
financial_15m,BTC-USD,F0,sgd,44,110,1,7.15995153776555e-05,0.5635254336170087
financial_15m,BTC-USD,F0,sgd,45,96,1,0.00013181565658735743,0.5641191486515396
financial_15m,BTC-USD,F0,sgd,46,82,1,0.0002944756807460395,0.5635109550551081
financial_15m,BTC-USD,F0,sgd,47,105,1,0.00011063867034368648,0.563883289867286
financial_15m,BTC-USD,F0,sgd,48,102,1,0.0006878874798878521,0.5635191786814987
financial_15m,BTC-USD,F0,sgd,49,136,1,9.583176064096075e-05,0.5637821766155293
financial_15m,BTC-USD,F0,adam,0,1702,1,0.0007546918463406876,0.5640195419430857
financial_15m,BTC-USD,F0,adam,1,816,1,0.0018011981107201103,0.56543494048595
financial_15m,BTC-USD,F0,adam,2,578,1,0.0014124389883154956,0.5637413214773409
financial_15m,BTC-USD,F0,adam,3,3168,1,0.0010643876012995596,0.5657041038196579
financial_15m,BTC-USD,F0,adam,4,4000,0,0.0019338740323055724,0.5630111788611192
financial_15m,BTC-USD,F0,adam,5,1034,1,0.0019313123238504546,0.5651204106684565
financial_15m,BTC-USD,F0,adam,6,1431,1,0.0021151271618346074,0.5623641726383098
financial_15m,BTC-USD,F0,adam,7,1952,1,0.0008354397311360649,0.5653548474452963
financial_15m,BTC-USD,F0,adam,8,4000,0,0.003771886637368939,0.5672609183868838
financial_15m,BTC-USD,F0,adam,9,4000,0,0.002732219262476373,0.564426114556399
financial_15m,BTC-USD,F0,adam,10,2223,1,0.003327795406804026,0.5641451645036424
financial_15m,BTC-USD,F0,adam,11,2429,1,0.00037729659510888275,0.5645791576874039
financial_15m,BTC-USD,F0,adam,12,312,1,0.001988082367460926,0.5649137864605743
financial_15m,BTC-USD,F0,adam,13,604,1,0.00230141150696403,0.5653647564952392
financial_15m,BTC-USD,F0,adam,14,318,1,0.0032428291674579555,0.5625312815725215
financial_15m,BTC-USD,F0,adam,15,3166,1,0.0031123542890094764,0.5646122662805659
financial_15m,BTC-USD,F0,adam,16,1106,1,0.002798344345552413,0.5649718115964469
financial_15m,BTC-USD,F0,adam,17,4000,0,0.0007231990668496638,0.5646021382924314
financial_15m,BTC-USD,F0,adam,18,649,1,0.0019066204013552979,0.564968149311542
financial_15m,BTC-USD,F0,adam,19,472,1,0.002357055935729553,0.5625812972276707
financial_15m,BTC-USD,F0,adam,20,3866,1,0.002849874145707513,0.5657933192792131
financial_15m,BTC-USD,F0,adam,21,2066,1,0.0010672525615164025,0.5638915204284451
financial_15m,BTC-USD,F0,adam,22,482,1,0.0008985374494691616,0.5648656830281452
financial_15m,BTC-USD,F0,adam,23,4000,0,0.004681231792050174,0.5654598890802821
financial_15m,BTC-USD,F0,adam,24,1223,1,0.00294945965399591,0.5658052649354117
financial_15m,BTC-USD,F0,adam,25,152,1,0.00118081068777251,0.5649020264388238
financial_15m,BTC-USD,F0,adam,26,800,1,0.0006551028449090271,0.5642326050130689
financial_15m,BTC-USD,F0,adam,27,370,1,0.0023716971910713366,0.5651973699699543
financial_15m,BTC-USD,F0,adam,28,3116,1,0.0005181707951050572,0.5639583679494348
financial_15m,BTC-USD,F0,adam,29,105,1,0.003803459447844124,0.5664297492620277
financial_15m,BTC-USD,F0,adam,30,4000,0,0.0009963980060882823,0.5633335791638103
financial_15m,BTC-USD,F0,adam,31,790,1,0.0015543656240773855,0.5639275843891751
financial_15m,BTC-USD,F0,adam,32,440,1,0.00043465653429792183,0.563321676859494
financial_15m,BTC-USD,F0,adam,33,4000,0,0.0027090189680211542,0.5652309565097933
financial_15m,BTC-USD,F0,adam,34,121,1,0.003157117303710826,0.5635889920741124
financial_15m,BTC-USD,F0,adam,35,2903,1,0.00316662619798183,0.5629156806815511
financial_15m,BTC-USD,F0,adam,36,960,1,0.0016939703711244807,0.5657432421634502
financial_15m,BTC-USD,F0,adam,37,108,1,0.002947443378517403,0.5640712679649704
financial_15m,BTC-USD,F0,adam,38,621,1,0.001978737871549902,0.5628095372838657
financial_15m,BTC-USD,F0,adam,39,3404,1,0.0021342581189791906,0.5651189606901105
financial_15m,BTC-USD,F0,adam,40,4000,0,0.0006687456684776476,0.5646581579991287
financial_15m,BTC-USD,F0,adam,41,4000,0,0.0025041667812911624,0.5627114528883423
financial_15m,BTC-USD,F0,adam,42,4000,0,0.0012107280239736715,0.5623980864949053
financial_15m,BTC-USD,F0,adam,43,4000,0,0.0021437372239316212,0.5631407925531562
financial_15m,BTC-USD,F0,adam,44,1624,1,0.004102859883229701,0.5666174705568173
financial_15m,BTC-USD,F0,adam,45,112,1,0.0043276454948343035,0.5628521964155312
financial_15m,BTC-USD,F0,adam,46,4000,0,0.007765704829404245,0.5638995741570794
financial_15m,BTC-USD,F0,adam,47,4000,0,0.004835361404669064,0.5625800888808276
financial_15m,BTC-USD,F0,adam,48,508,1,0.0042850218267833666,0.5636067884321021
financial_15m,BTC-USD,F0,adam,49,111,1,0.0019303796159770748,0.5631022425519211
financial_15m,BTC-USD,F1,sgd,0,593,1,2.8915738873338798e-05,0.5939052726502593
financial_15m,BTC-USD,F1,sgd,1,657,1,3.3864835083421636e-05,0.5939739584061269
financial_15m,BTC-USD,F1,sgd,2,501,1,2.2666132188718958e-05,0.5942436166379279
financial_15m,BTC-USD,F1,sgd,3,565,1,3.464693889941936e-05,0.5936971732291483
financial_15m,BTC-USD,F1,sgd,4,622,1,6.51854132893706e-05,0.592284548600064
financial_15m,BTC-USD,F1,sgd,5,603,1,6.141875139668932e-05,0.5924414911159323
financial_15m,BTC-USD,F1,sgd,6,529,1,3.798244845211029e-05,0.5948732982798084
financial_15m,BTC-USD,F1,sgd,7,585,1,3.389695171948094e-05,0.5939711883805563
financial_15m,BTC-USD,F1,sgd,8,539,1,3.874023590890924e-05,0.5944943630203177
financial_15m,BTC-USD,F1,sgd,9,500,1,2.8748263391963035e-05,0.5940871826219499
financial_15m,BTC-USD,F1,sgd,10,552,1,3.78095106307872e-05,0.5944088405632275
financial_15m,BTC-USD,F1,sgd,11,552,1,3.172506602049538e-05,0.594231404724665
financial_15m,BTC-USD,F1,sgd,12,574,1,3.6607911688610683e-05,0.5943586430499153
financial_15m,BTC-USD,F1,sgd,13,534,1,2.8853722517165552e-05,0.5939385433836641
financial_15m,BTC-USD,F1,sgd,14,534,1,2.761156950219115e-05,0.594409593305777
financial_15m,BTC-USD,F1,sgd,15,560,1,4.274572816277349e-05,0.5943440710186553
financial_15m,BTC-USD,F1,sgd,16,704,1,4.2510764161770595e-05,0.5944848786710821
financial_15m,BTC-USD,F1,sgd,17,557,1,3.621117751962853e-05,0.59417350891569
financial_15m,BTC-USD,F1,sgd,18,617,1,3.4441726079936305e-05,0.593580828299928
financial_15m,BTC-USD,F1,sgd,19,561,1,3.629423998594914e-05,0.5937729628302032
financial_15m,BTC-USD,F1,sgd,20,631,1,2.098570051718618e-05,0.595091819218096
financial_15m,BTC-USD,F1,sgd,21,611,1,3.439756282732121e-05,0.5941865889075075
financial_15m,BTC-USD,F1,sgd,22,590,1,3.4919816367964314e-05,0.5939930262409864
financial_15m,BTC-USD,F1,sgd,23,574,1,5.056832722279711e-05,0.5949248786134617
financial_15m,BTC-USD,F1,sgd,24,543,1,3.0836690831456806e-05,0.5936764447143258
financial_15m,BTC-USD,F1,sgd,25,511,1,3.204167272104519e-05,0.5940988479120453
financial_15m,BTC-USD,F1,sgd,26,496,1,3.362129694277027e-05,0.5942830555182124
financial_15m,BTC-USD,F1,sgd,27,664,1,2.8089971902070923e-05,0.5937080548279701
financial_15m,BTC-USD,F1,sgd,28,495,1,2.355027535428741e-05,0.5944693840883067
financial_15m,BTC-USD,F1,sgd,29,588,1,6.655727238233807e-05,0.5957735881638354
financial_15m,BTC-USD,F1,sgd,30,631,1,2.779719392303634e-05,0.5944915474967329
financial_15m,BTC-USD,F1,sgd,31,597,1,3.275331348839996e-05,0.595588169621448
financial_15m,BTC-USD,F1,sgd,32,620,1,3.941510131133894e-05,0.5936241630811134
financial_15m,BTC-USD,F1,sgd,33,542,1,4.016642855023648e-05,0.5940545121494067
financial_15m,BTC-USD,F1,sgd,34,607,1,3.150769888564676e-05,0.5945814415574472
financial_15m,BTC-USD,F1,sgd,35,588,1,4.811729664948138e-05,0.593713423443478
financial_15m,BTC-USD,F1,sgd,36,491,1,3.3542119828968666e-05,0.5949189110664435
financial_15m,BTC-USD,F1,sgd,37,607,1,0.0001396799401036613,0.5965896382201474
financial_15m,BTC-USD,F1,sgd,38,590,1,3.6464387200137894e-05,0.59372225038311
financial_15m,BTC-USD,F1,sgd,39,541,1,4.995928771296014e-05,0.5946368694000931
financial_15m,BTC-USD,F1,sgd,40,508,1,4.104362467822058e-05,0.5934333430293521
financial_15m,BTC-USD,F1,sgd,41,567,1,3.080364336242548e-05,0.5943876018284521
financial_15m,BTC-USD,F1,sgd,42,608,1,6.7433159835331e-05,0.5932791515558496
financial_15m,BTC-USD,F1,sgd,43,552,1,4.804132229585358e-05,0.5942807721401303
financial_15m,BTC-USD,F1,sgd,44,587,1,4.412592409447221e-05,0.5944765256585599
financial_15m,BTC-USD,F1,sgd,45,528,1,4.877444902985204e-05,0.5930715048707191
financial_15m,BTC-USD,F1,sgd,46,596,1,3.25816255674196e-05,0.5936158482274404
financial_15m,BTC-USD,F1,sgd,47,481,1,4.728393839276774e-05,0.5935973033179393
financial_15m,BTC-USD,F1,sgd,48,634,1,3.871157213790187e-05,0.5935590194643254
financial_15m,BTC-USD,F1,sgd,49,563,1,8.594300574566115e-05,0.5959472174279783
financial_15m,BTC-USD,F1,adam,0,83,1,0.0002490272774737055,0.5954556748796797
financial_15m,BTC-USD,F1,adam,1,90,1,0.00023363523997889786,0.5943383237891542
financial_15m,BTC-USD,F1,adam,2,57,1,2.7323694412368488e-05,0.5950876469601913
financial_15m,BTC-USD,F1,adam,3,88,1,1.1011933155688509e-05,0.5969659377169803
financial_15m,BTC-USD,F1,adam,4,79,1,0.00018983263885776754,0.5944618114093445
financial_15m,BTC-USD,F1,adam,5,146,1,0.0003127304251883222,0.5910931810260375
financial_15m,BTC-USD,F1,adam,6,81,1,0.00045528171692758016,0.6012133889319292
financial_15m,BTC-USD,F1,adam,7,75,1,3.711224164961825e-05,0.5962076936948598
financial_15m,BTC-USD,F1,adam,8,63,1,1.3737833858197107e-05,0.5991680235451899
financial_15m,BTC-USD,F1,adam,9,76,1,4.662339238893422e-05,0.5951898294808983
financial_15m,BTC-USD,F1,adam,10,109,1,0.00028214132257014634,0.6047631006285556
financial_15m,BTC-USD,F1,adam,11,89,1,0.00020706759448690368,0.6011487729663773
financial_15m,BTC-USD,F1,adam,12,56,1,0.0005661101974137969,0.5913081158442806
financial_15m,BTC-USD,F1,adam,13,49,1,0.00018354282062510994,0.5989538025362061
financial_15m,BTC-USD,F1,adam,14,54,1,0.00015382278817455206,0.6015899333518216
financial_15m,BTC-USD,F1,adam,15,71,1,7.534531406852564e-05,0.5976288905793196
financial_15m,BTC-USD,F1,adam,16,59,1,5.433141353175078e-06,0.5965759275851676
financial_15m,BTC-USD,F1,adam,17,69,1,8.301005612618065e-05,0.5975756585901206
financial_15m,BTC-USD,F1,adam,18,84,1,5.351871016241256e-05,0.5996920256000413
financial_15m,BTC-USD,F1,adam,19,74,1,2.5991862810211046e-05,0.5957522734833912
financial_15m,BTC-USD,F1,adam,20,76,1,2.4959986639815407e-05,0.5965790618736929
financial_15m,BTC-USD,F1,adam,21,85,1,5.517390825371288e-05,0.5982947755798282
financial_15m,BTC-USD,F1,adam,22,71,1,0.00018268974509062541,0.6000293370620805
financial_15m,BTC-USD,F1,adam,23,77,1,3.841873227016928e-05,0.5949388832910388
financial_15m,BTC-USD,F1,adam,24,88,1,9.551010056085055e-05,0.5986676843445813
financial_15m,BTC-USD,F1,adam,25,52,1,8.716114399032134e-05,0.6007888774001922
financial_15m,BTC-USD,F1,adam,26,49,1,0.0005538759610103434,0.5909515730943559
financial_15m,BTC-USD,F1,adam,27,73,1,0.0001616098602588331,0.5924884764571745
financial_15m,BTC-USD,F1,adam,28,62,1,0.00022876085820476943,0.5961241319341698
financial_15m,BTC-USD,F1,adam,29,63,1,0.0003044459118048258,0.6033646693420652
financial_15m,BTC-USD,F1,adam,30,99,1,5.140539672420592e-05,0.5974908698170847
financial_15m,BTC-USD,F1,adam,31,70,1,3.138035439270719e-05,0.6009440371487818
financial_15m,BTC-USD,F1,adam,32,95,1,1.1917481274013419e-05,0.5965697116138882
financial_15m,BTC-USD,F1,adam,33,94,1,6.385817219325772e-06,0.5959296695378558
financial_15m,BTC-USD,F1,adam,34,58,1,7.47572399573663e-05,0.6005444214515723
financial_15m,BTC-USD,F1,adam,35,69,1,5.304618249002944e-05,0.5977041143321393
financial_15m,BTC-USD,F1,adam,36,74,1,1.910361584598306e-05,0.5993373634321044
financial_15m,BTC-USD,F1,adam,37,83,1,0.0010331676760071034,0.607942666951989
financial_15m,BTC-USD,F1,adam,38,100,1,1.7967798551266293e-06,0.597002857861513
financial_15m,BTC-USD,F1,adam,39,110,1,0.00015222776776160335,0.5973016117746682
financial_15m,BTC-USD,F1,adam,40,55,1,0.0003731740274722427,0.5900030364367482
financial_15m,BTC-USD,F1,adam,41,126,1,8.779592004547753e-06,0.5964724481559066
financial_15m,BTC-USD,F1,adam,42,73,1,0.000165918040432704,0.5965076080434524
financial_15m,BTC-USD,F1,adam,43,89,1,0.0003066372787081968,0.5990455436575811
financial_15m,BTC-USD,F1,adam,44,68,1,0.00011941097147448779,0.597742262135962
financial_15m,BTC-USD,F1,adam,45,86,1,0.0005958273276471996,0.5909957660249529
financial_15m,BTC-USD,F1,adam,46,105,1,0.0003717444739820222,0.5991283044761186
financial_15m,BTC-USD,F1,adam,47,65,1,0.0003574977379859373,0.5923706781063061
financial_15m,BTC-USD,F1,adam,48,76,1,0.00027691048754483003,0.5927485260954528
financial_15m,BTC-USD,F1,adam,49,85,1,4.511721226848054e-05,0.5971884670607782
financial_15m,BTC-USD,F2,sgd,0,1611,1,6.859678230158827e-06,0.5694380711585127
financial_15m,BTC-USD,F2,sgd,1,1398,1,9.827542980706888e-06,0.5699227344583272
financial_15m,BTC-USD,F2,sgd,2,1696,1,7.768718586716848e-06,0.5689277702927579
financial_15m,BTC-USD,F2,sgd,3,1753,1,6.768697735564905e-06,0.5693359226884893
financial_15m,BTC-USD,F2,sgd,4,1727,1,1.4371019021486578e-05,0.5685974080203745
financial_15m,BTC-USD,F2,sgd,5,2024,1,1.0938880954520056e-05,0.5688139891819213
financial_15m,BTC-USD,F2,sgd,6,1608,1,6.1441562840837154e-06,0.5695146192282274
financial_15m,BTC-USD,F2,sgd,7,1616,1,7.504260415198068e-06,0.5696091206589466
financial_15m,BTC-USD,F2,sgd,8,1505,1,7.90421820573319e-06,0.5695823783540089
financial_15m,BTC-USD,F2,sgd,9,1614,1,5.930235147448375e-06,0.5694496763374878
financial_15m,BTC-USD,F2,sgd,10,1659,1,7.963118641065827e-06,0.5695960099513429
financial_15m,BTC-USD,F2,sgd,11,1758,1,6.118703318697725e-06,0.5694781045065458
financial_15m,BTC-USD,F2,sgd,12,1781,1,6.667800628296688e-06,0.5695316636931663
financial_15m,BTC-USD,F2,sgd,13,1608,1,5.974158647079907e-06,0.5692822880167697
financial_15m,BTC-USD,F2,sgd,14,1604,1,1.0023201443435824e-05,0.5689955475908226
financial_15m,BTC-USD,F2,sgd,15,2016,1,6.761911779244262e-06,0.5693504960388738
financial_15m,BTC-USD,F2,sgd,16,1488,1,7.80778655235706e-06,0.569515639807181
financial_15m,BTC-USD,F2,sgd,17,1760,1,6.684048829529388e-06,0.5694111042655273
financial_15m,BTC-USD,F2,sgd,18,1641,1,1.129162092568314e-05,0.5700109042923439
financial_15m,BTC-USD,F2,sgd,19,1339,1,8.107542483257296e-06,0.5691204098142589
financial_15m,BTC-USD,F2,sgd,20,1622,1,6.554694390243886e-06,0.5697204267685666
financial_15m,BTC-USD,F2,sgd,21,1439,1,6.639138372921614e-06,0.5693809575450639
financial_15m,BTC-USD,F2,sgd,22,1709,1,7.983569334739004e-06,0.5691957440221825
financial_15m,BTC-USD,F2,sgd,23,1396,1,9.172937720456377e-06,0.5698236793991853
financial_15m,BTC-USD,F2,sgd,24,1942,1,6.48244112544481e-06,0.5694357278354174
financial_15m,BTC-USD,F2,sgd,25,1428,1,7.526837467849292e-06,0.5690898940942053
financial_15m,BTC-USD,F2,sgd,26,1631,1,5.6140180373144636e-06,0.5694640850513696
financial_15m,BTC-USD,F2,sgd,27,1811,1,6.384414254346924e-06,0.5691647533697923
financial_15m,BTC-USD,F2,sgd,28,1888,1,6.026587841701287e-06,0.5695811385154629
financial_15m,BTC-USD,F2,sgd,29,1665,1,9.571402332911255e-06,0.5699088762407963
financial_15m,BTC-USD,F2,sgd,30,1534,1,6.7676682288789466e-06,0.5693807101926209
financial_15m,BTC-USD,F2,sgd,31,1594,1,9.724996055113002e-06,0.5700872022080823
financial_15m,BTC-USD,F2,sgd,32,1379,1,1.4431224857830838e-05,0.568825973025422
financial_15m,BTC-USD,F2,sgd,33,1546,1,6.132954463271298e-06,0.5692663117685003
financial_15m,BTC-USD,F2,sgd,34,1590,1,1.1566410882274702e-05,0.570033011775462
financial_15m,BTC-USD,F2,sgd,35,1766,1,8.983482116102744e-06,0.5691668449589087
financial_15m,BTC-USD,F2,sgd,36,1586,1,8.193749472804086e-06,0.5698529911357957
financial_15m,BTC-USD,F2,sgd,37,1454,1,2.1625408484140722e-05,0.5704798854152414
financial_15m,BTC-USD,F2,sgd,38,1803,1,7.143456631417969e-06,0.5693917793292457
financial_15m,BTC-USD,F2,sgd,39,1779,1,7.6023656324284234e-06,0.5695813796659038
financial_15m,BTC-USD,F2,sgd,40,1727,1,7.356471297806299e-06,0.5692554941787962
financial_15m,BTC-USD,F2,sgd,41,1747,1,6.892419319019203e-06,0.5694126996317088
financial_15m,BTC-USD,F2,sgd,42,1538,1,1.0341490827476676e-05,0.5692215804318872
financial_15m,BTC-USD,F2,sgd,43,1602,1,8.010715540828662e-06,0.5695764859710823
financial_15m,BTC-USD,F2,sgd,44,1507,1,6.751971550130952e-06,0.5693023004458605
financial_15m,BTC-USD,F2,sgd,45,1552,1,9.708604103183995e-06,0.5690279650818594
financial_15m,BTC-USD,F2,sgd,46,1701,1,6.28381005466461e-06,0.5692939060431207
financial_15m,BTC-USD,F2,sgd,47,1401,1,9.666533357019071e-06,0.5691572085688384
financial_15m,BTC-USD,F2,sgd,48,1717,1,7.157432719117597e-06,0.5694310906331556
financial_15m,BTC-USD,F2,sgd,49,1615,1,1.4443072618309897e-05,0.5702416192316484
financial_15m,BTC-USD,F2,adam,0,50,1,6.974410344061269e-06,0.5702591616295369
financial_15m,BTC-USD,F2,adam,1,51,1,3.55162399019095e-05,0.5680924431547434
financial_15m,BTC-USD,F2,adam,2,72,1,9.459875702576556e-06,0.5685459612006966
financial_15m,BTC-USD,F2,adam,3,57,1,8.106596825537805e-05,0.5680280851853309
financial_15m,BTC-USD,F2,adam,4,85,1,0.00015944246561275843,0.5654244303132406
financial_15m,BTC-USD,F2,adam,5,54,1,0.00016344381545534752,0.566816772976074
financial_15m,BTC-USD,F2,adam,6,80,1,3.308706709368784e-05,0.5706472008946921
financial_15m,BTC-USD,F2,adam,7,38,1,8.651849662426581e-05,0.5677830217356359
financial_15m,BTC-USD,F2,adam,8,57,1,1.6719623312387494e-05,0.5709227989631599
financial_15m,BTC-USD,F2,adam,9,63,1,6.3267754758334984e-06,0.5703625561330672
financial_15m,BTC-USD,F2,adam,10,57,1,4.872144761971306e-06,0.5692647168862585
financial_15m,BTC-USD,F2,adam,11,56,1,7.784217680147128e-05,0.5712436865991873
financial_15m,BTC-USD,F2,adam,12,64,1,1.9896133060293317e-06,0.5697996430936958
financial_15m,BTC-USD,F2,adam,13,86,1,4.4035283278672925e-06,0.5700540742562833
financial_15m,BTC-USD,F2,adam,14,64,1,7.85322285681365e-05,0.5729668218696096
financial_15m,BTC-USD,F2,adam,15,55,1,8.040809463653023e-05,0.5711221024122481
financial_15m,BTC-USD,F2,adam,16,80,1,3.848463570239173e-05,0.5705718573558869
financial_15m,BTC-USD,F2,adam,17,55,1,1.2042478173824887e-06,0.569416103663648
financial_15m,BTC-USD,F2,adam,18,60,1,2.4909870664202652e-05,0.5682174622999288
financial_15m,BTC-USD,F2,adam,19,79,1,1.756766077312564e-06,0.5690833786137823
financial_15m,BTC-USD,F2,adam,20,36,1,4.0425101420506325e-05,0.5722096662873151
financial_15m,BTC-USD,F2,adam,21,63,1,1.5458045447689896e-05,0.5692323944866964
financial_15m,BTC-USD,F2,adam,22,80,1,3.970842440317786e-05,0.5711780725618038
financial_15m,BTC-USD,F2,adam,23,70,1,7.057655293098774e-05,0.5714899373968912
financial_15m,BTC-USD,F2,adam,24,48,1,3.3488777142795705e-06,0.5683315644727694
financial_15m,BTC-USD,F2,adam,25,76,1,1.6957856099817268e-05,0.5707661533944411
financial_15m,BTC-USD,F2,adam,26,85,1,5.104402447969145e-05,0.5671423495993378
financial_15m,BTC-USD,F2,adam,27,86,1,1.245264860403472e-05,0.5683122410361027
financial_15m,BTC-USD,F2,adam,28,48,1,7.632942786125479e-05,0.5682090054986741
financial_15m,BTC-USD,F2,adam,29,65,1,0.00012745485191497632,0.5739277819588249
financial_15m,BTC-USD,F2,adam,30,48,1,4.415263539346599e-06,0.5702944947240591
financial_15m,BTC-USD,F2,adam,31,49,1,8.182138587827596e-05,0.5751335570852597
financial_15m,BTC-USD,F2,adam,32,62,1,8.92292005005577e-07,0.5698068179997076
financial_15m,BTC-USD,F2,adam,33,108,1,3.276150931123285e-05,0.5697885528372477
financial_15m,BTC-USD,F2,adam,34,46,1,4.417685738162531e-05,0.5686178999660614
financial_15m,BTC-USD,F2,adam,35,54,1,9.334328253166538e-06,0.5700485278989866
financial_15m,BTC-USD,F2,adam,36,47,1,3.281911813190164e-05,0.5726052297516353
financial_15m,BTC-USD,F2,adam,37,78,1,0.0003027296356762996,0.5747053217717153
financial_15m,BTC-USD,F2,adam,38,93,1,7.0393754408824564e-06,0.568988878957944
financial_15m,BTC-USD,F2,adam,39,132,1,0.00010463977511991557,0.5725299735102591
financial_15m,BTC-USD,F2,adam,40,88,1,3.747627161529149e-05,0.5679634153639179
financial_15m,BTC-USD,F2,adam,41,55,1,5.50578078988437e-06,0.5691508642275046
financial_15m,BTC-USD,F2,adam,42,71,1,1.7209336041132418e-05,0.5693061970576887
financial_15m,BTC-USD,F2,adam,43,58,1,2.3297322525501583e-05,0.5705876084920298
financial_15m,BTC-USD,F2,adam,44,75,1,9.918794312403802e-05,0.5707244012681042
financial_15m,BTC-USD,F2,adam,45,54,1,9.771225505888237e-05,0.5676599656009338
financial_15m,BTC-USD,F2,adam,46,107,1,2.925512270902593e-06,0.5692801834740399
financial_15m,BTC-USD,F2,adam,47,63,1,5.244836334988163e-05,0.5685104196542272
financial_15m,BTC-USD,F2,adam,48,75,1,2.3374988652837315e-05,0.5682362701133891
financial_15m,BTC-USD,F2,adam,49,71,1,0.0001188301581956474,0.5733507839777718
financial_15m,BTC-USD,F4,sgd,0,766,1,1.7131972332969808e-05,0.6080871963628485
financial_15m,BTC-USD,F4,sgd,1,822,1,1.114626669123819e-05,0.6063057381501751
financial_15m,BTC-USD,F4,sgd,2,712,1,8.828975736210407e-06,0.6078234626000858
financial_15m,BTC-USD,F4,sgd,3,686,1,1.0598738188228129e-05,0.6071426782568897
financial_15m,BTC-USD,F4,sgd,4,719,1,5.8159650940786065e-05,0.6061296774760945
financial_15m,BTC-USD,F4,sgd,5,748,1,7.192985326464378e-05,0.6064314305216543
financial_15m,BTC-USD,F4,sgd,6,757,1,2.9225791414490663e-05,0.6087922651648623
financial_15m,BTC-USD,F4,sgd,7,845,1,8.743220285536803e-06,0.6071690756076907
financial_15m,BTC-USD,F4,sgd,8,691,1,7.752377491438486e-06,0.6082248514082215
financial_15m,BTC-USD,F4,sgd,9,786,1,1.523834967130625e-05,0.6079626126823414
financial_15m,BTC-USD,F4,sgd,10,786,1,4.069913691941739e-06,0.6078066781822548
financial_15m,BTC-USD,F4,sgd,11,753,1,9.342904807635897e-06,0.6076665968230307
financial_15m,BTC-USD,F4,sgd,12,756,1,9.030854974061478e-06,0.6069354953223031
financial_15m,BTC-USD,F4,sgd,13,732,1,9.08105675350758e-06,0.6070904112331449
financial_15m,BTC-USD,F4,sgd,14,693,1,8.959709318975706e-06,0.6078483559609548
financial_15m,BTC-USD,F4,sgd,15,744,1,1.8232626189011696e-05,0.6070445922394611
financial_15m,BTC-USD,F4,sgd,16,831,1,9.025748190484954e-06,0.6077663681562272
financial_15m,BTC-USD,F4,sgd,17,725,1,1.0457217653167606e-05,0.607018561510891
financial_15m,BTC-USD,F4,sgd,18,781,1,1.740402334313777e-05,0.6062519796913294
financial_15m,BTC-USD,F4,sgd,19,784,1,9.952066430283882e-06,0.6064146543793368
financial_15m,BTC-USD,F4,sgd,20,790,1,3.3217121766352295e-05,0.6092835075246419
financial_15m,BTC-USD,F4,sgd,21,802,1,4.222841288175061e-06,0.607668901043735
financial_15m,BTC-USD,F4,sgd,22,744,1,6.564836836244692e-06,0.6071898017938716
financial_15m,BTC-USD,F4,sgd,23,717,1,4.527863536073e-05,0.6084921869997425
financial_15m,BTC-USD,F4,sgd,24,746,1,3.74094383704636e-06,0.606861956301836
financial_15m,BTC-USD,F4,sgd,25,723,1,5.696122451415237e-06,0.6076089321345439
financial_15m,BTC-USD,F4,sgd,26,680,1,1.0202562911333846e-05,0.6076615239582793
financial_15m,BTC-USD,F4,sgd,27,809,1,5.840934691351498e-06,0.606904962773255
financial_15m,BTC-USD,F4,sgd,28,696,1,3.00955778260597e-06,0.6079284510228443
financial_15m,BTC-USD,F4,sgd,29,793,1,4.632134141384513e-05,0.6081020898472255
financial_15m,BTC-USD,F4,sgd,30,828,1,3.277607663950321e-06,0.607773678815837
financial_15m,BTC-USD,F4,sgd,31,696,1,4.255779686105323e-05,0.6101163370812386
financial_15m,BTC-USD,F4,sgd,32,759,1,8.857161454922306e-06,0.6068724073267138
financial_15m,BTC-USD,F4,sgd,33,747,1,2.4793992902903137e-05,0.6072687746642682
financial_15m,BTC-USD,F4,sgd,34,827,1,6.518711027384577e-06,0.6079386323269071
financial_15m,BTC-USD,F4,sgd,35,767,1,1.0523090733314219e-05,0.6064765847822626
financial_15m,BTC-USD,F4,sgd,36,743,1,1.3028634874207369e-05,0.60796272035547
financial_15m,BTC-USD,F4,sgd,37,811,1,0.00014126339068641048,0.6097299087884006
financial_15m,BTC-USD,F4,sgd,38,816,1,9.399386180544871e-06,0.6068259628883078
financial_15m,BTC-USD,F4,sgd,39,755,1,2.7488839425847488e-05,0.6071963629768071
financial_15m,BTC-USD,F4,sgd,40,710,1,1.8107695817254233e-05,0.6062681883732634
financial_15m,BTC-USD,F4,sgd,41,804,1,5.951321447453302e-06,0.6079657893420027
financial_15m,BTC-USD,F4,sgd,42,813,1,4.565718382597645e-05,0.6049025164930404
financial_15m,BTC-USD,F4,sgd,43,761,1,1.918915182446622e-05,0.6065282437639018
financial_15m,BTC-USD,F4,sgd,44,769,1,2.038300092838361e-05,0.6074548775244244
financial_15m,BTC-USD,F4,sgd,45,763,1,3.125442410386744e-05,0.6062529452151872
financial_15m,BTC-USD,F4,sgd,46,798,1,1.1647466788967784e-05,0.6067145493587449
financial_15m,BTC-USD,F4,sgd,47,707,1,1.5589596069717333e-05,0.6063876678731329
financial_15m,BTC-USD,F4,sgd,48,798,1,1.4795521084685544e-05,0.6067885814288804
financial_15m,BTC-USD,F4,sgd,49,741,1,7.485763913361525e-05,0.6090099850225975
financial_15m,BTC-USD,F4,adam,0,90,1,0.00046598382483837436,0.6045865807756193
financial_15m,BTC-USD,F4,adam,1,81,1,0.0003716728058328836,0.6022669370402344
financial_15m,BTC-USD,F4,adam,2,67,1,8.717421669799442e-05,0.6091684152328387
financial_15m,BTC-USD,F4,adam,3,88,1,0.00012024661786441744,0.6047061053673642
financial_15m,BTC-USD,F4,adam,4,76,1,0.0001439511926911884,0.6083008786903218
financial_15m,BTC-USD,F4,adam,5,109,1,0.0004771993999700828,0.6048140575747958
financial_15m,BTC-USD,F4,adam,6,78,1,0.0005887289638455693,0.6145525870554331
financial_15m,BTC-USD,F4,adam,7,73,1,8.432862479141779e-05,0.6083195519714306
financial_15m,BTC-USD,F4,adam,8,84,1,7.835549764222634e-05,0.6084825350128046
financial_15m,BTC-USD,F4,adam,9,77,1,5.1314974895748416e-05,0.6068497450875261
financial_15m,BTC-USD,F4,adam,10,104,1,0.00036816956408220104,0.6126876944173729
financial_15m,BTC-USD,F4,adam,11,83,1,8.264418624027112e-05,0.6112516235749079
financial_15m,BTC-USD,F4,adam,12,65,1,0.0009167880755384455,0.6013568141252637
financial_15m,BTC-USD,F4,adam,13,73,1,9.491873906073102e-05,0.61047019944526
financial_15m,BTC-USD,F4,adam,14,66,1,0.00028855930600871584,0.6096459807053874
financial_15m,BTC-USD,F4,adam,15,87,1,0.00016578784488670834,0.609602303793647
financial_15m,BTC-USD,F4,adam,16,72,1,1.9398353467743247e-05,0.6084559072575729
financial_15m,BTC-USD,F4,adam,17,85,1,0.0005363265373654168,0.6033936911221407
financial_15m,BTC-USD,F4,adam,18,80,1,0.0003200808839768414,0.61123828932975
financial_15m,BTC-USD,F4,adam,19,72,1,3.994531524763673e-05,0.6099221643035762
financial_15m,BTC-USD,F4,adam,20,68,1,0.00010116606844138848,0.6060437612363986
financial_15m,BTC-USD,F4,adam,21,85,1,0.00010817933801432952,0.6085578020570358
financial_15m,BTC-USD,F4,adam,22,72,1,0.00017845127279248567,0.6133473538112443
financial_15m,BTC-USD,F4,adam,23,100,1,0.0002304798699936667,0.6102146347232799
financial_15m,BTC-USD,F4,adam,24,85,1,0.00014863756008452685,0.609523906791185
financial_15m,BTC-USD,F4,adam,25,75,1,6.343086559130428e-05,0.6103657912609975
financial_15m,BTC-USD,F4,adam,26,73,1,0.0004372703487735175,0.6045985382202489
financial_15m,BTC-USD,F4,adam,27,73,1,0.00034527116637973396,0.6028246448203535
financial_15m,BTC-USD,F4,adam,28,60,1,0.0001481880304505811,0.6059871146049962
financial_15m,BTC-USD,F4,adam,29,74,1,0.00030678588576126486,0.609047451555082
financial_15m,BTC-USD,F4,adam,30,97,1,2.5055905362473932e-05,0.6095800477962123
financial_15m,BTC-USD,F4,adam,31,71,1,0.00015180011786016805,0.6134974854303639
financial_15m,BTC-USD,F4,adam,32,93,1,6.9960845651409e-05,0.6061923365690012
financial_15m,BTC-USD,F4,adam,33,91,1,0.00010195815087322865,0.607608693830182
financial_15m,BTC-USD,F4,adam,34,84,1,0.00021386193610096685,0.6142796906778207
financial_15m,BTC-USD,F4,adam,35,71,1,4.1288637139560575e-05,0.6092402340967846
financial_15m,BTC-USD,F4,adam,36,74,1,0.00013684566718449113,0.6116703101994486
financial_15m,BTC-USD,F4,adam,37,79,1,0.001646940413173266,0.619838947939866
financial_15m,BTC-USD,F4,adam,38,87,1,9.679484881812425e-05,0.6054864959876627
financial_15m,BTC-USD,F4,adam,39,108,1,0.00046897489386467064,0.6031538974438792
financial_15m,BTC-USD,F4,adam,40,85,1,0.0005238986122479516,0.6012329881765979
financial_15m,BTC-USD,F4,adam,41,125,1,4.5179847760126966e-05,0.6100518711537662
financial_15m,BTC-USD,F4,adam,42,78,1,0.0001702886317704176,0.6057975013417687
financial_15m,BTC-USD,F4,adam,43,85,1,0.00037951616059693396,0.610473375472831
financial_15m,BTC-USD,F4,adam,44,76,1,0.00011874880304037672,0.6102739107242007
financial_15m,BTC-USD,F4,adam,45,76,1,0.0006295829203373732,0.6039562323776688
financial_15m,BTC-USD,F4,adam,46,100,1,0.0006532802432579879,0.6122112225929811
financial_15m,BTC-USD,F4,adam,47,73,1,0.00031629744917514277,0.6019652121002831
financial_15m,BTC-USD,F4,adam,48,106,1,0.0004518677682709101,0.6084864405085971
financial_15m,BTC-USD,F4,adam,49,84,1,2.883484318827993e-05,0.6058641935464991
financial_15m,ETH-USD,F0,sgd,0,93,1,5.8947184153563116e-05,0.47934486542074156
financial_15m,ETH-USD,F0,sgd,1,85,1,0.00019051386086346977,0.47983392092837895
financial_15m,ETH-USD,F0,sgd,2,114,1,8.096046723625253e-05,0.47951760508818053
financial_15m,ETH-USD,F0,sgd,3,89,1,0.0001198400799083138,0.47965073395772884
financial_15m,ETH-USD,F0,sgd,4,104,1,0.00014872850827397273,0.47943742500013
financial_15m,ETH-USD,F0,sgd,5,69,1,0.0001650285611960421,0.4794794778011242
financial_15m,ETH-USD,F0,sgd,6,95,1,0.000228511176782069,0.4790969335294915
financial_15m,ETH-USD,F0,sgd,7,192,1,0.0001470521132208967,0.47981090244972896
financial_15m,ETH-USD,F0,sgd,8,169,1,0.0002541909146272899,0.48006406845196964
financial_15m,ETH-USD,F0,sgd,9,117,1,6.909663088165753e-05,0.4793885271858185
financial_15m,ETH-USD,F0,sgd,10,100,1,5.685749440071802e-05,0.47954642874001724
financial_15m,ETH-USD,F0,sgd,11,101,1,7.396524346606732e-05,0.47946784312660723
financial_15m,ETH-USD,F0,sgd,12,147,1,5.54191737272562e-05,0.4796060763531246
financial_15m,ETH-USD,F0,sgd,13,89,1,0.0001236943805403923,0.4795924385086263
financial_15m,ETH-USD,F0,sgd,14,99,1,0.00014410224005345743,0.4795330438585674
financial_15m,ETH-USD,F0,sgd,15,79,1,6.697222302755065e-05,0.4796920888850561
financial_15m,ETH-USD,F0,sgd,16,106,1,7.109386711758254e-05,0.47972198633987834
financial_15m,ETH-USD,F0,sgd,17,121,1,0.00024243008077676567,0.4800064632573271
financial_15m,ETH-USD,F0,sgd,18,92,1,0.00011713281484872126,0.4798210967580045
financial_15m,ETH-USD,F0,sgd,19,109,1,3.111347475287403e-05,0.47968920926683745
financial_15m,ETH-USD,F0,sgd,20,182,1,0.000171267543121988,0.47958441510068756
financial_15m,ETH-USD,F0,sgd,21,105,1,0.0002844796188017738,0.4793613406698559
financial_15m,ETH-USD,F0,sgd,22,113,1,7.755323683120538e-05,0.4796406471122198
financial_15m,ETH-USD,F0,sgd,23,116,1,0.000360755560037278,0.4792254229423651
financial_15m,ETH-USD,F0,sgd,24,159,1,0.00010879628903809768,0.4799985672104795
financial_15m,ETH-USD,F0,sgd,25,100,1,0.0001187514557330796,0.47968025108307
financial_15m,ETH-USD,F0,sgd,26,129,1,0.00016496178935472176,0.4792062507747515
financial_15m,ETH-USD,F0,sgd,27,92,1,0.00022109017303609358,0.4792634490282593
financial_15m,ETH-USD,F0,sgd,28,137,1,9.551363814283072e-05,0.47963462861110523
financial_15m,ETH-USD,F0,sgd,29,96,1,0.00028318615377903095,0.47988480404621486
financial_15m,ETH-USD,F0,sgd,30,76,1,8.902821352246787e-05,0.47934073168086616
financial_15m,ETH-USD,F0,sgd,31,122,1,0.00010880505661462767,0.47959776473588595
financial_15m,ETH-USD,F0,sgd,32,133,1,0.0001483158731585994,0.47933943737280654
financial_15m,ETH-USD,F0,sgd,33,95,1,0.0001865511906124142,0.4796935842553965
financial_15m,ETH-USD,F0,sgd,34,128,1,0.00013522205006281457,0.47935597370086824
financial_15m,ETH-USD,F0,sgd,35,116,1,0.00011564605038502614,0.47961389969572227
financial_15m,ETH-USD,F0,sgd,36,105,1,0.0003289563058777654,0.4801324258472351
financial_15m,ETH-USD,F0,sgd,37,99,1,0.000497194497476005,0.47977983820731307
financial_15m,ETH-USD,F0,sgd,38,129,1,6.959249410032167e-05,0.4796009032295778
financial_15m,ETH-USD,F0,sgd,39,78,1,0.0005821306460508705,0.47980376150222387
financial_15m,ETH-USD,F0,sgd,40,336,1,5.640012112799253e-05,0.4795078236409668
financial_15m,ETH-USD,F0,sgd,41,230,1,7.350973963510784e-05,0.47979064619950645
financial_15m,ETH-USD,F0,sgd,42,70,1,0.0001966284537119457,0.4795404061911748
financial_15m,ETH-USD,F0,sgd,43,154,1,0.00014368043505677252,0.47953475843788185
financial_15m,ETH-USD,F0,sgd,44,96,1,7.101007341243545e-05,0.4793251481259518
financial_15m,ETH-USD,F0,sgd,45,95,1,0.0001393626225013191,0.47965126949938974
financial_15m,ETH-USD,F0,sgd,46,294,1,0.0003017323535842309,0.4792129425267159
financial_15m,ETH-USD,F0,sgd,47,106,1,0.00011427250529155474,0.47955183294558235
financial_15m,ETH-USD,F0,sgd,48,81,1,0.000705266646163596,0.4792777522103589
financial_15m,ETH-USD,F0,sgd,49,157,1,9.109378238776325e-05,0.4794810918026714
financial_15m,ETH-USD,F0,adam,0,4000,0,0.0006790060948211673,0.47948745666890336
financial_15m,ETH-USD,F0,adam,1,4000,0,0.0019959437050827513,0.4806871468394619
financial_15m,ETH-USD,F0,adam,2,773,1,0.0013516424631480515,0.47947032218093705
financial_15m,ETH-USD,F0,adam,3,4000,0,0.0010957118847359593,0.48077915614886463
financial_15m,ETH-USD,F0,adam,4,2112,1,0.0019378794301711365,0.4791773226377771
financial_15m,ETH-USD,F0,adam,5,4000,0,0.00197485893710011,0.48030837628304723
financial_15m,ETH-USD,F0,adam,6,1431,1,0.0024409299182404187,0.4785648097762119
financial_15m,ETH-USD,F0,adam,7,4000,0,0.0009515214175207364,0.48053849110076763
financial_15m,ETH-USD,F0,adam,8,4000,0,0.0036912503391748294,0.4820566294834145
financial_15m,ETH-USD,F0,adam,9,4000,0,0.0031842626063691877,0.4802874770178114
financial_15m,ETH-USD,F0,adam,10,2222,1,0.0038255699942500634,0.47959010278830183
financial_15m,ETH-USD,F0,adam,11,4000,0,0.0004512423810842022,0.4799719666172495
financial_15m,ETH-USD,F0,adam,12,1005,1,0.0020342368424964203,0.4800145422989018
financial_15m,ETH-USD,F0,adam,13,1593,1,0.002630277312603323,0.48051550700141504
financial_15m,ETH-USD,F0,adam,14,4000,0,0.003433222541080244,0.4784763028063021
financial_15m,ETH-USD,F0,adam,15,4000,0,0.00313770925328812,0.48044974996822337
financial_15m,ETH-USD,F0,adam,16,2814,1,0.0032598936309521866,0.4800760658219104
financial_15m,ETH-USD,F0,adam,17,4000,0,0.0007057720141606019,0.4801868064747852
financial_15m,ETH-USD,F0,adam,18,649,1,0.002034657558931022,0.4802420673686864
financial_15m,ETH-USD,F0,adam,19,522,1,0.002331569194512797,0.47880606018147176
financial_15m,ETH-USD,F0,adam,20,4000,0,0.002796829497644963,0.4808521805892806
financial_15m,ETH-USD,F0,adam,21,4000,0,0.0011103562433716861,0.4798664507792067
financial_15m,ETH-USD,F0,adam,22,4000,0,0.0009178113970216881,0.48032872792861225
financial_15m,ETH-USD,F0,adam,23,4000,0,0.004595142379544143,0.48020364061895593
financial_15m,ETH-USD,F0,adam,24,1223,1,0.003206981418470017,0.48077242064901565
financial_15m,ETH-USD,F0,adam,25,152,1,0.0011277506557916704,0.48028314922362025
financial_15m,ETH-USD,F0,adam,26,800,1,0.0006570210348115967,0.47983712824077956
financial_15m,ETH-USD,F0,adam,27,370,1,0.002259832897621719,0.48061916293846857
financial_15m,ETH-USD,F0,adam,28,2651,1,0.0005085320736199343,0.47949674211410614
financial_15m,ETH-USD,F0,adam,29,4000,0,0.0038280006896951775,0.4817629628576103
financial_15m,ETH-USD,F0,adam,30,4000,0,0.0012016381526951385,0.47924070604974384
financial_15m,ETH-USD,F0,adam,31,1670,1,0.001555785867264566,0.4792793065206412
financial_15m,ETH-USD,F0,adam,32,440,1,0.0005091899850721528,0.47928192577827905
financial_15m,ETH-USD,F0,adam,33,4000,0,0.002647977905347922,0.4803751813018129
financial_15m,ETH-USD,F0,adam,34,121,1,0.003578819373092521,0.47900959304877194
financial_15m,ETH-USD,F0,adam,35,2904,1,0.0032568274457085798,0.47851349482256533
financial_15m,ETH-USD,F0,adam,36,4000,0,0.0018411083136402721,0.4807211973320093
financial_15m,ETH-USD,F0,adam,37,109,1,0.002796286437085848,0.47980817989805197
financial_15m,ETH-USD,F0,adam,38,4000,0,0.0020543985402849078,0.4790702923560973
financial_15m,ETH-USD,F0,adam,39,4000,0,0.00220494009801675,0.4802616089057169
financial_15m,ETH-USD,F0,adam,40,4000,0,0.0006250860276244186,0.47999059579922787
financial_15m,ETH-USD,F0,adam,41,4000,0,0.0025632998876149093,0.47906961227216444
financial_15m,ETH-USD,F0,adam,42,4000,0,0.0012471383055931754,0.4785686407942763
financial_15m,ETH-USD,F0,adam,43,4000,0,0.0021093830775872993,0.4792356872231979
financial_15m,ETH-USD,F0,adam,44,2835,1,0.004044059667802807,0.48146001451690384
financial_15m,ETH-USD,F0,adam,45,4000,0,0.004530057727836705,0.4782898498858894
financial_15m,ETH-USD,F0,adam,46,4000,0,0.007826342308035163,0.47919769984551946
financial_15m,ETH-USD,F0,adam,47,2365,1,0.005187389686069522,0.47894506853678054
financial_15m,ETH-USD,F0,adam,48,4000,0,0.004425295609321045,0.4795638592366227
financial_15m,ETH-USD,F0,adam,49,4000,0,0.0020029968408202523,0.47907392175832786
financial_15m,ETH-USD,F1,sgd,0,507,1,2.8639511518744044e-05,0.5075473848808898
financial_15m,ETH-USD,F1,sgd,1,603,1,3.4581647327087664e-05,0.5075393402690944
financial_15m,ETH-USD,F1,sgd,2,455,1,2.266613872906543e-05,0.5078569674579673
financial_15m,ETH-USD,F1,sgd,3,481,1,3.5707015079494764e-05,0.5073455119549227
financial_15m,ETH-USD,F1,sgd,4,545,1,6.846243214722277e-05,0.5062562172734063
financial_15m,ETH-USD,F1,sgd,5,536,1,6.636130167053034e-05,0.5063400511004396
financial_15m,ETH-USD,F1,sgd,6,444,1,3.972832666767898e-05,0.5083803940019684
financial_15m,ETH-USD,F1,sgd,7,500,1,3.42882415528763e-05,0.5075570996054317
financial_15m,ETH-USD,F1,sgd,8,471,1,3.8555781464676944e-05,0.5080833379001644
financial_15m,ETH-USD,F1,sgd,9,434,1,2.8703640576614718e-05,0.5077737756403657
financial_15m,ETH-USD,F1,sgd,10,478,1,3.734540695408821e-05,0.5080258661545455
financial_15m,ETH-USD,F1,sgd,11,495,1,3.220417375943591e-05,0.5078814391526081
financial_15m,ETH-USD,F1,sgd,12,552,1,3.6149398970781463e-05,0.5079260120830911
financial_15m,ETH-USD,F1,sgd,13,454,1,2.8926460235771528e-05,0.5075864248156732
financial_15m,ETH-USD,F1,sgd,14,488,1,2.774795750096589e-05,0.5080535015094855
financial_15m,ETH-USD,F1,sgd,15,510,1,4.413574094989246e-05,0.5080326077839279
financial_15m,ETH-USD,F1,sgd,16,563,1,4.283505012890359e-05,0.5081087630096037
financial_15m,ETH-USD,F1,sgd,17,462,1,3.6606743106470694e-05,0.5078655983370887
financial_15m,ETH-USD,F1,sgd,18,547,1,3.705001308461565e-05,0.5072030097423186
financial_15m,ETH-USD,F1,sgd,19,490,1,3.6192593963269785e-05,0.5075222592787724
financial_15m,ETH-USD,F1,sgd,20,489,1,2.1505083789761118e-05,0.5085076159591144
financial_15m,ETH-USD,F1,sgd,21,498,1,3.451412462797979e-05,0.5078293062886932
financial_15m,ETH-USD,F1,sgd,22,481,1,3.46122507162815e-05,0.5077117089900988
financial_15m,ETH-USD,F1,sgd,23,512,1,5.359810294845103e-05,0.5084669853792946
financial_15m,ETH-USD,F1,sgd,24,483,1,3.080926319970477e-05,0.5073705370676563
financial_15m,ETH-USD,F1,sgd,25,453,1,3.2420842030981946e-05,0.5077959098038217
financial_15m,ETH-USD,F1,sgd,26,421,1,3.39175503504397e-05,0.5078978200398625
financial_15m,ETH-USD,F1,sgd,27,555,1,2.838843009181662e-05,0.5073624077085999
financial_15m,ETH-USD,F1,sgd,28,438,1,2.3262335489034724e-05,0.5079019278228935
financial_15m,ETH-USD,F1,sgd,29,522,1,7.048636861207134e-05,0.5091407168284592
financial_15m,ETH-USD,F1,sgd,30,507,1,2.7579592701771866e-05,0.5080240256137861
financial_15m,ETH-USD,F1,sgd,31,535,1,3.346727697690107e-05,0.508881168228165
financial_15m,ETH-USD,F1,sgd,32,545,1,3.845253384193665e-05,0.507400657039257
financial_15m,ETH-USD,F1,sgd,33,480,1,4.1824236881370664e-05,0.5078460959263895
financial_15m,ETH-USD,F1,sgd,34,473,1,3.019172520886689e-05,0.5080505599035543
financial_15m,ETH-USD,F1,sgd,35,519,1,4.8199208322516556e-05,0.5074497759128624
financial_15m,ETH-USD,F1,sgd,36,438,1,3.357571482269035e-05,0.5084093713766524
financial_15m,ETH-USD,F1,sgd,37,474,1,0.00015156136367661078,0.5099235913210812
financial_15m,ETH-USD,F1,sgd,38,529,1,3.668853004502376e-05,0.5074318319080781
financial_15m,ETH-USD,F1,sgd,39,476,1,5.210390611158971e-05,0.50828435942671
financial_15m,ETH-USD,F1,sgd,40,458,1,4.1854431756243235e-05,0.5071996800673751
financial_15m,ETH-USD,F1,sgd,41,525,1,3.039694396286544e-05,0.5079530090566082
financial_15m,ETH-USD,F1,sgd,42,500,1,6.782556578458179e-05,0.5072499522385636
financial_15m,ETH-USD,F1,sgd,43,491,1,4.8399840239880184e-05,0.5079553679452598
financial_15m,ETH-USD,F1,sgd,44,512,1,4.632064875504918e-05,0.5081447845521504
financial_15m,ETH-USD,F1,sgd,45,480,1,5.017352906823133e-05,0.5069480222425493
financial_15m,ETH-USD,F1,sgd,46,517,1,3.252636100072154e-05,0.5073571465182445
financial_15m,ETH-USD,F1,sgd,47,415,1,4.810324036688511e-05,0.5073382840617808
financial_15m,ETH-USD,F1,sgd,48,551,1,3.926271454091507e-05,0.5072870451935857
financial_15m,ETH-USD,F1,sgd,49,516,1,9.103280882347874e-05,0.5092843293003053
financial_15m,ETH-USD,F1,adam,0,81,1,0.0003413116674892828,0.5074470860308848
financial_15m,ETH-USD,F1,adam,1,84,1,0.00026950253343040745,0.5073270765170244
financial_15m,ETH-USD,F1,adam,2,54,1,2.1567137495126994e-05,0.5081850438880354
financial_15m,ETH-USD,F1,adam,3,85,1,1.1762248638479206e-05,0.5094765659518543
financial_15m,ETH-USD,F1,adam,4,77,1,0.00015985069334916645,0.5078882445444083
financial_15m,ETH-USD,F1,adam,5,110,1,0.00036565548763832387,0.5046857024802565
financial_15m,ETH-USD,F1,adam,6,79,1,0.0005044196538010089,0.5129378836553135
financial_15m,ETH-USD,F1,adam,7,75,1,3.640903381457856e-05,0.5089277217604979
financial_15m,ETH-USD,F1,adam,8,61,1,1.3682792046160733e-05,0.5109830068602425
financial_15m,ETH-USD,F1,adam,9,67,1,5.206372312389105e-05,0.5079365754478914
financial_15m,ETH-USD,F1,adam,10,82,1,0.0003292344417426518,0.5158289553656429
financial_15m,ETH-USD,F1,adam,11,84,1,0.00016171258124858344,0.5123694891385191
financial_15m,ETH-USD,F1,adam,12,55,1,0.0007086896521120154,0.5046425080514574
financial_15m,ETH-USD,F1,adam,13,49,1,0.00014546655501554862,0.5108103813692827
financial_15m,ETH-USD,F1,adam,14,53,1,0.00016674823601576445,0.5134376039929229
financial_15m,ETH-USD,F1,adam,15,64,1,0.0001005707780767809,0.5105383827132575
financial_15m,ETH-USD,F1,adam,16,57,1,7.2849568517683936e-06,0.5091161258490892
financial_15m,ETH-USD,F1,adam,17,68,1,9.301360144079247e-05,0.5103624388139116
financial_15m,ETH-USD,F1,adam,18,69,1,0.0001248714698905656,0.5125314902148161
financial_15m,ETH-USD,F1,adam,19,73,1,2.3300606135102143e-05,0.5087217811903187
financial_15m,ETH-USD,F1,adam,20,70,1,3.3759351388498295e-05,0.5096666183654691
financial_15m,ETH-USD,F1,adam,21,68,1,6.358414187989083e-05,0.5107192832641232
financial_15m,ETH-USD,F1,adam,22,58,1,0.00015783902187815077,0.5117754118287964
financial_15m,ETH-USD,F1,adam,23,75,1,4.030039646795642e-05,0.5081780656229766
financial_15m,ETH-USD,F1,adam,24,67,1,0.00011684250986112607,0.5111586050331406
financial_15m,ETH-USD,F1,adam,25,51,1,8.264183192649598e-05,0.5124808546020397
financial_15m,ETH-USD,F1,adam,26,48,1,0.000541350457858496,0.5046595444418321
financial_15m,ETH-USD,F1,adam,27,68,1,0.00020983552699759635,0.5056721193153783
financial_15m,ETH-USD,F1,adam,28,60,1,0.0001822288417773069,0.5088898278069823
financial_15m,ETH-USD,F1,adam,29,62,1,0.0002867306072367383,0.5144304658127009
financial_15m,ETH-USD,F1,adam,30,96,1,4.580459406199425e-05,0.5099665705851232
financial_15m,ETH-USD,F1,adam,31,67,1,3.0295153660712827e-05,0.51233933083386
financial_15m,ETH-USD,F1,adam,32,91,1,1.189898799260983e-05,0.5090063028701037
financial_15m,ETH-USD,F1,adam,33,92,1,9.225055519988603e-06,0.5091065885620414
financial_15m,ETH-USD,F1,adam,34,56,1,0.00010581095305672988,0.5126081980722611
financial_15m,ETH-USD,F1,adam,35,65,1,4.4863174078881844e-05,0.5100839238291623
financial_15m,ETH-USD,F1,adam,36,73,1,1.5712041850358467e-05,0.5112932729708906
financial_15m,ETH-USD,F1,adam,37,76,1,0.0012034048289506626,0.5188950149831703
financial_15m,ETH-USD,F1,adam,38,92,1,4.0900318918559645e-06,0.5097618203890014
financial_15m,ETH-USD,F1,adam,39,109,1,0.00013669318191425285,0.5099278980637978
financial_15m,ETH-USD,F1,adam,40,54,1,0.0004191705966444882,0.5040236081957276
financial_15m,ETH-USD,F1,adam,41,72,1,6.937028232572927e-06,0.5092001066146041
financial_15m,ETH-USD,F1,adam,42,67,1,0.00016470129778609218,0.509763215339432
financial_15m,ETH-USD,F1,adam,43,86,1,0.0003254365377093991,0.5116210684080568
financial_15m,ETH-USD,F1,adam,44,66,1,9.687717440133147e-05,0.5099206156945228
financial_15m,ETH-USD,F1,adam,45,77,1,0.0006265892169828003,0.5047366635739167
financial_15m,ETH-USD,F1,adam,46,98,1,0.00042607562362226287,0.5116945276851526
financial_15m,ETH-USD,F1,adam,47,63,1,0.00036595132378063625,0.5059434531641052
financial_15m,ETH-USD,F1,adam,48,65,1,0.00029500135872427227,0.506031824349163
financial_15m,ETH-USD,F1,adam,49,52,1,3.3862468579422465e-05,0.5095510015900832
financial_15m,ETH-USD,F2,sgd,0,1452,1,8.07874993618223e-06,0.4877028502422232
financial_15m,ETH-USD,F2,sgd,1,1244,1,1.1305208539932782e-05,0.48809834673634467
financial_15m,ETH-USD,F2,sgd,2,1381,1,8.429284466636441e-06,0.48728402419582695
financial_15m,ETH-USD,F2,sgd,3,1459,1,7.881023028786277e-06,0.4876077730208314
financial_15m,ETH-USD,F2,sgd,4,1397,1,1.641996372443848e-05,0.4869363830983754
financial_15m,ETH-USD,F2,sgd,5,1635,1,1.2707576085530649e-05,0.48707566135736513
financial_15m,ETH-USD,F2,sgd,6,1257,1,7.387777235580998e-06,0.4877667542346689
financial_15m,ETH-USD,F2,sgd,7,1427,1,8.820608289076267e-06,0.48784786371298333
financial_15m,ETH-USD,F2,sgd,8,1435,1,9.408435564644028e-06,0.4878797487073448
financial_15m,ETH-USD,F2,sgd,9,1532,1,6.986677122286797e-06,0.48763974113581476
financial_15m,ETH-USD,F2,sgd,10,1444,1,9.40333483220856e-06,0.48786216501821744
financial_15m,ETH-USD,F2,sgd,11,1494,1,7.320452004356716e-06,0.4877219672819092
financial_15m,ETH-USD,F2,sgd,12,1612,1,8.05179002927006e-06,0.4878045472594745
financial_15m,ETH-USD,F2,sgd,13,1390,1,6.962084645663872e-06,0.48753360714573646
financial_15m,ETH-USD,F2,sgd,14,1449,1,1.0781319919009253e-05,0.48731155165081697
financial_15m,ETH-USD,F2,sgd,15,1625,1,7.949480351864843e-06,0.487649658788007
financial_15m,ETH-USD,F2,sgd,16,1261,1,9.308360359424175e-06,0.4878307718834672
financial_15m,ETH-USD,F2,sgd,17,1690,1,7.866238148585523e-06,0.4876632349893258
financial_15m,ETH-USD,F2,sgd,18,1473,1,1.2236581298305745e-05,0.48813185019301475
financial_15m,ETH-USD,F2,sgd,19,1207,1,9.244517326591585e-06,0.487411723838805
financial_15m,ETH-USD,F2,sgd,20,1303,1,7.74326338980526e-06,0.48788201009138765
financial_15m,ETH-USD,F2,sgd,21,1315,1,7.851195310322804e-06,0.4876831427404208
financial_15m,ETH-USD,F2,sgd,22,1625,1,9.056358420424251e-06,0.487495971827714
financial_15m,ETH-USD,F2,sgd,23,1253,1,1.0969469206147315e-05,0.48804683479344113
financial_15m,ETH-USD,F2,sgd,24,1786,1,7.63272437405264e-06,0.4876949281815026
financial_15m,ETH-USD,F2,sgd,25,1260,1,8.453994091893875e-06,0.48737359644257006
financial_15m,ETH-USD,F2,sgd,26,1491,1,6.804326924327162e-06,0.48769275358868774
financial_15m,ETH-USD,F2,sgd,27,1573,1,7.392524682673544e-06,0.48742829204275984
financial_15m,ETH-USD,F2,sgd,28,1786,1,7.251619148795237e-06,0.48780758761707027
financial_15m,ETH-USD,F2,sgd,29,1539,1,1.1902987288551359e-05,0.4881829958757491
financial_15m,ETH-USD,F2,sgd,30,1355,1,7.77365654615961e-06,0.48763097093316343
financial_15m,ETH-USD,F2,sgd,31,1442,1,1.175137417887155e-05,0.488199377995062
financial_15m,ETH-USD,F2,sgd,32,1222,1,1.560637410924758e-05,0.4871872914258712
financial_15m,ETH-USD,F2,sgd,33,1396,1,7.220085794554897e-06,0.48755022035837936
financial_15m,ETH-USD,F2,sgd,34,1192,1,1.3478996994676585e-05,0.4881927837157689
financial_15m,ETH-USD,F2,sgd,35,1496,1,1.0286303283173916e-05,0.48747273325940516
financial_15m,ETH-USD,F2,sgd,36,1389,1,9.679077297902574e-06,0.4880362590866568
financial_15m,ETH-USD,F2,sgd,37,1342,1,2.7131715305192233e-05,0.4887030535842153
financial_15m,ETH-USD,F2,sgd,38,1548,1,8.369395921706275e-06,0.4876539244906939
financial_15m,ETH-USD,F2,sgd,39,1405,1,9.028772296246069e-06,0.48785429699510846
financial_15m,ETH-USD,F2,sgd,40,1466,1,8.558462047034885e-06,0.4875168545285025
financial_15m,ETH-USD,F2,sgd,41,1287,1,8.076271568078074e-06,0.4877022873765132
financial_15m,ETH-USD,F2,sgd,42,1354,1,1.1831216506577483e-05,0.4876175815608492
financial_15m,ETH-USD,F2,sgd,43,1345,1,9.496781320630863e-06,0.4878649535610224
financial_15m,ETH-USD,F2,sgd,44,1251,1,7.911035180511429e-06,0.4876196935157501
financial_15m,ETH-USD,F2,sgd,45,1418,1,1.1024629643422917e-05,0.48731466270128165
financial_15m,ETH-USD,F2,sgd,46,1495,1,7.389568919794375e-06,0.48752491105045204
financial_15m,ETH-USD,F2,sgd,47,1267,1,1.0920617303403526e-05,0.4874638211883213
financial_15m,ETH-USD,F2,sgd,48,1531,1,8.406421478114905e-06,0.48767907519775394
financial_15m,ETH-USD,F2,sgd,49,1377,1,1.7725898333907303e-05,0.4884061834417086
financial_15m,ETH-USD,F2,adam,0,42,1,8.921949059200496e-06,0.4876062583237215
financial_15m,ETH-USD,F2,adam,1,40,1,4.5649528404613545e-05,0.4860562536898674
financial_15m,ETH-USD,F2,adam,2,68,1,7.412926478269056e-06,0.48660126075783744
financial_15m,ETH-USD,F2,adam,3,52,1,8.085483166610969e-05,0.4858453682764317
financial_15m,ETH-USD,F2,adam,4,80,1,0.00016778678963358897,0.48374669867068454
financial_15m,ETH-USD,F2,adam,5,51,1,0.0001755277125213914,0.48438891067246076
financial_15m,ETH-USD,F2,adam,6,58,1,3.886655509557007e-05,0.4882980439316272
financial_15m,ETH-USD,F2,adam,7,35,1,9.640458221255282e-05,0.48562163329164687
financial_15m,ETH-USD,F2,adam,8,52,1,1.3194637265232584e-05,0.4883142318222042
financial_15m,ETH-USD,F2,adam,9,60,1,7.073643518591048e-06,0.4875560298982904
financial_15m,ETH-USD,F2,adam,10,55,1,3.374591178302147e-06,0.4872118156793429
financial_15m,ETH-USD,F2,adam,11,52,1,0.00010532639825371317,0.4890895662296358
financial_15m,ETH-USD,F2,adam,12,59,1,1.1541632533485379e-06,0.4874327278416961
financial_15m,ETH-USD,F2,adam,13,83,1,6.134786247101805e-06,0.4877730649690278
financial_15m,ETH-USD,F2,adam,14,58,1,9.313270270742797e-05,0.490029144266249
financial_15m,ETH-USD,F2,adam,15,48,1,8.043314837181121e-05,0.48892494064971925
financial_15m,ETH-USD,F2,adam,16,77,1,4.44199778824006e-05,0.4885130019710434
financial_15m,ETH-USD,F2,adam,17,52,1,1.2528974724316531e-06,0.4872953527432589
financial_15m,ETH-USD,F2,adam,18,57,1,2.212847865784931e-05,0.4862740411499283
financial_15m,ETH-USD,F2,adam,19,70,1,2.2628736142794965e-06,0.4871758313843974
financial_15m,ETH-USD,F2,adam,20,34,1,3.926507407474514e-05,0.4887766214771143
financial_15m,ETH-USD,F2,adam,21,59,1,1.6638139797999968e-05,0.4874949447334858
financial_15m,ETH-USD,F2,adam,22,70,1,4.7914021804051155e-05,0.48882750679273174
financial_15m,ETH-USD,F2,adam,23,52,1,6.542986335539591e-05,0.4888353277311629
financial_15m,ETH-USD,F2,adam,24,42,1,3.7962439626113483e-06,0.48677997932900585
financial_15m,ETH-USD,F2,adam,25,69,1,2.0974321558124023e-05,0.4884350498520153
financial_15m,ETH-USD,F2,adam,26,82,1,7.821998569464978e-05,0.4850006958514399
financial_15m,ETH-USD,F2,adam,27,69,1,1.5244291680009434e-05,0.48631154409261773
financial_15m,ETH-USD,F2,adam,28,44,1,0.00010002071111860701,0.4858904480914318
financial_15m,ETH-USD,F2,adam,29,60,1,0.00014274845388512222,0.4915054824083916
financial_15m,ETH-USD,F2,adam,30,43,1,6.557924137935939e-06,0.48755909548543075
financial_15m,ETH-USD,F2,adam,31,43,1,8.666047890920788e-05,0.49089457344367043
financial_15m,ETH-USD,F2,adam,32,54,1,1.047091874768495e-06,0.48753364492611984
financial_15m,ETH-USD,F2,adam,33,61,1,2.93049208782205e-05,0.4875695570538209
financial_15m,ETH-USD,F2,adam,34,43,1,5.169812170108303e-05,0.4861652024397698
financial_15m,ETH-USD,F2,adam,35,48,1,1.0998102550723144e-05,0.48801199302237325
financial_15m,ETH-USD,F2,adam,36,44,1,3.67626387743908e-05,0.4897863932485995
financial_15m,ETH-USD,F2,adam,37,74,1,0.0003312081780586128,0.4917494515129391
financial_15m,ETH-USD,F2,adam,38,89,1,6.733819146503056e-06,0.48674074931571965
financial_15m,ETH-USD,F2,adam,39,78,1,0.00012164048708091501,0.49024541423369083
financial_15m,ETH-USD,F2,adam,40,85,1,4.8801389681364104e-05,0.4858150260922405
financial_15m,ETH-USD,F2,adam,41,52,1,6.869473470107658e-06,0.48677345677879374
financial_15m,ETH-USD,F2,adam,42,64,1,1.9043066797875862e-05,0.48787618715387837
financial_15m,ETH-USD,F2,adam,43,49,1,3.0300209926334655e-05,0.4887123957074154
financial_15m,ETH-USD,F2,adam,44,60,1,0.0001017406258703529,0.48879339390221305
financial_15m,ETH-USD,F2,adam,45,49,1,0.00012478182493916068,0.48523398245886606
financial_15m,ETH-USD,F2,adam,46,100,1,6.243191718759539e-06,0.4872978392431396
financial_15m,ETH-USD,F2,adam,47,57,1,6.033696420126676e-05,0.4863410825651124
financial_15m,ETH-USD,F2,adam,48,63,1,3.1084786324705926e-05,0.4859606524382304
financial_15m,ETH-USD,F2,adam,49,66,1,0.00010782505825530874,0.49014073468049196
financial_15m,ETH-USD,F4,sgd,0,874,1,1.6431895463209522e-05,0.5154852679248059
financial_15m,ETH-USD,F4,sgd,1,943,1,1.0710458900520967e-05,0.5143156478345818
financial_15m,ETH-USD,F4,sgd,2,855,1,1.1989177458767519e-05,0.5154833589375574
financial_15m,ETH-USD,F4,sgd,3,818,1,1.0808881360585216e-05,0.5147224637717616
financial_15m,ETH-USD,F4,sgd,4,839,1,5.653658013246978e-05,0.5138825431305181
financial_15m,ETH-USD,F4,sgd,5,926,1,6.590109016579134e-05,0.514354056694345
financial_15m,ETH-USD,F4,sgd,6,927,1,2.4863297904328053e-05,0.5164126070713927
financial_15m,ETH-USD,F4,sgd,7,983,1,8.067688808087434e-06,0.5148470884001722
financial_15m,ETH-USD,F4,sgd,8,808,1,7.737658424530915e-06,0.5157241925746794
financial_15m,ETH-USD,F4,sgd,9,912,1,1.737004213181683e-05,0.5155044190946715
financial_15m,ETH-USD,F4,sgd,10,933,1,6.846019283177836e-06,0.5151838415140759
financial_15m,ETH-USD,F4,sgd,11,871,1,1.137314870364856e-05,0.5153666488461179
financial_15m,ETH-USD,F4,sgd,12,897,1,1.3095616652792349e-05,0.5148070897447039
financial_15m,ETH-USD,F4,sgd,13,894,1,1.02663945800561e-05,0.5150493871164816
financial_15m,ETH-USD,F4,sgd,14,804,1,8.309918660781694e-06,0.5153683234638436
financial_15m,ETH-USD,F4,sgd,15,880,1,1.974548571019885e-05,0.514911072721639
financial_15m,ETH-USD,F4,sgd,16,980,1,1.122566368282125e-05,0.5153203606705099
financial_15m,ETH-USD,F4,sgd,17,894,1,1.1473302208157374e-05,0.5148540037823671
financial_15m,ETH-USD,F4,sgd,18,923,1,1.6242749255248087e-05,0.514163518782206
financial_15m,ETH-USD,F4,sgd,19,908,1,1.4027603726611567e-05,0.514326001204088
financial_15m,ETH-USD,F4,sgd,20,921,1,3.2870989093698663e-05,0.5165943632706079
financial_15m,ETH-USD,F4,sgd,21,908,1,6.856694741717313e-06,0.5152444783691895
financial_15m,ETH-USD,F4,sgd,22,894,1,9.273491580716606e-06,0.5148638381780566
financial_15m,ETH-USD,F4,sgd,23,881,1,3.9787780104742736e-05,0.5163388248145622
financial_15m,ETH-USD,F4,sgd,24,880,1,6.647013775692825e-06,0.5146745012001155
financial_15m,ETH-USD,F4,sgd,25,876,1,7.0578193229477934e-06,0.5151350171426172
financial_15m,ETH-USD,F4,sgd,26,799,1,1.3234884308002591e-05,0.5154967457374493
financial_15m,ETH-USD,F4,sgd,27,909,1,7.41345503192981e-06,0.514743387951922
financial_15m,ETH-USD,F4,sgd,28,815,1,1.82834337056299e-06,0.5154998594493723
financial_15m,ETH-USD,F4,sgd,29,916,1,4.022261187566805e-05,0.5155707095043084
financial_15m,ETH-USD,F4,sgd,30,960,1,4.791813686774164e-06,0.5152731727300568
financial_15m,ETH-USD,F4,sgd,31,849,1,3.773958625213665e-05,0.5172732806676138
financial_15m,ETH-USD,F4,sgd,32,926,1,1.0894030635361296e-05,0.5146297562531001
financial_15m,ETH-USD,F4,sgd,33,834,1,2.7082380822280868e-05,0.5151384077956397
financial_15m,ETH-USD,F4,sgd,34,1012,1,1.0274700640881345e-05,0.5154940678072434
financial_15m,ETH-USD,F4,sgd,35,883,1,1.269859346459443e-05,0.5140390123553538
financial_15m,ETH-USD,F4,sgd,36,853,1,1.4599415231668662e-05,0.5152577165929899
financial_15m,ETH-USD,F4,sgd,37,928,1,0.0001275975504140771,0.5171518464078346
financial_15m,ETH-USD,F4,sgd,38,959,1,1.2157880153801874e-05,0.514604667837098
financial_15m,ETH-USD,F4,sgd,39,848,1,2.4667332349044427e-05,0.515004797495285
financial_15m,ETH-USD,F4,sgd,40,827,1,1.9631344371000427e-05,0.5142505342127894
financial_15m,ETH-USD,F4,sgd,41,920,1,8.380928783609347e-06,0.5156009914836575
financial_15m,ETH-USD,F4,sgd,42,1027,1,4.689636482884271e-05,0.513348049628884
financial_15m,ETH-USD,F4,sgd,43,854,1,1.9864756376504898e-05,0.5145488319619531
financial_15m,ETH-USD,F4,sgd,44,930,1,2.0685194781013366e-05,0.5152906118332123
financial_15m,ETH-USD,F4,sgd,45,890,1,3.1462707202960565e-05,0.5142150769932056
financial_15m,ETH-USD,F4,sgd,46,892,1,1.4336100074163918e-05,0.5146392289208328
financial_15m,ETH-USD,F4,sgd,47,833,1,1.7340527466249277e-05,0.5140705440223096
financial_15m,ETH-USD,F4,sgd,48,945,1,1.5965175338397197e-05,0.514613827112294
financial_15m,ETH-USD,F4,sgd,49,849,1,6.974750082749632e-05,0.5168034425025139
financial_15m,ETH-USD,F4,adam,0,94,1,0.0003461838086200976,0.5127019311780308
financial_15m,ETH-USD,F4,adam,1,86,1,0.0003038472418050852,0.5102812392294295
financial_15m,ETH-USD,F4,adam,2,69,1,7.83641287885212e-05,0.5157784813961983
financial_15m,ETH-USD,F4,adam,3,114,1,0.00010006645672590738,0.5136778307806764
financial_15m,ETH-USD,F4,adam,4,79,1,0.0001949707878542748,0.5161490689017947
financial_15m,ETH-USD,F4,adam,5,144,1,0.00038411437246765585,0.5131676025348613
financial_15m,ETH-USD,F4,adam,6,81,1,0.0005393320746189319,0.522652834217147
financial_15m,ETH-USD,F4,adam,7,75,1,7.63272478699607e-05,0.516139632061548
financial_15m,ETH-USD,F4,adam,8,86,1,5.489019343864108e-05,0.5155387497193065
financial_15m,ETH-USD,F4,adam,9,85,1,4.9992861708921136e-05,0.5153676780717924
financial_15m,ETH-USD,F4,adam,10,108,1,0.0003336156007568994,0.5202315559657282
financial_15m,ETH-USD,F4,adam,11,86,1,0.00015055721577724614,0.5195942961873742
financial_15m,ETH-USD,F4,adam,12,66,1,0.0007789029067697681,0.5091734044793064
financial_15m,ETH-USD,F4,adam,13,74,1,0.00015023684953772336,0.5189883981175162
financial_15m,ETH-USD,F4,adam,14,67,1,0.00023564154671843713,0.5172990913549927
financial_15m,ETH-USD,F4,adam,15,91,1,0.0001191626019618087,0.5171240357524939
financial_15m,ETH-USD,F4,adam,16,73,1,1.8862062719354382e-05,0.5157371509350713
financial_15m,ETH-USD,F4,adam,17,113,1,0.000439598774908348,0.5113951290463588
financial_15m,ETH-USD,F4,adam,18,83,1,0.00016506990289575553,0.5181028474340716
financial_15m,ETH-USD,F4,adam,19,74,1,3.8582700390630995e-05,0.5170812314102247
financial_15m,ETH-USD,F4,adam,20,89,1,6.381408975494887e-05,0.5143105640989453
financial_15m,ETH-USD,F4,adam,21,88,1,0.00010211313891366684,0.5168702248937622
financial_15m,ETH-USD,F4,adam,22,75,1,0.0002100411884151339,0.5208516930669894
financial_15m,ETH-USD,F4,adam,23,105,1,0.00019309944488403707,0.5184055312527872
financial_15m,ETH-USD,F4,adam,24,90,1,0.00012109609456841462,0.5167221824668194
financial_15m,ETH-USD,F4,adam,25,74,1,8.733252715147933e-05,0.5184108277211219
financial_15m,ETH-USD,F4,adam,26,76,1,0.0005219118402270353,0.5115483662350174
financial_15m,ETH-USD,F4,adam,27,82,1,0.0002573337829996511,0.5120852715091854
financial_15m,ETH-USD,F4,adam,28,61,1,0.00018592096410761705,0.5128686493416396
financial_15m,ETH-USD,F4,adam,29,92,1,0.00034569049353132584,0.5169200448607738
financial_15m,ETH-USD,F4,adam,30,101,1,4.028383885910865e-05,0.5165388266204207
financial_15m,ETH-USD,F4,adam,31,82,1,0.00011593095466243067,0.5192436196128999
financial_15m,ETH-USD,F4,adam,32,110,1,5.982372219982025e-05,0.5146480268406537
financial_15m,ETH-USD,F4,adam,33,95,1,6.527678639490147e-05,0.5155953852363836
financial_15m,ETH-USD,F4,adam,34,87,1,0.0001814024450974615,0.5209495821100654
financial_15m,ETH-USD,F4,adam,35,75,1,4.756999763607071e-05,0.5160283342400707
financial_15m,ETH-USD,F4,adam,36,77,1,0.0001072721424708619,0.5175866564724279
financial_15m,ETH-USD,F4,adam,37,87,1,0.0013523551809098827,0.5259621905737373
financial_15m,ETH-USD,F4,adam,38,91,1,5.504621754486127e-05,0.5139292174573243
financial_15m,ETH-USD,F4,adam,39,109,1,0.00040420124745308274,0.5136532977206741
financial_15m,ETH-USD,F4,adam,40,97,1,0.0004544040129603561,0.5099845972085352
financial_15m,ETH-USD,F4,adam,41,127,1,3.655350275851618e-05,0.5168635438151719
financial_15m,ETH-USD,F4,adam,42,85,1,0.00016508768579075726,0.5144561670498126
financial_15m,ETH-USD,F4,adam,43,88,1,0.0003434594838263143,0.5186261431958622
financial_15m,ETH-USD,F4,adam,44,79,1,0.00014086011729339196,0.518763236171675
financial_15m,ETH-USD,F4,adam,45,85,1,0.0005961307048826188,0.511665268077826
financial_15m,ETH-USD,F4,adam,46,106,1,0.0005823323040957834,0.5213594688757208
financial_15m,ETH-USD,F4,adam,47,76,1,0.000352763034399611,0.5099526119101476
financial_15m,ETH-USD,F4,adam,48,111,1,0.00037878814478973794,0.5148078740258921
financial_15m,ETH-USD,F4,adam,49,87,1,4.141042223043462e-05,0.5151713698139059
financial_15m,EURUSD=X,F0,sgd,0,98,1,5.597104317672168e-05,0.4202735186165731
financial_15m,EURUSD=X,F0,sgd,1,75,1,0.0001916152392023499,0.4201402227259561
financial_15m,EURUSD=X,F0,sgd,2,112,1,8.289029449983152e-05,0.42058719531558214
financial_15m,EURUSD=X,F0,sgd,3,92,1,0.00011991569422546694,0.420094762595426
financial_15m,EURUSD=X,F0,sgd,4,89,1,0.00014333623603399921,0.42035374477740034
financial_15m,EURUSD=X,F0,sgd,5,76,1,0.0001640383650461552,0.42037398805760423
financial_15m,EURUSD=X,F0,sgd,6,88,1,0.0002275037807646121,0.420312950722693
financial_15m,EURUSD=X,F0,sgd,7,97,1,0.0001468281020350471,0.4207666558788888
financial_15m,EURUSD=X,F0,sgd,8,114,1,0.0002568257647543615,0.42105837511587585
financial_15m,EURUSD=X,F0,sgd,9,116,1,6.596346421749445e-05,0.42026402327062334
financial_15m,EURUSD=X,F0,sgd,10,79,1,6.0250529869323596e-05,0.42018102142655717
financial_15m,EURUSD=X,F0,sgd,11,101,1,7.295237610509736e-05,0.4204381196548346
financial_15m,EURUSD=X,F0,sgd,12,106,1,5.53967979455927e-05,0.4203475151293231
financial_15m,EURUSD=X,F0,sgd,13,89,1,0.0001239668805146291,0.42021898752247805
financial_15m,EURUSD=X,F0,sgd,14,87,1,0.0001514801249162032,0.42002331229406975
financial_15m,EURUSD=X,F0,sgd,15,143,1,6.980641577868892e-05,0.4203194937463815
financial_15m,EURUSD=X,F0,sgd,16,105,1,7.02144285584896e-05,0.42058628700342704
financial_15m,EURUSD=X,F0,sgd,17,98,1,0.00025439718372647057,0.4204277201005402
financial_15m,EURUSD=X,F0,sgd,18,86,1,0.00012017842705945864,0.42037403146996327
financial_15m,EURUSD=X,F0,sgd,19,112,1,3.300071384992063e-05,0.42060467739153934
financial_15m,EURUSD=X,F0,sgd,20,122,1,0.0001682399560877519,0.4206712128785108
financial_15m,EURUSD=X,F0,sgd,21,108,1,0.00028292844582832066,0.42069161265814803
financial_15m,EURUSD=X,F0,sgd,22,114,1,7.932844092330681e-05,0.42061628804088935
financial_15m,EURUSD=X,F0,sgd,23,111,1,0.00037373624559325987,0.420166704549436
financial_15m,EURUSD=X,F0,sgd,24,121,1,0.00011060371828194863,0.4206371783794573
financial_15m,EURUSD=X,F0,sgd,25,119,1,0.00011959489411537293,0.42048586208338373
financial_15m,EURUSD=X,F0,sgd,26,128,1,0.0001632660639895961,0.42002898354053503
financial_15m,EURUSD=X,F0,sgd,27,91,1,0.00022315795882746543,0.41992707386816996
financial_15m,EURUSD=X,F0,sgd,28,104,1,9.65891375847667e-05,0.4201902108165709
financial_15m,EURUSD=X,F0,sgd,29,105,1,0.000291783876323035,0.42038690644741217
financial_15m,EURUSD=X,F0,sgd,30,90,1,8.736363743776307e-05,0.4202723946175125
financial_15m,EURUSD=X,F0,sgd,31,99,1,0.00010997143796043422,0.42048254525156076
financial_15m,EURUSD=X,F0,sgd,32,81,1,0.00014965762465637397,0.41986676399214806
financial_15m,EURUSD=X,F0,sgd,33,98,1,0.00019399698917855576,0.4200926268340372
financial_15m,EURUSD=X,F0,sgd,34,115,1,0.00013634702694725686,0.4201996102677067
financial_15m,EURUSD=X,F0,sgd,35,115,1,0.00012018662436908458,0.4202626924491025
financial_15m,EURUSD=X,F0,sgd,36,103,1,0.0003297517400606668,0.42114768971683203
financial_15m,EURUSD=X,F0,sgd,37,98,1,0.0004950754812067824,0.4207897896443678
financial_15m,EURUSD=X,F0,sgd,38,100,1,7.428174310461101e-05,0.4203440279053396
financial_15m,EURUSD=X,F0,sgd,39,75,1,0.000615870866982256,0.41998329854983696
financial_15m,EURUSD=X,F0,sgd,40,66,1,5.6327038353533624e-05,0.42027847872161905
financial_15m,EURUSD=X,F0,sgd,41,138,1,7.341746828934688e-05,0.42053361907858405
financial_15m,EURUSD=X,F0,sgd,42,77,1,0.00019551564416913337,0.42021912757956187
financial_15m,EURUSD=X,F0,sgd,43,106,1,0.00014822364126361527,0.41995246166911065
financial_15m,EURUSD=X,F0,sgd,44,94,1,7.154371518840014e-05,0.42029191665142585
financial_15m,EURUSD=X,F0,sgd,45,88,1,0.00013755306675367724,0.42020708849879423
financial_15m,EURUSD=X,F0,sgd,46,95,1,0.00031437917042311946,0.4196428822004165
financial_15m,EURUSD=X,F0,sgd,47,129,1,0.00011183526321239611,0.42030740643862674
financial_15m,EURUSD=X,F0,sgd,48,106,1,0.0006988615461743441,0.41989929472175425
financial_15m,EURUSD=X,F0,sgd,49,136,1,9.055124669842538e-05,0.42015598122204506
financial_15m,EURUSD=X,F0,adam,0,4000,0,0.0006685280541836115,0.41960387664817816
financial_15m,EURUSD=X,F0,adam,1,816,1,0.0023513304595779026,0.42031198633486505
financial_15m,EURUSD=X,F0,adam,2,772,1,0.0013101741010285355,0.4207235866691742
financial_15m,EURUSD=X,F0,adam,3,4000,0,0.0011913995389668053,0.42074516777535015
financial_15m,EURUSD=X,F0,adam,4,1597,1,0.0019475683485912468,0.4203217726826178
financial_15m,EURUSD=X,F0,adam,5,1034,1,0.002133623361439555,0.42023037838887467
financial_15m,EURUSD=X,F0,adam,6,1430,1,0.002606362630237767,0.4192676242134827
financial_15m,EURUSD=X,F0,adam,7,1952,1,0.0009796451735400251,0.42053072698179517
financial_15m,EURUSD=X,F0,adam,8,4000,0,0.0036228363600470798,0.42298856892312126
financial_15m,EURUSD=X,F0,adam,9,4000,0,0.00300743798248312,0.42189311885526765
financial_15m,EURUSD=X,F0,adam,10,2222,1,0.0038267122734749652,0.4207197729073899
financial_15m,EURUSD=X,F0,adam,11,2429,1,0.00046890898428641797,0.4206627172891945
financial_15m,EURUSD=X,F0,adam,12,312,1,0.002065177366647335,0.41958892155549415
financial_15m,EURUSD=X,F0,adam,13,604,1,0.002477119698683008,0.42009410302873657
financial_15m,EURUSD=X,F0,adam,14,4000,0,0.003249592748099546,0.4188026565704199
financial_15m,EURUSD=X,F0,adam,15,795,1,0.0033389597905198144,0.42071501045000786
financial_15m,EURUSD=X,F0,adam,16,463,1,0.0037312460531883445,0.41935576207394254
financial_15m,EURUSD=X,F0,adam,17,4000,0,0.0006909763636604209,0.42128294328486154
financial_15m,EURUSD=X,F0,adam,18,649,1,0.0019683452869223524,0.4204052028454561
financial_15m,EURUSD=X,F0,adam,19,522,1,0.0023490155228471695,0.4201316243904659
financial_15m,EURUSD=X,F0,adam,20,127,1,0.0030830379818993173,0.4221693206910377
financial_15m,EURUSD=X,F0,adam,21,4000,0,0.0011099049587140401,0.4216121509512057
financial_15m,EURUSD=X,F0,adam,22,4000,0,0.0009017241745956167,0.4215905556256197
financial_15m,EURUSD=X,F0,adam,23,4000,0,0.004560954537139077,0.4197093963929655
financial_15m,EURUSD=X,F0,adam,24,3242,1,0.003170702248190499,0.42007242978084386
financial_15m,EURUSD=X,F0,adam,25,152,1,0.00101723979206706,0.42044301962349795
financial_15m,EURUSD=X,F0,adam,26,799,1,0.0004957014240849951,0.420298117882516
financial_15m,EURUSD=X,F0,adam,27,369,1,0.0022295256277785895,0.4221485980323063
financial_15m,EURUSD=X,F0,adam,28,2651,1,0.0005176061358284002,0.4199474186207804
financial_15m,EURUSD=X,F0,adam,29,4000,0,0.003899264894256038,0.4233319800881848
financial_15m,EURUSD=X,F0,adam,30,3340,1,0.001376310499108277,0.41999937334569654
financial_15m,EURUSD=X,F0,adam,31,1670,1,0.0015626427896476027,0.4190259215222268
financial_15m,EURUSD=X,F0,adam,32,4000,0,0.0004888405959932097,0.4206081352207194
financial_15m,EURUSD=X,F0,adam,33,4000,0,0.0025786428856250563,0.4197781509755155
financial_15m,EURUSD=X,F0,adam,34,121,1,0.0037475330969226027,0.4198288346350316
financial_15m,EURUSD=X,F0,adam,35,2903,1,0.003167123792666605,0.41894695839742224
financial_15m,EURUSD=X,F0,adam,36,959,1,0.00182845477752343,0.4209538331634745
financial_15m,EURUSD=X,F0,adam,37,4000,0,0.00308519611304121,0.42169744062283704
financial_15m,EURUSD=X,F0,adam,38,621,1,0.0021474683105751247,0.4200965651063036
financial_15m,EURUSD=X,F0,adam,39,3404,1,0.0022038056022836375,0.42013692687271526
financial_15m,EURUSD=X,F0,adam,40,4000,0,0.0005315614341679201,0.4207669876135832
financial_15m,EURUSD=X,F0,adam,41,1877,1,0.0025688157542118166,0.4212442218798229
financial_15m,EURUSD=X,F0,adam,42,4000,0,0.0014591285636019696,0.42044690123109985
financial_15m,EURUSD=X,F0,adam,43,4000,0,0.002012072894666737,0.4201275413749413
financial_15m,EURUSD=X,F0,adam,44,2835,1,0.003915580033113959,0.4226608260332476
financial_15m,EURUSD=X,F0,adam,45,4000,0,0.004799709705376328,0.4176576249782191
financial_15m,EURUSD=X,F0,adam,46,3891,1,0.008092369508741138,0.4177100237465313
financial_15m,EURUSD=X,F0,adam,47,4000,0,0.005220085726835187,0.42142668400700933
financial_15m,EURUSD=X,F0,adam,48,4000,0,0.004511174879089157,0.4195198952490907
financial_15m,EURUSD=X,F0,adam,49,734,1,0.0018797504087615978,0.41965669137690603
financial_15m,EURUSD=X,F1,sgd,0,560,1,2.9915722233886274e-05,0.43985718193403234
financial_15m,EURUSD=X,F1,sgd,1,641,1,3.570592293627522e-05,0.4397077496006846
financial_15m,EURUSD=X,F1,sgd,2,487,1,2.378507049492002e-05,0.44024160299646187
financial_15m,EURUSD=X,F1,sgd,3,545,1,3.629649983679139e-05,0.43961516257394745
financial_15m,EURUSD=X,F1,sgd,4,578,1,6.863931200333656e-05,0.4389486600240025
financial_15m,EURUSD=X,F1,sgd,5,567,1,6.676565357851873e-05,0.4391638817255159
financial_15m,EURUSD=X,F1,sgd,6,495,1,4.098570228282373e-05,0.4404229569633642
financial_15m,EURUSD=X,F1,sgd,7,522,1,3.498951784773401e-05,0.4397220648636159
financial_15m,EURUSD=X,F1,sgd,8,527,1,3.987298628611071e-05,0.4399895882474606
financial_15m,EURUSD=X,F1,sgd,9,469,1,3.0776507484760295e-05,0.440003466167466
financial_15m,EURUSD=X,F1,sgd,10,513,1,3.813153452672676e-05,0.4399095529787642
financial_15m,EURUSD=X,F1,sgd,11,521,1,3.3917691379649495e-05,0.4400284092274001
financial_15m,EURUSD=X,F1,sgd,12,560,1,3.7550094618387396e-05,0.43989475456147475
financial_15m,EURUSD=X,F1,sgd,13,498,1,3.115766854252609e-05,0.4398891791458987
financial_15m,EURUSD=X,F1,sgd,14,502,1,2.888283318395793e-05,0.4401346097458323
financial_15m,EURUSD=X,F1,sgd,15,529,1,4.49296424089878e-05,0.43988727689412344
financial_15m,EURUSD=X,F1,sgd,16,597,1,4.342950904068351e-05,0.4399402530714227
financial_15m,EURUSD=X,F1,sgd,17,515,1,3.81332894026324e-05,0.4398429523118822
financial_15m,EURUSD=X,F1,sgd,18,582,1,3.7044231690583175e-05,0.43956539284220475
financial_15m,EURUSD=X,F1,sgd,19,519,1,3.76830812490897e-05,0.4396105173830675
financial_15m,EURUSD=X,F1,sgd,20,585,1,2.243247387999959e-05,0.4408611544505413
financial_15m,EURUSD=X,F1,sgd,21,552,1,3.5798174933650924e-05,0.43991151544158313
financial_15m,EURUSD=X,F1,sgd,22,534,1,3.609250414711689e-05,0.43974623132465246
financial_15m,EURUSD=X,F1,sgd,23,552,1,5.449372033194945e-05,0.44037521198914265
financial_15m,EURUSD=X,F1,sgd,24,510,1,3.2421245942840414e-05,0.4396992696365035
financial_15m,EURUSD=X,F1,sgd,25,493,1,3.40617191956056e-05,0.4398964532673948
financial_15m,EURUSD=X,F1,sgd,26,465,1,3.614130452617463e-05,0.4400766366997125
financial_15m,EURUSD=X,F1,sgd,27,594,1,3.0057327214288366e-05,0.4398090806164305
financial_15m,EURUSD=X,F1,sgd,28,459,1,2.4632672776848907e-05,0.4402104336477201
financial_15m,EURUSD=X,F1,sgd,29,559,1,6.852349587643697e-05,0.44054795154047827
financial_15m,EURUSD=X,F1,sgd,30,583,1,2.878925959219811e-05,0.44013141930112815
financial_15m,EURUSD=X,F1,sgd,31,554,1,3.482737851392891e-05,0.4410325667299546
financial_15m,EURUSD=X,F1,sgd,32,591,1,4.045357446676187e-05,0.4395162902051761
financial_15m,EURUSD=X,F1,sgd,33,512,1,4.332777239248847e-05,0.43987764454986106
financial_15m,EURUSD=X,F1,sgd,34,555,1,3.2019889300152174e-05,0.44018490334707927
financial_15m,EURUSD=X,F1,sgd,35,543,1,4.904062065245465e-05,0.4393407635109156
financial_15m,EURUSD=X,F1,sgd,36,457,1,3.370887551061833e-05,0.44027852586420024
financial_15m,EURUSD=X,F1,sgd,37,554,1,0.00014614653700241649,0.4410573680952227
financial_15m,EURUSD=X,F1,sgd,38,564,1,3.805051241803359e-05,0.4395875731372354
financial_15m,EURUSD=X,F1,sgd,39,503,1,5.223743092212024e-05,0.43990254538214363
financial_15m,EURUSD=X,F1,sgd,40,470,1,4.32421944863178e-05,0.4393984280919094
financial_15m,EURUSD=X,F1,sgd,41,549,1,3.208076947268696e-05,0.44009505334252275
financial_15m,EURUSD=X,F1,sgd,42,564,1,6.963070539663154e-05,0.4388290554462748
financial_15m,EURUSD=X,F1,sgd,43,522,1,4.9613508680928286e-05,0.43966369957820634
financial_15m,EURUSD=X,F1,sgd,44,565,1,4.6750743091490004e-05,0.44002023465435613
financial_15m,EURUSD=X,F1,sgd,45,507,1,5.1972560856061446e-05,0.43916968658481
financial_15m,EURUSD=X,F1,sgd,46,562,1,3.455652665784697e-05,0.43966623900254365
financial_15m,EURUSD=X,F1,sgd,47,434,1,4.847711200395682e-05,0.43933049670052393
financial_15m,EURUSD=X,F1,sgd,48,575,1,4.065188204680602e-05,0.43949206809778524
financial_15m,EURUSD=X,F1,sgd,49,535,1,9.071108164263584e-05,0.4408736759816035
financial_15m,EURUSD=X,F1,adam,0,82,1,0.00029336533687272185,0.4430906745793165
financial_15m,EURUSD=X,F1,adam,1,86,1,0.0002506662717672955,0.44005004150211424
financial_15m,EURUSD=X,F1,adam,2,56,1,2.5039596541079814e-05,0.4423519964797906
financial_15m,EURUSD=X,F1,adam,3,87,1,1.1485142468354552e-05,0.44240327116382133
financial_15m,EURUSD=X,F1,adam,4,77,1,0.00017870196420486368,0.44330430949153155
financial_15m,EURUSD=X,F1,adam,5,145,1,0.00033701320304808984,0.4401146491001569
financial_15m,EURUSD=X,F1,adam,6,80,1,0.0004821912433618749,0.446500110679045
financial_15m,EURUSD=X,F1,adam,7,75,1,3.831194084847925e-05,0.4434296334851875
financial_15m,EURUSD=X,F1,adam,8,62,1,1.3890715426268387e-05,0.44436965392914834
financial_15m,EURUSD=X,F1,adam,9,75,1,4.974956187990102e-05,0.44260473924708943
financial_15m,EURUSD=X,F1,adam,10,83,1,0.00030736407318275783,0.4475094307591386
financial_15m,EURUSD=X,F1,adam,11,87,1,0.0001865501156990706,0.4454603968270763
financial_15m,EURUSD=X,F1,adam,12,56,1,0.0006388411940511725,0.4395171506776723
financial_15m,EURUSD=X,F1,adam,13,49,1,0.00016834740838519914,0.44315076572400736
financial_15m,EURUSD=X,F1,adam,14,54,1,0.00016045403058718953,0.4441549393767824
financial_15m,EURUSD=X,F1,adam,15,68,1,8.725737738336384e-05,0.44261213293019075
financial_15m,EURUSD=X,F1,adam,16,58,1,6.55329556922967e-06,0.44275753527822026
financial_15m,EURUSD=X,F1,adam,17,68,1,9.383340910748597e-05,0.4411310661560351
financial_15m,EURUSD=X,F1,adam,18,71,1,8.412463058586895e-05,0.44441382472276
financial_15m,EURUSD=X,F1,adam,19,74,1,2.499581841999438e-05,0.4420583643862552
financial_15m,EURUSD=X,F1,adam,20,71,1,2.7528373991570217e-05,0.4432583411164058
financial_15m,EURUSD=X,F1,adam,21,69,1,6.115637683049073e-05,0.4447724265177134
financial_15m,EURUSD=X,F1,adam,22,61,1,0.00017335615942234623,0.44496247408783535
financial_15m,EURUSD=X,F1,adam,23,76,1,4.206298557498615e-05,0.44184110323706294
financial_15m,EURUSD=X,F1,adam,24,87,1,0.00010568368240974686,0.4432952435650354
financial_15m,EURUSD=X,F1,adam,25,51,1,8.597113234464965e-05,0.44497323361311547
financial_15m,EURUSD=X,F1,adam,26,48,1,0.0005524949202271578,0.4397583306750013
financial_15m,EURUSD=X,F1,adam,27,70,1,0.0001845266352135787,0.4394943045465463
financial_15m,EURUSD=X,F1,adam,28,61,1,0.0002060485220689063,0.4423894064290281
financial_15m,EURUSD=X,F1,adam,29,62,1,0.000299947854986563,0.44528988132490716
financial_15m,EURUSD=X,F1,adam,30,97,1,4.9977750518567405e-05,0.44421477735103515
financial_15m,EURUSD=X,F1,adam,31,68,1,3.0301072981070338e-05,0.4454207907114886
financial_15m,EURUSD=X,F1,adam,32,92,1,1.2315097734315185e-05,0.442130853179775
financial_15m,EURUSD=X,F1,adam,33,93,1,7.941924548501106e-06,0.44185591843949357
financial_15m,EURUSD=X,F1,adam,34,57,1,9.173961780136952e-05,0.44573480580945013
financial_15m,EURUSD=X,F1,adam,35,66,1,4.986692711098636e-05,0.4436353903416687
financial_15m,EURUSD=X,F1,adam,36,73,1,1.7177979381639087e-05,0.44402266362721726
financial_15m,EURUSD=X,F1,adam,37,77,1,0.001113684071546332,0.4492946965596464
financial_15m,EURUSD=X,F1,adam,38,100,1,2.6265371896047166e-06,0.44276333738256324
financial_15m,EURUSD=X,F1,adam,39,110,1,0.00014846374902511083,0.4414517850117969
financial_15m,EURUSD=X,F1,adam,40,55,1,0.0003959299184160796,0.4382537800176834
financial_15m,EURUSD=X,F1,adam,41,97,1,8.147777740235747e-06,0.4426946915923001
financial_15m,EURUSD=X,F1,adam,42,71,1,0.00016519867510932099,0.44003970247054747
financial_15m,EURUSD=X,F1,adam,43,87,1,0.0003164079597370259,0.4427637887596455
financial_15m,EURUSD=X,F1,adam,44,67,1,0.0001096933673626966,0.4436425459570863
financial_15m,EURUSD=X,F1,adam,45,80,1,0.0006111978214276441,0.43930129995612033
financial_15m,EURUSD=X,F1,adam,46,100,1,0.0004029207270947909,0.4439508994584059
financial_15m,EURUSD=X,F1,adam,47,64,1,0.000364611628199852,0.4396275304195497
financial_15m,EURUSD=X,F1,adam,48,74,1,0.00028508584422126134,0.44073044582825366
financial_15m,EURUSD=X,F1,adam,49,55,1,4.092198395692729e-05,0.44210205120074186
financial_15m,EURUSD=X,F2,sgd,0,1468,1,7.841281501845353e-06,0.42202940647357134
financial_15m,EURUSD=X,F2,sgd,1,1343,1,1.1030754545447202e-05,0.42227070452245447
financial_15m,EURUSD=X,F2,sgd,2,1411,1,8.346498302161567e-06,0.4218493893014488
financial_15m,EURUSD=X,F2,sgd,3,1700,1,7.70335517517503e-06,0.42193581191227036
financial_15m,EURUSD=X,F2,sgd,4,1465,1,1.5794541007345115e-05,0.42145551467263437
financial_15m,EURUSD=X,F2,sgd,5,1895,1,1.2216584980468935e-05,0.4215180188532106
financial_15m,EURUSD=X,F2,sgd,6,1566,1,7.179534007911512e-06,0.4220135640629537
financial_15m,EURUSD=X,F2,sgd,7,1440,1,8.606072563313738e-06,0.422090173296867
financial_15m,EURUSD=X,F2,sgd,8,1476,1,9.160328386189538e-06,0.4220184732708111
financial_15m,EURUSD=X,F2,sgd,9,1580,1,6.813673324182931e-06,0.42195872284240543
financial_15m,EURUSD=X,F2,sgd,10,1509,1,9.124229514906637e-06,0.42209005761508556
financial_15m,EURUSD=X,F2,sgd,11,1674,1,7.105041454937955e-06,0.4220126048372821
financial_15m,EURUSD=X,F2,sgd,12,1737,1,7.74983771821077e-06,0.4220780266322639
financial_15m,EURUSD=X,F2,sgd,13,1473,1,6.833862742968032e-06,0.4218832734411027
financial_15m,EURUSD=X,F2,sgd,14,1490,1,1.0724220592600641e-05,0.42176611600325997
financial_15m,EURUSD=X,F2,sgd,15,1743,1,7.761498858423797e-06,0.4219128679372866
financial_15m,EURUSD=X,F2,sgd,16,1376,1,9.023469244291893e-06,0.42202303548081743
financial_15m,EURUSD=X,F2,sgd,17,1712,1,7.685105299152742e-06,0.4219423457676092
financial_15m,EURUSD=X,F2,sgd,18,1498,1,1.2162999914661707e-05,0.4223787263822508
financial_15m,EURUSD=X,F2,sgd,19,1313,1,9.05150172165768e-06,0.4217810763635958
financial_15m,EURUSD=X,F2,sgd,20,1364,1,7.437355645549369e-06,0.42233189395370846
financial_15m,EURUSD=X,F2,sgd,21,1354,1,7.661884494221168e-06,0.4219316154872686
financial_15m,EURUSD=X,F2,sgd,22,1654,1,8.912711811572072e-06,0.4218177263647871
financial_15m,EURUSD=X,F2,sgd,23,1294,1,1.0585078841901535e-05,0.42215715193947606
financial_15m,EURUSD=X,F2,sgd,24,1805,1,7.455807289829497e-06,0.4220005207808191
financial_15m,EURUSD=X,F2,sgd,25,1299,1,8.365954925034172e-06,0.4217279224454087
financial_15m,EURUSD=X,F2,sgd,26,1520,1,6.574251792863838e-06,0.422010520424956
financial_15m,EURUSD=X,F2,sgd,27,1602,1,7.246252476489843e-06,0.42183074622771316
financial_15m,EURUSD=X,F2,sgd,28,1801,1,7.019857951761486e-06,0.42215660881032313
financial_15m,EURUSD=X,F2,sgd,29,1619,1,1.1271786267427181e-05,0.422340675746541
financial_15m,EURUSD=X,F2,sgd,30,1508,1,7.635586241522221e-06,0.4219707444545415
financial_15m,EURUSD=X,F2,sgd,31,1525,1,1.1180279600840913e-05,0.42243258635511227
financial_15m,EURUSD=X,F2,sgd,32,1264,1,1.545761087022875e-05,0.4215456623339035
financial_15m,EURUSD=X,F2,sgd,33,1447,1,7.0316233834940535e-06,0.42185175656663904
financial_15m,EURUSD=X,F2,sgd,34,1416,1,1.29735570150306e-05,0.4223996407008261
financial_15m,EURUSD=X,F2,sgd,35,1599,1,1.0088687933874738e-05,0.4217715388755075
financial_15m,EURUSD=X,F2,sgd,36,1458,1,9.33007194485005e-06,0.42233738473933713
financial_15m,EURUSD=X,F2,sgd,37,1390,1,2.5154014711091367e-05,0.4226581729248363
financial_15m,EURUSD=X,F2,sgd,38,1641,1,8.163823495974351e-06,0.4219230643726918
financial_15m,EURUSD=X,F2,sgd,39,1479,1,8.803880264523964e-06,0.4220109457328772
financial_15m,EURUSD=X,F2,sgd,40,1685,1,8.364821225509472e-06,0.42181769532004576
financial_15m,EURUSD=X,F2,sgd,41,1413,1,7.895024516605963e-06,0.42194748295289597
financial_15m,EURUSD=X,F2,sgd,42,1487,1,1.162648577609333e-05,0.4216812808052275
financial_15m,EURUSD=X,F2,sgd,43,1383,1,9.263670985022396e-06,0.4219911374973014
financial_15m,EURUSD=X,F2,sgd,44,1312,1,7.72951073895537e-06,0.42190139938356885
financial_15m,EURUSD=X,F2,sgd,45,1480,1,1.0796080778456072e-05,0.4216038851554708
financial_15m,EURUSD=X,F2,sgd,46,1510,1,7.205128795619024e-06,0.42188276068053915
financial_15m,EURUSD=X,F2,sgd,47,1291,1,1.0705046011988358e-05,0.42179027727629265
financial_15m,EURUSD=X,F2,sgd,48,1599,1,8.224086006955868e-06,0.42190301939703856
financial_15m,EURUSD=X,F2,sgd,49,1456,1,1.6721667899911384e-05,0.42240310487247246
financial_15m,EURUSD=X,F2,adam,0,46,1,8.540605806765563e-06,0.42429915054490963
financial_15m,EURUSD=X,F2,adam,1,42,1,4.140542149014645e-05,0.4216774237012511
financial_15m,EURUSD=X,F2,adam,2,70,1,8.462652539744164e-06,0.4238398492349508
financial_15m,EURUSD=X,F2,adam,3,54,1,8.13891672218394e-05,0.4222152844428897
financial_15m,EURUSD=X,F2,adam,4,82,1,0.00016489072422294797,0.42098730180351085
financial_15m,EURUSD=X,F2,adam,5,52,1,0.0001711358886234252,0.42046208130117685
financial_15m,EURUSD=X,F2,adam,6,61,1,3.605132348245415e-05,0.4230366363772209
financial_15m,EURUSD=X,F2,adam,7,36,1,9.279610091111838e-05,0.4218939148513509
financial_15m,EURUSD=X,F2,adam,8,54,1,1.4561488154746541e-05,0.42352684351286596
financial_15m,EURUSD=X,F2,adam,9,61,1,6.9742282183034146e-06,0.42334522714255046
financial_15m,EURUSD=X,F2,adam,10,56,1,4.0665843092452625e-06,0.4236125055675041
financial_15m,EURUSD=X,F2,adam,11,54,1,9.369140517414559e-05,0.4240900972762799
financial_15m,EURUSD=X,F2,adam,12,61,1,1.4274920102502223e-06,0.4231144234777273
financial_15m,EURUSD=X,F2,adam,13,84,1,5.091683417572401e-06,0.422416921296087
financial_15m,EURUSD=X,F2,adam,14,61,1,8.719150264119472e-05,0.42509437582320597
financial_15m,EURUSD=X,F2,adam,15,50,1,8.089177431500198e-05,0.42378406438874033
financial_15m,EURUSD=X,F2,adam,16,78,1,4.2117315817186805e-05,0.42417761717114094
financial_15m,EURUSD=X,F2,adam,17,53,1,1.2813323596289303e-06,0.42222334513761534
financial_15m,EURUSD=X,F2,adam,18,58,1,2.3286778174801283e-05,0.42222877249500784
financial_15m,EURUSD=X,F2,adam,19,74,1,2.0195187704964147e-06,0.4226037886314897
financial_15m,EURUSD=X,F2,adam,20,35,1,4.063241121999278e-05,0.42659151401595546
financial_15m,EURUSD=X,F2,adam,21,60,1,1.638198993430936e-05,0.4233749853809234
financial_15m,EURUSD=X,F2,adam,22,73,1,4.447762689443372e-05,0.4237487055018374
financial_15m,EURUSD=X,F2,adam,23,55,1,6.764268406381472e-05,0.42285879398442044
financial_15m,EURUSD=X,F2,adam,24,44,1,3.6500274198959693e-06,0.4227004965553525
financial_15m,EURUSD=X,F2,adam,25,70,1,1.924871833507735e-05,0.4233889845697374
financial_15m,EURUSD=X,F2,adam,26,83,1,6.644224565574954e-05,0.42102144212641057
financial_15m,EURUSD=X,F2,adam,27,78,1,1.394028661118572e-05,0.4222411942822761
financial_15m,EURUSD=X,F2,adam,28,46,1,8.965962357312787e-05,0.4226289248026379
financial_15m,EURUSD=X,F2,adam,29,62,1,0.00013652767231063777,0.42659826303499987
financial_15m,EURUSD=X,F2,adam,30,45,1,5.623886173929391e-06,0.42363074757667524
financial_15m,EURUSD=X,F2,adam,31,46,1,8.538150084133691e-05,0.42688094062411397
financial_15m,EURUSD=X,F2,adam,32,58,1,8.540262589797736e-07,0.42256820325114547
financial_15m,EURUSD=X,F2,adam,33,64,1,3.0836370134434266e-05,0.42286142013959854
financial_15m,EURUSD=X,F2,adam,34,44,1,4.896253329971608e-05,0.4231241415120218
financial_15m,EURUSD=X,F2,adam,35,50,1,1.0211455789113828e-05,0.4232071741579393
financial_15m,EURUSD=X,F2,adam,36,45,1,3.500275808622707e-05,0.42631246546241275
financial_15m,EURUSD=X,F2,adam,37,76,1,0.0003193285781273936,0.4262345367867898
financial_15m,EURUSD=X,F2,adam,38,90,1,6.9306703402276545e-06,0.4223852159061461
financial_15m,EURUSD=X,F2,adam,39,128,1,0.0001148687643930148,0.42431141530104033
financial_15m,EURUSD=X,F2,adam,40,86,1,4.386951162274909e-05,0.4211605561680983
financial_15m,EURUSD=X,F2,adam,41,53,1,6.341255127709365e-06,0.4230373309692903
financial_15m,EURUSD=X,F2,adam,42,66,1,1.899234557767555e-05,0.42108781305155907
financial_15m,EURUSD=X,F2,adam,43,53,1,2.7386547597044097e-05,0.422792915228499
financial_15m,EURUSD=X,F2,adam,44,65,1,0.00010087820302303096,0.42363697440417725
financial_15m,EURUSD=X,F2,adam,45,51,1,0.00011341968293269621,0.4202388924501804
financial_15m,EURUSD=X,F2,adam,46,106,1,4.660691207008891e-06,0.42263682586643203
financial_15m,EURUSD=X,F2,adam,47,60,1,5.693536085715025e-05,0.4221816014183545
financial_15m,EURUSD=X,F2,adam,48,65,1,2.7772880317487222e-05,0.42161724932748906
financial_15m,EURUSD=X,F2,adam,49,68,1,0.00011248659408343481,0.4240780327362885
financial_15m,EURUSD=X,F4,sgd,0,644,1,2.364005126237872e-05,0.4515272596313923
financial_15m,EURUSD=X,F4,sgd,1,653,1,1.8857341752631378e-05,0.45046030611370935
financial_15m,EURUSD=X,F4,sgd,2,605,1,1.0996859352967619e-05,0.45142809716627
financial_15m,EURUSD=X,F4,sgd,3,571,1,1.7119397703610126e-05,0.4509917933283861
financial_15m,EURUSD=X,F4,sgd,4,621,1,7.093322394226367e-05,0.450291670609324
financial_15m,EURUSD=X,F4,sgd,5,621,1,8.880400683402254e-05,0.4503345709316529
financial_15m,EURUSD=X,F4,sgd,6,623,1,3.6292386728713585e-05,0.45212316978119976
financial_15m,EURUSD=X,F4,sgd,7,663,1,1.523367642677534e-05,0.45102700255098094
financial_15m,EURUSD=X,F4,sgd,8,567,1,9.163845656717289e-06,0.45181811730800775
financial_15m,EURUSD=X,F4,sgd,9,628,1,2.0073021154478884e-05,0.45142644065973575
financial_15m,EURUSD=X,F4,sgd,10,620,1,6.7919341553356254e-06,0.4515341881762415
financial_15m,EURUSD=X,F4,sgd,11,636,1,1.3144649058306582e-05,0.4514121375378616
financial_15m,EURUSD=X,F4,sgd,12,610,1,1.1881692040721109e-05,0.4507444239439382
financial_15m,EURUSD=X,F4,sgd,13,635,1,1.0013865413221837e-05,0.4509824897153536
financial_15m,EURUSD=X,F4,sgd,14,544,1,1.5562218149864957e-05,0.45154107983614844
financial_15m,EURUSD=X,F4,sgd,15,641,1,2.3974793327792854e-05,0.4510027216298792
financial_15m,EURUSD=X,F4,sgd,16,705,1,1.3343620357448319e-05,0.4514996014156992
financial_15m,EURUSD=X,F4,sgd,17,606,1,1.343142900615437e-05,0.45102897501819994
financial_15m,EURUSD=X,F4,sgd,18,637,1,2.5929761346366697e-05,0.45039870450804737
financial_15m,EURUSD=X,F4,sgd,19,618,1,1.1736882371587237e-05,0.45057231809691334
financial_15m,EURUSD=X,F4,sgd,20,682,1,4.288833824648152e-05,0.45208097329472535
financial_15m,EURUSD=X,F4,sgd,21,663,1,7.063369029279393e-06,0.45148995549890697
financial_15m,EURUSD=X,F4,sgd,22,604,1,9.01564930238338e-06,0.4511294614679271
financial_15m,EURUSD=X,F4,sgd,23,610,1,5.650998362358845e-05,0.45187320256604246
financial_15m,EURUSD=X,F4,sgd,24,630,1,3.7929574991691373e-06,0.45096698273049124
financial_15m,EURUSD=X,F4,sgd,25,619,1,8.692508699923254e-06,0.4514539534260838
financial_15m,EURUSD=X,F4,sgd,26,551,1,9.597143658569149e-06,0.4513064574613422
financial_15m,EURUSD=X,F4,sgd,27,683,1,6.8790377091814734e-06,0.4509262122233454
financial_15m,EURUSD=X,F4,sgd,28,577,1,4.086410099374797e-06,0.45159716841470965
financial_15m,EURUSD=X,F4,sgd,29,605,1,5.993707508624738e-05,0.4519358373898849
financial_15m,EURUSD=X,F4,sgd,30,691,1,5.041512278362387e-06,0.45145379545307485
financial_15m,EURUSD=X,F4,sgd,31,596,1,5.07162176754564e-05,0.4526672383000159
financial_15m,EURUSD=X,F4,sgd,32,648,1,8.421996371005942e-06,0.45099559757765
financial_15m,EURUSD=X,F4,sgd,33,581,1,3.343956987085409e-05,0.4510181268037085
financial_15m,EURUSD=X,F4,sgd,34,651,1,9.659233661733512e-06,0.45135883625535494
financial_15m,EURUSD=X,F4,sgd,35,620,1,1.0064191864750457e-05,0.45090890178580095
financial_15m,EURUSD=X,F4,sgd,36,614,1,1.915549012612045e-05,0.4515516328620171
financial_15m,EURUSD=X,F4,sgd,37,643,1,0.0001748855497870081,0.45254702876806335
financial_15m,EURUSD=X,F4,sgd,38,659,1,1.2606850152814604e-05,0.45076935768498705
financial_15m,EURUSD=X,F4,sgd,39,638,1,3.9381446448032875e-05,0.45122482323983576
financial_15m,EURUSD=X,F4,sgd,40,601,1,2.23670165070766e-05,0.45040845959811493
financial_15m,EURUSD=X,F4,sgd,41,628,1,6.726215039761271e-06,0.4514715599058646
financial_15m,EURUSD=X,F4,sgd,42,641,1,5.3035772003996316e-05,0.44961269587059344
financial_15m,EURUSD=X,F4,sgd,43,610,1,2.374512349433067e-05,0.4507559305711327
financial_15m,EURUSD=X,F4,sgd,44,614,1,2.628097281860615e-05,0.45132055415268874
financial_15m,EURUSD=X,F4,sgd,45,644,1,3.8719866879537324e-05,0.4503362795991015
financial_15m,EURUSD=X,F4,sgd,46,647,1,1.3317201328819216e-05,0.45076221851586024
financial_15m,EURUSD=X,F4,sgd,47,558,1,2.085609897659034e-05,0.4505702186118019
financial_15m,EURUSD=X,F4,sgd,48,653,1,1.9121828890895827e-05,0.4507308881017528
financial_15m,EURUSD=X,F4,sgd,49,619,1,8.208695064579695e-05,0.452149656887018
financial_15m,EURUSD=X,F4,adam,0,89,1,0.0005730592177723712,0.44942653834825996
financial_15m,EURUSD=X,F4,adam,1,80,1,0.0005321498065625067,0.4483704317679052
financial_15m,EURUSD=X,F4,adam,2,68,1,0.00011400968474545283,0.45282520321190983
financial_15m,EURUSD=X,F4,adam,3,87,1,0.00014857396232324173,0.4500599303261664
financial_15m,EURUSD=X,F4,adam,4,76,1,9.652666428333334e-05,0.4514821352841232
financial_15m,EURUSD=X,F4,adam,5,104,1,0.0006666316137262122,0.4490705453755625
financial_15m,EURUSD=X,F4,adam,6,78,1,0.000659522549415674,0.45587997156002746
financial_15m,EURUSD=X,F4,adam,7,73,1,9.39530576683898e-05,0.4512852052214119
financial_15m,EURUSD=X,F4,adam,8,83,1,0.00016882314023517356,0.4519566489534007
financial_15m,EURUSD=X,F4,adam,9,76,1,2.9478113867669493e-05,0.45118941537018054
financial_15m,EURUSD=X,F4,adam,10,103,1,0.0003745510770893049,0.4541003742039075
financial_15m,EURUSD=X,F4,adam,11,82,1,2.0805946423200347e-05,0.45281278852096213
financial_15m,EURUSD=X,F4,adam,12,67,1,0.0010055179919895069,0.4474445683452907
financial_15m,EURUSD=X,F4,adam,13,72,1,7.224293258978262e-05,0.4529749248640548
financial_15m,EURUSD=X,F4,adam,14,68,1,0.00047419747543292923,0.45334185300203317
financial_15m,EURUSD=X,F4,adam,15,82,1,0.000250720013127233,0.4531969450630197
financial_15m,EURUSD=X,F4,adam,16,72,1,1.9862348519321805e-05,0.4520800585776273
financial_15m,EURUSD=X,F4,adam,17,84,1,0.0006805242893715232,0.4505010131053009
financial_15m,EURUSD=X,F4,adam,18,75,1,0.0005084085902491546,0.45385572372244254
financial_15m,EURUSD=X,F4,adam,19,70,1,4.852036586817989e-05,0.4524198905376333
financial_15m,EURUSD=X,F4,adam,20,69,1,0.0001452547739103509,0.4504975792609431
financial_15m,EURUSD=X,F4,adam,21,85,1,0.00010250339689027666,0.45117082733902264
financial_15m,EURUSD=X,F4,adam,22,72,1,0.00013542494339273425,0.45384417609685634
financial_15m,EURUSD=X,F4,adam,23,81,1,0.00042719973446759234,0.45355207326250196
financial_15m,EURUSD=X,F4,adam,24,83,1,0.00014697606005606496,0.45257303506805124
financial_15m,EURUSD=X,F4,adam,25,77,1,2.6835417269667654e-05,0.45231873723262106
financial_15m,EURUSD=X,F4,adam,26,73,1,0.00025219219642372693,0.4510039850016943
financial_15m,EURUSD=X,F4,adam,27,74,1,0.0005093107641133694,0.44838870390586427
financial_15m,EURUSD=X,F4,adam,28,62,1,0.00014326328028380924,0.45119540191929886
financial_15m,EURUSD=X,F4,adam,29,75,1,0.00025414417475451087,0.4525524157711011
financial_15m,EURUSD=X,F4,adam,30,96,1,2.9753756485680953e-05,0.45339364139485094
financial_15m,EURUSD=X,F4,adam,31,72,1,0.00020423347800977996,0.4551911465718558
financial_15m,EURUSD=X,F4,adam,32,90,1,7.929512140722758e-05,0.4513992869860372
financial_15m,EURUSD=X,F4,adam,33,90,1,0.00025456943425145165,0.45229869131725214
financial_15m,EURUSD=X,F4,adam,34,84,1,0.00017566801946539834,0.4551880837876606
financial_15m,EURUSD=X,F4,adam,35,72,1,4.5817728135822556e-05,0.45262607576660036
financial_15m,EURUSD=X,F4,adam,36,74,1,0.00016916051586544605,0.4539120862278551
financial_15m,EURUSD=X,F4,adam,37,79,1,0.002174345849894922,0.4586212322412936
financial_15m,EURUSD=X,F4,adam,38,86,1,0.0001876563975037087,0.45083616479933647
financial_15m,EURUSD=X,F4,adam,39,107,1,0.000566895460536429,0.4485494894138248
financial_15m,EURUSD=X,F4,adam,40,82,1,0.0006023222132346503,0.4475356408756696
financial_15m,EURUSD=X,F4,adam,41,119,1,5.1415534894895115e-05,0.4533067809859411
financial_15m,EURUSD=X,F4,adam,42,79,1,0.00021177086226502673,0.450120652626781
financial_15m,EURUSD=X,F4,adam,43,84,1,0.0004795711620175187,0.45338381000525335
financial_15m,EURUSD=X,F4,adam,44,76,1,9.897636446322313e-05,0.45259401703854085
financial_15m,EURUSD=X,F4,adam,45,76,1,0.0007221675930965152,0.44953920698831934
financial_15m,EURUSD=X,F4,adam,46,98,1,0.0007447566416665041,0.45417220193659313
financial_15m,EURUSD=X,F4,adam,47,73,1,0.00024232546250983755,0.44834809139509735
financial_15m,EURUSD=X,F4,adam,48,100,1,0.0005776710898785895,0.4530559652109598
financial_15m,EURUSD=X,F4,adam,49,83,1,7.772421131275693e-05,0.4495365789339625
macro_fred,INDPRO,F0,sgd,0,28,1,8.334211554401419e-05,0.010497257783443159
macro_fred,INDPRO,F0,sgd,1,29,1,0.0003824455659573738,0.010724100690739992
macro_fred,INDPRO,F0,sgd,2,29,1,3.543237734795705e-05,0.010309184577196763
macro_fred,INDPRO,F0,sgd,3,28,1,4.009204122858599e-05,0.010482527315363288
macro_fred,INDPRO,F0,sgd,4,29,1,6.369177426447305e-05,0.010595002219247746
macro_fred,INDPRO,F0,sgd,5,29,1,0.0001812818595087912,0.01071831922080461
macro_fred,INDPRO,F0,sgd,6,28,1,0.00016687895838685086,0.010422203364540372
macro_fred,INDPRO,F0,sgd,7,28,1,0.00015252722125524518,0.010553154762580924
macro_fred,INDPRO,F0,sgd,8,29,1,4.8211374337395415e-05,0.01051290686680711
macro_fred,INDPRO,F0,sgd,9,29,1,0.00011981128965228552,0.010531905056907057
macro_fred,INDPRO,F0,sgd,10,29,1,0.000252132458199347,0.010420683016359815
macro_fred,INDPRO,F0,sgd,11,29,1,0.00031588475672464757,0.010432946526767314
macro_fred,INDPRO,F0,sgd,12,29,1,0.0005354643270453994,0.010784909798070215
macro_fred,INDPRO,F0,sgd,13,29,1,0.00022255490064221537,0.010638661933898903
macro_fred,INDPRO,F0,sgd,14,28,1,0.0001390160060277771,0.01036218895372531
macro_fred,INDPRO,F0,sgd,15,29,1,6.775539708696363e-05,0.01065069162330747
macro_fred,INDPRO,F0,sgd,16,29,1,0.00015295283240152822,0.01045935736112519
macro_fred,INDPRO,F0,sgd,17,29,1,4.721816203087646e-05,0.010587737172602142
macro_fred,INDPRO,F0,sgd,18,29,1,8.604735119345727e-05,0.01053885340518524
macro_fred,INDPRO,F0,sgd,19,29,1,4.693008665506382e-05,0.010593805592855205
macro_fred,INDPRO,F0,sgd,20,28,1,4.344857485745845e-05,0.010252157982656591
macro_fred,INDPRO,F0,sgd,21,29,1,0.00013619780449619794,0.010430783440883933
macro_fred,INDPRO,F0,sgd,22,29,1,4.609954044707646e-05,0.010530044499308881
macro_fred,INDPRO,F0,sgd,23,29,1,8.432171572001366e-05,0.01055908424882088
macro_fred,INDPRO,F0,sgd,24,29,1,7.212356601837266e-05,0.010501666296015321
macro_fred,INDPRO,F0,sgd,25,30,1,0.0001369780824283832,0.010481721093749868
macro_fred,INDPRO,F0,sgd,26,29,1,4.957030023840899e-05,0.010586703382857774
macro_fred,INDPRO,F0,sgd,27,29,1,8.986660021575288e-05,0.010472005828532747
macro_fred,INDPRO,F0,sgd,28,28,1,7.092032655185385e-05,0.010358577649127097
macro_fred,INDPRO,F0,sgd,29,29,1,0.00019687921370143994,0.010368863466649314
macro_fred,INDPRO,F0,sgd,30,28,1,4.786511064668985e-05,0.010458275127017596
macro_fred,INDPRO,F0,sgd,31,28,1,3.372059029534681e-05,0.010368691777638139
macro_fred,INDPRO,F0,sgd,32,29,1,4.9811626206350576e-05,0.010576600383211955
macro_fred,INDPRO,F0,sgd,33,29,1,0.00013882206238931673,0.010670292632694117
macro_fred,INDPRO,F0,sgd,34,29,1,7.697599047456711e-05,0.010526821937094038
macro_fred,INDPRO,F0,sgd,35,29,1,6.842478654979839e-05,0.010618161023074862
macro_fred,INDPRO,F0,sgd,36,29,1,5.276700838304055e-05,0.010388810574166706
macro_fred,INDPRO,F0,sgd,37,29,1,0.0008066253527339384,0.010529665752275773
macro_fred,INDPRO,F0,sgd,38,29,1,0.00015792217795699022,0.010692464329321326
macro_fred,INDPRO,F0,sgd,39,29,1,0.0003130189578631117,0.01055180150576342
macro_fred,INDPRO,F0,sgd,40,29,1,0.00010580222978664758,0.010698366029304558
macro_fred,INDPRO,F0,sgd,41,29,1,5.099631948557454e-05,0.010452601870740534
macro_fred,INDPRO,F0,sgd,42,29,1,8.1084184274423e-05,0.01110258477709832
macro_fred,INDPRO,F0,sgd,43,29,1,0.0002258318801078757,0.01060966351832738
macro_fred,INDPRO,F0,sgd,44,29,1,8.206457548842126e-05,0.01062470140544145
macro_fred,INDPRO,F0,sgd,45,29,1,0.00029077535945116903,0.010959888772306204
macro_fred,INDPRO,F0,sgd,46,29,1,0.00018082033988018887,0.010461331127533625
macro_fred,INDPRO,F0,sgd,47,29,1,0.00013277250368521837,0.010695596610429436
macro_fred,INDPRO,F0,sgd,48,28,1,0.0002523705644334368,0.01073434045581135
macro_fred,INDPRO,F0,sgd,49,29,1,7.114489625973746e-05,0.010671432507499072
macro_fred,INDPRO,F0,adam,0,20,1,0.00031465182545276446,0.010118841896817974
macro_fred,INDPRO,F0,adam,1,20,1,0.00355844219376735,0.01097411010294245
macro_fred,INDPRO,F0,adam,2,20,1,0.00027198866713835896,0.010178556013865518
macro_fred,INDPRO,F0,adam,3,20,1,0.004511013064592768,0.009900241137302035
macro_fred,INDPRO,F0,adam,4,20,1,0.00016314063008989791,0.010275065982509216
macro_fred,INDPRO,F0,adam,5,20,1,0.0008811071638220496,0.009806353698728194
macro_fred,INDPRO,F0,adam,6,20,1,0.0008637973520534741,0.010931219711556856
macro_fred,INDPRO,F0,adam,7,20,1,0.00019429972821367078,0.00981916105334833
macro_fred,INDPRO,F0,adam,8,22,1,0.001565647520047355,0.010255150303651622
macro_fred,INDPRO,F0,adam,9,20,1,0.00010020608273130302,0.009797446530636147
macro_fred,INDPRO,F0,adam,10,20,1,0.0021631113775492632,0.010327195130831393
macro_fred,INDPRO,F0,adam,11,20,1,0.0034219397174881485,0.009808185571109877
macro_fred,INDPRO,F0,adam,12,19,1,0.0002810957090034023,0.010259089533794858
macro_fred,INDPRO,F0,adam,13,20,1,0.006947567446447122,0.01168907815205209
macro_fred,INDPRO,F0,adam,14,21,1,0.0005019783541853705,0.0104792328543966
macro_fred,INDPRO,F0,adam,15,20,1,0.0015212569852170914,0.01026534114030971
macro_fred,INDPRO,F0,adam,16,19,1,0.0011956076320779438,0.009708736324684976
macro_fred,INDPRO,F0,adam,17,21,1,0.0003956839438301808,0.011023144623957365
macro_fred,INDPRO,F0,adam,18,20,1,1.0034631991944916e-05,0.00985940076720804
macro_fred,INDPRO,F0,adam,19,20,1,0.0003740238775256286,0.010158581892228038
macro_fred,INDPRO,F0,adam,20,19,1,0.0009166269905101262,0.009973538500838897
macro_fred,INDPRO,F0,adam,21,20,1,0.0016790507998960496,0.010290927220536102
macro_fred,INDPRO,F0,adam,22,21,1,0.0003852971439763137,0.009662891720205838
macro_fred,INDPRO,F0,adam,23,20,1,0.0014410580438591833,0.01075822239192341
macro_fred,INDPRO,F0,adam,24,20,1,0.008006452791986623,0.011622874976501331
macro_fred,INDPRO,F0,adam,25,21,1,0.00615933758848287,0.010013706288801938
macro_fred,INDPRO,F0,adam,26,20,1,0.004476679607858033,0.010001038538890592
macro_fred,INDPRO,F0,adam,27,19,1,0.0018195743761250203,0.010574225826756628
macro_fred,INDPRO,F0,adam,28,20,1,0.0008620387225688279,0.010652057152649856
macro_fred,INDPRO,F0,adam,29,20,1,8.268455243051222e-05,0.011015283928216286
macro_fred,INDPRO,F0,adam,30,20,1,0.0008531094408439664,0.010155681724036275
macro_fred,INDPRO,F0,adam,31,20,1,2.669158834658308e-05,0.010621012160001405
macro_fred,INDPRO,F0,adam,32,20,1,0.005226204031557194,0.011218580195997903
macro_fred,INDPRO,F0,adam,33,20,1,0.0006606886099596855,0.010031597809495883
macro_fred,INDPRO,F0,adam,34,19,1,2.8219477190919183e-05,0.00989621066335515
macro_fred,INDPRO,F0,adam,35,19,1,0.0009173953776484121,0.010391471046898568
macro_fred,INDPRO,F0,adam,36,20,1,0.0002091003481197111,0.01030419949426165
macro_fred,INDPRO,F0,adam,37,20,1,0.003212468529320466,0.010378051162930193
macro_fred,INDPRO,F0,adam,38,19,1,0.004619529178766759,0.010668763028869613
macro_fred,INDPRO,F0,adam,39,20,1,0.0019674069592318906,0.010848384368071663
macro_fred,INDPRO,F0,adam,40,21,1,0.0036961788351869296,0.009816813720648852
macro_fred,INDPRO,F0,adam,41,20,1,0.0005960226778031837,0.009996056589023906
macro_fred,INDPRO,F0,adam,42,20,1,0.0007403564865373238,0.01073084168520151
macro_fred,INDPRO,F0,adam,43,21,1,0.0014375159526149024,0.010482545275582051
macro_fred,INDPRO,F0,adam,44,19,1,0.005812787271796492,0.011090792361258274
macro_fred,INDPRO,F0,adam,45,20,1,0.004745326232501834,0.010970047247586873
macro_fred,INDPRO,F0,adam,46,20,1,0.00014676110842605164,0.010327186659640364
macro_fred,INDPRO,F0,adam,47,21,1,0.00010419408666791935,0.009941765926372493
macro_fred,INDPRO,F0,adam,48,19,1,5.856409613219263e-05,0.009711017416858671
macro_fred,INDPRO,F0,adam,49,20,1,0.004784743895730749,0.011068036347374632
macro_fred,INDPRO,F1,sgd,0,29,1,0.0001089078457944286,0.06431824731203073
macro_fred,INDPRO,F1,sgd,1,29,1,0.00039591742094109646,0.06434454903039462
macro_fred,INDPRO,F1,sgd,2,29,1,6.012384363308918e-05,0.06340473322347494
macro_fred,INDPRO,F1,sgd,3,29,1,6.033876776371806e-05,0.06417111612984908
macro_fred,INDPRO,F1,sgd,4,29,1,7.998436692811421e-05,0.06398453932159429
macro_fred,INDPRO,F1,sgd,5,29,1,0.00018948654564745338,0.06349223400098299
macro_fred,INDPRO,F1,sgd,6,29,1,0.0001799949628405481,0.06352225577132803
macro_fred,INDPRO,F1,sgd,7,28,1,0.00017690558029766554,0.06469204741753225
macro_fred,INDPRO,F1,sgd,8,29,1,7.104561886058705e-05,0.06490961474345988
macro_fred,INDPRO,F1,sgd,9,29,1,0.0001325783632023194,0.06361346712806211
macro_fred,INDPRO,F1,sgd,10,29,1,0.00027483480419825834,0.06496806363707494
macro_fred,INDPRO,F1,sgd,11,29,1,0.00032726272918509044,0.06357763936146026
macro_fred,INDPRO,F1,sgd,12,29,1,0.0005457568065630907,0.06452188980126108
macro_fred,INDPRO,F1,sgd,13,29,1,0.00022890203886708095,0.06358394811947973
macro_fred,INDPRO,F1,sgd,14,29,1,0.00016049767604194178,0.06381632516449406
macro_fred,INDPRO,F1,sgd,15,29,1,7.906872278333722e-05,0.06445006532933191
macro_fred,INDPRO,F1,sgd,16,29,1,0.0001745606762030212,0.06495431939953679
macro_fred,INDPRO,F1,sgd,17,29,1,6.0825913173268455e-05,0.06424109417616734
macro_fred,INDPRO,F1,sgd,18,29,1,0.00010330497778473485,0.06388363871031201
macro_fred,INDPRO,F1,sgd,19,29,1,6.169400451706115e-05,0.06427100547528648
macro_fred,INDPRO,F1,sgd,20,28,1,6.991536934231275e-05,0.06307622728681843
macro_fred,INDPRO,F1,sgd,21,29,1,0.00015245615882524026,0.06412875735726999
macro_fred,INDPRO,F1,sgd,22,30,1,6.420375446800021e-05,0.06437173620075261
macro_fred,INDPRO,F1,sgd,23,30,1,9.44559768357964e-05,0.06399232826276231
macro_fred,INDPRO,F1,sgd,24,29,1,8.798648069680793e-05,0.06390585438450272
macro_fred,INDPRO,F1,sgd,25,30,1,0.00014769054113749272,0.06365799431256276
macro_fred,INDPRO,F1,sgd,26,29,1,5.717455024419597e-05,0.06327155574330724
macro_fred,INDPRO,F1,sgd,27,29,1,0.0001049258941366318,0.06338068021968828
macro_fred,INDPRO,F1,sgd,28,28,1,9.303781077338362e-05,0.06336018070876874
macro_fred,INDPRO,F1,sgd,29,29,1,0.00021993968690397283,0.06493983359240059
macro_fred,INDPRO,F1,sgd,30,28,1,6.953718723420498e-05,0.06393411471096053
macro_fred,INDPRO,F1,sgd,31,28,1,5.289631782459298e-05,0.06305172785036695
macro_fred,INDPRO,F1,sgd,32,29,1,6.828202570018961e-05,0.06462510611324468
macro_fred,INDPRO,F1,sgd,33,29,1,0.00014390569416708286,0.06392262625095586
macro_fred,INDPRO,F1,sgd,34,29,1,9.757030186367668e-05,0.0640111312228095
macro_fred,INDPRO,F1,sgd,35,29,1,8.177239629247293e-05,0.06486021465988505
macro_fred,INDPRO,F1,sgd,36,29,1,7.948949990385472e-05,0.06427040954748725
macro_fred,INDPRO,F1,sgd,37,30,1,0.0008266419672908935,0.06528311125177083
macro_fred,INDPRO,F1,sgd,38,29,1,0.00017434761482036843,0.06460871215390566
macro_fred,INDPRO,F1,sgd,39,29,1,0.0003213486125478312,0.06485130677544844
macro_fred,INDPRO,F1,sgd,40,29,1,0.00011908156718105071,0.06437155665901252
macro_fred,INDPRO,F1,sgd,41,29,1,7.159354296430092e-05,0.06420565204482306
macro_fred,INDPRO,F1,sgd,42,30,1,8.194584654325225e-05,0.06656110672425632
macro_fred,INDPRO,F1,sgd,43,29,1,0.00023657402631612257,0.06513398168885776
macro_fred,INDPRO,F1,sgd,44,29,1,9.388368350250806e-05,0.06437707948288733
macro_fred,INDPRO,F1,sgd,45,29,1,0.0002977854212683905,0.06461586469768237
macro_fred,INDPRO,F1,sgd,46,30,1,0.00019132387697530907,0.06362723406717498
macro_fred,INDPRO,F1,sgd,47,29,1,0.00015190095116522894,0.0650347172258396
macro_fred,INDPRO,F1,sgd,48,28,1,0.00026720805883072274,0.06464733513833273
macro_fred,INDPRO,F1,sgd,49,29,1,7.956234286271955e-05,0.06406801030496312
macro_fred,INDPRO,F1,adam,0,20,1,0.000306348186091627,0.046252413855023364
macro_fred,INDPRO,F1,adam,1,20,1,0.0036280401956696354,0.057041081331068104
macro_fred,INDPRO,F1,adam,2,20,1,0.00022125021780356277,0.04938355380324832
macro_fred,INDPRO,F1,adam,3,20,1,0.00454260902155764,0.050789717373233734
macro_fred,INDPRO,F1,adam,4,20,1,5.756969568462387e-05,0.04876296308320594
macro_fred,INDPRO,F1,adam,5,20,1,0.0008262744978853306,0.050004465930339796
macro_fred,INDPRO,F1,adam,6,20,1,0.0007498809058029044,0.04947842042198641
macro_fred,INDPRO,F1,adam,7,20,1,0.0001177417915764752,0.05019542225725074
macro_fred,INDPRO,F1,adam,8,22,1,0.0014906164844390368,0.05092782182028401
macro_fred,INDPRO,F1,adam,9,20,1,7.969213651306895e-05,0.049086240910062064
macro_fred,INDPRO,F1,adam,10,21,1,0.0020932426648582183,0.05131618123513081
macro_fred,INDPRO,F1,adam,11,20,1,0.003474241677981898,0.0518139152475745
macro_fred,INDPRO,F1,adam,12,19,1,0.0002902920361775053,0.053244707234055645
macro_fred,INDPRO,F1,adam,13,20,1,0.006836185834257647,0.05538632347120175
macro_fred,INDPRO,F1,adam,14,21,1,0.0004900928469075977,0.05248486046606544
macro_fred,INDPRO,F1,adam,15,21,1,0.001429337934902904,0.05503740940881633
macro_fred,INDPRO,F1,adam,16,19,1,0.0011438666010556364,0.051860594596009356
macro_fred,INDPRO,F1,adam,17,21,1,0.00029359450751090423,0.05655066051013745
macro_fred,INDPRO,F1,adam,18,20,1,6.758114611651819e-06,0.05300984862480329
macro_fred,INDPRO,F1,adam,19,20,1,0.00036782278027041546,0.0546922398289619
macro_fred,INDPRO,F1,adam,20,20,1,0.0008642623582438316,0.04516401801636033
macro_fred,INDPRO,F1,adam,21,20,1,0.001659906497392831,0.05106292068138627
macro_fred,INDPRO,F1,adam,22,21,1,0.0003339289971029663,0.05243078698226059
macro_fred,INDPRO,F1,adam,23,20,1,0.0013889410664576119,0.053446250144415085
macro_fred,INDPRO,F1,adam,24,20,1,0.007852394792811792,0.05453203611850144
macro_fred,INDPRO,F1,adam,25,21,1,0.006011863335056101,0.05317264191578121
macro_fred,INDPRO,F1,adam,26,20,1,0.004351553354595502,0.05216392036311391
macro_fred,INDPRO,F1,adam,27,20,1,0.001824594072557565,0.05345168965876407
macro_fred,INDPRO,F1,adam,28,20,1,0.0008938074929228953,0.05002797721711959
macro_fred,INDPRO,F1,adam,29,20,1,2.1969787676285005e-05,0.05544862892281264
macro_fred,INDPRO,F1,adam,30,20,1,0.0007759754387542822,0.0499335911670881
macro_fred,INDPRO,F1,adam,31,20,1,2.7980487944270045e-05,0.045832860038178325
macro_fred,INDPRO,F1,adam,32,20,1,0.0048784098652440745,0.05362935369716346
macro_fred,INDPRO,F1,adam,33,20,1,0.0006533918171539453,0.05397665766685531
macro_fred,INDPRO,F1,adam,34,20,1,4.468453963555175e-06,0.04926339540369452
macro_fred,INDPRO,F1,adam,35,19,1,0.0008956403895968808,0.05459461633763562
macro_fred,INDPRO,F1,adam,36,20,1,0.00017370157367256018,0.051221707646379205
macro_fred,INDPRO,F1,adam,37,20,1,0.0031109792933701553,0.05229228983421268
macro_fred,INDPRO,F1,adam,38,19,1,0.0045944424953756145,0.05332265752767871
macro_fred,INDPRO,F1,adam,39,21,1,0.0017709564904680895,0.05588447695495299
macro_fred,INDPRO,F1,adam,40,21,1,0.003628102326960345,0.05428278348648444
macro_fred,INDPRO,F1,adam,41,21,1,0.0006427160906381113,0.05040072722845484
macro_fred,INDPRO,F1,adam,42,20,1,0.0006992537242062676,0.06402497507235576
macro_fred,INDPRO,F1,adam,43,21,1,0.001393563398274721,0.05836700527073597
macro_fred,INDPRO,F1,adam,44,19,1,0.005704739812058162,0.05493989124637339
macro_fred,INDPRO,F1,adam,45,20,1,0.004642098282711522,0.05446472905419254
macro_fred,INDPRO,F1,adam,46,20,1,0.00012813735469401476,0.052008836716571284
macro_fred,INDPRO,F1,adam,47,22,1,0.0001175584813389438,0.052998430659043444
macro_fred,INDPRO,F1,adam,48,19,1,5.1394867567623254e-05,0.051838873960086615
macro_fred,INDPRO,F1,adam,49,20,1,0.0049619614526289525,0.05488866538263493
macro_fred,INDPRO,F2,sgd,0,31,1,4.401727698414954e-05,0.2058167438204772
macro_fred,INDPRO,F2,sgd,1,32,1,0.0003070882608911726,0.2055486770662423
macro_fred,INDPRO,F2,sgd,2,32,1,8.566152860971221e-06,0.20423762867099435
macro_fred,INDPRO,F2,sgd,3,32,1,5.311419276318587e-06,0.20513420814172073
macro_fred,INDPRO,F2,sgd,4,32,1,3.452925594243044e-05,0.20480737790529616
macro_fred,INDPRO,F2,sgd,5,32,1,0.0001467541975716252,0.2040500585888445
macro_fred,INDPRO,F2,sgd,6,32,1,0.00012511241564677866,0.203907708334546
macro_fred,INDPRO,F2,sgd,7,31,1,0.00011246558083622446,0.2064710711029032
macro_fred,INDPRO,F2,sgd,8,32,1,8.99469471681054e-06,0.20661243567016013
macro_fred,INDPRO,F2,sgd,9,32,1,6.980577271271593e-05,0.20406374331451063
macro_fred,INDPRO,F2,sgd,10,32,1,0.00017729328702648006,0.2067349075160977
macro_fred,INDPRO,F2,sgd,11,32,1,0.00026033996571386153,0.20386103272589254
macro_fred,INDPRO,F2,sgd,12,32,1,0.00041188153929533214,0.20556202159385425
macro_fred,INDPRO,F2,sgd,13,32,1,0.00013823331582212505,0.20408489258580118
macro_fred,INDPRO,F2,sgd,14,32,1,0.00010745686754429446,0.20470908423206202
macro_fred,INDPRO,F2,sgd,15,32,1,1.2874204560892894e-05,0.20527838063972817
macro_fred,INDPRO,F2,sgd,16,32,1,0.00010266309432702928,0.2064726165070845
macro_fred,INDPRO,F2,sgd,17,32,1,4.938806773887686e-06,0.2051877404856861
macro_fred,INDPRO,F2,sgd,18,32,1,4.5374279625703854e-05,0.2046353818024852
macro_fred,INDPRO,F2,sgd,19,31,1,4.993189710632888e-06,0.205155079706457
macro_fred,INDPRO,F2,sgd,20,31,1,2.1741460878398e-05,0.20395578293887637
macro_fred,INDPRO,F2,sgd,21,32,1,8.633074878671224e-05,0.2048619942311229
macro_fred,INDPRO,F2,sgd,22,32,1,9.111692866398083e-06,0.2053970980618476
macro_fred,INDPRO,F2,sgd,23,32,1,4.1771446413819116e-05,0.2047619686951397
macro_fred,INDPRO,F2,sgd,24,31,1,2.7018360843296938e-05,0.20472099262382584
macro_fred,INDPRO,F2,sgd,25,33,1,8.803858811170108e-05,0.20385948762135608
macro_fred,INDPRO,F2,sgd,26,32,1,1.539344138611314e-05,0.20304804082200265
macro_fred,INDPRO,F2,sgd,27,32,1,5.479117407770578e-05,0.20385147386927222
macro_fred,INDPRO,F2,sgd,28,31,1,5.079356931957044e-05,0.20386620793219365
macro_fred,INDPRO,F2,sgd,29,32,1,0.00015608995896676184,0.20642681530871312
macro_fred,INDPRO,F2,sgd,30,31,1,1.5153047475968566e-05,0.20493699076582964
macro_fred,INDPRO,F2,sgd,31,31,1,8.407962650611512e-06,0.20346402001447209
macro_fred,INDPRO,F2,sgd,32,32,1,8.284005828300877e-06,0.20604824806498692
macro_fred,INDPRO,F2,sgd,33,32,1,8.221514148729238e-05,0.20430659694224249
macro_fred,INDPRO,F2,sgd,34,31,1,4.30287899717942e-05,0.20495619635915394
macro_fred,INDPRO,F2,sgd,35,32,1,1.9949065617259786e-05,0.20582193806462762
macro_fred,INDPRO,F2,sgd,36,32,1,2.2438429272497453e-05,0.20532376508722996
macro_fred,INDPRO,F2,sgd,37,32,1,0.0007235671943832613,0.20700617155008938
macro_fred,INDPRO,F2,sgd,38,32,1,9.836213788835787e-05,0.20601911770597942
macro_fred,INDPRO,F2,sgd,39,32,1,0.0002423585062627093,0.2059092832724506
macro_fred,INDPRO,F2,sgd,40,32,1,6.552987769732801e-05,0.20534236559850935
macro_fred,INDPRO,F2,sgd,41,32,1,1.2424487769185141e-05,0.20544854948849825
macro_fred,INDPRO,F2,sgd,42,33,1,5.937241749116063e-06,0.20889661382644592
macro_fred,INDPRO,F2,sgd,43,31,1,0.00015882905520543856,0.2065697705521009
macro_fred,INDPRO,F2,sgd,44,32,1,2.195528327241358e-05,0.20526926117419797
macro_fred,INDPRO,F2,sgd,45,32,1,0.00023684446466726,0.20570512174109765
macro_fred,INDPRO,F2,sgd,46,32,1,0.00012607566262125812,0.2041049883512803
macro_fred,INDPRO,F2,sgd,47,31,1,9.069555348161782e-05,0.2065178375880514
macro_fred,INDPRO,F2,sgd,48,32,1,0.0001923516541396087,0.2060084239092597
macro_fred,INDPRO,F2,sgd,49,32,1,1.6059745987448287e-05,0.20470625714400356
macro_fred,INDPRO,F2,adam,0,20,1,0.000528298346169592,0.1782366230266029
macro_fred,INDPRO,F2,adam,1,20,1,0.0037175123581280898,0.18552886150410963
macro_fred,INDPRO,F2,adam,2,21,1,1.548737259557729e-05,0.1736988910414459
macro_fred,INDPRO,F2,adam,3,20,1,0.004212466009666979,0.18414131338162543
macro_fred,INDPRO,F2,adam,4,20,1,1.199001183483101e-06,0.17949010305183455
macro_fred,INDPRO,F2,adam,5,20,1,0.00035831085552431115,0.16768762589823594
macro_fred,INDPRO,F2,adam,6,20,1,0.00020518184644754882,0.17529150069094562
macro_fred,INDPRO,F2,adam,7,20,1,1.815599275716213e-05,0.18462137159512776
macro_fred,INDPRO,F2,adam,8,22,1,0.0009177113004555825,0.18612293276557165
macro_fred,INDPRO,F2,adam,9,20,1,0.00010556225761015965,0.17549298381160178
macro_fred,INDPRO,F2,adam,10,21,1,0.0016917347099449796,0.1915673271691075
macro_fred,INDPRO,F2,adam,11,20,1,0.0038837112367630915,0.17856197903128046
macro_fred,INDPRO,F2,adam,12,19,1,0.0008471952279800078,0.1920489614840055
macro_fred,INDPRO,F2,adam,13,20,1,0.0061237504445599365,0.17757358532706724
macro_fred,INDPRO,F2,adam,14,21,1,0.0006514710388962674,0.17859865270826
macro_fred,INDPRO,F2,adam,15,21,1,0.0006728258026713913,0.19258069013036772
macro_fred,INDPRO,F2,adam,16,19,1,0.0009535645469360062,0.19317005449879354
macro_fred,INDPRO,F2,adam,17,21,1,0.0005241527811186844,0.18635463397632276
macro_fred,INDPRO,F2,adam,18,20,1,3.0040547276671704e-05,0.18302147969877122
macro_fred,INDPRO,F2,adam,19,20,1,0.0002739976829191996,0.19006245660180016
macro_fred,INDPRO,F2,adam,20,20,1,0.0002548681232941387,0.16318760143661754
macro_fred,INDPRO,F2,adam,21,20,1,0.0015599380227338943,0.18490739999224615
macro_fred,INDPRO,F2,adam,22,21,1,4.7710873899113415e-05,0.18859506224891964
macro_fred,INDPRO,F2,adam,23,20,1,0.0010375635453220846,0.1798258448796525
macro_fred,INDPRO,F2,adam,24,20,1,0.006253762866746911,0.1816520058990973
macro_fred,INDPRO,F2,adam,25,21,1,0.004302240353928733,0.18261815747477017
macro_fred,INDPRO,F2,adam,26,20,1,0.002990996625328949,0.17913110983204864
macro_fred,INDPRO,F2,adam,27,20,1,0.0016353889516396232,0.17459591197030871
macro_fred,INDPRO,F2,adam,28,20,1,0.0013147947614903653,0.17436781993169134
macro_fred,INDPRO,F2,adam,29,20,1,1.1568117024787835e-05,0.2001477612608064
macro_fred,INDPRO,F2,adam,30,20,1,0.00026266300847750776,0.1798782596609592
macro_fred,INDPRO,F2,adam,31,20,1,3.764940387383556e-05,0.16451881708515267
macro_fred,INDPRO,F2,adam,32,20,1,0.001960455760066521,0.18597788895939113
macro_fred,INDPRO,F2,adam,33,20,1,0.0005833231259687182,0.18390945876915424
macro_fred,INDPRO,F2,adam,34,20,1,4.498990994738882e-05,0.1815082247713343
macro_fred,INDPRO,F2,adam,35,20,1,0.00038399016639296827,0.2042660738430588
macro_fred,INDPRO,F2,adam,36,20,1,6.830443718665591e-05,0.19149909093403966
macro_fred,INDPRO,F2,adam,37,20,1,0.0022802143430988055,0.19789403742841272
macro_fred,INDPRO,F2,adam,38,19,1,0.0036945577545179384,0.18605181774012536
macro_fred,INDPRO,F2,adam,39,21,1,0.00046707862965565894,0.19838233455978976
macro_fred,INDPRO,F2,adam,40,21,1,0.0029109553043646704,0.18684425586052683
macro_fred,INDPRO,F2,adam,41,21,1,0.001135163286331922,0.17834404345771426
macro_fred,INDPRO,F2,adam,42,21,1,0.0007651983845027975,0.21479210885739763
macro_fred,INDPRO,F2,adam,43,21,1,0.0008119143821211199,0.19933276071929995
macro_fred,INDPRO,F2,adam,44,19,1,0.004800747730731004,0.19135420517883933
macro_fred,INDPRO,F2,adam,45,20,1,0.0031663911864754724,0.18732099421158319
macro_fred,INDPRO,F2,adam,46,20,1,0.00019444550160104609,0.17748150437638346
macro_fred,INDPRO,F2,adam,47,22,1,0.00048802988393855377,0.19889842819427098
macro_fred,INDPRO,F2,adam,48,20,1,8.528134657917725e-05,0.18515211854384153
macro_fred,INDPRO,F2,adam,49,20,1,0.00624209844148856,0.18318541434222213
macro_fred,INDPRO,F4,sgd,0,28,1,0.00010411752421616433,0.04554604508413007
macro_fred,INDPRO,F4,sgd,1,29,1,0.0003966333137080224,0.04581598752140594
macro_fred,INDPRO,F4,sgd,2,29,1,5.333269693454701e-05,0.044915978818935456
macro_fred,INDPRO,F4,sgd,3,28,1,5.7678589172712725e-05,0.04566014943981853
macro_fred,INDPRO,F4,sgd,4,29,1,7.468596551876884e-05,0.045672341243570766
macro_fred,INDPRO,F4,sgd,5,29,1,0.00018082246367864273,0.0455550744820739
macro_fred,INDPRO,F4,sgd,6,28,1,0.0001749134682092408,0.045463146662658147
macro_fred,INDPRO,F4,sgd,7,28,1,0.00017448569301686543,0.04575779161283253
macro_fred,INDPRO,F4,sgd,8,29,1,6.89946821546518e-05,0.04602883882278542
macro_fred,INDPRO,F4,sgd,9,29,1,0.0001281642760926581,0.04556194962007291
macro_fred,INDPRO,F4,sgd,10,29,1,0.0002781481864602847,0.0459557604973641
macro_fred,INDPRO,F4,sgd,11,28,1,0.00032477715728145896,0.04554293674583114
macro_fred,INDPRO,F4,sgd,12,29,1,0.0005540411300512397,0.04590354514435241
macro_fred,INDPRO,F4,sgd,13,29,1,0.00022903709102177226,0.04548612026295835
macro_fred,INDPRO,F4,sgd,14,28,1,0.00015581674955330704,0.045339453227270766
macro_fred,INDPRO,F4,sgd,15,29,1,8.07358067521178e-05,0.0460068874771881
macro_fred,INDPRO,F4,sgd,16,29,1,0.00017612212682048114,0.0460646204089761
macro_fred,INDPRO,F4,sgd,17,29,1,5.8945783677383294e-05,0.04582568303919026
macro_fred,INDPRO,F4,sgd,18,29,1,0.00010057832791048483,0.045497624628010123
macro_fred,INDPRO,F4,sgd,19,28,1,6.063610734471151e-05,0.04582322638640424
macro_fred,INDPRO,F4,sgd,20,28,1,5.949922375107432e-05,0.04465354859286205
macro_fred,INDPRO,F4,sgd,21,29,1,0.00015156078007217495,0.04578712114677457
macro_fred,INDPRO,F4,sgd,22,29,1,6.247123415532358e-05,0.045817061836141905
macro_fred,INDPRO,F4,sgd,23,29,1,9.011686147612883e-05,0.04578660004268796
macro_fred,INDPRO,F4,sgd,24,28,1,8.50780841201616e-05,0.045553107355045364
macro_fred,INDPRO,F4,sgd,25,29,1,0.00014579415259851925,0.04566502424562783
macro_fred,INDPRO,F4,sgd,26,29,1,5.291758874808273e-05,0.045519150785616594
macro_fred,INDPRO,F4,sgd,27,29,1,9.921381349098486e-05,0.045283736754346555
macro_fred,INDPRO,F4,sgd,28,28,1,8.662842074447642e-05,0.045082750615042556
macro_fred,INDPRO,F4,sgd,29,29,1,0.00022360756326523666,0.045884895465808644
macro_fred,INDPRO,F4,sgd,30,28,1,6.526925622963086e-05,0.04545140615523324
macro_fred,INDPRO,F4,sgd,31,28,1,4.3476758602999735e-05,0.04498014329929573
macro_fred,INDPRO,F4,sgd,32,29,1,6.618735151766058e-05,0.04593674830467298
macro_fred,INDPRO,F4,sgd,33,29,1,0.00014261049552397864,0.0459172786544866
macro_fred,INDPRO,F4,sgd,34,29,1,9.358096097439913e-05,0.04555333856776134
macro_fred,INDPRO,F4,sgd,35,29,1,8.65991772561901e-05,0.046184394753672954
macro_fred,INDPRO,F4,sgd,36,29,1,7.852063094779115e-05,0.04550992854040764
macro_fred,INDPRO,F4,sgd,37,29,1,0.0008316363930752936,0.04628546723021721
macro_fred,INDPRO,F4,sgd,38,29,1,0.00017382773946757955,0.04595296676844031
macro_fred,INDPRO,F4,sgd,39,29,1,0.00032736147890154556,0.04623423335043321
macro_fred,INDPRO,F4,sgd,40,29,1,0.00011704618293495339,0.0459450219329639
macro_fred,INDPRO,F4,sgd,41,29,1,6.69046451958424e-05,0.04567465196265781
macro_fred,INDPRO,F4,sgd,42,29,1,9.14364437396491e-05,0.04738743880969825
macro_fred,INDPRO,F4,sgd,43,29,1,0.00024125492143050293,0.046359076320731114
macro_fred,INDPRO,F4,sgd,44,29,1,9.534792973071096e-05,0.045910374608728675
macro_fred,INDPRO,F4,sgd,45,29,1,0.00029597944606730823,0.046294178921345394
macro_fred,INDPRO,F4,sgd,46,29,1,0.00018883559925799594,0.045506638353375074
macro_fred,INDPRO,F4,sgd,47,28,1,0.00015381824119146823,0.04615295098207266
macro_fred,INDPRO,F4,sgd,48,28,1,0.00026654975080960664,0.04603615880705253
macro_fred,INDPRO,F4,sgd,49,29,1,7.796527955530487e-05,0.045916329021608616
macro_fred,INDPRO,F4,adam,0,20,1,0.00031178301141590576,0.0375970712673956
macro_fred,INDPRO,F4,adam,1,20,1,0.003559227026332417,0.04206746349814829
macro_fred,INDPRO,F4,adam,2,20,1,0.0002674993918493928,0.038478945404270756
macro_fred,INDPRO,F4,adam,3,20,1,0.004504741831690343,0.03922521864224956
macro_fred,INDPRO,F4,adam,4,20,1,9.635004992916445e-05,0.03894507303783944
macro_fred,INDPRO,F4,adam,5,20,1,0.0008691130190602522,0.041657290850178164
macro_fred,INDPRO,F4,adam,6,20,1,0.0008238136846912663,0.040458677571005755
macro_fred,INDPRO,F4,adam,7,20,1,0.0001749526513305639,0.03888217886333357
macro_fred,INDPRO,F4,adam,8,22,1,0.0015823185057929074,0.039841536509372354
macro_fred,INDPRO,F4,adam,9,20,1,8.921742896310497e-05,0.039396918244153256
macro_fred,INDPRO,F4,adam,10,21,1,0.002145460379049125,0.038304200566995315
macro_fred,INDPRO,F4,adam,11,20,1,0.003406149925815592,0.04020187148735227
macro_fred,INDPRO,F4,adam,12,19,1,0.00026450318446751567,0.040476450014881156
macro_fred,INDPRO,F4,adam,13,20,1,0.006926698770110758,0.04322434001173655
macro_fred,INDPRO,F4,adam,14,21,1,0.0004745320066340577,0.041057716950642885
macro_fred,INDPRO,F4,adam,15,21,1,0.001525607595705705,0.041151361989640464
macro_fred,INDPRO,F4,adam,16,19,1,0.0011955804702293146,0.03862449551622019
macro_fred,INDPRO,F4,adam,17,21,1,0.00029925096701617735,0.04310935813412315
macro_fred,INDPRO,F4,adam,18,20,1,9.606471082714562e-06,0.04018201373719611
macro_fred,INDPRO,F4,adam,19,20,1,0.00037153552870146785,0.04081475541136206
macro_fred,INDPRO,F4,adam,20,19,1,0.0009265721966862138,0.03762467646615777
macro_fred,INDPRO,F4,adam,21,20,1,0.00166128866849434,0.037935914711352464
macro_fred,INDPRO,F4,adam,22,21,1,0.00037305702503413084,0.03986574046443575
macro_fred,INDPRO,F4,adam,23,20,1,0.001400690173094272,0.0430173274484787
macro_fred,INDPRO,F4,adam,24,20,1,0.008007983468910103,0.040856048025032426
macro_fred,INDPRO,F4,adam,25,21,1,0.006176218599755299,0.04015063056175224
macro_fred,INDPRO,F4,adam,26,20,1,0.004482441642779363,0.040694966862746505
macro_fred,INDPRO,F4,adam,27,20,1,0.0018013864750397771,0.04044416822830941
macro_fred,INDPRO,F4,adam,28,20,1,0.0008397355164345859,0.03898658897482292
macro_fred,INDPRO,F4,adam,29,20,1,3.60020172411941e-05,0.03946255401709621
macro_fred,INDPRO,F4,adam,30,20,1,0.0008335264698010289,0.037963049146939105
macro_fred,INDPRO,F4,adam,31,20,1,2.826448919344631e-05,0.03867499372075984
macro_fred,INDPRO,F4,adam,32,20,1,0.005267776088703723,0.041484595556480784
macro_fred,INDPRO,F4,adam,33,20,1,0.0006629768089851881,0.04164147916393119
macro_fred,INDPRO,F4,adam,34,20,1,1.4941836502416957e-05,0.03785999775755717
macro_fred,INDPRO,F4,adam,35,19,1,0.0009112111418012782,0.03893902329579592
macro_fred,INDPRO,F4,adam,36,20,1,0.00019853858306553105,0.0379831689377901
macro_fred,INDPRO,F4,adam,37,20,1,0.0032285098505578295,0.04028548320627295
macro_fred,INDPRO,F4,adam,38,19,1,0.004617011590603498,0.040602628686225266
macro_fred,INDPRO,F4,adam,39,20,1,0.0019460208451297619,0.04174642907695664
macro_fred,INDPRO,F4,adam,40,21,1,0.0036824320308585746,0.0423292460975047
macro_fred,INDPRO,F4,adam,41,21,1,0.0005883505705791494,0.03880769318567844
macro_fred,INDPRO,F4,adam,42,20,1,0.0007116021652556318,0.047896182977237585
macro_fred,INDPRO,F4,adam,43,21,1,0.0014333575148771536,0.04333041265645984
macro_fred,INDPRO,F4,adam,44,19,1,0.005806215034681196,0.0407578936971026
macro_fred,INDPRO,F4,adam,45,20,1,0.004738140309433386,0.0437191423025106
macro_fred,INDPRO,F4,adam,46,20,1,0.00011931214533087801,0.041110924579581196
macro_fred,INDPRO,F4,adam,47,21,1,9.818205757023974e-05,0.039815360073548384
macro_fred,INDPRO,F4,adam,48,19,1,5.649152075452618e-05,0.04051453154362607
macro_fred,INDPRO,F4,adam,49,20,1,0.0047601777569567846,0.04265071700342621
macro_fred,UNRATE,F0,sgd,0,29,1,7.414421952415318e-05,0.0052724837153903725
macro_fred,UNRATE,F0,sgd,1,30,1,0.0003582154153146661,0.00545892479496891
macro_fred,UNRATE,F0,sgd,2,29,1,2.8299844495806074e-05,0.004904338204957179
macro_fred,UNRATE,F0,sgd,3,29,1,2.733347151392624e-05,0.005178881125174026
macro_fred,UNRATE,F0,sgd,4,29,1,4.8955972720420584e-05,0.005238273003512219
macro_fred,UNRATE,F0,sgd,5,29,1,0.0001617934227736417,0.005261144823693093
macro_fred,UNRATE,F0,sgd,6,29,1,0.00014915105037493424,0.004966865912703954
macro_fred,UNRATE,F0,sgd,7,28,1,0.00014171258519365046,0.005413610201959453
macro_fred,UNRATE,F0,sgd,8,30,1,3.627858127694868e-05,0.005404376444001568
macro_fred,UNRATE,F0,sgd,9,30,1,0.00010018917709230221,0.0050311566982854244
macro_fred,UNRATE,F0,sgd,10,29,1,0.0002334611748198482,0.0052457684335489845
macro_fred,UNRATE,F0,sgd,11,29,1,0.00029425444490516407,0.00493738165175045
macro_fred,UNRATE,F0,sgd,12,29,1,0.0005009174915495984,0.005524021518959692
macro_fred,UNRATE,F0,sgd,13,29,1,0.000194462830848943,0.005221495332078769
macro_fred,UNRATE,F0,sgd,14,29,1,0.0001291898100897458,0.004950238379701548
macro_fred,UNRATE,F0,sgd,15,29,1,4.388785479668935e-05,0.0053423262964097966
macro_fred,UNRATE,F0,sgd,16,30,1,0.00013763867011654855,0.005302296944587786
macro_fred,UNRATE,F0,sgd,17,29,1,2.8217947250539144e-05,0.005240906125917449
macro_fred,UNRATE,F0,sgd,18,29,1,6.983718877003913e-05,0.005153546096557917
macro_fred,UNRATE,F0,sgd,19,29,1,2.841992768041426e-05,0.005238402768921284
macro_fred,UNRATE,F0,sgd,20,28,1,3.8811450954691115e-05,0.004741417423677884
macro_fred,UNRATE,F0,sgd,21,30,1,0.00011861984424516153,0.005121358094163112
macro_fred,UNRATE,F0,sgd,22,30,1,3.09129333703415e-05,0.005233720700390235
macro_fred,UNRATE,F0,sgd,23,30,1,6.30954122101863e-05,0.005183408726670507
macro_fred,UNRATE,F0,sgd,24,29,1,5.5158746552359614e-05,0.005184162327046015
macro_fred,UNRATE,F0,sgd,25,30,1,0.00011542870296264401,0.005024240312666296
macro_fred,UNRATE,F0,sgd,26,29,1,2.92242084073025e-05,0.005061818778310859
macro_fred,UNRATE,F0,sgd,27,29,1,7.59303090385734e-05,0.005057834793183418
macro_fred,UNRATE,F0,sgd,28,29,1,6.345389419722412e-05,0.004969781663202759
macro_fred,UNRATE,F0,sgd,29,29,1,0.00018518800326077552,0.005183504138758463
macro_fred,UNRATE,F0,sgd,30,28,1,3.7207081724976434e-05,0.005122307351548259
macro_fred,UNRATE,F0,sgd,31,28,1,2.390407410885923e-05,0.0048568854704601995
macro_fred,UNRATE,F0,sgd,32,30,1,3.437849073213885e-05,0.005368212300963369
macro_fred,UNRATE,F0,sgd,33,29,1,0.00011254572466654128,0.005166801499449267
macro_fred,UNRATE,F0,sgd,34,29,1,6.532266078411857e-05,0.0051972429363391385
macro_fred,UNRATE,F0,sgd,35,29,1,4.735901161290774e-05,0.005415057411771278
macro_fred,UNRATE,F0,sgd,36,29,1,4.4679431072636805e-05,0.005064096525828762
macro_fred,UNRATE,F0,sgd,37,30,1,0.0007830870234599354,0.005276135622001325
macro_fred,UNRATE,F0,sgd,38,29,1,0.00013717420372556083,0.00546167165725435
macro_fred,UNRATE,F0,sgd,39,30,1,0.00028713388103513104,0.005264498663770982
macro_fred,UNRATE,F0,sgd,40,29,1,8.66813959670591e-05,0.0053801318561531985
macro_fred,UNRATE,F0,sgd,41,30,1,3.854998808640676e-05,0.005190272474233302
macro_fred,UNRATE,F0,sgd,42,30,1,4.217843272597162e-05,0.006077828024305923
macro_fred,UNRATE,F0,sgd,43,29,1,0.00019982628044334482,0.00538817412858908
macro_fred,UNRATE,F0,sgd,44,29,1,5.896514432148529e-05,0.005337944225987371
macro_fred,UNRATE,F0,sgd,45,29,1,0.0002651620721673019,0.005645738849037813
macro_fred,UNRATE,F0,sgd,46,30,1,0.00016053032765381666,0.0049725686967393564
macro_fred,UNRATE,F0,sgd,47,29,1,0.00011621145646897941,0.005519772366754499
macro_fred,UNRATE,F0,sgd,48,29,1,0.0002328672437762308,0.005539484617748165
macro_fred,UNRATE,F0,sgd,49,30,1,4.732417982179766e-05,0.005312674768955583
macro_fred,UNRATE,F0,adam,0,20,1,0.00031836139423875646,0.0037236440380107507
macro_fred,UNRATE,F0,adam,1,20,1,0.003668661836679689,0.004482105352920617
macro_fred,UNRATE,F0,adam,2,20,1,0.0001907661384677365,0.003444588247974183
macro_fred,UNRATE,F0,adam,3,20,1,0.004591461475162019,0.0031630142705954736
macro_fred,UNRATE,F0,adam,4,20,1,5.5063731208785745e-05,0.0037847127092673033
macro_fred,UNRATE,F0,adam,5,20,1,0.0007892918737671905,0.004416728430009954
macro_fred,UNRATE,F0,adam,6,20,1,0.0007153327546983993,0.004505682970805589
macro_fred,UNRATE,F0,adam,7,20,1,8.458375301056853e-05,0.003242615922372286
macro_fred,UNRATE,F0,adam,8,22,1,0.0013935370034601118,0.003291157581449736
macro_fred,UNRATE,F0,adam,9,20,1,8.385235539589783e-05,0.0036341536073617084
macro_fred,UNRATE,F0,adam,10,20,1,0.002055084751175837,0.0029635772573347323
macro_fred,UNRATE,F0,adam,11,20,1,0.0035420576649630503,0.0033365397860200307
macro_fred,UNRATE,F0,adam,12,19,1,0.0003288554995709719,0.0035728457132506524
macro_fred,UNRATE,F0,adam,13,20,1,0.0068208266460852264,0.0053046606703831
macro_fred,UNRATE,F0,adam,14,21,1,0.0005190840109756963,0.0033377349842757106
macro_fred,UNRATE,F0,adam,15,20,1,0.001325766583573228,0.004014801567850594
macro_fred,UNRATE,F0,adam,16,19,1,0.0011114043656958459,0.002963927781231595
macro_fred,UNRATE,F0,adam,17,21,1,0.00031851140807048653,0.003994149593194318
macro_fred,UNRATE,F0,adam,18,20,1,5.158372081106475e-06,0.0032929548256052875
macro_fred,UNRATE,F0,adam,19,20,1,0.00037606471457145074,0.003860241012747874
macro_fred,UNRATE,F0,adam,20,19,1,0.0007999955826245292,0.004067976024585911
macro_fred,UNRATE,F0,adam,21,20,1,0.0016479649546481201,0.003180839288486783
macro_fred,UNRATE,F0,adam,22,21,1,0.00029872196079595446,0.003213170138380467
macro_fred,UNRATE,F0,adam,23,20,1,0.0013955746568521615,0.004849951503284294
macro_fred,UNRATE,F0,adam,24,20,1,0.007681105303612185,0.004759635163742404
macro_fred,UNRATE,F0,adam,25,21,1,0.005833208889172275,0.003256314669039238
macro_fred,UNRATE,F0,adam,26,20,1,0.004244708795564951,0.003522650864592982
macro_fred,UNRATE,F0,adam,27,19,1,0.001854292988363963,0.0038419313036475123
macro_fred,UNRATE,F0,adam,28,20,1,0.0009447635845148454,0.003348506611176886
macro_fred,UNRATE,F0,adam,29,20,1,2.7429769874736015e-05,0.0038478733916972045
macro_fred,UNRATE,F0,adam,30,20,1,0.0007351520061162702,0.0032151849794947646
macro_fred,UNRATE,F0,adam,31,20,1,3.108472710206751e-05,0.004339494358142848
macro_fred,UNRATE,F0,adam,32,20,1,0.004483775936182406,0.004395363382408828
macro_fred,UNRATE,F0,adam,33,20,1,0.0006394271498149155,0.004033146939819704
macro_fred,UNRATE,F0,adam,34,19,1,4.9860085617405976e-06,0.003093390078876036
macro_fred,UNRATE,F0,adam,35,19,1,0.0008571183668134244,0.00361887063464466
macro_fred,UNRATE,F0,adam,36,20,1,0.00016126321956698222,0.0035478399758535374
macro_fred,UNRATE,F0,adam,37,20,1,0.0029903053062442127,0.0035481576196340534
macro_fred,UNRATE,F0,adam,38,19,1,0.004558706982253779,0.004039078414534907
macro_fred,UNRATE,F0,adam,39,20,1,0.0016078516127176487,0.004271740964262978
macro_fred,UNRATE,F0,adam,40,21,1,0.003597070489209755,0.0038182221756032585
macro_fred,UNRATE,F0,adam,41,20,1,0.0006946220221961144,0.0032651250223839938
macro_fred,UNRATE,F0,adam,42,20,1,0.0007188949026601598,0.006301027477114146
macro_fred,UNRATE,F0,adam,43,21,1,0.0013599910908275632,0.004751410348711252
macro_fred,UNRATE,F0,adam,44,19,1,0.00560681099312924,0.004762244847130259
macro_fred,UNRATE,F0,adam,45,20,1,0.004543745841813631,0.005253565645406303
macro_fred,UNRATE,F0,adam,46,20,1,0.00013789370540737654,0.003965839375587158
macro_fred,UNRATE,F0,adam,47,21,1,0.0001442983584667217,0.003307653689721297
macro_fred,UNRATE,F0,adam,48,19,1,5.176488939702943e-05,0.0034168302355679567
macro_fred,UNRATE,F0,adam,49,20,1,0.005142992235379855,0.0048202968560240745
macro_fred,UNRATE,F1,sgd,0,28,1,5.837870898454382e-05,0.02261384119583554
macro_fred,UNRATE,F1,sgd,1,28,1,0.0003544779063495522,0.02281293698109935
macro_fred,UNRATE,F1,sgd,2,28,1,1.3146919879492911e-05,0.022060739419918627
macro_fred,UNRATE,F1,sgd,3,28,1,8.025602362765262e-06,0.02229496296978838
macro_fred,UNRATE,F1,sgd,4,28,1,2.76675488721258e-05,0.022314309005767922
macro_fred,UNRATE,F1,sgd,5,28,1,0.000143289421796533,0.0222827123529028
macro_fred,UNRATE,F1,sgd,6,28,1,0.00013375855116501994,0.021784280841384705
macro_fred,UNRATE,F1,sgd,7,27,1,0.00012248642427097043,0.022866529243332163
macro_fred,UNRATE,F1,sgd,8,28,1,1.3073684186736973e-05,0.022672476208250573
macro_fred,UNRATE,F1,sgd,9,28,1,8.955608496430651e-05,0.02186426091981666
macro_fred,UNRATE,F1,sgd,10,28,1,0.00022516527669744034,0.022429579448679907
macro_fred,UNRATE,F1,sgd,11,28,1,0.00028441676113794646,0.021675061877663666
macro_fred,UNRATE,F1,sgd,12,28,1,0.0005169128629062467,0.02290873372603133
macro_fred,UNRATE,F1,sgd,13,28,1,0.00019880750078296895,0.022328598616494028
macro_fred,UNRATE,F1,sgd,14,28,1,0.00011018530942302918,0.02197644702888604
macro_fred,UNRATE,F1,sgd,15,28,1,2.841524912321549e-05,0.02246447170221646
macro_fred,UNRATE,F1,sgd,16,29,1,0.00011830596344978802,0.022461996272404285
macro_fred,UNRATE,F1,sgd,17,28,1,8.359824610784838e-06,0.022319139219583332
macro_fred,UNRATE,F1,sgd,18,28,1,5.5168537327340063e-05,0.022299426400416725
macro_fred,UNRATE,F1,sgd,19,28,1,8.993771913087921e-06,0.022338250804209796
macro_fred,UNRATE,F1,sgd,20,27,1,2.504609340126714e-05,0.021841625682238474
macro_fred,UNRATE,F1,sgd,21,28,1,0.00010452102650526914,0.02206253608182115
macro_fred,UNRATE,F1,sgd,22,29,1,9.635527814332868e-06,0.022362566467863637
macro_fred,UNRATE,F1,sgd,23,28,1,4.3734774667944455e-05,0.022121657648336783
macro_fred,UNRATE,F1,sgd,24,28,1,4.131457745300682e-05,0.022317886152536975
macro_fred,UNRATE,F1,sgd,25,29,1,0.00010225079297811315,0.02181063906731933
macro_fred,UNRATE,F1,sgd,26,28,1,1.1467270357237913e-05,0.021820554412582294
macro_fred,UNRATE,F1,sgd,27,28,1,6.061306263931441e-05,0.02211003450110858
macro_fred,UNRATE,F1,sgd,28,28,1,4.441928275134191e-05,0.02206045282369326
macro_fred,UNRATE,F1,sgd,29,28,1,0.0001601833690605488,0.022385977456709862
macro_fred,UNRATE,F1,sgd,30,28,1,1.9401198854384446e-05,0.022305813829062097
macro_fred,UNRATE,F1,sgd,31,27,1,8.968047229261405e-06,0.02182394149631852
macro_fred,UNRATE,F1,sgd,32,28,1,1.3130918733014617e-05,0.02260597602211746
macro_fred,UNRATE,F1,sgd,33,28,1,9.825672767332192e-05,0.02194086579174437
macro_fred,UNRATE,F1,sgd,34,28,1,4.760032919416214e-05,0.02237423661890802
macro_fred,UNRATE,F1,sgd,35,28,1,2.4170523337727436e-05,0.022588463936438544
macro_fred,UNRATE,F1,sgd,36,28,1,2.4683121799879082e-05,0.022240073861607344
macro_fred,UNRATE,F1,sgd,37,29,1,0.0007739122336408469,0.02228797172306046
macro_fred,UNRATE,F1,sgd,38,28,1,0.00012540728860556405,0.02277857731773159
macro_fred,UNRATE,F1,sgd,39,29,1,0.00027008898810864854,0.022226732596718653
macro_fred,UNRATE,F1,sgd,40,28,1,6.494794605779084e-05,0.022532308898094856
macro_fred,UNRATE,F1,sgd,41,28,1,2.0802658715179142e-05,0.02232277161176784
macro_fred,UNRATE,F1,sgd,42,29,1,1.072387683823007e-05,0.023407194205688184
macro_fred,UNRATE,F1,sgd,43,28,1,0.0001802572923148667,0.022458808352691085
macro_fred,UNRATE,F1,sgd,44,28,1,4.694589635250682e-05,0.022492050549705236
macro_fred,UNRATE,F1,sgd,45,28,1,0.00024550348223143555,0.022828010411695392
macro_fred,UNRATE,F1,sgd,46,29,1,0.00014838735335712876,0.021814302459626057
macro_fred,UNRATE,F1,sgd,47,28,1,9.1910981041782e-05,0.022865555488178653
macro_fred,UNRATE,F1,sgd,48,28,1,0.00021859957806869644,0.02286659328258031
macro_fred,UNRATE,F1,sgd,49,29,1,3.369701253849572e-05,0.02234145023022548
macro_fred,UNRATE,F1,adam,0,20,1,0.0002501618867691286,0.015309866951347038
macro_fred,UNRATE,F1,adam,1,20,1,0.0034101685139687954,0.018663454758045525
macro_fred,UNRATE,F1,adam,2,20,1,0.0003613447915114909,0.01451593707886575
macro_fred,UNRATE,F1,adam,3,20,1,0.004401186678885516,0.016121578234221234
macro_fred,UNRATE,F1,adam,4,20,1,7.60077384195018e-05,0.015837799361876785
macro_fred,UNRATE,F1,adam,5,20,1,0.0008921766479304468,0.014491068096374802
macro_fred,UNRATE,F1,adam,6,20,1,0.0008596524676270403,0.01609158260146446
macro_fred,UNRATE,F1,adam,7,20,1,0.0002603990115509673,0.016515421709290944
macro_fred,UNRATE,F1,adam,8,22,1,0.0017713750148611014,0.016534894588860524
macro_fred,UNRATE,F1,adam,9,20,1,5.1649986140255324e-05,0.015345203782771153
macro_fred,UNRATE,F1,adam,10,21,1,0.002236056754175247,0.01716956154949723
macro_fred,UNRATE,F1,adam,11,20,1,0.0032573420713639324,0.015735608710462333
macro_fred,UNRATE,F1,adam,12,19,1,0.00022404564026240592,0.01849740826144085
macro_fred,UNRATE,F1,adam,13,20,1,0.007072960488947302,0.01769528436342228
macro_fred,UNRATE,F1,adam,14,21,1,0.00043135943323200287,0.01565718226047317
macro_fred,UNRATE,F1,adam,15,21,1,0.0016839181435219501,0.01948420879851954
macro_fred,UNRATE,F1,adam,16,19,1,0.0013085640316157173,0.017621181224556765
macro_fred,UNRATE,F1,adam,17,21,1,0.00023646462794384276,0.017970519746860807
macro_fred,UNRATE,F1,adam,18,20,1,1.1654798698146536e-05,0.016862747774798847
macro_fred,UNRATE,F1,adam,19,20,1,0.00037951622425483415,0.018584655601004075
macro_fred,UNRATE,F1,adam,20,19,1,0.001001674038101049,0.012697225709219316
macro_fred,UNRATE,F1,adam,21,20,1,0.0016631467882731786,0.016546215142760435
macro_fred,UNRATE,F1,adam,22,21,1,0.00042516840673109376,0.017431437172902034
macro_fred,UNRATE,F1,adam,23,20,1,0.0013665999445972546,0.01728323237491017
macro_fred,UNRATE,F1,adam,24,20,1,0.008237037710037802,0.01834926065205725
macro_fred,UNRATE,F1,adam,25,21,1,0.006462017464738781,0.016415256421216554
macro_fred,UNRATE,F1,adam,26,20,1,0.004679506505402504,0.015752206468244795
macro_fred,UNRATE,F1,adam,27,20,1,0.00171522941893991,0.016095404005593048
macro_fred,UNRATE,F1,adam,28,20,1,0.0007264132375258284,0.014718421506290014
macro_fred,UNRATE,F1,adam,29,20,1,1.8844920646317626e-05,0.019581771204446898
macro_fred,UNRATE,F1,adam,30,20,1,0.0008926622457692786,0.016429625593992477
macro_fred,UNRATE,F1,adam,31,20,1,2.9361827748746516e-06,0.013337891236542337
macro_fred,UNRATE,F1,adam,32,20,1,0.006014439045524186,0.018856723150181408
macro_fred,UNRATE,F1,adam,33,20,1,0.000680720514706209,0.017714754660703828
macro_fred,UNRATE,F1,adam,34,20,1,1.931278916359897e-05,0.015911292001855645
macro_fred,UNRATE,F1,adam,35,19,1,0.0009266277244791736,0.02144874395473968
macro_fred,UNRATE,F1,adam,36,20,1,0.00024181264524258952,0.01775407290944379
macro_fred,UNRATE,F1,adam,37,20,1,0.003482333272640383,0.018453231369275125
macro_fred,UNRATE,F1,adam,38,19,1,0.004600620104771343,0.018497996984270137
macro_fred,UNRATE,F1,adam,39,20,1,0.0022574606138342033,0.020926799743147553
macro_fred,UNRATE,F1,adam,40,21,1,0.003736445403945531,0.017096174322389877
macro_fred,UNRATE,F1,adam,41,21,1,0.0004904148000309228,0.01582311437196461
macro_fred,UNRATE,F1,adam,42,20,1,0.0005839438175440246,0.023633332268863393
macro_fred,UNRATE,F1,adam,43,21,1,0.0014328672771016428,0.02107977362153829
macro_fred,UNRATE,F1,adam,44,19,1,0.005984721043848559,0.02001984655393826
macro_fred,UNRATE,F1,adam,45,20,1,0.004818330513029491,0.019380469260597506
macro_fred,UNRATE,F1,adam,46,20,1,9.362233209886679e-05,0.016107346313334235
macro_fred,UNRATE,F1,adam,47,21,1,7.258387254613935e-05,0.01962919093401069
macro_fred,UNRATE,F1,adam,48,19,1,5.778617685571242e-05,0.01695658095600881
macro_fred,UNRATE,F1,adam,49,20,1,0.00437948656315279,0.0182434665313478
macro_fred,UNRATE,F2,sgd,0,25,1,5.84185807600932e-05,0.04818180875615193
macro_fred,UNRATE,F2,sgd,1,26,1,0.00038051514345912473,0.048758047739515614
macro_fred,UNRATE,F2,sgd,2,25,1,7.089840798781795e-06,0.047417710853379424
macro_fred,UNRATE,F2,sgd,3,25,1,1.5316514986767053e-06,0.047481776331512675
macro_fred,UNRATE,F2,sgd,4,26,1,1.426010240322613e-05,0.04764053138314159
macro_fred,UNRATE,F2,sgd,5,26,1,0.00013018160791156323,0.04785146847605752
macro_fred,UNRATE,F2,sgd,6,25,1,0.0001285048830314616,0.04657108326005321
macro_fred,UNRATE,F2,sgd,7,25,1,0.00012063854969628253,0.04856039764047506
macro_fred,UNRATE,F2,sgd,8,26,1,5.551678564192031e-06,0.04787649167901056
macro_fred,UNRATE,F2,sgd,9,26,1,9.726939799603666e-05,0.04669012628796082
macro_fred,UNRATE,F2,sgd,10,25,1,0.00024996478880582137,0.04715878228365518
macro_fred,UNRATE,F2,sgd,11,26,1,0.00029309364684636957,0.04624262971716776
macro_fred,UNRATE,F2,sgd,12,26,1,0.0005891212279005909,0.04902798157162867
macro_fred,UNRATE,F2,sgd,13,26,1,0.0002457954622073877,0.04811101626977269
macro_fred,UNRATE,F2,sgd,14,26,1,0.00010078297406375117,0.04688146208571888
macro_fred,UNRATE,F2,sgd,15,26,1,3.495488438338185e-05,0.04791672027902515
macro_fred,UNRATE,F2,sgd,16,26,1,0.0001203788792891837,0.04734413304568834
macro_fred,UNRATE,F2,sgd,17,26,1,9.619961435677918e-07,0.04753174231489643
macro_fred,UNRATE,F2,sgd,18,26,1,5.555203397646781e-05,0.047797787618232064
macro_fred,UNRATE,F2,sgd,19,26,1,2.3693196953451154e-06,0.04762010459274737
macro_fred,UNRATE,F2,sgd,20,25,1,1.866693762600362e-05,0.046969563912683726
macro_fred,UNRATE,F2,sgd,21,26,1,0.00011025079553711163,0.04689001659616537
macro_fred,UNRATE,F2,sgd,22,26,1,8.956299896892338e-07,0.04760435336624109
macro_fred,UNRATE,F2,sgd,23,26,1,3.616825587011026e-05,0.047118166550055955
macro_fred,UNRATE,F2,sgd,24,25,1,4.5095293171434416e-05,0.04779690551407768
macro_fred,UNRATE,F2,sgd,25,26,1,0.00010496324245257269,0.04660441891870391
macro_fred,UNRATE,F2,sgd,26,26,1,1.6537595231761492e-06,0.04695016598555992
macro_fred,UNRATE,F2,sgd,27,26,1,5.451651145203118e-05,0.047564572204065826
macro_fred,UNRATE,F2,sgd,28,25,1,3.0394008709147614e-05,0.04744897855954689
macro_fred,UNRATE,F2,sgd,29,26,1,0.0001505269677301636,0.04725619388119305
macro_fred,UNRATE,F2,sgd,30,26,1,1.307278408200926e-05,0.04768287657295874
macro_fred,UNRATE,F2,sgd,31,25,1,1.3725828397581854e-06,0.04700895240067492
macro_fred,UNRATE,F2,sgd,32,25,1,6.592145706308632e-06,0.04796228242656742
macro_fred,UNRATE,F2,sgd,33,25,1,0.00010182856940063004,0.04674812456481158
macro_fred,UNRATE,F2,sgd,34,26,1,4.193122134337144e-05,0.047839446890311554
macro_fred,UNRATE,F2,sgd,35,26,1,1.6313636491681952e-05,0.047947202804912874
macro_fred,UNRATE,F2,sgd,36,25,1,1.6555559007094357e-05,0.047372203870194717
macro_fred,UNRATE,F2,sgd,37,26,1,0.000795572766499792,0.04657824941383338
macro_fred,UNRATE,F2,sgd,38,25,1,0.00013956336047958668,0.048476024236789095
macro_fred,UNRATE,F2,sgd,39,26,1,0.00027979402552711095,0.04685997655941448
macro_fred,UNRATE,F2,sgd,40,26,1,5.2963261659324715e-05,0.047997113273050014
macro_fred,UNRATE,F2,sgd,41,26,1,1.81452497785141e-05,0.04741698958002095
macro_fred,UNRATE,F2,sgd,42,26,1,2.130375130762694e-06,0.04874618378179489
macro_fred,UNRATE,F2,sgd,43,25,1,0.00018294342702157113,0.04723475427660344
macro_fred,UNRATE,F2,sgd,44,26,1,6.228868884212666e-05,0.048028473332996924
macro_fred,UNRATE,F2,sgd,45,26,1,0.0002383170631363405,0.048569426374221826
macro_fred,UNRATE,F2,sgd,46,26,1,0.00015282850496411502,0.046570457108363605
macro_fred,UNRATE,F2,sgd,47,26,1,7.999874861959057e-05,0.04843908987246043
macro_fred,UNRATE,F2,sgd,48,26,1,0.00022545617343140212,0.04864518097812692
macro_fred,UNRATE,F2,sgd,49,27,1,4.084883737557322e-05,0.04777848409132479
macro_fred,UNRATE,F2,adam,0,20,1,0.0002795718222721387,0.04488403519354309
macro_fred,UNRATE,F2,adam,1,20,1,0.0024842834588142647,0.04648184161386081
macro_fred,UNRATE,F2,adam,2,20,1,0.0008802852822624796,0.03962871514105366
macro_fred,UNRATE,F2,adam,3,20,1,0.0034457566316851702,0.04196633776242301
macro_fred,UNRATE,F2,adam,4,20,1,0.0003215061589816384,0.04247430518023036
macro_fred,UNRATE,F2,adam,5,20,1,0.0007988002546868845,0.03808826286876678
macro_fred,UNRATE,F2,adam,6,20,1,0.0008104028485646632,0.04313879191768164
macro_fred,UNRATE,F2,adam,7,20,1,0.0008667588132701584,0.04350359818557678
macro_fred,UNRATE,F2,adam,8,22,1,0.0028921677127193785,0.043821139827819815
macro_fred,UNRATE,F2,adam,9,20,1,1.050903432666626e-05,0.04184746058851541
macro_fred,UNRATE,F2,adam,10,21,1,0.0024697831144599846,0.0452815477934419
macro_fred,UNRATE,F2,adam,11,20,1,0.002582695743029173,0.03977347170819559
macro_fred,UNRATE,F2,adam,12,19,1,0.00018691225414093965,0.048131612624549604
macro_fred,UNRATE,F2,adam,13,20,1,0.007679514322826041,0.0464992187312067
macro_fred,UNRATE,F2,adam,14,21,1,0.00027943687250823145,0.04201029340213597
macro_fred,UNRATE,F2,adam,15,21,1,0.0023531150121895443,0.04988174457333935
macro_fred,UNRATE,F2,adam,16,19,1,0.0019132850727740592,0.04635300339902982
macro_fred,UNRATE,F2,adam,17,21,1,0.00016287862205462518,0.045317698526024776
macro_fred,UNRATE,F2,adam,18,20,1,1.0415858725704963e-06,0.043557054806251376
macro_fred,UNRATE,F2,adam,19,20,1,0.000373610936269153,0.046997354425688295
macro_fred,UNRATE,F2,adam,20,19,1,0.001335558994016435,0.0363944151076825
macro_fred,UNRATE,F2,adam,21,20,1,0.001745476890141216,0.04245490000988085
macro_fred,UNRATE,F2,adam,22,21,1,0.00046764341659767444,0.045087382883280985
macro_fred,UNRATE,F2,adam,23,20,1,0.0008087798159319544,0.04449429657677152
macro_fred,UNRATE,F2,adam,24,20,1,0.008401684858262157,0.04809662861203847
macro_fred,UNRATE,F2,adam,25,21,1,0.007490477116934373,0.039075255032351604
macro_fred,UNRATE,F2,adam,26,20,1,0.004859072278190054,0.03944048503596098
macro_fred,UNRATE,F2,adam,27,20,1,0.000976617030828504,0.041556879698825495
macro_fred,UNRATE,F2,adam,28,20,1,0.0001926111797603587,0.040669004962449996
macro_fred,UNRATE,F2,adam,29,20,1,8.360705269263388e-05,0.04935752338476362
macro_fred,UNRATE,F2,adam,30,20,1,0.0009235724156451922,0.04427351396794543
macro_fred,UNRATE,F2,adam,31,20,1,1.046015675426389e-05,0.03855969102214631
macro_fred,UNRATE,F2,adam,32,20,1,0.009164361497986601,0.05148922233233938
macro_fred,UNRATE,F2,adam,33,20,1,0.000836125463794351,0.04539409900437746
macro_fred,UNRATE,F2,adam,34,20,1,0.00017050124548150314,0.04305369159510833
macro_fred,UNRATE,F2,adam,35,19,1,0.000617605847354023,0.05303879774255157
macro_fred,UNRATE,F2,adam,36,20,1,0.000518041051343223,0.04854522082443488
macro_fred,UNRATE,F2,adam,37,20,1,0.0048763355175309095,0.04637872533630089
macro_fred,UNRATE,F2,adam,38,19,1,0.003942356121447998,0.048988979997355915
macro_fred,UNRATE,F2,adam,39,20,1,0.0033122393717224335,0.052706555761363946
macro_fred,UNRATE,F2,adam,40,21,1,0.003698951883277831,0.04239837035249077
macro_fred,UNRATE,F2,adam,41,21,1,0.00015310908370594776,0.04355744850825062
macro_fred,UNRATE,F2,adam,42,20,1,0.0003153995805350028,0.054726858024996716
macro_fred,UNRATE,F2,adam,43,21,1,0.0011078538150197776,0.051507393564327535
macro_fred,UNRATE,F2,adam,44,19,1,0.006915139050905011,0.051687419685563396
macro_fred,UNRATE,F2,adam,45,20,1,0.004291725317988623,0.04950011097545657
macro_fred,UNRATE,F2,adam,46,20,1,1.677719950528122e-05,0.041776886045997656
macro_fred,UNRATE,F2,adam,47,21,1,1.687457239616553e-05,0.050062079387211376
macro_fred,UNRATE,F2,adam,48,19,1,0.00010815853547384811,0.045124738649699285
macro_fred,UNRATE,F2,adam,49,20,1,0.0026320106096651362,0.04635340398329414
macro_fred,UNRATE,F4,sgd,0,28,1,6.860945499401824e-05,0.01683790487042926
macro_fred,UNRATE,F4,sgd,1,29,1,0.0003605896771679448,0.017017559705749155
macro_fred,UNRATE,F4,sgd,2,29,1,2.294400009345034e-05,0.016343536663797578
macro_fred,UNRATE,F4,sgd,3,28,1,1.8948767923790348e-05,0.016613784127076325
macro_fred,UNRATE,F4,sgd,4,28,1,3.902442508678502e-05,0.016635928394827724
macro_fred,UNRATE,F4,sgd,5,28,1,0.0001536423929086687,0.016607739748416294
macro_fred,UNRATE,F4,sgd,6,28,1,0.000143162347486817,0.016215939735505967
macro_fred,UNRATE,F4,sgd,7,28,1,0.00013380196320818578,0.01704996768278629
macro_fred,UNRATE,F4,sgd,8,29,1,2.5483991268536025e-05,0.016944611956007345
macro_fred,UNRATE,F4,sgd,9,29,1,9.755014267023167e-05,0.016289705804237897
macro_fred,UNRATE,F4,sgd,10,28,1,0.00023321582876984403,0.01674739248177945
macro_fred,UNRATE,F4,sgd,11,28,1,0.0002921067959000033,0.01614380210889203
macro_fred,UNRATE,F4,sgd,12,28,1,0.0005169252610206448,0.017103178447682187
macro_fred,UNRATE,F4,sgd,13,28,1,0.0002021573299348071,0.016621284620022127
macro_fred,UNRATE,F4,sgd,14,28,1,0.00012131024581046411,0.016331890734782587
macro_fred,UNRATE,F4,sgd,15,28,1,3.7850989332167396e-05,0.01677685990350328
macro_fred,UNRATE,F4,sgd,16,29,1,0.00012953887152685533,0.01678577408580286
macro_fred,UNRATE,F4,sgd,17,29,1,1.937682733550332e-05,0.01664789875167631
macro_fred,UNRATE,F4,sgd,18,29,1,6.447752477349003e-05,0.016591229774638238
macro_fred,UNRATE,F4,sgd,19,28,1,1.990135062133245e-05,0.016659523333766007
macro_fred,UNRATE,F4,sgd,20,27,1,3.4568400900473055e-05,0.01614926348852877
macro_fred,UNRATE,F4,sgd,21,29,1,0.00011367532361436579,0.016458228161233296
macro_fred,UNRATE,F4,sgd,22,29,1,2.117373207653603e-05,0.016678707807669307
macro_fred,UNRATE,F4,sgd,23,29,1,5.4351049234457564e-05,0.016504030847807546
macro_fred,UNRATE,F4,sgd,24,28,1,5.0382819763940574e-05,0.01661542739548016
macro_fred,UNRATE,F4,sgd,25,29,1,0.00011075555597622841,0.016258879913816877
macro_fred,UNRATE,F4,sgd,26,28,1,2.1142796744851764e-05,0.01626038326805671
macro_fred,UNRATE,F4,sgd,27,28,1,7.015302520566768e-05,0.0164320358379475
macro_fred,UNRATE,F4,sgd,28,28,1,5.505079621253204e-05,0.016372255070894046
macro_fred,UNRATE,F4,sgd,29,29,1,0.00017343187544500662,0.016696143530941263
macro_fred,UNRATE,F4,sgd,30,28,1,2.9959679252830793e-05,0.01659164178995875
macro_fred,UNRATE,F4,sgd,31,27,1,1.8416968518684277e-05,0.016186858160562454
macro_fred,UNRATE,F4,sgd,32,29,1,2.478781048779398e-05,0.016878770231566344
macro_fred,UNRATE,F4,sgd,33,28,1,0.00010735560818429824,0.016387149034222163
macro_fred,UNRATE,F4,sgd,34,28,1,5.8107284137288165e-05,0.016659303727613466
macro_fred,UNRATE,F4,sgd,35,28,1,3.61808444639496e-05,0.016894138512110194
macro_fred,UNRATE,F4,sgd,36,28,1,3.606335283128425e-05,0.016544153225017455
macro_fred,UNRATE,F4,sgd,37,29,1,0.0007821910187763898,0.01668398516724023
macro_fred,UNRATE,F4,sgd,38,28,1,0.00013401702714853968,0.017009943307281897
macro_fred,UNRATE,F4,sgd,39,29,1,0.00028068326580247193,0.016627988446763654
macro_fred,UNRATE,F4,sgd,40,28,1,7.65134273719048e-05,0.016827669019478943
macro_fred,UNRATE,F4,sgd,41,29,1,3.140807481796774e-05,0.016638583073822592
macro_fred,UNRATE,F4,sgd,42,29,1,2.555644084180676e-05,0.017664175047064398
macro_fred,UNRATE,F4,sgd,43,28,1,0.00019151196190002646,0.01681675012910446
macro_fred,UNRATE,F4,sgd,44,28,1,5.5450602174736113e-05,0.01678759763740385
macro_fred,UNRATE,F4,sgd,45,29,1,0.00025635999609445237,0.017100956606963487
macro_fred,UNRATE,F4,sgd,46,29,1,0.00015721699142255905,0.016237403432611215
macro_fred,UNRATE,F4,sgd,47,28,1,0.00010457593420962664,0.017098225023361672
macro_fred,UNRATE,F4,sgd,48,28,1,0.00022823876745882494,0.017093023208234533
macro_fred,UNRATE,F4,sgd,49,29,1,4.246765067079915e-05,0.016682795053117542
macro_fred,UNRATE,F4,adam,0,20,1,0.0002634440027583393,0.011637377573906194
macro_fred,UNRATE,F4,adam,1,20,1,0.0035002034670230863,0.014380157679026357
macro_fred,UNRATE,F4,adam,2,20,1,0.0003063475616583923,0.011514350882332427
macro_fred,UNRATE,F4,adam,3,20,1,0.004482520567622112,0.012032978661809713
macro_fred,UNRATE,F4,adam,4,20,1,6.523392602501482e-05,0.012253982515149838
macro_fred,UNRATE,F4,adam,5,20,1,0.0008720860919862064,0.012837817170906811
macro_fred,UNRATE,F4,adam,6,20,1,0.0008269455470629851,0.012823571124508201
macro_fred,UNRATE,F4,adam,7,20,1,0.00019776075689210523,0.012121563496014495
macro_fred,UNRATE,F4,adam,8,22,1,0.0016489118255814202,0.012266374559534339
macro_fred,UNRATE,F4,adam,9,20,1,5.992254476654791e-05,0.01226201743313379
macro_fred,UNRATE,F4,adam,10,21,1,0.0021836229909315713,0.012050518652556191
macro_fred,UNRATE,F4,adam,11,20,1,0.003346723273957356,0.012409018509146877
macro_fred,UNRATE,F4,adam,12,19,1,0.00024739826720614715,0.013295154145216053
macro_fred,UNRATE,F4,adam,13,20,1,0.007009772143784308,0.014297649840369221
macro_fred,UNRATE,F4,adam,14,21,1,0.00045790008345044,0.012124690754814892
macro_fred,UNRATE,F4,adam,15,21,1,0.0015765387777532055,0.014141427147130825
macro_fred,UNRATE,F4,adam,16,19,1,0.001243561560442362,0.012277094351322557
macro_fred,UNRATE,F4,adam,17,21,1,0.0002569457776534164,0.01367909426986921
macro_fred,UNRATE,F4,adam,18,20,1,1.0698408631584179e-05,0.012733098964688702
macro_fred,UNRATE,F4,adam,19,20,1,0.00038180808002742444,0.013719124107869152
macro_fred,UNRATE,F4,adam,20,19,1,0.0009462292626172553,0.011343116936989906
macro_fred,UNRATE,F4,adam,21,20,1,0.0016567611714819424,0.012084367473936646
macro_fred,UNRATE,F4,adam,22,21,1,0.0003918141342780054,0.0127277021883691
macro_fred,UNRATE,F4,adam,23,20,1,0.0013910344350881673,0.013861760416081084
macro_fred,UNRATE,F4,adam,24,20,1,0.008089647278587476,0.014038100258651999
macro_fred,UNRATE,F4,adam,25,21,1,0.006285307957449108,0.01266514635042264
macro_fred,UNRATE,F4,adam,26,20,1,0.00457566539891995,0.012496615730768197
macro_fred,UNRATE,F4,adam,27,20,1,0.001775075795973506,0.012740517545445286
macro_fred,UNRATE,F4,adam,28,20,1,0.0007935355410894354,0.011477339543195776
macro_fred,UNRATE,F4,adam,29,20,1,1.9024518410218276e-05,0.013457084870534566
macro_fred,UNRATE,F4,adam,30,20,1,0.0008569460798494974,0.012208755609066632
macro_fred,UNRATE,F4,adam,31,20,1,1.1752763606911149e-05,0.011678929779295024
macro_fred,UNRATE,F4,adam,32,20,1,0.0055524796442633015,0.013941666780467479
macro_fred,UNRATE,F4,adam,33,20,1,0.0006651029801838749,0.013814794414522463
macro_fred,UNRATE,F4,adam,34,19,1,1.0576728625300293e-05,0.011834129864897647
macro_fred,UNRATE,F4,adam,35,19,1,0.000922010803192011,0.014395449923552888
macro_fred,UNRATE,F4,adam,36,20,1,0.00021208821886512056,0.01248800313612925
macro_fred,UNRATE,F4,adam,37,20,1,0.0033234367933430847,0.013021722424441823
macro_fred,UNRATE,F4,adam,38,19,1,0.0046158120586953155,0.013773221226484438
macro_fred,UNRATE,F4,adam,39,20,1,0.002069093489046638,0.014694756809606302
macro_fred,UNRATE,F4,adam,40,21,1,0.0037111334933964267,0.013090578911642434
macro_fred,UNRATE,F4,adam,41,20,1,0.0005486025933187365,0.012026603419150135
macro_fred,UNRATE,F4,adam,42,20,1,0.0006217795343025476,0.017313230420683504
macro_fred,UNRATE,F4,adam,43,21,1,0.0014264822905161465,0.01522801030712421
macro_fred,UNRATE,F4,adam,44,19,1,0.005871140891260547,0.014707545299271901
macro_fred,UNRATE,F4,adam,45,20,1,0.004769150310622603,0.015064617933132669
macro_fred,UNRATE,F4,adam,46,20,1,0.00010558286659575436,0.012685290925887943
macro_fred,UNRATE,F4,adam,47,21,1,8.8636598656451e-05,0.013394207578042567
macro_fred,UNRATE,F4,adam,48,19,1,5.41442595849896e-05,0.012722948180168676
macro_fred,UNRATE,F4,adam,49,20,1,0.0046128036576557,0.014208538880225857
macro_fred,CPIAUCSL,F0,sgd,0,30,1,6.617468073629606e-05,0.0037181865598641477
macro_fred,CPIAUCSL,F0,sgd,1,31,1,0.00033818586479397457,0.0038313596873931536
macro_fred,CPIAUCSL,F0,sgd,2,31,1,2.487039114399841e-05,0.003469320252821966
macro_fred,CPIAUCSL,F0,sgd,3,31,1,2.366704857554252e-05,0.0036313407164707177
macro_fred,CPIAUCSL,F0,sgd,4,31,1,4.9129582316444254e-05,0.00367037713237592
macro_fred,CPIAUCSL,F0,sgd,5,31,1,0.00016102809971717922,0.003677690079438381
macro_fred,CPIAUCSL,F0,sgd,6,31,1,0.0001439820186337485,0.0034578605607867643
macro_fred,CPIAUCSL,F0,sgd,7,30,1,0.00013496471413088735,0.0038096025650794984
macro_fred,CPIAUCSL,F0,sgd,8,31,1,3.1362373347006e-05,0.003769070307743683
macro_fred,CPIAUCSL,F0,sgd,9,31,1,9.071245436737963e-05,0.0035289283066308632
macro_fred,CPIAUCSL,F0,sgd,10,31,1,0.00021208453968862257,0.003700671948839661
macro_fred,CPIAUCSL,F0,sgd,11,31,1,0.00028315311623760045,0.0034527425063030203
macro_fred,CPIAUCSL,F0,sgd,12,31,1,0.0004589604668561912,0.003886129337638527
macro_fred,CPIAUCSL,F0,sgd,13,31,1,0.0001692965767689668,0.003642191419601715
macro_fred,CPIAUCSL,F0,sgd,14,30,1,0.00012539378068011125,0.003487281894545171
macro_fred,CPIAUCSL,F0,sgd,15,31,1,3.5223984677197105e-05,0.003714543582060534
macro_fred,CPIAUCSL,F0,sgd,16,31,1,0.0001281549333542334,0.00370960450190624
macro_fred,CPIAUCSL,F0,sgd,17,31,1,2.406182962538113e-05,0.0036567632074231316
macro_fred,CPIAUCSL,F0,sgd,18,31,1,6.420751207651338e-05,0.0036162205431660033
macro_fred,CPIAUCSL,F0,sgd,19,30,1,2.40535533152997e-05,0.00366145608207484
macro_fred,CPIAUCSL,F0,sgd,20,29,1,3.636127459052989e-05,0.003390647696098973
macro_fred,CPIAUCSL,F0,sgd,21,31,1,0.00010916063976121562,0.0035678348143746105
macro_fred,CPIAUCSL,F0,sgd,22,31,1,2.783555763016211e-05,0.0036523950195421076
macro_fred,CPIAUCSL,F0,sgd,23,32,1,6.001643697130793e-05,0.0035918026923575223
macro_fred,CPIAUCSL,F0,sgd,24,30,1,4.756441451896696e-05,0.0036167542006652724
macro_fred,CPIAUCSL,F0,sgd,25,32,1,0.000108111828737209,0.003495255787457642
macro_fred,CPIAUCSL,F0,sgd,26,30,1,2.8579081285034576e-05,0.0035243271977454032
macro_fred,CPIAUCSL,F0,sgd,27,30,1,7.16670266391577e-05,0.0035350038079733706
macro_fred,CPIAUCSL,F0,sgd,28,30,1,6.422389039276895e-05,0.0034938785800307168
macro_fred,CPIAUCSL,F0,sgd,29,31,1,0.00017915861158451332,0.0036456117269293947
macro_fred,CPIAUCSL,F0,sgd,30,30,1,3.333631150057077e-05,0.0036020913002029246
macro_fred,CPIAUCSL,F0,sgd,31,30,1,2.2377442814046627e-05,0.003422369518660063
macro_fred,CPIAUCSL,F0,sgd,32,31,1,2.948137434997743e-05,0.0037441288010316856
macro_fred,CPIAUCSL,F0,sgd,33,31,1,0.00010325474717044811,0.0036043316204384924
macro_fred,CPIAUCSL,F0,sgd,34,30,1,6.105218544441346e-05,0.003658677767200665
macro_fred,CPIAUCSL,F0,sgd,35,31,1,4.183305288338202e-05,0.003766460214193811
macro_fred,CPIAUCSL,F0,sgd,36,31,1,4.107756241533977e-05,0.003584310799604368
macro_fred,CPIAUCSL,F0,sgd,37,31,1,0.000760732773037933,0.003740301717599982
macro_fred,CPIAUCSL,F0,sgd,38,31,1,0.00012444111555643628,0.003828176626123294
macro_fred,CPIAUCSL,F0,sgd,39,31,1,0.00027152399233634284,0.0036680793439248316
macro_fred,CPIAUCSL,F0,sgd,40,31,1,8.396745839157854e-05,0.003755981470179033
macro_fred,CPIAUCSL,F0,sgd,41,31,1,3.285679755172637e-05,0.0036332195465219215
macro_fred,CPIAUCSL,F0,sgd,42,31,1,3.4507318524631394e-05,0.00421001137989302
macro_fred,CPIAUCSL,F0,sgd,43,30,1,0.00018742452206012416,0.0037506456643944426
macro_fred,CPIAUCSL,F0,sgd,44,31,1,4.649408503030247e-05,0.0037125476729183283
macro_fred,CPIAUCSL,F0,sgd,45,30,1,0.0002586273506948602,0.003940269590771721
macro_fred,CPIAUCSL,F0,sgd,46,31,1,0.00014898765967936832,0.0034786259302242873
macro_fred,CPIAUCSL,F0,sgd,47,30,1,0.0001120946206507143,0.0038735430135509864
macro_fred,CPIAUCSL,F0,sgd,48,31,1,0.0002194314774458218,0.003872799753244214
macro_fred,CPIAUCSL,F0,sgd,49,31,1,3.811439428900632e-05,0.003679599668097835
macro_fred,CPIAUCSL,F0,adam,0,20,1,0.00042321747080415975,0.003181346583906607
macro_fred,CPIAUCSL,F0,adam,1,20,1,0.003779346107132724,0.0034572586494525026
macro_fred,CPIAUCSL,F0,adam,2,20,1,6.282964016182357e-05,0.0028479193583742348
macro_fred,CPIAUCSL,F0,adam,3,20,1,0.004488460327768,0.0029012825936829555
macro_fred,CPIAUCSL,F0,adam,4,20,1,2.237174830866677e-05,0.0031035360709999447
macro_fred,CPIAUCSL,F0,adam,5,20,1,0.0005589334704221917,0.003412642455522434
macro_fred,CPIAUCSL,F0,adam,6,20,1,0.0004236786346255069,0.0033264315769873667
macro_fred,CPIAUCSL,F0,adam,7,20,1,2.920901771374324e-06,0.002505954736117695
macro_fred,CPIAUCSL,F0,adam,8,22,1,0.0010797597271552189,0.0027011379698457317
macro_fred,CPIAUCSL,F0,adam,9,20,1,0.00010301615681309714,0.0029800487656170445
macro_fred,CPIAUCSL,F0,adam,10,21,1,0.00183379371733168,0.002770731572615183
macro_fred,CPIAUCSL,F0,adam,11,20,1,0.0037796490691581956,0.0027062021099137266
macro_fred,CPIAUCSL,F0,adam,12,19,1,0.0005601577579945911,0.0029253976720819575
macro_fred,CPIAUCSL,F0,adam,13,20,1,0.006429534309444289,0.00395796654748446
macro_fred,CPIAUCSL,F0,adam,14,21,1,0.000603470570056206,0.002666093319479853
macro_fred,CPIAUCSL,F0,adam,15,21,1,0.0009362529522259182,0.0029386952831580394
macro_fred,CPIAUCSL,F0,adam,16,19,1,0.0009751689322131542,0.00249748653778009
macro_fred,CPIAUCSL,F0,adam,17,21,1,0.0004278311439948372,0.002869354498497971
macro_fred,CPIAUCSL,F0,adam,18,20,1,3.3104684534311107e-06,0.0024956462149493043
macro_fred,CPIAUCSL,F0,adam,19,20,1,0.00032711158043554364,0.0028563794135612482
macro_fred,CPIAUCSL,F0,adam,20,19,1,0.0004974196244175359,0.003959430588850697
macro_fred,CPIAUCSL,F0,adam,21,20,1,0.0016180459941946897,0.0026783826673954917
macro_fred,CPIAUCSL,F0,adam,22,21,1,0.0001369506178181742,0.0024298081504125447
macro_fred,CPIAUCSL,F0,adam,23,20,1,0.0012340199621526324,0.0034699661015389002
macro_fred,CPIAUCSL,F0,adam,24,20,1,0.006881955723169115,0.0038007980075305445
macro_fred,CPIAUCSL,F0,adam,25,21,1,0.004999657541707176,0.0028016369663009058
macro_fred,CPIAUCSL,F0,adam,26,20,1,0.0035457074664234775,0.0027386186943946975
macro_fred,CPIAUCSL,F0,adam,27,20,1,0.0017938422333217102,0.0028625392774174496
macro_fred,CPIAUCSL,F0,adam,28,20,1,0.001166193721805059,0.003033048922229846
macro_fred,CPIAUCSL,F0,adam,29,20,1,2.1222927658393384e-05,0.003387601487473095
macro_fred,CPIAUCSL,F0,adam,30,20,1,0.0004616798258297523,0.0026781139956374932
macro_fred,CPIAUCSL,F0,adam,31,20,1,3.7364480896437075e-05,0.004150482800684089
macro_fred,CPIAUCSL,F0,adam,32,20,1,0.0029135175665010193,0.0031507542165884785
macro_fred,CPIAUCSL,F0,adam,33,20,1,0.0006101111840828457,0.0032768648878404374
macro_fred,CPIAUCSL,F0,adam,34,20,1,1.9304866259505232e-05,0.0028468303677654017
macro_fred,CPIAUCSL,F0,adam,35,19,1,0.0006181242520047587,0.0030597269613545637
macro_fred,CPIAUCSL,F0,adam,36,20,1,9.637570478500203e-05,0.003614282968866842
macro_fred,CPIAUCSL,F0,adam,37,20,1,0.0025496936810604546,0.0032237551396453227
macro_fred,CPIAUCSL,F0,adam,38,19,1,0.004175338471121982,0.003251567477415183
macro_fred,CPIAUCSL,F0,adam,39,20,1,0.0008955434512989284,0.0029306435590121635
macro_fred,CPIAUCSL,F0,adam,40,21,1,0.00325137983075635,0.0028330675042850494
macro_fred,CPIAUCSL,F0,adam,41,21,1,0.0009481467359501923,0.002674748509980318
macro_fred,CPIAUCSL,F0,adam,42,20,1,0.0007882343926085482,0.004428597105699958
macro_fred,CPIAUCSL,F0,adam,43,21,1,0.0010907882870942519,0.0032731540200464826
macro_fred,CPIAUCSL,F0,adam,44,19,1,0.005163167840240468,0.0036352947583497427
macro_fred,CPIAUCSL,F0,adam,45,20,1,0.003853928043677277,0.004021831520178984
macro_fred,CPIAUCSL,F0,adam,46,20,1,0.0001783298707723928,0.0027290446179236423
macro_fred,CPIAUCSL,F0,adam,47,21,1,0.00030253235853084135,0.0027337907550988483
macro_fred,CPIAUCSL,F0,adam,48,19,1,6.173739877063034e-05,0.0025548910496082785
macro_fred,CPIAUCSL,F0,adam,49,20,1,0.005862174169009611,0.0037969103110237676
macro_fred,CPIAUCSL,F1,sgd,0,30,1,4.9507802773550995e-05,0.01805819127702261
macro_fred,CPIAUCSL,F1,sgd,1,30,1,0.0003268415256465603,0.01819897230428207
macro_fred,CPIAUCSL,F1,sgd,2,30,1,9.929219930411865e-06,0.0176302402290967
macro_fred,CPIAUCSL,F1,sgd,3,30,1,5.542403556994922e-06,0.017831306476325234
macro_fred,CPIAUCSL,F1,sgd,4,30,1,3.073461730346871e-05,0.017837174386827838
macro_fred,CPIAUCSL,F1,sgd,5,30,1,0.00014493402341155586,0.017798091398983872
macro_fred,CPIAUCSL,F1,sgd,6,30,1,0.00012878065347680557,0.01744524362897429
macro_fred,CPIAUCSL,F1,sgd,7,29,1,0.000115774115345749,0.01826150847033845
macro_fred,CPIAUCSL,F1,sgd,8,30,1,9.944001884627686e-06,0.018129316092234473
macro_fred,CPIAUCSL,F1,sgd,9,30,1,7.731074048933042e-05,0.017508225712539058
macro_fred,CPIAUCSL,F1,sgd,10,30,1,0.00019697674514554555,0.01798384307091983
macro_fred,CPIAUCSL,F1,sgd,11,30,1,0.0002702407813722143,0.01737595722610197
macro_fred,CPIAUCSL,F1,sgd,12,30,1,0.00045568150907712794,0.018253097624546178
macro_fred,CPIAUCSL,F1,sgd,13,30,1,0.00016148905760712137,0.017802445388471887
macro_fred,CPIAUCSL,F1,sgd,14,29,1,0.00010807716903819113,0.017594384663373524
macro_fred,CPIAUCSL,F1,sgd,15,30,1,1.8140603499706883e-05,0.017925831716768207
macro_fred,CPIAUCSL,F1,sgd,16,31,1,0.00010836275805901651,0.01798562075433811
macro_fred,CPIAUCSL,F1,sgd,17,30,1,5.731324968197306e-06,0.01784134432756526
macro_fred,CPIAUCSL,F1,sgd,18,30,1,4.866142137295104e-05,0.01780823690632131
macro_fred,CPIAUCSL,F1,sgd,19,30,1,5.980384870570877e-06,0.017848500974657327
macro_fred,CPIAUCSL,F1,sgd,20,29,1,2.2480237376073257e-05,0.01747939012659454
macro_fred,CPIAUCSL,F1,sgd,21,31,1,9.319153122221949e-05,0.017665380593622812
macro_fred,CPIAUCSL,F1,sgd,22,31,1,8.513535199888207e-06,0.017867403207581133
macro_fred,CPIAUCSL,F1,sgd,23,31,1,4.1922087700811216e-05,0.017697360901787987
macro_fred,CPIAUCSL,F1,sgd,24,30,1,3.209463023501345e-05,0.01781848707453048
macro_fred,CPIAUCSL,F1,sgd,25,31,1,9.350253767710512e-05,0.017461238949286
macro_fred,CPIAUCSL,F1,sgd,26,30,1,1.2972097234703977e-05,0.017445613549763525
macro_fred,CPIAUCSL,F1,sgd,27,30,1,5.6866177389217235e-05,0.01766195643488811
macro_fred,CPIAUCSL,F1,sgd,28,30,1,4.7647215535646026e-05,0.01763390880874073
macro_fred,CPIAUCSL,F1,sgd,29,30,1,0.00015713567013428328,0.017925986051595476
macro_fred,CPIAUCSL,F1,sgd,30,29,1,1.628689995960581e-05,0.01782584033254417
macro_fred,CPIAUCSL,F1,sgd,31,29,1,7.905258798707824e-06,0.017448083494686087
macro_fred,CPIAUCSL,F1,sgd,32,31,1,9.611511651198035e-06,0.018063290106961033
macro_fred,CPIAUCSL,F1,sgd,33,30,1,8.804468389534246e-05,0.017563280853033377
macro_fred,CPIAUCSL,F1,sgd,34,30,1,4.4159805091805934e-05,0.017874003903512823
macro_fred,CPIAUCSL,F1,sgd,35,30,1,2.110814486389436e-05,0.018040831575539474
macro_fred,CPIAUCSL,F1,sgd,36,30,1,2.2666687007465093e-05,0.017785767559491458
macro_fred,CPIAUCSL,F1,sgd,37,31,1,0.0007454636419309479,0.017911841179707323
macro_fred,CPIAUCSL,F1,sgd,38,30,1,0.00010866453474465791,0.01817729186320225
macro_fred,CPIAUCSL,F1,sgd,39,30,1,0.00025300899128274007,0.017814469134029415
macro_fred,CPIAUCSL,F1,sgd,40,30,1,6.495297554723037e-05,0.017998993111976787
macro_fred,CPIAUCSL,F1,sgd,41,30,1,1.5115125893163919e-05,0.017862162763931533
macro_fred,CPIAUCSL,F1,sgd,42,31,1,7.071424107205603e-06,0.018694052255006262
macro_fred,CPIAUCSL,F1,sgd,43,30,1,0.0001675221369563527,0.017990365062935238
macro_fred,CPIAUCSL,F1,sgd,44,30,1,3.075434917364964e-05,0.017941652818124498
macro_fred,CPIAUCSL,F1,sgd,45,30,1,0.00024062823912897224,0.018220382648007516
macro_fred,CPIAUCSL,F1,sgd,46,31,1,0.0001351224285314932,0.01747534419874569
macro_fred,CPIAUCSL,F1,sgd,47,30,1,9.089275238132011e-05,0.01826024942401863
macro_fred,CPIAUCSL,F1,sgd,48,30,1,0.0002031455720007762,0.018247475049189377
macro_fred,CPIAUCSL,F1,sgd,49,31,1,2.232640636195429e-05,0.017831583599403684
macro_fred,CPIAUCSL,F1,adam,0,20,1,0.00035784194394979156,0.0126709084905246
macro_fred,CPIAUCSL,F1,adam,1,20,1,0.0037721892545485793,0.01510314931637402
macro_fred,CPIAUCSL,F1,adam,2,21,1,9.497791727392584e-05,0.0117596215351759
macro_fred,CPIAUCSL,F1,adam,3,20,1,0.004553855835154648,0.013479534531770062
macro_fred,CPIAUCSL,F1,adam,4,20,1,2.0411669214684033e-05,0.01294777651393694
macro_fred,CPIAUCSL,F1,adam,5,20,1,0.0006338547335694274,0.011670767744331538
macro_fred,CPIAUCSL,F1,adam,6,20,1,0.0005190504752059681,0.012905176175788102
macro_fred,CPIAUCSL,F1,adam,7,20,1,1.5450181762695677e-05,0.01368104730581345
macro_fred,CPIAUCSL,F1,adam,8,22,1,0.0011864937818427523,0.013866279308913623
macro_fred,CPIAUCSL,F1,adam,9,20,1,8.79434294172788e-05,0.012426636313441928
macro_fred,CPIAUCSL,F1,adam,10,21,1,0.001910543563239918,0.014428987214232247
macro_fred,CPIAUCSL,F1,adam,11,20,1,0.0037004357689826325,0.0128758114959109
macro_fred,CPIAUCSL,F1,adam,12,19,1,0.00045148993737666746,0.015312890282605634
macro_fred,CPIAUCSL,F1,adam,13,20,1,0.0065515902870585474,0.014283397885703306
macro_fred,CPIAUCSL,F1,adam,14,21,1,0.0005690864713335851,0.0126992683339761
macro_fred,CPIAUCSL,F1,adam,15,21,1,0.0010800420842568372,0.01572862638346644
macro_fred,CPIAUCSL,F1,adam,16,19,1,0.0010109063575083452,0.014809199315167323
macro_fred,CPIAUCSL,F1,adam,17,21,1,0.0003747752348787641,0.014572072733731747
macro_fred,CPIAUCSL,F1,adam,18,20,1,2.9985438198221526e-07,0.01357662482697022
macro_fred,CPIAUCSL,F1,adam,19,20,1,0.00034436352087492277,0.015052796513734682
macro_fred,CPIAUCSL,F1,adam,20,20,1,0.0005911282710117401,0.010210763036841123
macro_fred,CPIAUCSL,F1,adam,21,20,1,0.001641403960106899,0.013593682504681409
macro_fred,CPIAUCSL,F1,adam,22,21,1,0.00019486631716058818,0.014391936226962504
macro_fred,CPIAUCSL,F1,adam,23,20,1,0.0012962679182831904,0.013965094303788742
macro_fred,CPIAUCSL,F1,adam,24,20,1,0.007200951696716961,0.014814470851779797
macro_fred,CPIAUCSL,F1,adam,25,21,1,0.005334988266404637,0.01355667422983519
macro_fred,CPIAUCSL,F1,adam,26,20,1,0.003809428932749164,0.012991458329623751
macro_fred,CPIAUCSL,F1,adam,27,20,1,0.0018347534128304614,0.012817092543085386
macro_fred,CPIAUCSL,F1,adam,28,20,1,0.0010841564713679516,0.011935941997783353
macro_fred,CPIAUCSL,F1,adam,29,20,1,1.1200951814624822e-05,0.016213996762109523
macro_fred,CPIAUCSL,F1,adam,30,20,1,0.0005652288296759957,0.013171430512174977
macro_fred,CPIAUCSL,F1,adam,31,20,1,6.964733761537859e-06,0.010769176703119991
macro_fred,CPIAUCSL,F1,adam,32,20,1,0.0034806570310467614,0.015078998245178847
macro_fred,CPIAUCSL,F1,adam,33,20,1,0.000621960296870374,0.014247902336789214
macro_fred,CPIAUCSL,F1,adam,34,20,1,6.601704926634795e-06,0.013060140747074941
macro_fred,CPIAUCSL,F1,adam,35,19,1,0.000727343089188503,0.017750654943545344
macro_fred,CPIAUCSL,F1,adam,36,20,1,0.00011144697143761835,0.014562468628612033
macro_fred,CPIAUCSL,F1,adam,37,20,1,0.002716300112423074,0.015666710636205994
macro_fred,CPIAUCSL,F1,adam,38,19,1,0.004359775118622502,0.015180193861373988
macro_fred,CPIAUCSL,F1,adam,39,21,1,0.001149532847985364,0.016900239139362255
macro_fred,CPIAUCSL,F1,adam,40,21,1,0.003385252663680151,0.0141662457101466
macro_fred,CPIAUCSL,F1,adam,41,21,1,0.0008506318184414827,0.012975534412511081
macro_fred,CPIAUCSL,F1,adam,42,21,1,0.0007423777720585988,0.019721811147131153
macro_fred,CPIAUCSL,F1,adam,43,21,1,0.0012012780330842012,0.01723841714506556
macro_fred,CPIAUCSL,F1,adam,44,19,1,0.0053305169960332875,0.016342607321654636
macro_fred,CPIAUCSL,F1,adam,45,20,1,0.004140225946098538,0.015782396273227414
macro_fred,CPIAUCSL,F1,adam,46,20,1,0.00016333063761763886,0.012935093507980855
macro_fred,CPIAUCSL,F1,adam,47,22,1,0.00023164486838451673,0.016429050579570063
macro_fred,CPIAUCSL,F1,adam,48,20,1,5.295797812832726e-05,0.013940943710907568
macro_fred,CPIAUCSL,F1,adam,49,20,1,0.0056201701908245305,0.01508479120050898
macro_fred,CPIAUCSL,F2,sgd,0,29,1,4.706462237711478e-05,0.04410900892717685
macro_fred,CPIAUCSL,F2,sgd,1,29,1,0.00033337293503722253,0.044583354830373324
macro_fred,CPIAUCSL,F2,sgd,2,29,1,5.5244773657291515e-06,0.043505536125853755
macro_fred,CPIAUCSL,F2,sgd,3,29,1,3.445951066413138e-07,0.04361343125021826
macro_fred,CPIAUCSL,F2,sgd,4,29,1,2.3247744230941607e-05,0.043750736430854635
macro_fred,CPIAUCSL,F2,sgd,5,29,1,0.0001385779802240854,0.043902991438520174
macro_fred,CPIAUCSL,F2,sgd,6,29,1,0.0001255800553820134,0.04281228253063676
macro_fred,CPIAUCSL,F2,sgd,7,28,1,0.00011193990237359382,0.04444531678177135
macro_fred,CPIAUCSL,F2,sgd,8,30,1,4.462650704377988e-06,0.0438867305585907
macro_fred,CPIAUCSL,F2,sgd,9,29,1,7.696507846827188e-05,0.042955504580210704
macro_fred,CPIAUCSL,F2,sgd,10,29,1,0.00020271133306574182,0.043360616942911226
macro_fred,CPIAUCSL,F2,sgd,11,29,1,0.0002710063409153213,0.04256618785063783
macro_fred,CPIAUCSL,F2,sgd,12,29,1,0.000477192044098614,0.044751656765717567
macro_fred,CPIAUCSL,F2,sgd,13,29,1,0.00017169996556409565,0.04397447721090918
macro_fred,CPIAUCSL,F2,sgd,14,29,1,0.00010268989389065759,0.04305737343247692
macro_fred,CPIAUCSL,F2,sgd,15,29,1,1.6368070266169175e-05,0.04382804531624998
macro_fred,CPIAUCSL,F2,sgd,16,30,1,0.0001058406403993169,0.04346909456831231
macro_fred,CPIAUCSL,F2,sgd,17,29,1,6.520682522647045e-07,0.04359924893860096
macro_fred,CPIAUCSL,F2,sgd,18,29,1,4.569931300225466e-05,0.043800698498678556
macro_fred,CPIAUCSL,F2,sgd,19,29,1,1.0707180660213436e-06,0.04365328459403132
macro_fred,CPIAUCSL,F2,sgd,20,28,1,1.783225392332496e-05,0.04315122013737867
macro_fred,CPIAUCSL,F2,sgd,21,29,1,9.2115290942897e-05,0.0431083494784534
macro_fred,CPIAUCSL,F2,sgd,22,30,1,2.608086591934307e-06,0.04360735861342925
macro_fred,CPIAUCSL,F2,sgd,23,30,1,3.6718461599817536e-05,0.04325246321539181
macro_fred,CPIAUCSL,F2,sgd,24,29,1,3.0144983584693098e-05,0.04376915619663098
macro_fred,CPIAUCSL,F2,sgd,25,30,1,9.187619968534018e-05,0.04286322733589878
macro_fred,CPIAUCSL,F2,sgd,26,29,1,6.860247844632938e-06,0.04320193784793929
macro_fred,CPIAUCSL,F2,sgd,27,29,1,5.288365991253073e-05,0.04363947013613627
macro_fred,CPIAUCSL,F2,sgd,28,29,1,4.0649148563533806e-05,0.04359303824928924
macro_fred,CPIAUCSL,F2,sgd,29,29,1,0.00015127900693280019,0.04336469890059082
macro_fred,CPIAUCSL,F2,sgd,30,28,1,1.1540659738535644e-05,0.04372499963836282
macro_fred,CPIAUCSL,F2,sgd,31,28,1,2.7853118349531037e-06,0.04314452698849208
macro_fred,CPIAUCSL,F2,sgd,32,30,1,4.595238086951641e-06,0.04393723853463271
macro_fred,CPIAUCSL,F2,sgd,33,29,1,8.635164806373659e-05,0.042985054890842186
macro_fred,CPIAUCSL,F2,sgd,34,29,1,3.9458565600425017e-05,0.04385879035206541
macro_fred,CPIAUCSL,F2,sgd,35,29,1,1.592589541949622e-05,0.04394374349093088
macro_fred,CPIAUCSL,F2,sgd,36,29,1,1.7196130554901e-05,0.0434642055548858
macro_fred,CPIAUCSL,F2,sgd,37,30,1,0.0007518174564633034,0.04285126248831086
macro_fred,CPIAUCSL,F2,sgd,38,29,1,0.00010965924671717654,0.04432564468956198
macro_fred,CPIAUCSL,F2,sgd,39,30,1,0.0002531423293838589,0.04307588247966839
macro_fred,CPIAUCSL,F2,sgd,40,29,1,5.880569076749803e-05,0.044013997967335114
macro_fred,CPIAUCSL,F2,sgd,41,30,1,1.1214568640446096e-05,0.043546689757797845
macro_fred,CPIAUCSL,F2,sgd,42,30,1,8.084693576328091e-07,0.044556883868104545
macro_fred,CPIAUCSL,F2,sgd,43,29,1,0.00016625574344441532,0.04337393376499066
macro_fred,CPIAUCSL,F2,sgd,44,29,1,3.130760941054939e-05,0.043902258023992766
macro_fred,CPIAUCSL,F2,sgd,45,29,1,0.00023677794368546072,0.0444748355501718
macro_fred,CPIAUCSL,F2,sgd,46,30,1,0.0001348467116321477,0.04284072113950309
macro_fred,CPIAUCSL,F2,sgd,47,29,1,8.474168293010947e-05,0.04437184616504181
macro_fred,CPIAUCSL,F2,sgd,48,29,1,0.000203493173931601,0.044501577709052983
macro_fred,CPIAUCSL,F2,sgd,49,30,1,2.1268052198362823e-05,0.043722637506559026
macro_fred,CPIAUCSL,F2,adam,0,20,1,0.000294097148922324,0.042371324662583996
macro_fred,CPIAUCSL,F2,adam,1,20,1,0.003676430452540661,0.043795783090828405
macro_fred,CPIAUCSL,F2,adam,2,21,1,0.0001884327337932047,0.038156723593410345
macro_fred,CPIAUCSL,F2,adam,3,20,1,0.004563976677312624,0.03932874502333478
macro_fred,CPIAUCSL,F2,adam,4,20,1,3.9390838271719916e-05,0.040460758426050694
macro_fred,CPIAUCSL,F2,adam,5,20,1,0.0007796401613908971,0.03609075344870152
macro_fred,CPIAUCSL,F2,adam,6,20,1,0.0006978513655756672,0.040216904804114086
macro_fred,CPIAUCSL,F2,adam,7,20,1,8.580969372280257e-05,0.04187878790092708
macro_fred,CPIAUCSL,F2,adam,8,22,1,0.0014182982507044883,0.04228666798068157
macro_fred,CPIAUCSL,F2,adam,9,20,1,7.347059400078211e-05,0.03914841495502595
macro_fred,CPIAUCSL,F2,adam,10,21,1,0.0020548167290859853,0.04296386408965324
macro_fred,CPIAUCSL,F2,adam,11,20,1,0.0035259770255968445,0.03714548203909863
macro_fred,CPIAUCSL,F2,adam,12,19,1,0.0003154364676728581,0.045021738171976196
macro_fred,CPIAUCSL,F2,adam,13,20,1,0.006780076018978398,0.04319676746582894
macro_fred,CPIAUCSL,F2,adam,14,21,1,0.0005065544682854115,0.03926065891270502
macro_fred,CPIAUCSL,F2,adam,15,21,1,0.0013490883710574261,0.04554712394285522
macro_fred,CPIAUCSL,F2,adam,16,19,1,0.0011108901906818182,0.04420552855603882
macro_fred,CPIAUCSL,F2,adam,17,21,1,0.0003018687637491388,0.042367325598055984
macro_fred,CPIAUCSL,F2,adam,18,20,1,4.736195151668287e-06,0.04083780507855528
macro_fred,CPIAUCSL,F2,adam,19,20,1,0.00036579579963522574,0.04361903860737518
macro_fred,CPIAUCSL,F2,adam,20,20,1,0.000790377212228265,0.035113082734221465
macro_fred,CPIAUCSL,F2,adam,21,20,1,0.001660306672726057,0.03990298422086012
macro_fred,CPIAUCSL,F2,adam,22,21,1,0.00030468956657259014,0.0424547232655159
macro_fred,CPIAUCSL,F2,adam,23,20,1,0.0013784212396231329,0.04201166273845405
macro_fred,CPIAUCSL,F2,adam,24,20,1,0.007726331826386846,0.044611447120135005
macro_fred,CPIAUCSL,F2,adam,25,21,1,0.005878513985350802,0.03727124576460068
macro_fred,CPIAUCSL,F2,adam,26,20,1,0.004247781522509317,0.037583172564795354
macro_fred,CPIAUCSL,F2,adam,27,20,1,0.001839333204055048,0.03933453134853464
macro_fred,CPIAUCSL,F2,adam,28,20,1,0.0009317731817178438,0.037646663859835894
macro_fred,CPIAUCSL,F2,adam,29,20,1,8.997692365216788e-06,0.046280483381579314
macro_fred,CPIAUCSL,F2,adam,30,20,1,0.0007368716072564205,0.04114858702536241
macro_fred,CPIAUCSL,F2,adam,31,20,1,5.951647264485374e-07,0.03680318329531481
macro_fred,CPIAUCSL,F2,adam,32,20,1,0.0045783846881114094,0.046316396174291896
macro_fred,CPIAUCSL,F2,adam,33,20,1,0.0006466479894145498,0.041980218259861354
macro_fred,CPIAUCSL,F2,adam,34,20,1,3.0281224327452717e-07,0.041087610895426764
macro_fred,CPIAUCSL,F2,adam,35,19,1,0.0008675626666129469,0.04930847294415325
macro_fred,CPIAUCSL,F2,adam,36,20,1,0.00015700707962422025,0.04478655913583536
macro_fred,CPIAUCSL,F2,adam,37,20,1,0.003028245662758249,0.04444893814371358
macro_fred,CPIAUCSL,F2,adam,38,19,1,0.004565811395884227,0.04606107373926858
macro_fred,CPIAUCSL,F2,adam,39,21,1,0.0016351245644546527,0.04765198992788692
macro_fred,CPIAUCSL,F2,adam,40,21,1,0.0035851720565447326,0.04001032770712753
macro_fred,CPIAUCSL,F2,adam,41,21,1,0.0006840337815369834,0.04170136566855314
macro_fred,CPIAUCSL,F2,adam,42,21,1,0.0006787731549821722,0.050230245698798234
macro_fred,CPIAUCSL,F2,adam,43,21,1,0.0013539978429050186,0.0478834378292275
macro_fred,CPIAUCSL,F2,adam,44,19,1,0.0056214054327825,0.04753947193501298
macro_fred,CPIAUCSL,F2,adam,45,20,1,0.004555892884384388,0.04620716640719623
macro_fred,CPIAUCSL,F2,adam,46,20,1,0.00013500804138823064,0.039352782526160375
macro_fred,CPIAUCSL,F2,adam,47,22,1,0.00013631425766997052,0.046935726850866874
macro_fred,CPIAUCSL,F2,adam,48,20,1,4.916003657195169e-05,0.04255645027761955
macro_fred,CPIAUCSL,F2,adam,49,20,1,0.005113616927991336,0.04439641365862641
macro_fred,CPIAUCSL,F4,sgd,0,30,1,5.799508254461221e-05,0.012713872069905614
macro_fred,CPIAUCSL,F4,sgd,1,30,1,0.0003330023158719489,0.012820072252942802
macro_fred,CPIAUCSL,F4,sgd,2,30,1,1.7902451983412065e-05,0.012315820263437263
macro_fred,CPIAUCSL,F4,sgd,3,30,1,1.4385147166440777e-05,0.012545901957698906
macro_fred,CPIAUCSL,F4,sgd,4,30,1,3.972292327805875e-05,0.012540626170191959
macro_fred,CPIAUCSL,F4,sgd,5,30,1,0.00015303623358960873,0.012479362083041875
macro_fred,CPIAUCSL,F4,sgd,6,30,1,0.0001364125708286598,0.012234711592702592
macro_fred,CPIAUCSL,F4,sgd,7,30,1,0.00012507620632538368,0.012891055982687277
macro_fred,CPIAUCSL,F4,sgd,8,31,1,1.988384017833328e-05,0.012836365956485624
macro_fred,CPIAUCSL,F4,sgd,9,31,1,8.437221161165314e-05,0.012287488765550218
macro_fred,CPIAUCSL,F4,sgd,10,31,1,0.0002046084849727478,0.012740118008556935
macro_fred,CPIAUCSL,F4,sgd,11,30,1,0.0002770194598277289,0.01219709884065491
macro_fred,CPIAUCSL,F4,sgd,12,30,1,0.0004586399189681944,0.012868911367572126
macro_fred,CPIAUCSL,F4,sgd,13,31,1,0.00016627397618558212,0.01247436277568973
macro_fred,CPIAUCSL,F4,sgd,14,30,1,0.00011680582889711196,0.012347041707980979
macro_fred,CPIAUCSL,F4,sgd,15,30,1,2.6358016276166925e-05,0.012640732716068305
macro_fred,CPIAUCSL,F4,sgd,16,31,1,0.00011768759461251858,0.012739564329260595
macro_fred,CPIAUCSL,F4,sgd,17,30,1,1.4568194392449867e-05,0.012565517849433145
macro_fred,CPIAUCSL,F4,sgd,18,30,1,5.6557050175926294e-05,0.012494416826379338
macro_fred,CPIAUCSL,F4,sgd,19,30,1,1.475876605181273e-05,0.012567500882019259
macro_fred,CPIAUCSL,F4,sgd,20,29,1,3.0284309068828287e-05,0.012182000666770665
macro_fred,CPIAUCSL,F4,sgd,21,31,1,0.0001010462578124164,0.012441688352920565
macro_fred,CPIAUCSL,F4,sgd,22,31,1,1.7737806160579633e-05,0.012591700449360274
macro_fred,CPIAUCSL,F4,sgd,23,31,1,5.055193879286263e-05,0.012457019249772397
macro_fred,CPIAUCSL,F4,sgd,24,30,1,3.988110339533943e-05,0.012512265933302187
macro_fred,CPIAUCSL,F4,sgd,25,31,1,0.00010080590022697353,0.012257727520073952
macro_fred,CPIAUCSL,F4,sgd,26,30,1,2.0685732576389798e-05,0.012207348537194324
macro_fred,CPIAUCSL,F4,sgd,27,30,1,6.45035760012183e-05,0.012353204253660776
macro_fred,CPIAUCSL,F4,sgd,28,30,1,5.5990167993041215e-05,0.012321009498305948
macro_fred,CPIAUCSL,F4,sgd,29,31,1,0.00016736722330905796,0.012679694894031491
macro_fred,CPIAUCSL,F4,sgd,30,29,1,2.4830843191144562e-05,0.012513008653989265
macro_fred,CPIAUCSL,F4,sgd,31,30,1,1.5596155905365557e-05,0.012174108390946983
macro_fred,CPIAUCSL,F4,sgd,32,31,1,1.8999432991957246e-05,0.012757617345549921
macro_fred,CPIAUCSL,F4,sgd,33,30,1,9.56636031405472e-05,0.012362733659740194
macro_fred,CPIAUCSL,F4,sgd,34,30,1,5.265826975699551e-05,0.012557599838779505
macro_fred,CPIAUCSL,F4,sgd,35,30,1,3.056623169965672e-05,0.01275524538275702
macro_fred,CPIAUCSL,F4,sgd,36,30,1,3.1763575011410666e-05,0.012507497140546222
macro_fred,CPIAUCSL,F4,sgd,37,31,1,0.0007530801550754159,0.012745930950053786
macro_fred,CPIAUCSL,F4,sgd,38,30,1,0.00011653542031985816,0.012833533534030597
macro_fred,CPIAUCSL,F4,sgd,39,31,1,0.00026170872483307375,0.012618770225371322
macro_fred,CPIAUCSL,F4,sgd,40,31,1,7.401900146559324e-05,0.012688514851498151
macro_fred,CPIAUCSL,F4,sgd,41,31,1,2.384715260194588e-05,0.012581322773136278
macro_fred,CPIAUCSL,F4,sgd,42,31,1,1.8805137630618657e-05,0.01341609435386924
macro_fred,CPIAUCSL,F4,sgd,43,30,1,0.00017670816281606372,0.012769298728468898
macro_fred,CPIAUCSL,F4,sgd,44,30,1,3.849179805583713e-05,0.012644556591813634
macro_fred,CPIAUCSL,F4,sgd,45,30,1,0.0002492105248683705,0.012884351479295888
macro_fred,CPIAUCSL,F4,sgd,46,31,1,0.0001423795692913949,0.012261266667403807
macro_fred,CPIAUCSL,F4,sgd,47,30,1,0.0001007785733509022,0.012924632722597975
macro_fred,CPIAUCSL,F4,sgd,48,30,1,0.00021117847923891848,0.012891804396468703
macro_fred,CPIAUCSL,F4,sgd,49,31,1,2.99933427273617e-05,0.012551194976598078
macro_fred,CPIAUCSL,F4,adam,0,20,1,0.00037799073164967783,0.007814708740464145
macro_fred,CPIAUCSL,F4,adam,1,20,1,0.0037782025530814283,0.010379124790920367
macro_fred,CPIAUCSL,F4,adam,2,21,1,8.10034103406703e-05,0.0078006878777259515
macro_fred,CPIAUCSL,F4,adam,3,20,1,0.004533901203011609,0.008683046811831022
macro_fred,CPIAUCSL,F4,adam,4,20,1,1.807433230768009e-05,0.008401093671912711
macro_fred,CPIAUCSL,F4,adam,5,20,1,0.0006035514414178882,0.008523440821637985
macro_fred,CPIAUCSL,F4,adam,6,20,1,0.0004797358033057175,0.008675453411045959
macro_fred,CPIAUCSL,F4,adam,7,20,1,7.697814216900167e-06,0.00853701142793624
macro_fred,CPIAUCSL,F4,adam,8,22,1,0.0011420713031660551,0.008617021398685528
macro_fred,CPIAUCSL,F4,adam,9,20,1,9.19854360580141e-05,0.00829466701826297
macro_fred,CPIAUCSL,F4,adam,10,21,1,0.001879521169295119,0.008779760202843727
macro_fred,CPIAUCSL,F4,adam,11,20,1,0.0037329299235535724,0.008825703932026988
macro_fred,CPIAUCSL,F4,adam,12,19,1,0.0004902965694260186,0.009637758904934322
macro_fred,CPIAUCSL,F4,adam,13,20,1,0.006506598836963181,0.01004731896624016
macro_fred,CPIAUCSL,F4,adam,14,21,1,0.000582979227620819,0.008349409645757049
macro_fred,CPIAUCSL,F4,adam,15,21,1,0.0010227903359879683,0.010174947565682477
macro_fred,CPIAUCSL,F4,adam,16,19,1,0.000994895057885259,0.008944332507396591
macro_fred,CPIAUCSL,F4,adam,17,21,1,0.0003935517222559771,0.009754837710955927
macro_fred,CPIAUCSL,F4,adam,18,20,1,5.995939919207617e-07,0.00891953724842325
macro_fred,CPIAUCSL,F4,adam,19,20,1,0.000338159896786065,0.009876823486204224
macro_fred,CPIAUCSL,F4,adam,20,20,1,0.0005523888946310044,0.007295094229127786
macro_fred,CPIAUCSL,F4,adam,21,20,1,0.001632666590643697,0.008689486198924264
macro_fred,CPIAUCSL,F4,adam,22,21,1,0.00017137589747425808,0.009117075758351167
macro_fred,CPIAUCSL,F4,adam,23,20,1,0.0012723616171705684,0.009601069452298907
macro_fred,CPIAUCSL,F4,adam,24,20,1,0.007076264316608368,0.01001531407578248
macro_fred,CPIAUCSL,F4,adam,25,21,1,0.005207120061981501,0.009237595827126488
macro_fred,CPIAUCSL,F4,adam,26,20,1,0.0037093924849917062,0.008838416181135369
macro_fred,CPIAUCSL,F4,adam,27,20,1,0.0018224024868266032,0.008809099572395576
macro_fred,CPIAUCSL,F4,adam,28,20,1,0.001116097242609111,0.007836655294285073
macro_fred,CPIAUCSL,F4,adam,29,20,1,1.3328818652390501e-05,0.010072146480070519
macro_fred,CPIAUCSL,F4,adam,30,20,1,0.0005251958389470124,0.008423077608088313
macro_fred,CPIAUCSL,F4,adam,31,20,1,1.606203876989676e-05,0.007495899844571725
macro_fred,CPIAUCSL,F4,adam,32,20,1,0.00325407273428775,0.009664876276700575
macro_fred,CPIAUCSL,F4,adam,33,20,1,0.0006163131208546215,0.009732934981397915
macro_fred,CPIAUCSL,F4,adam,34,20,1,9.944401355804248e-06,0.00822516290656434
macro_fred,CPIAUCSL,F4,adam,35,19,1,0.0006874200269442,0.010857344230008881
macro_fred,CPIAUCSL,F4,adam,36,20,1,0.00010325159662419627,0.008920682119154972
macro_fred,CPIAUCSL,F4,adam,37,20,1,0.0026495893890196307,0.009714056837147976
macro_fred,CPIAUCSL,F4,adam,38,19,1,0.004293452633871427,0.009826465194604318
macro_fred,CPIAUCSL,F4,adam,39,21,1,0.0010488795338101523,0.010706673769843269
macro_fred,CPIAUCSL,F4,adam,40,21,1,0.0033352171372073498,0.009470864120864293
macro_fred,CPIAUCSL,F4,adam,41,21,1,0.0008883148900722986,0.008286898596786762
macro_fred,CPIAUCSL,F4,adam,42,20,1,0.0007564832401580622,0.013317118955556073
macro_fred,CPIAUCSL,F4,adam,43,21,1,0.0011594440284422903,0.011222774889891606
macro_fred,CPIAUCSL,F4,adam,44,19,1,0.005265427320336125,0.010728193140459127
macro_fred,CPIAUCSL,F4,adam,45,20,1,0.004031585042324725,0.010708367570820675
macro_fred,CPIAUCSL,F4,adam,46,20,1,0.0001684513645875324,0.008745365655405336
macro_fred,CPIAUCSL,F4,adam,47,22,1,0.0002577452181016529,0.00997219451623247
macro_fred,CPIAUCSL,F4,adam,48,20,1,5.5052555012433216e-05,0.008896734028635743
macro_fred,CPIAUCSL,F4,adam,49,20,1,0.005717457917830206,0.010299876185263604
macro_fred,DGS10,F0,sgd,0,33,1,6.50824961852187e-05,0.005804239537444415
macro_fred,DGS10,F0,sgd,1,34,1,0.0003117293929326572,0.006011698521148909
macro_fred,DGS10,F0,sgd,2,35,1,2.922503540397884e-05,0.005459631475657674
macro_fred,DGS10,F0,sgd,3,33,1,3.275655794019956e-05,0.005733499140880649
macro_fred,DGS10,F0,sgd,4,34,1,6.472522068552186e-05,0.005811220001493193
macro_fred,DGS10,F0,sgd,5,34,1,0.0001710407894085874,0.005834292261741976
macro_fred,DGS10,F0,sgd,6,33,1,0.00014427691903230828,0.005498719677807876
macro_fred,DGS10,F0,sgd,7,33,1,0.0001391738590706697,0.005949093344735415
macro_fred,DGS10,F0,sgd,8,34,1,4.049136200253913e-05,0.005909022412536189
macro_fred,DGS10,F0,sgd,9,35,1,8.573210802287165e-05,0.005588560804520134
macro_fred,DGS10,F0,sgd,10,35,1,0.00018807247878623092,0.005780582867041335
macro_fred,DGS10,F0,sgd,11,34,1,0.0002729173391883038,0.005486151547469924
macro_fred,DGS10,F0,sgd,12,34,1,0.0003914822715453371,0.006073367571584999
macro_fred,DGS10,F0,sgd,13,34,1,0.00013897103653030406,0.005752957895561991
macro_fred,DGS10,F0,sgd,14,34,1,0.00013204839482956155,0.005484498939650252
macro_fred,DGS10,F0,sgd,15,34,1,3.710972398945973e-05,0.00586157062206624
macro_fred,DGS10,F0,sgd,16,34,1,0.00012939958975917963,0.005821856107021912
macro_fred,DGS10,F0,sgd,17,34,1,3.200984178579619e-05,0.005777763121595173
macro_fred,DGS10,F0,sgd,18,34,1,6.70966385924759e-05,0.005708241299867493
macro_fred,DGS10,F0,sgd,19,33,1,3.1711060848780674e-05,0.005777407619087605
macro_fred,DGS10,F0,sgd,20,33,1,4.09050194205007e-05,0.005303362701337247
macro_fred,DGS10,F0,sgd,21,34,1,0.00010657782045708151,0.005654498247915525
macro_fred,DGS10,F0,sgd,22,35,1,3.864714673600943e-05,0.0057509603773654465
macro_fred,DGS10,F0,sgd,23,34,1,6.886331886000873e-05,0.005702562170143989
macro_fred,DGS10,F0,sgd,24,33,1,4.75765640814429e-05,0.005714077613959951
macro_fred,DGS10,F0,sgd,25,35,1,0.00010676020375938464,0.005567659626640138
macro_fred,DGS10,F0,sgd,26,34,1,4.058107965313499e-05,0.005645924062423099
macro_fred,DGS10,F0,sgd,27,34,1,7.473472691618136e-05,0.005608308409458735
macro_fred,DGS10,F0,sgd,28,34,1,7.65030950167976e-05,0.005535753381583112
macro_fred,DGS10,F0,sgd,29,34,1,0.00018835013106580163,0.005699975215412545
macro_fred,DGS10,F0,sgd,30,33,1,3.953784240487217e-05,0.0056621643375715
macro_fred,DGS10,F0,sgd,31,34,1,2.978494017262639e-05,0.005396127639107859
macro_fred,DGS10,F0,sgd,32,34,1,3.7225157092840896e-05,0.0058831774288643
macro_fred,DGS10,F0,sgd,33,34,1,0.00010241183213751202,0.005728646463421383
macro_fred,DGS10,F0,sgd,34,34,1,6.763261970904087e-05,0.005756753017702776
macro_fred,DGS10,F0,sgd,35,34,1,5.095800596488323e-05,0.005948898025464039
macro_fred,DGS10,F0,sgd,36,34,1,4.9866010038565824e-05,0.00560913571731163
macro_fred,DGS10,F0,sgd,37,34,1,0.0007315311049508278,0.00582282001242628
macro_fred,DGS10,F0,sgd,38,34,1,0.00011679686184874225,0.005994518322770408
macro_fred,DGS10,F0,sgd,39,34,1,0.00026446040493957135,0.005790765791406938
macro_fred,DGS10,F0,sgd,40,35,1,9.381160488014132e-05,0.005933929636859581
macro_fred,DGS10,F0,sgd,41,34,1,3.7215623238556604e-05,0.005720784130856232
macro_fred,DGS10,F0,sgd,42,35,1,4.83308698045954e-05,0.006585341075887781
macro_fred,DGS10,F0,sgd,43,34,1,0.0001832668079464867,0.005906189656241517
macro_fred,DGS10,F0,sgd,44,34,1,4.263231076881644e-05,0.005851188883674969
macro_fred,DGS10,F0,sgd,45,33,1,0.0002603423785802268,0.006215209024039525
macro_fred,DGS10,F0,sgd,46,35,1,0.0001404093031509746,0.005520222956035156
macro_fred,DGS10,F0,sgd,47,33,1,0.0001220295191369057,0.006071506377549998
macro_fred,DGS10,F0,sgd,48,34,1,0.0002093979226888577,0.006077553543621257
macro_fred,DGS10,F0,sgd,49,34,1,3.735539242640215e-05,0.00582255453594163
macro_fred,DGS10,F0,adam,0,20,1,0.0008082894124675192,0.004798596145465525
macro_fred,DGS10,F0,adam,1,20,1,0.003396548467147814,0.005494532494347512
macro_fred,DGS10,F0,adam,2,21,1,5.0099371051331895e-06,0.004406937832838998
macro_fred,DGS10,F0,adam,3,20,1,0.003445435588355139,0.004141515735604936
macro_fred,DGS10,F0,adam,4,20,1,3.4431446890952943e-05,0.004802071752638394
macro_fred,DGS10,F0,adam,5,20,1,0.00014427996450172846,0.004923911402632571
macro_fred,DGS10,F0,adam,6,20,1,3.0668338055763956e-05,0.005038167617915098
macro_fred,DGS10,F0,adam,7,20,1,0.00013697652776027398,0.0040804042481409905
macro_fred,DGS10,F0,adam,8,22,1,0.0007564090805512941,0.004038107083197973
macro_fred,DGS10,F0,adam,9,20,1,0.00012424201354886154,0.004452099498721928
macro_fred,DGS10,F0,adam,10,21,1,0.001516246126404242,0.004115183967671048
macro_fred,DGS10,F0,adam,11,20,1,0.003949409003216237,0.0042144839661788355
macro_fred,DGS10,F0,adam,12,19,1,0.001588262997371792,0.004885797688412661
macro_fred,DGS10,F0,adam,13,20,1,0.005634125210941226,0.006193575951116398
macro_fred,DGS10,F0,adam,14,21,1,0.0006862315043714797,0.004167946414872996
macro_fred,DGS10,F0,adam,15,21,1,0.00033195875168201116,0.004512486849026332
macro_fred,DGS10,F0,adam,16,19,1,0.0010677756285942899,0.003909702736299344
macro_fred,DGS10,F0,adam,17,21,1,0.0007185227041308655,0.004880722252718672
macro_fred,DGS10,F0,adam,18,20,1,0.00016595186699185272,0.003944349704057474
macro_fred,DGS10,F0,adam,19,20,1,0.00018006621878925697,0.004566161982932211
macro_fred,DGS10,F0,adam,20,20,1,4.811156965960107e-05,0.005101153327933638
macro_fred,DGS10,F0,adam,21,20,1,0.0013535930882377942,0.004234664954361218
macro_fred,DGS10,F0,adam,22,21,1,2.773838586457814e-06,0.004009392331440733
macro_fred,DGS10,F0,adam,23,20,1,0.0007162948933976773,0.005276983752408954
macro_fred,DGS10,F0,adam,24,20,1,0.005251644626051339,0.005742038530093065
macro_fred,DGS10,F0,adam,25,21,1,0.003018577752492648,0.004041609220280657
macro_fred,DGS10,F0,adam,26,20,1,0.0021515112730000367,0.004111392402366606
macro_fred,DGS10,F0,adam,27,20,1,0.0012678145124067556,0.00459724771796429
macro_fred,DGS10,F0,adam,28,20,1,0.0015091783539735522,0.0043737457755404375
macro_fred,DGS10,F0,adam,29,20,1,3.083558263830561e-05,0.004942392003397176
macro_fred,DGS10,F0,adam,30,20,1,4.484359232864759e-05,0.003958166810224996
macro_fred,DGS10,F0,adam,31,20,1,0.00016167279440697352,0.0054092999570930205
macro_fred,DGS10,F0,adam,32,20,1,0.0008634299780966661,0.0045398679756044865
macro_fred,DGS10,F0,adam,33,20,1,0.0005128656478716085,0.004882076654160929
macro_fred,DGS10,F0,adam,34,20,1,0.00010252496998419908,0.004217594052281982
macro_fred,DGS10,F0,adam,35,19,1,7.248072646236474e-05,0.004242773886671385
macro_fred,DGS10,F0,adam,36,20,1,6.174459462905552e-05,0.004866146551399462
macro_fred,DGS10,F0,adam,37,20,1,0.0018680867809257832,0.004621620028840925
macro_fred,DGS10,F0,adam,38,19,1,0.002693546901480451,0.0047618107920695514
macro_fred,DGS10,F0,adam,39,21,1,5.347850356385856e-05,0.004439762169893076
macro_fred,DGS10,F0,adam,40,21,1,0.002288734951431581,0.004415992536705596
macro_fred,DGS10,F0,adam,41,21,1,0.0014121157837294882,0.004327558117276188
macro_fred,DGS10,F0,adam,42,21,1,0.000675744108102203,0.006749991336774155
macro_fred,DGS10,F0,adam,43,21,1,0.00035628071109194184,0.0050702918356459415
macro_fred,DGS10,F0,adam,44,19,1,0.004096328616457631,0.005557600612396957
macro_fred,DGS10,F0,adam,45,20,1,0.001960503793598206,0.005586956823745987
macro_fred,DGS10,F0,adam,46,20,1,0.00018910440879245114,0.004597808628636465
macro_fred,DGS10,F0,adam,47,22,1,0.000916756712067316,0.0044287321542846
macro_fred,DGS10,F0,adam,48,20,1,0.0001692790504987652,0.004039929595202864
macro_fred,DGS10,F0,adam,49,20,1,0.006567130078484805,0.006122866757762592
macro_fred,DGS10,F1,sgd,0,33,1,4.4548547299434384e-05,0.02573199672028319
macro_fred,DGS10,F1,sgd,1,33,1,0.00029266863287033106,0.026069582622926156
macro_fred,DGS10,F1,sgd,2,34,1,1.2561211388806321e-05,0.025109737408734692
macro_fred,DGS10,F1,sgd,3,33,1,1.1257998300280546e-05,0.025411526399900585
macro_fred,DGS10,F1,sgd,4,34,1,4.42199170205484e-05,0.025486509483343342
macro_fred,DGS10,F1,sgd,5,34,1,0.00015349509778901446,0.02549963265696003
macro_fred,DGS10,F1,sgd,6,33,1,0.00012581943935932905,0.024706798424731606
macro_fred,DGS10,F1,sgd,7,33,1,0.00011572168302998042,0.026079016210366485
macro_fred,DGS10,F1,sgd,8,34,1,1.4550874011772676e-05,0.025739955135722317
macro_fred,DGS10,F1,sgd,9,34,1,6.806278927782016e-05,0.024848226366853854
macro_fred,DGS10,F1,sgd,10,34,1,0.00016411707122454354,0.025424847373876364
macro_fred,DGS10,F1,sgd,11,34,1,0.00025515357721432174,0.024553781097173072
macro_fred,DGS10,F1,sgd,12,34,1,0.00037431168775391177,0.026151788299501023
macro_fred,DGS10,F1,sgd,13,34,1,0.00012294831824561,0.025435117079863855
macro_fred,DGS10,F1,sgd,14,33,1,0.0001124436620243788,0.024903338593592398
macro_fred,DGS10,F1,sgd,15,34,1,1.4363505235517165e-05,0.02550423063606206
macro_fred,DGS10,F1,sgd,16,34,1,0.00010368433053987724,0.025453516010219036
macro_fred,DGS10,F1,sgd,17,34,1,9.952542414135951e-06,0.02537936692770515
macro_fred,DGS10,F1,sgd,18,33,1,4.78710489000964e-05,0.025419234624289355
macro_fred,DGS10,F1,sgd,19,33,1,9.851685509467219e-06,0.025399152726508754
macro_fred,DGS10,F1,sgd,20,33,1,2.6418887399613566e-05,0.024821221218356438
macro_fred,DGS10,F1,sgd,21,34,1,8.549017652763471e-05,0.0250434984653419
macro_fred,DGS10,F1,sgd,22,34,1,1.574187999173063e-05,0.025371614098015565
macro_fred,DGS10,F1,sgd,23,34,1,4.720745275537235e-05,0.025103651333809582
macro_fred,DGS10,F1,sgd,24,33,1,2.7963871450585216e-05,0.025392953799750626
macro_fred,DGS10,F1,sgd,25,35,1,8.771636002620547e-05,0.02476743766460044
macro_fred,DGS10,F1,sgd,26,34,1,2.2840030805662906e-05,0.024942222266994333
macro_fred,DGS10,F1,sgd,27,34,1,5.777342072055226e-05,0.02523327087318715
macro_fred,DGS10,F1,sgd,28,33,1,5.87615646097922e-05,0.025214048330538832
macro_fred,DGS10,F1,sgd,29,34,1,0.0001617352800398738,0.02532377261937795
macro_fred,DGS10,F1,sgd,30,33,1,1.9699316609805633e-05,0.025400119225568927
macro_fred,DGS10,F1,sgd,31,33,1,1.4239563980259794e-05,0.02480005286701476
macro_fred,DGS10,F1,sgd,32,34,1,1.3131236198558493e-05,0.025698143003233857
macro_fred,DGS10,F1,sgd,33,34,1,8.25349771330579e-05,0.024912719071865375
macro_fred,DGS10,F1,sgd,34,34,1,4.785742203912994e-05,0.02551512180009437
macro_fred,DGS10,F1,sgd,35,34,1,2.4857978481084053e-05,0.025718537556161658
macro_fred,DGS10,F1,sgd,36,34,1,2.8201928686011267e-05,0.02524652347249712
macro_fred,DGS10,F1,sgd,37,34,1,0.000706500967996194,0.025119998556555254
macro_fred,DGS10,F1,sgd,38,34,1,9.464904042980503e-05,0.025940095354181066
macro_fred,DGS10,F1,sgd,39,33,1,0.0002388623861651765,0.02515516033299084
macro_fred,DGS10,F1,sgd,40,34,1,7.134130431291133e-05,0.02571623443862267
macro_fred,DGS10,F1,sgd,41,34,1,1.589624999445824e-05,0.025386453701890424
macro_fred,DGS10,F1,sgd,42,34,1,1.2258326488937851e-05,0.026540129866861994
macro_fred,DGS10,F1,sgd,43,33,1,0.00015621443143706013,0.0254325513775193
macro_fred,DGS10,F1,sgd,44,34,1,2.0624292000682454e-05,0.02553103420834935
macro_fred,DGS10,F1,sgd,45,33,1,0.00023775189017497843,0.026109370219011246
macro_fred,DGS10,F1,sgd,46,35,1,0.0001223347732970479,0.024758437990351108
macro_fred,DGS10,F1,sgd,47,33,1,9.62153418073264e-05,0.026085011737973587
macro_fred,DGS10,F1,sgd,48,34,1,0.00018728203041733002,0.02609932382311529
macro_fred,DGS10,F1,sgd,49,34,1,1.6316598564121368e-05,0.025378825404835225
macro_fred,DGS10,F1,adam,0,20,1,0.0007515373062305262,0.01769413814366585
macro_fred,DGS10,F1,adam,1,20,1,0.003440187774205169,0.022047255601933363
macro_fred,DGS10,F1,adam,2,21,1,4.303653917373117e-07,0.016663815132919653
macro_fred,DGS10,F1,adam,3,20,1,0.0035398250529431125,0.01785122092859866
macro_fred,DGS10,F1,adam,4,20,1,1.106685897589066e-05,0.01809983534249822
macro_fred,DGS10,F1,adam,5,20,1,0.000142889985482257,0.01648761203559352
macro_fred,DGS10,F1,adam,6,20,1,1.5317578227933517e-05,0.01784009855178801
macro_fred,DGS10,F1,adam,7,20,1,0.00011594872947753314,0.019186430830334125
macro_fred,DGS10,F1,adam,8,22,1,0.0007659456411735216,0.01846813153875763
macro_fred,DGS10,F1,adam,9,20,1,0.00010980806164335915,0.017289704196638795
macro_fred,DGS10,F1,adam,10,21,1,0.001528364550070541,0.01906703929143492
macro_fred,DGS10,F1,adam,11,20,1,0.003947625691528398,0.017457451851879958
macro_fred,DGS10,F1,adam,12,19,1,0.0014935041895479228,0.021880568255062915
macro_fred,DGS10,F1,adam,13,20,1,0.005681018954843726,0.02096065508025252
macro_fred,DGS10,F1,adam,14,21,1,0.0006842204827524867,0.01745366667549548
macro_fred,DGS10,F1,adam,15,21,1,0.0003574226926472105,0.021603560708662956
macro_fred,DGS10,F1,adam,16,19,1,0.0010466738497647034,0.019572052540737756
macro_fred,DGS10,F1,adam,17,21,1,0.0006883082665639968,0.02094334750973713
macro_fred,DGS10,F1,adam,18,20,1,0.00014516050553833388,0.01879169636610318
macro_fred,DGS10,F1,adam,19,20,1,0.00018919904706565205,0.021057683476804073
macro_fred,DGS10,F1,adam,20,20,1,3.500291996699462e-05,0.014425353548514383
macro_fred,DGS10,F1,adam,21,20,1,0.0013813908988343931,0.01849317204863357
macro_fred,DGS10,F1,adam,22,21,1,9.221164942651569e-07,0.02002989568041104
macro_fred,DGS10,F1,adam,23,20,1,0.0007372043419904735,0.01971787505447879
macro_fred,DGS10,F1,adam,24,20,1,0.005348758789058328,0.021294845544540482
macro_fred,DGS10,F1,adam,25,21,1,0.0031587647569508563,0.018400514030418137
macro_fred,DGS10,F1,adam,26,20,1,0.002230183202362928,0.017641120358662846
macro_fred,DGS10,F1,adam,27,20,1,0.001307395309313384,0.01873469968134117
macro_fred,DGS10,F1,adam,28,20,1,0.0014905436036094833,0.016306872624109094
macro_fred,DGS10,F1,adam,29,20,1,1.3664721702538419e-05,0.021942111966760696
macro_fred,DGS10,F1,adam,30,20,1,5.625362320796597e-05,0.018272474925310304
macro_fred,DGS10,F1,adam,31,20,1,0.00011916384482863779,0.015305467209733288
macro_fred,DGS10,F1,adam,32,20,1,0.0009472240554021674,0.02028161660292266
macro_fred,DGS10,F1,adam,33,20,1,0.0005206071738466458,0.020328957212604276
macro_fred,DGS10,F1,adam,34,20,1,9.079834901351642e-05,0.018356700286438137
macro_fred,DGS10,F1,adam,35,19,1,9.54482978969233e-05,0.023455115479243525
macro_fred,DGS10,F1,adam,36,20,1,5.4552950880910085e-05,0.0198750297329713
macro_fred,DGS10,F1,adam,37,20,1,0.0019137048823859668,0.020517719165650865
macro_fred,DGS10,F1,adam,38,19,1,0.002803622465237281,0.02114747663058728
macro_fred,DGS10,F1,adam,39,21,1,7.477147661929101e-05,0.022491685394946084
macro_fred,DGS10,F1,adam,40,21,1,0.0023493552040363794,0.01907810631702265
macro_fred,DGS10,F1,adam,41,21,1,0.0013869966156309426,0.018658756409847228
macro_fred,DGS10,F1,adam,42,21,1,0.0006535811008580486,0.0260466976582098
macro_fred,DGS10,F1,adam,43,21,1,0.0003897615484886148,0.02339421477608944
macro_fred,DGS10,F1,adam,44,19,1,0.0041728555351272035,0.02304683361823462
macro_fred,DGS10,F1,adam,45,20,1,0.0020731159141920787,0.021771731721406288
macro_fred,DGS10,F1,adam,46,20,1,0.00018799613151249185,0.018537570440642498
macro_fred,DGS10,F1,adam,47,22,1,0.0008678240028014702,0.02283903686444403
macro_fred,DGS10,F1,adam,48,20,1,0.00015627885075978156,0.0189409417646253
macro_fred,DGS10,F1,adam,49,20,1,0.006551056502211789,0.02236959485566963
macro_fred,DGS10,F2,sgd,0,33,1,3.615835558728126e-05,0.05742750787426042
macro_fred,DGS10,F2,sgd,1,33,1,0.00028741223884893295,0.05838520672606452
macro_fred,DGS10,F2,sgd,2,34,1,4.315139942380566e-06,0.05657086872679015
macro_fred,DGS10,F2,sgd,3,33,1,2.1337286435976074e-06,0.05677648492193616
macro_fred,DGS10,F2,sgd,4,33,1,3.465616469791744e-05,0.057114730014389645
macro_fred,DGS10,F2,sgd,5,34,1,0.00014502671250907586,0.057482265816934316
macro_fred,DGS10,F2,sgd,6,33,1,0.00011836953871439042,0.055322530522521514
macro_fred,DGS10,F2,sgd,7,33,1,0.00010644930462883836,0.058034389215017565
macro_fred,DGS10,F2,sgd,8,33,1,4.686692525865523e-06,0.056931943018600224
macro_fred,DGS10,F2,sgd,9,34,1,6.09086316019358e-05,0.055647008275970335
macro_fred,DGS10,F2,sgd,10,34,1,0.00015749205687315608,0.055999953579289566
macro_fred,DGS10,F2,sgd,11,34,1,0.00024874688550693795,0.0548658418993454
macro_fred,DGS10,F2,sgd,12,34,1,0.00037320892523935175,0.05859515426536287
macro_fred,DGS10,F2,sgd,13,33,1,0.00011822609203276965,0.057363904421804224
macro_fred,DGS10,F2,sgd,14,33,1,0.00010361562222299085,0.05561392236600886
macro_fred,DGS10,F2,sgd,15,33,1,5.965928179200987e-06,0.05691220498091003
macro_fred,DGS10,F2,sgd,16,34,1,9.462253709396735e-05,0.05617449426848769
macro_fred,DGS10,F2,sgd,17,34,1,9.980954783002848e-07,0.05663331441170626
macro_fred,DGS10,F2,sgd,18,33,1,3.976437804651279e-05,0.057092250929296
macro_fred,DGS10,F2,sgd,19,32,1,9.424840818172224e-07,0.05671461961498674
macro_fred,DGS10,F2,sgd,20,32,1,1.8155288914213423e-05,0.05593745810453514
macro_fred,DGS10,F2,sgd,21,34,1,7.772402925073347e-05,0.05578589199701539
macro_fred,DGS10,F2,sgd,22,34,1,6.342749798150778e-06,0.05652194097864879
macro_fred,DGS10,F2,sgd,23,34,1,3.8363806652861496e-05,0.05600606908681042
macro_fred,DGS10,F2,sgd,24,33,1,2.0034186956195796e-05,0.056952903170001686
macro_fred,DGS10,F2,sgd,25,34,1,8.042911455742469e-05,0.055474458115370696
macro_fred,DGS10,F2,sgd,26,34,1,1.4609062717439598e-05,0.056383502507450736
macro_fred,DGS10,F2,sgd,27,33,1,5.001312091367567e-05,0.05694224513865518
macro_fred,DGS10,F2,sgd,28,33,1,5.0078329836576784e-05,0.05693663989469923
macro_fred,DGS10,F2,sgd,29,33,1,0.00015177587719846715,0.0559111361325235
macro_fred,DGS10,F2,sgd,30,33,1,1.0995310804166038e-05,0.05690859987674701
macro_fred,DGS10,F2,sgd,31,33,1,6.033604780584174e-06,0.055963924999251326
macro_fred,DGS10,F2,sgd,32,33,1,3.7571673100020994e-06,0.05710720466924527
macro_fred,DGS10,F2,sgd,33,33,1,7.477903862084597e-05,0.05563758599352546
macro_fred,DGS10,F2,sgd,34,33,1,3.909997110309438e-05,0.05718841585327176
macro_fred,DGS10,F2,sgd,35,33,1,1.557413848478288e-05,0.057210047403420825
macro_fred,DGS10,F2,sgd,36,33,1,1.8974558068174637e-05,0.05631250119995721
macro_fred,DGS10,F2,sgd,37,34,1,0.0007005862132110438,0.054833498923002946
macro_fred,DGS10,F2,sgd,38,34,1,8.693347404785023e-05,0.057801636382009
macro_fred,DGS10,F2,sgd,39,33,1,0.00023068865778803506,0.05551058692738518
macro_fred,DGS10,F2,sgd,40,34,1,6.228007877716659e-05,0.05745963135998705
macro_fred,DGS10,F2,sgd,41,33,1,7.056777421807615e-06,0.05654234723544377
macro_fred,DGS10,F2,sgd,42,34,1,9.386941830597033e-07,0.057817028212979606
macro_fred,DGS10,F2,sgd,43,33,1,0.0001477541726414756,0.05598457197565503
macro_fred,DGS10,F2,sgd,44,33,1,1.2702096102490654e-05,0.05701939241663218
macro_fred,DGS10,F2,sgd,45,33,1,0.00022958589251044018,0.058266062249417536
macro_fred,DGS10,F2,sgd,46,34,1,0.00011540835195530026,0.055391266243549
macro_fred,DGS10,F2,sgd,47,33,1,8.657085154479454e-05,0.05793536976486452
macro_fred,DGS10,F2,sgd,48,34,1,0.00017987405196382718,0.05818854845628305
macro_fred,DGS10,F2,sgd,49,34,1,8.478960524202786e-06,0.05680287221696464
macro_fred,DGS10,F2,adam,0,20,1,0.0007091473439496639,0.05543128112558155
macro_fred,DGS10,F2,adam,1,20,1,0.003505554666031124,0.05810671989532639
macro_fred,DGS10,F2,adam,2,21,1,2.632707228120316e-07,0.049656782795154335
macro_fred,DGS10,F2,adam,3,20,1,0.0036821419974753283,0.04861181961191288
macro_fred,DGS10,F2,adam,4,20,1,6.264660201786919e-06,0.05237057707162444
macro_fred,DGS10,F2,adam,5,21,1,0.00017291392844045797,0.046909535998520845
macro_fred,DGS10,F2,adam,6,20,1,3.461714322975334e-05,0.05061268613462804
macro_fred,DGS10,F2,adam,7,21,1,9.38910952198632e-05,0.05496695849161202
macro_fred,DGS10,F2,adam,8,22,1,0.0007879179927622217,0.05347672778348985
macro_fred,DGS10,F2,adam,9,20,1,0.00011012901185698295,0.049801611905800146
macro_fred,DGS10,F2,adam,10,21,1,0.001552672678899378,0.05364402197022443
macro_fred,DGS10,F2,adam,11,20,1,0.003942547734888769,0.04563576761987704
macro_fred,DGS10,F2,adam,12,19,1,0.0013568233452203459,0.059930857895017675
macro_fred,DGS10,F2,adam,13,20,1,0.005760959611133999,0.05758646836367054
macro_fred,DGS10,F2,adam,14,22,1,0.0006825489647525782,0.04927243475875788
macro_fred,DGS10,F2,adam,15,21,1,0.0004056417096431112,0.0576814812097204
macro_fred,DGS10,F2,adam,16,19,1,0.0010170281054297466,0.055131456835632524
macro_fred,DGS10,F2,adam,17,21,1,0.0006579647744151265,0.05572134101853381
macro_fred,DGS10,F2,adam,18,20,1,0.00011677112931381729,0.05128559807081865
macro_fred,DGS10,F2,adam,19,20,1,0.00020379206914194304,0.055967019476663056
macro_fred,DGS10,F2,adam,20,20,1,5.7626884242117116e-05,0.04585302173241365
macro_fred,DGS10,F2,adam,21,20,1,0.0014229466683476494,0.050022892817304085
macro_fred,DGS10,F2,adam,22,21,1,1.096468769170165e-06,0.055230868128563426
macro_fred,DGS10,F2,adam,23,20,1,0.0007905117446548316,0.05429770659397192
macro_fred,DGS10,F2,adam,24,20,1,0.005508463268465055,0.05860796273797562
macro_fred,DGS10,F2,adam,25,21,1,0.0033733696495230987,0.04689522262750714
macro_fred,DGS10,F2,adam,26,20,1,0.002359212186582492,0.047512488581648124
macro_fred,DGS10,F2,adam,27,20,1,0.0013703457874271012,0.05159092522308541
macro_fred,DGS10,F2,adam,28,20,1,0.0014645153039745827,0.0467209293263811
macro_fred,DGS10,F2,adam,29,20,1,1.0040357829800984e-05,0.05866655273840246
macro_fred,DGS10,F2,adam,30,20,1,8.32374896038458e-05,0.051910625286330024
macro_fred,DGS10,F2,adam,31,20,1,9.663759523093582e-05,0.04808868998327824
macro_fred,DGS10,F2,adam,32,20,1,0.0010951511369524786,0.057627366491943416
macro_fred,DGS10,F2,adam,33,20,1,0.0005355496517381847,0.05450273334310005
macro_fred,DGS10,F2,adam,34,20,1,8.327848796252942e-05,0.053408527766355796
macro_fred,DGS10,F2,adam,35,20,1,0.00013156267360348397,0.06161696650367096
macro_fred,DGS10,F2,adam,36,20,1,5.474242403937169e-05,0.05683377915431746
macro_fred,DGS10,F2,adam,37,20,1,0.0019765737528880506,0.05551159731169821
macro_fred,DGS10,F2,adam,38,19,1,0.0029722377263684836,0.059630419257741235
macro_fred,DGS10,F2,adam,39,21,1,0.00011876324824504259,0.058948537829155434
macro_fred,DGS10,F2,adam,40,21,1,0.0024538641387101927,0.05014296462382875
macro_fred,DGS10,F2,adam,41,21,1,0.0013460524586476432,0.05526167908927609
macro_fred,DGS10,F2,adam,42,21,1,0.0006777014261133487,0.06275562247626537
macro_fred,DGS10,F2,adam,43,21,1,0.00045979339066399,0.060623730845224134
macro_fred,DGS10,F2,adam,44,19,1,0.004295911129596193,0.06212955539944374
macro_fred,DGS10,F2,adam,45,20,1,0.0022705249198008755,0.05921800359919354
macro_fred,DGS10,F2,adam,46,20,1,0.00019297883589006418,0.051238399982516614
macro_fred,DGS10,F2,adam,47,22,1,0.0007890795880144877,0.06176085396227583
macro_fred,DGS10,F2,adam,48,20,1,0.0001407960604253706,0.05363191217630016
macro_fred,DGS10,F2,adam,49,20,1,0.006517972307770493,0.06036597599520057
macro_fred,DGS10,F4,sgd,0,33,1,5.630690861550863e-05,0.019243618303626094
macro_fred,DGS10,F4,sgd,1,34,1,0.0003029140093352053,0.019556149902086935
macro_fred,DGS10,F4,sgd,2,34,1,2.316562152204158e-05,0.018699378531257593
macro_fred,DGS10,F4,sgd,3,33,1,2.3132338223185968e-05,0.019029676067428076
macro_fred,DGS10,F4,sgd,4,34,1,5.583488835318385e-05,0.019108537366201196
macro_fred,DGS10,F4,sgd,5,34,1,0.00016377076776015933,0.01913981641492963
macro_fred,DGS10,F4,sgd,6,33,1,0.00013620674548546667,0.018502264463592398
macro_fred,DGS10,F4,sgd,7,33,1,0.00012846930498103013,0.01952670007200631
macro_fred,DGS10,F4,sgd,8,34,1,2.795397967127624e-05,0.01931215014504413
macro_fred,DGS10,F4,sgd,9,34,1,7.821556126577172e-05,0.018619184965419134
macro_fred,DGS10,F4,sgd,10,35,1,0.00017640941024390673,0.01904055847809197
macro_fred,DGS10,F4,sgd,11,34,1,0.00026507862564417224,0.01839356740138145
macro_fred,DGS10,F4,sgd,12,34,1,0.00038295811258312254,0.01962572001130472
macro_fred,DGS10,F4,sgd,13,34,1,0.00013186725169732328,0.01905990305813523
macro_fred,DGS10,F4,sgd,14,34,1,0.00012380249484438552,0.01859396749841337
macro_fred,DGS10,F4,sgd,15,34,1,2.6160874831710505e-05,0.019145600274993044
macro_fred,DGS10,F4,sgd,16,34,1,0.0001168074612386687,0.019089729413058892
macro_fred,DGS10,F4,sgd,17,34,1,2.1782193813707954e-05,0.01902695968953615
macro_fred,DGS10,F4,sgd,18,34,1,5.8859709149470435e-05,0.019018576691124358
macro_fred,DGS10,F4,sgd,19,33,1,2.1658283819106924e-05,0.019037243997104852
macro_fred,DGS10,F4,sgd,20,33,1,3.665606263951642e-05,0.018446748714023405
macro_fred,DGS10,F4,sgd,21,34,1,9.672958052635403e-05,0.01877935869019595
macro_fred,DGS10,F4,sgd,22,35,1,2.803863361655134e-05,0.019012093814366558
macro_fred,DGS10,F4,sgd,23,34,1,5.883345130086682e-05,0.01883651381560498
macro_fred,DGS10,F4,sgd,24,33,1,3.8929989354885255e-05,0.019013944898938036
macro_fred,DGS10,F4,sgd,25,35,1,9.809958734764773e-05,0.01857512302437964
macro_fred,DGS10,F4,sgd,26,34,1,3.2802391448444773e-05,0.018718991480142676
macro_fred,DGS10,F4,sgd,27,34,1,6.781444195397043e-05,0.01887730904941529
macro_fred,DGS10,F4,sgd,28,34,1,6.945980320920807e-05,0.018827457927620476
macro_fred,DGS10,F4,sgd,29,34,1,0.0001752020806209254,0.01894476127038367
macro_fred,DGS10,F4,sgd,30,33,1,3.112078721858242e-05,0.01899039347558679
macro_fred,DGS10,F4,sgd,31,33,1,2.429944002385833e-05,0.018509655968819143
macro_fred,DGS10,F4,sgd,32,34,1,2.5808102455603718e-05,0.01927377852668352
macro_fred,DGS10,F4,sgd,33,34,1,9.310943689136055e-05,0.018714350519371786
macro_fred,DGS10,F4,sgd,34,34,1,5.9176165875808203e-05,0.01909921911205473
macro_fred,DGS10,F4,sgd,35,34,1,3.764213227082544e-05,0.01932100456713971
macro_fred,DGS10,F4,sgd,36,34,1,4.037136034773983e-05,0.01885487975337275
macro_fred,DGS10,F4,sgd,37,34,1,0.0007188673438017254,0.018856236870722992
macro_fred,DGS10,F4,sgd,38,34,1,0.00010647401497781083,0.019463109573161958
macro_fred,DGS10,F4,sgd,39,33,1,0.00025114142842183287,0.0188962280732189
macro_fred,DGS10,F4,sgd,40,34,1,8.327049878369834e-05,0.019307987725321746
macro_fred,DGS10,F4,sgd,41,34,1,2.7774767595947052e-05,0.01901438667948138
macro_fred,DGS10,F4,sgd,42,35,1,2.8350086111920544e-05,0.020077608343656666
macro_fred,DGS10,F4,sgd,43,34,1,0.0001692478207360499,0.01911418001632527
macro_fred,DGS10,F4,sgd,44,34,1,3.210493973782711e-05,0.019154862329702694
macro_fred,DGS10,F4,sgd,45,33,1,0.0002492760454949169,0.01967187761322352
macro_fred,DGS10,F4,sgd,46,35,1,0.0001324202015749792,0.01853302303151742
macro_fred,DGS10,F4,sgd,47,33,1,0.0001093961953763323,0.019581900002355997
macro_fred,DGS10,F4,sgd,48,34,1,0.0001987503025851139,0.019610001582033926
macro_fred,DGS10,F4,sgd,49,34,1,2.73342121154002e-05,0.019067702526158657
macro_fred,DGS10,F4,adam,0,20,1,0.0007767843249919038,0.014091948286828072
macro_fred,DGS10,F4,adam,1,20,1,0.003410490643634761,0.01754914695257229
macro_fred,DGS10,F4,adam,2,21,1,2.1590695782643596e-06,0.013586846831084869
macro_fred,DGS10,F4,adam,3,20,1,0.003472815711190672,0.013737502911414108
macro_fred,DGS10,F4,adam,4,20,1,1.6309890016847137e-05,0.014507505212002735
macro_fred,DGS10,F4,adam,5,20,1,0.00013696486655248642,0.015020165932357103
macro_fred,DGS10,F4,adam,6,20,1,1.2601306581096097e-05,0.01487406238253961
macro_fred,DGS10,F4,adam,7,20,1,0.00012647990088921537,0.014553894894341793
macro_fred,DGS10,F4,adam,8,22,1,0.0007588870955496516,0.014194979984064363
macro_fred,DGS10,F4,adam,9,20,1,0.00011302345424295115,0.014363946500500612
macro_fred,DGS10,F4,adam,10,21,1,0.0015166230588474596,0.013812623235882105
macro_fred,DGS10,F4,adam,11,20,1,0.003948074403166846,0.014213882732693186
macro_fred,DGS10,F4,adam,12,19,1,0.0015554511915959982,0.016356109367991905
macro_fred,DGS10,F4,adam,13,20,1,0.00564363272703452,0.017675696944002346
macro_fred,DGS10,F4,adam,14,21,1,0.0006838725911142921,0.014022964672812882
macro_fred,DGS10,F4,adam,15,21,1,0.00033894467098100344,0.01619587252039611
macro_fred,DGS10,F4,adam,16,19,1,0.0010595084990673608,0.014100752573900432
macro_fred,DGS10,F4,adam,17,21,1,0.0007014454014102985,0.016517087742470276
macro_fred,DGS10,F4,adam,18,20,1,0.00015885862560767908,0.014655689052606665
macro_fred,DGS10,F4,adam,19,20,1,0.00018166221153398997,0.016019221910030742
macro_fred,DGS10,F4,adam,20,20,1,3.54362575594773e-05,0.013245977520693784
macro_fred,DGS10,F4,adam,21,20,1,0.0013611182831436046,0.013903520870943435
macro_fred,DGS10,F4,adam,22,21,1,1.5688157135772174e-06,0.015102851259967916
macro_fred,DGS10,F4,adam,23,20,1,0.0007157931498337535,0.016493108399999696
macro_fred,DGS10,F4,adam,24,20,1,0.005279424616914442,0.016933051770853177
macro_fred,DGS10,F4,adam,25,21,1,0.003065220887313597,0.014461733235747457
macro_fred,DGS10,F4,adam,26,20,1,0.002175573470998323,0.014319351677288773
macro_fred,DGS10,F4,adam,27,20,1,0.0012786531229817685,0.015308766155875312
macro_fred,DGS10,F4,adam,28,20,1,0.001501425668732792,0.013218549768796524
macro_fred,DGS10,F4,adam,29,20,1,1.631070979098028e-05,0.015447275874760927
macro_fred,DGS10,F4,adam,30,20,1,4.598005557755103e-05,0.0140826675003035
macro_fred,DGS10,F4,adam,31,20,1,0.0001389135097080239,0.013848761077087247
macro_fred,DGS10,F4,adam,32,20,1,0.0008891990367297596,0.01569956429189638
macro_fred,DGS10,F4,adam,33,20,1,0.0005146740065513687,0.01641391212793986
macro_fred,DGS10,F4,adam,34,20,1,9.520854792971003e-05,0.014106101765442804
macro_fred,DGS10,F4,adam,35,19,1,8.061604439412713e-05,0.016151003354216754
macro_fred,DGS10,F4,adam,36,20,1,5.433705829665753e-05,0.014412984937575112
macro_fred,DGS10,F4,adam,37,20,1,0.001883374566426875,0.014875169766131433
macro_fred,DGS10,F4,adam,38,19,1,0.002729303889854495,0.01641995969068365
macro_fred,DGS10,F4,adam,39,21,1,5.845847246130992e-05,0.01628667489206343
macro_fred,DGS10,F4,adam,40,21,1,0.0023043090724430863,0.015023055735918417
macro_fred,DGS10,F4,adam,41,21,1,0.001404260182664759,0.014772863320951837
macro_fred,DGS10,F4,adam,42,21,1,0.0006470751883186184,0.019681877822492155
macro_fred,DGS10,F4,adam,43,21,1,0.0003610539057797742,0.017453355076135768
macro_fred,DGS10,F4,adam,44,19,1,0.004119236069248588,0.017596354161723494
macro_fred,DGS10,F4,adam,45,20,1,0.001990488394775219,0.01765898827956681
macro_fred,DGS10,F4,adam,46,20,1,0.0001862164848404295,0.01508603611149365
macro_fred,DGS10,F4,adam,47,22,1,0.0009003102192481936,0.016157269295988715
macro_fred,DGS10,F4,adam,48,20,1,0.00016378407392570303,0.014787425779589377
macro_fred,DGS10,F4,adam,49,20,1,0.006561994283083573,0.01820942968868082
macro_fred,DEXUSEU,F0,sgd,0,22,1,0.00010019567451640712,0.01469082322929376
macro_fred,DEXUSEU,F0,sgd,1,22,1,0.000475161522711915,0.014903032786782937
macro_fred,DEXUSEU,F0,sgd,2,22,1,3.476845226980109e-05,0.01448008567473458
macro_fred,DEXUSEU,F0,sgd,3,22,1,4.0480737021990135e-05,0.014751508602760328
macro_fred,DEXUSEU,F0,sgd,4,22,1,4.4894432641967256e-05,0.014868986239330697
macro_fred,DEXUSEU,F0,sgd,5,22,1,0.00015810931118292478,0.015044552886789646
macro_fred,DEXUSEU,F0,sgd,6,22,1,0.0001621800187478059,0.014871675222846435
macro_fred,DEXUSEU,F0,sgd,7,22,1,0.00016854449508311173,0.014749356461015333
macro_fred,DEXUSEU,F0,sgd,8,22,1,4.515095226806487e-05,0.014857933407382225
macro_fred,DEXUSEU,F0,sgd,9,23,1,0.0001634305768521981,0.014926294415126985
macro_fred,DEXUSEU,F0,sgd,10,22,1,0.0003427940586008358,0.014740266077135737
macro_fred,DEXUSEU,F0,sgd,11,22,1,0.0003587245746317217,0.014869207028242435
macro_fred,DEXUSEU,F0,sgd,12,22,1,0.0007682274406566514,0.01489617588606282
macro_fred,DEXUSEU,F0,sgd,13,22,1,0.0003976684109704347,0.014906549310486468
macro_fred,DEXUSEU,F0,sgd,14,23,1,0.00012595037639887352,0.014692589340930642
macro_fred,DEXUSEU,F0,sgd,15,22,1,0.00011622483019657487,0.014951791849828071
macro_fred,DEXUSEU,F0,sgd,16,23,1,0.00017992435344184494,0.014795947256975911
macro_fred,DEXUSEU,F0,sgd,17,23,1,4.3020846555991775e-05,0.014934498219866142
macro_fred,DEXUSEU,F0,sgd,18,23,1,0.00010949018288333234,0.014772204007056833
macro_fred,DEXUSEU,F0,sgd,19,23,1,4.573350755583912e-05,0.014898361948747161
macro_fred,DEXUSEU,F0,sgd,20,22,1,4.423829443743852e-05,0.014440447753538864
macro_fred,DEXUSEU,F0,sgd,21,23,1,0.00017281232729671482,0.0147916227720795
macro_fred,DEXUSEU,F0,sgd,22,23,1,4.03970314294676e-05,0.014854547421785798
macro_fred,DEXUSEU,F0,sgd,23,22,1,8.007158652887487e-05,0.015033653301785266
macro_fred,DEXUSEU,F0,sgd,24,22,1,0.00010526484232607537,0.014760246149638669
macro_fred,DEXUSEU,F0,sgd,25,23,1,0.00016324153290312097,0.014887274515842675
macro_fred,DEXUSEU,F0,sgd,26,22,1,4.200771049108054e-05,0.01492491157840151
macro_fred,DEXUSEU,F0,sgd,27,23,1,8.471433503843751e-05,0.0147298384437021
macro_fred,DEXUSEU,F0,sgd,28,22,1,4.558665505751038e-05,0.014565127888245736
macro_fred,DEXUSEU,F0,sgd,29,23,1,0.00018446140124692102,0.01464736929438612
macro_fred,DEXUSEU,F0,sgd,30,22,1,4.690766162747597e-05,0.014694905792739622
macro_fred,DEXUSEU,F0,sgd,31,22,1,2.9191993774588417e-05,0.014663464556173261
macro_fred,DEXUSEU,F0,sgd,32,22,1,4.919259374125168e-05,0.014911242776499746
macro_fred,DEXUSEU,F0,sgd,33,22,1,0.00016882255680449807,0.015105640230290969
macro_fred,DEXUSEU,F0,sgd,34,22,1,7.927388628260493e-05,0.014724411159803713
macro_fred,DEXUSEU,F0,sgd,35,22,1,6.092327249273008e-05,0.014887114284364872
macro_fred,DEXUSEU,F0,sgd,36,22,1,4.733659462175055e-05,0.014571743719843018
macro_fred,DEXUSEU,F0,sgd,37,23,1,0.0008799612106264643,0.014957438082615303
macro_fred,DEXUSEU,F0,sgd,38,23,1,0.00022695399802909086,0.01493160563292292
macro_fred,DEXUSEU,F0,sgd,39,23,1,0.00036117583849989596,0.015001786387523275
macro_fred,DEXUSEU,F0,sgd,40,22,1,8.63261925912411e-05,0.015005921134558411
macro_fred,DEXUSEU,F0,sgd,41,23,1,6.355008630175144e-05,0.014777270649070683
macro_fred,DEXUSEU,F0,sgd,42,23,1,8.01766319358719e-05,0.01557529078133578
macro_fred,DEXUSEU,F0,sgd,43,22,1,0.00024815341616693054,0.015066959846958864
macro_fred,DEXUSEU,F0,sgd,44,22,1,0.000157814428829537,0.014910723369590193
macro_fred,DEXUSEU,F0,sgd,45,23,1,0.0002831077358796839,0.015280161994596527
macro_fred,DEXUSEU,F0,sgd,46,22,1,0.0002050102419168266,0.014882065878231035
macro_fred,DEXUSEU,F0,sgd,47,22,1,0.00011281948916567288,0.0149062037654617
macro_fred,DEXUSEU,F0,sgd,48,22,1,0.0002859132158342669,0.014980540683890634
macro_fred,DEXUSEU,F0,sgd,49,22,1,0.00011379856836706222,0.015057260871160077
macro_fred,DEXUSEU,F0,adam,0,20,1,0.0006617661958856093,0.013838045966326571
macro_fred,DEXUSEU,F0,adam,1,20,1,0.0012967829811430425,0.014250305891495027
macro_fred,DEXUSEU,F0,adam,2,20,1,0.0011887762227521096,0.013885314282894102
macro_fred,DEXUSEU,F0,adam,3,20,1,0.0017245555842562083,0.013841486649810974
macro_fred,DEXUSEU,F0,adam,4,20,1,0.0019343247449360096,0.01418381059394692
macro_fred,DEXUSEU,F0,adam,5,20,1,0.0005912002002479208,0.014064704940713218
macro_fred,DEXUSEU,F0,adam,6,20,1,0.0002734252844171646,0.015397870458635833
macro_fred,DEXUSEU,F0,adam,7,20,1,0.0013140358175143289,0.013935307475037042
macro_fred,DEXUSEU,F0,adam,8,22,1,0.0056317889773081845,0.014457508052239222
macro_fred,DEXUSEU,F0,adam,9,20,1,6.64123115141441e-05,0.013927337007864644
macro_fred,DEXUSEU,F0,adam,10,21,1,0.0021429301138245144,0.013984909253430157
macro_fred,DEXUSEU,F0,adam,11,20,1,0.0018715128519989027,0.013898125319930852
macro_fred,DEXUSEU,F0,adam,12,19,1,0.0006229050673487753,0.013610838219926362
macro_fred,DEXUSEU,F0,adam,13,20,1,0.009060710072108218,0.01540421055601579
macro_fred,DEXUSEU,F0,adam,14,21,1,0.0001275799262713865,0.01493502909786383
macro_fred,DEXUSEU,F0,adam,15,21,1,0.002808387596660061,0.013933675313506696
macro_fred,DEXUSEU,F0,adam,16,19,1,0.0024619134873950866,0.013592336206585008
macro_fred,DEXUSEU,F0,adam,17,21,1,0.0004495526208195739,0.01507765935388447
macro_fred,DEXUSEU,F0,adam,18,20,1,0.00035036169848912666,0.013828111848738903
macro_fred,DEXUSEU,F0,adam,19,20,1,0.0007210197580459911,0.013827786170704784
macro_fred,DEXUSEU,F0,adam,20,19,1,0.001384306073960241,0.013667210391795404
macro_fred,DEXUSEU,F0,adam,21,20,1,0.002747984234007212,0.013880000953528574
macro_fred,DEXUSEU,F0,adam,22,21,1,0.0001819842957992829,0.013631962406084644
macro_fred,DEXUSEU,F0,adam,23,20,1,7.24134445391477e-05,0.01517325826740835
macro_fred,DEXUSEU,F0,adam,24,20,1,0.005209025190836072,0.014300374159724773
macro_fred,DEXUSEU,F0,adam,25,21,1,0.008184941996895196,0.014104783921685913
macro_fred,DEXUSEU,F0,adam,26,20,1,0.0028988319409981086,0.014123245847527105
macro_fred,DEXUSEU,F0,adam,27,19,1,3.496463953984972e-05,0.01440066565731064
macro_fred,DEXUSEU,F0,adam,28,20,1,0.0006555733366340686,0.014890409132901945
macro_fred,DEXUSEU,F0,adam,29,20,1,0.000647832609448444,0.014702717519407042
macro_fred,DEXUSEU,F0,adam,30,20,1,0.0009162241039459004,0.013823712043089478
macro_fred,DEXUSEU,F0,adam,31,20,1,4.324561846212336e-05,0.01453221237056311
macro_fred,DEXUSEU,F0,adam,32,20,1,0.011938907597585993,0.014916147349653713
macro_fred,DEXUSEU,F0,adam,33,20,1,0.0011854648232104135,0.013907830015567153
macro_fred,DEXUSEU,F0,adam,34,19,1,0.00045604059268327036,0.013676291292807348
macro_fred,DEXUSEU,F0,adam,35,19,1,0.00018219352687288103,0.01386639989992405
macro_fred,DEXUSEU,F0,adam,36,20,1,0.000743557149621051,0.013786534848518515
macro_fred,DEXUSEU,F0,adam,37,20,1,0.008118530212844434,0.014671199120751075
macro_fred,DEXUSEU,F0,adam,38,19,1,0.002312013669428027,0.013727050876536934
macro_fred,DEXUSEU,F0,adam,39,20,1,0.003443375326723656,0.015019195795265729
macro_fred,DEXUSEU,F0,adam,40,21,1,0.003525145522128608,0.014171518747066474
macro_fred,DEXUSEU,F0,adam,41,20,1,2.7698532894668718e-05,0.013893999341195076
macro_fred,DEXUSEU,F0,adam,42,20,1,0.00012201581747222043,0.01528934243971808
macro_fred,DEXUSEU,F0,adam,43,21,1,0.00015556309836546714,0.01417218981424105
macro_fred,DEXUSEU,F0,adam,44,19,1,0.008974313285582073,0.01443746704650978
macro_fred,DEXUSEU,F0,adam,45,20,1,0.0018933996169134214,0.01455655436015182
macro_fred,DEXUSEU,F0,adam,46,20,1,6.023944129888308e-05,0.01489269688828888
macro_fred,DEXUSEU,F0,adam,47,21,1,2.7032195151323176e-05,0.013783921483230053
macro_fred,DEXUSEU,F0,adam,48,19,1,6.732185978286551e-05,0.013711878368633504
macro_fred,DEXUSEU,F0,adam,49,20,1,0.0008196159373137085,0.014621575263429975
macro_fred,DEXUSEU,F1,sgd,0,22,1,0.00013613789756424644,0.09299365148761676
macro_fred,DEXUSEU,F1,sgd,1,22,1,0.0004994670567587007,0.09296542016115282
macro_fred,DEXUSEU,F1,sgd,2,22,1,6.78433822763494e-05,0.09173453548213632
macro_fred,DEXUSEU,F1,sgd,3,22,1,7.175631795684696e-05,0.09291140723141157
macro_fred,DEXUSEU,F1,sgd,4,22,1,7.015542695936205e-05,0.09258514936580327
macro_fred,DEXUSEU,F1,sgd,5,23,1,0.00017338276589473267,0.09175087974376381
macro_fred,DEXUSEU,F1,sgd,6,22,1,0.000185427370356329,0.09203694677686049
macro_fred,DEXUSEU,F1,sgd,7,22,1,0.00020467260039120692,0.0935078987616173
macro_fred,DEXUSEU,F1,sgd,8,22,1,8.109267325150506e-05,0.09394889384430867
macro_fred,DEXUSEU,F1,sgd,9,23,1,0.00018408124783305912,0.09215333247518855
macro_fred,DEXUSEU,F1,sgd,10,22,1,0.0003786098702117378,0.09413858266032257
macro_fred,DEXUSEU,F1,sgd,11,22,1,0.0003793326777395488,0.09217746886370844
macro_fred,DEXUSEU,F1,sgd,12,23,1,0.0007890774592044022,0.09323695531375648
macro_fred,DEXUSEU,F1,sgd,13,23,1,0.0004097750130829348,0.09192573683378051
macro_fred,DEXUSEU,F1,sgd,14,23,1,0.0001582561472984689,0.09244431244609436
macro_fred,DEXUSEU,F1,sgd,15,23,1,0.00013766848496897483,0.09334140282815644
macro_fred,DEXUSEU,F1,sgd,16,23,1,0.00021484739449103513,0.09412605089535551
macro_fred,DEXUSEU,F1,sgd,17,23,1,6.767580589154083e-05,0.09302701382873331
macro_fred,DEXUSEU,F1,sgd,18,23,1,0.00013619864912978402,0.0924483900236333
macro_fred,DEXUSEU,F1,sgd,19,23,1,7.151809366835691e-05,0.09308119546779536
macro_fred,DEXUSEU,F1,sgd,20,22,1,7.635912607977016e-05,0.09125110845233173
macro_fred,DEXUSEU,F1,sgd,21,23,1,0.00020041828182410423,0.09294089855023575
macro_fred,DEXUSEU,F1,sgd,22,23,1,7.002147248164087e-05,0.09322923258530523
macro_fred,DEXUSEU,F1,sgd,23,22,1,0.00010009060145529907,0.09267541658766808
macro_fred,DEXUSEU,F1,sgd,24,22,1,0.0001307729787909759,0.09247080143480013
macro_fred,DEXUSEU,F1,sgd,25,23,1,0.00018397475439469236,0.09227956659124108
macro_fred,DEXUSEU,F1,sgd,26,23,1,5.762089147849637e-05,0.09164026099085498
macro_fred,DEXUSEU,F1,sgd,27,23,1,0.00010936512503206208,0.09167765267705058
macro_fred,DEXUSEU,F1,sgd,28,22,1,7.758124102148557e-05,0.09166034562103244
macro_fred,DEXUSEU,F1,sgd,29,23,1,0.00022293736369331828,0.09415755872902494
macro_fred,DEXUSEU,F1,sgd,30,22,1,7.91584548769445e-05,0.09251169435208995
macro_fred,DEXUSEU,F1,sgd,31,22,1,5.518347352681654e-05,0.0912288904215944
macro_fred,DEXUSEU,F1,sgd,32,22,1,7.980709073927887e-05,0.09352261377787453
macro_fred,DEXUSEU,F1,sgd,33,22,1,0.00018274340501975205,0.09266023574236479
macro_fred,DEXUSEU,F1,sgd,34,23,1,0.00010982207348996674,0.09261062779155149
macro_fred,DEXUSEU,F1,sgd,35,22,1,8.91583816018907e-05,0.09397312492382878
macro_fred,DEXUSEU,F1,sgd,36,22,1,8.587206852562075e-05,0.09311853845748504
macro_fred,DEXUSEU,F1,sgd,37,23,1,0.0009148016124207667,0.09468591243892946
macro_fred,DEXUSEU,F1,sgd,38,23,1,0.0002530741455844036,0.0934242170373272
macro_fred,DEXUSEU,F1,sgd,39,23,1,0.00038342812607370064,0.094072230248854
macro_fred,DEXUSEU,F1,sgd,40,22,1,0.00011098527186221961,0.09314463160385973
macro_fred,DEXUSEU,F1,sgd,41,23,1,9.437665311687863e-05,0.09292838559420676
macro_fred,DEXUSEU,F1,sgd,42,23,1,9.608137923065068e-05,0.09641646404422066
macro_fred,DEXUSEU,F1,sgd,43,22,1,0.0002735037751827037,0.09443546265256192
macro_fred,DEXUSEU,F1,sgd,44,23,1,0.00017920288899628007,0.09319990958672633
macro_fred,DEXUSEU,F1,sgd,45,23,1,0.0003010574276515004,0.09340156953099917
macro_fred,DEXUSEU,F1,sgd,46,23,1,0.0002258114124274559,0.09220610147008342
macro_fred,DEXUSEU,F1,sgd,47,23,1,0.00014597927587092744,0.09411192782309558
macro_fred,DEXUSEU,F1,sgd,48,22,1,0.00031295452292126494,0.09343588837859475
macro_fred,DEXUSEU,F1,sgd,49,23,1,0.00013223285118895117,0.09273185919996338
macro_fred,DEXUSEU,F1,adam,0,20,1,0.0006213336878409921,0.06749139125254437
macro_fred,DEXUSEU,F1,adam,1,20,1,0.0013388966890878872,0.08243384480842722
macro_fred,DEXUSEU,F1,adam,2,21,1,0.001199870210644817,0.07279858709023278
macro_fred,DEXUSEU,F1,adam,3,20,1,0.0018144363732582255,0.07401201809124151
macro_fred,DEXUSEU,F1,adam,4,20,1,0.001680641460913309,0.0710875829210904
macro_fred,DEXUSEU,F1,adam,5,20,1,0.0005526108861844856,0.07315331291239172
macro_fred,DEXUSEU,F1,adam,6,20,1,0.00022517202238510312,0.07168279180843838
macro_fred,DEXUSEU,F1,adam,7,20,1,0.0012881349648198395,0.07325874786025263
macro_fred,DEXUSEU,F1,adam,8,22,1,0.005442099869560338,0.0747303722109041
macro_fred,DEXUSEU,F1,adam,9,20,1,3.504180930650658e-05,0.07141268649743013
macro_fred,DEXUSEU,F1,adam,10,21,1,0.002148903668007925,0.07497438581326622
macro_fred,DEXUSEU,F1,adam,11,20,1,0.0018936889354008756,0.07558058880354286
macro_fred,DEXUSEU,F1,adam,12,19,1,0.0005504900552500723,0.07765230654970733
macro_fred,DEXUSEU,F1,adam,13,20,1,0.008901186220779086,0.07987980491143504
macro_fred,DEXUSEU,F1,adam,14,21,1,0.00011183875040889642,0.07734065637555834
macro_fred,DEXUSEU,F1,adam,15,21,1,0.0028106508314372225,0.07984566781390155
macro_fred,DEXUSEU,F1,adam,16,19,1,0.002463407836889604,0.07576717044615557
macro_fred,DEXUSEU,F1,adam,17,21,1,0.0003025260854996224,0.08274756077013092
macro_fred,DEXUSEU,F1,adam,18,20,1,0.00030649108761161424,0.07746920420672594
macro_fred,DEXUSEU,F1,adam,19,20,1,0.0006808746891847025,0.07945386889049037
macro_fred,DEXUSEU,F1,adam,20,20,1,0.0014261989683982167,0.06675730594754341
macro_fred,DEXUSEU,F1,adam,21,20,1,0.0026080266246996885,0.07427902417572337
macro_fred,DEXUSEU,F1,adam,22,21,1,0.00017961497881844728,0.07636893447851587
macro_fred,DEXUSEU,F1,adam,23,20,1,6.661381417463374e-06,0.07753982795918934
macro_fred,DEXUSEU,F1,adam,24,20,1,0.005495972889063908,0.07846766549651696
macro_fred,DEXUSEU,F1,adam,25,21,1,0.008200460724544527,0.07727900687273193
macro_fred,DEXUSEU,F1,adam,26,20,1,0.0030594552625527317,0.07612294696684191
macro_fred,DEXUSEU,F1,adam,27,20,1,3.898003454241949e-05,0.0778804607254956
macro_fred,DEXUSEU,F1,adam,28,20,1,0.0005015875238959753,0.073598010500679
macro_fred,DEXUSEU,F1,adam,29,20,1,0.0005411603952280773,0.08097021329481646
macro_fred,DEXUSEU,F1,adam,30,20,1,0.0008726849124965195,0.07244175872074103
macro_fred,DEXUSEU,F1,adam,31,20,1,4.4010181930346656e-05,0.0673757118885435
macro_fred,DEXUSEU,F1,adam,32,20,1,0.011900988224342643,0.07770814980726826
macro_fred,DEXUSEU,F1,adam,33,20,1,0.0011747125973675771,0.07834357064963209
macro_fred,DEXUSEU,F1,adam,34,20,1,0.0004295158263991243,0.07192587350507111
macro_fred,DEXUSEU,F1,adam,35,19,1,0.00017882554369921306,0.07879485057374508
macro_fred,DEXUSEU,F1,adam,36,20,1,0.0007421018143788751,0.07478522098844156
macro_fred,DEXUSEU,F1,adam,37,20,1,0.007892942047770222,0.07612633900743958
macro_fred,DEXUSEU,F1,adam,38,19,1,0.0024048937224871035,0.07691454195862762
macro_fred,DEXUSEU,F1,adam,39,21,1,0.0034367809629024747,0.08100024747804618
macro_fred,DEXUSEU,F1,adam,40,21,1,0.003519187627537313,0.0793629618014589
macro_fred,DEXUSEU,F1,adam,41,21,1,1.2595579200338535e-05,0.07366971609627126
macro_fred,DEXUSEU,F1,adam,42,20,1,6.730896608086332e-05,0.09318399910692839
macro_fred,DEXUSEU,F1,adam,43,21,1,0.0001873297073482754,0.08458354865470342
macro_fred,DEXUSEU,F1,adam,44,19,1,0.008809116451100076,0.07879659563310044
macro_fred,DEXUSEU,F1,adam,45,20,1,0.0020178845834091215,0.07819255108118828
macro_fred,DEXUSEU,F1,adam,46,20,1,2.181096479517545e-05,0.07609036589885582
macro_fred,DEXUSEU,F1,adam,47,22,1,1.3991388862761185e-05,0.07714509986628172
macro_fred,DEXUSEU,F1,adam,48,20,1,7.070908843245307e-05,0.07574298753776196
macro_fred,DEXUSEU,F1,adam,49,20,1,0.0008869479663261682,0.07910579807671704
macro_fred,DEXUSEU,F2,sgd,0,26,1,7.09048515827926e-05,0.19988432976020407
macro_fred,DEXUSEU,F2,sgd,1,26,1,0.0003900187841951555,0.1998383333221312
macro_fred,DEXUSEU,F2,sgd,2,26,1,1.928701650052915e-05,0.19837935640513307
macro_fred,DEXUSEU,F2,sgd,3,26,1,1.4423557984920066e-05,0.19917639482638755
macro_fred,DEXUSEU,F2,sgd,4,26,1,2.778772742568726e-05,0.19894043129968986
macro_fred,DEXUSEU,F2,sgd,5,26,1,0.0001427238466550047,0.19834933280639702
macro_fred,DEXUSEU,F2,sgd,6,26,1,0.0001410794458812573,0.19794422434261857
macro_fred,DEXUSEU,F2,sgd,7,25,1,0.00013374911429223319,0.20050195256602393
macro_fred,DEXUSEU,F2,sgd,8,26,1,1.9866056538765913e-05,0.20048281094816606
macro_fred,DEXUSEU,F2,sgd,9,26,1,0.00010763608005441237,0.19809359224925865
macro_fred,DEXUSEU,F2,sgd,10,26,1,0.0002609660156497842,0.20035790755106653
macro_fred,DEXUSEU,F2,sgd,11,26,1,0.0003036866409429092,0.19782390510677353
macro_fred,DEXUSEU,F2,sgd,12,26,1,0.0005929788345907892,0.19999104298173032
macro_fred,DEXUSEU,F2,sgd,13,26,1,0.0002492128587546862,0.19852235182711647
macro_fred,DEXUSEU,F2,sgd,14,26,1,0.00011306585709484679,0.19865442412687115
macro_fred,DEXUSEU,F2,sgd,15,26,1,4.677801450284905e-05,0.19951078278419446
macro_fred,DEXUSEU,F2,sgd,16,26,1,0.0001332811086851726,0.20025259429170736
macro_fred,DEXUSEU,F2,sgd,17,26,1,1.4048549840191422e-05,0.1992562787412719
macro_fred,DEXUSEU,F2,sgd,18,26,1,6.759585901474332e-05,0.1988724228537972
macro_fred,DEXUSEU,F2,sgd,19,26,1,1.5285299474696252e-05,0.19927585271027962
macro_fred,DEXUSEU,F2,sgd,20,25,1,3.0649690648606655e-05,0.1979771345845303
macro_fred,DEXUSEU,F2,sgd,21,27,1,0.00012156902587258301,0.19882426847929432
macro_fred,DEXUSEU,F2,sgd,22,27,1,1.4363489882074545e-05,0.19947437055411615
macro_fred,DEXUSEU,F2,sgd,23,26,1,4.958605099559908e-05,0.19879244307600522
macro_fred,DEXUSEU,F2,sgd,24,26,1,5.644582319794467e-05,0.1989422097278508
macro_fred,DEXUSEU,F2,sgd,25,26,1,0.00011658917660174746,0.19795097422248134
macro_fred,DEXUSEU,F2,sgd,26,26,1,1.3213100454518293e-05,0.19738991962333097
macro_fred,DEXUSEU,F2,sgd,27,26,1,6.576392877759285e-05,0.19813221842892767
macro_fred,DEXUSEU,F2,sgd,28,25,1,4.347144551541056e-05,0.19810396470064795
macro_fred,DEXUSEU,F2,sgd,29,27,1,0.00016364505318546918,0.2002100617954068
macro_fred,DEXUSEU,F2,sgd,30,26,1,2.577261681397452e-05,0.1990489954939662
macro_fred,DEXUSEU,F2,sgd,31,25,1,1.3104032452404943e-05,0.19766305484244398
macro_fred,DEXUSEU,F2,sgd,32,26,1,2.030547200171625e-05,0.20005526989385788
macro_fred,DEXUSEU,F2,sgd,33,26,1,0.00011185735892285931,0.19835577286003686
macro_fred,DEXUSEU,F2,sgd,34,26,1,5.413887303419043e-05,0.1991230011062049
macro_fred,DEXUSEU,F2,sgd,35,26,1,2.9682846575070372e-05,0.199967040497928
macro_fred,DEXUSEU,F2,sgd,36,26,1,2.9902181801416663e-05,0.19933312725367427
macro_fred,DEXUSEU,F2,sgd,37,27,1,0.0008083576585579509,0.20044821963751955
macro_fred,DEXUSEU,F2,sgd,38,26,1,0.00015100937453365657,0.20017180736738965
macro_fred,DEXUSEU,F2,sgd,39,26,1,0.00028897243734238065,0.19970750703331214
macro_fred,DEXUSEU,F2,sgd,40,26,1,6.682049542791576e-05,0.1995063221037248
macro_fred,DEXUSEU,F2,sgd,41,26,1,3.072056290645258e-05,0.19937703354760056
macro_fred,DEXUSEU,F2,sgd,42,27,1,1.8527071894420963e-05,0.20267302024986966
macro_fred,DEXUSEU,F2,sgd,43,26,1,0.00019567350219670202,0.20032618118243256
macro_fred,DEXUSEU,F2,sgd,44,26,1,7.179658006359239e-05,0.19951958674543452
macro_fred,DEXUSEU,F2,sgd,45,26,1,0.0002517381483203046,0.19994843553809666
macro_fred,DEXUSEU,F2,sgd,46,27,1,0.00016213547492375987,0.1980932034592527
macro_fred,DEXUSEU,F2,sgd,47,26,1,9.47612634480094e-05,0.2005914484364256
macro_fred,DEXUSEU,F2,sgd,48,26,1,0.00023638732406868883,0.20020226074604106
macro_fred,DEXUSEU,F2,sgd,49,27,1,5.158483934366716e-05,0.19898161912995313
macro_fred,DEXUSEU,F2,adam,0,20,1,0.0002698170186525545,0.1684390459666788
macro_fred,DEXUSEU,F2,adam,1,20,1,0.002637804347091406,0.1814122851453023
macro_fred,DEXUSEU,F2,adam,2,21,1,0.0007937978020801411,0.16824616396763417
macro_fred,DEXUSEU,F2,adam,3,20,1,0.003595161192584323,0.17437774359317998
macro_fred,DEXUSEU,F2,adam,4,20,1,0.0002582057948587702,0.17140323790093895
macro_fred,DEXUSEU,F2,adam,5,20,1,0.0008439578518457289,0.1640078288724979
macro_fred,DEXUSEU,F2,adam,6,20,1,0.0008424213993690249,0.17062531782331372
macro_fred,DEXUSEU,F2,adam,7,20,1,0.0007714354997293907,0.17522512837656712
macro_fred,DEXUSEU,F2,adam,8,22,1,0.0027137141969282687,0.17406100649650103
macro_fred,DEXUSEU,F2,adam,9,20,1,1.648386840973523e-05,0.1694943021533876
macro_fred,DEXUSEU,F2,adam,10,21,1,0.0024575260809270487,0.17881385925777998
macro_fred,DEXUSEU,F2,adam,11,20,1,0.002675612539672398,0.1728833973054018
macro_fred,DEXUSEU,F2,adam,12,19,1,0.00017656331055571192,0.18160828539050516
macro_fred,DEXUSEU,F2,adam,13,20,1,0.007539108339589127,0.1750735906629569
macro_fred,DEXUSEU,F2,adam,14,21,1,0.0002931760713560378,0.1727135576070591
macro_fred,DEXUSEU,F2,adam,15,21,1,0.002292550009890365,0.184624853630818
macro_fred,DEXUSEU,F2,adam,16,19,1,0.0018089016671843814,0.1798170374223239
macro_fred,DEXUSEU,F2,adam,17,21,1,0.0001656601264818849,0.18037295658631614
macro_fred,DEXUSEU,F2,adam,18,20,1,2.752763799968651e-07,0.17729206656620636
macro_fred,DEXUSEU,F2,adam,19,20,1,0.00036398551161527493,0.18277508836239825
macro_fred,DEXUSEU,F2,adam,20,20,1,0.0013135811862007268,0.15904448976299826
macro_fred,DEXUSEU,F2,adam,21,20,1,0.0017277293728785812,0.17676025039720897
macro_fred,DEXUSEU,F2,adam,22,21,1,0.0004876772681094643,0.17895901542645803
macro_fred,DEXUSEU,F2,adam,23,20,1,0.0009216166675914467,0.174665868330661
macro_fred,DEXUSEU,F2,adam,24,20,1,0.008516140035027316,0.17784171444046026
macro_fred,DEXUSEU,F2,adam,25,21,1,0.007381896534898683,0.17592011933652202
macro_fred,DEXUSEU,F2,adam,26,20,1,0.004887129149019727,0.1720024096314899
macro_fred,DEXUSEU,F2,adam,27,20,1,0.001096342614985996,0.1733471568028987
macro_fred,DEXUSEU,F2,adam,28,20,1,0.00026671404330522034,0.16934584717653253
macro_fred,DEXUSEU,F2,adam,29,20,1,6.729243477999353e-05,0.18830354998361626
macro_fred,DEXUSEU,F2,adam,30,20,1,0.0009324660432240567,0.17500956265818082
macro_fred,DEXUSEU,F2,adam,31,20,1,1.291637683063003e-05,0.1601308301089524
macro_fred,DEXUSEU,F2,adam,32,20,1,0.008773315087536442,0.1793969726856719
macro_fred,DEXUSEU,F2,adam,33,20,1,0.0008152121866958078,0.17855302640660994
macro_fred,DEXUSEU,F2,adam,34,20,1,0.0001369921628934045,0.17352680432579995
macro_fred,DEXUSEU,F2,adam,35,20,1,0.0006928962789122279,0.19099665413297526
macro_fred,DEXUSEU,F2,adam,36,20,1,0.00047730600808040753,0.1814358138436187
macro_fred,DEXUSEU,F2,adam,37,20,1,0.004655871150673286,0.18280250000798426
macro_fred,DEXUSEU,F2,adam,38,19,1,0.004080524875408279,0.17833420320513163
macro_fred,DEXUSEU,F2,adam,39,21,1,0.0032129539331554194,0.18875011552774226
macro_fred,DEXUSEU,F2,adam,40,21,1,0.003710044805700703,0.17794848992664367
macro_fred,DEXUSEU,F2,adam,41,21,1,0.00019280831404013582,0.17151534193288537
macro_fred,DEXUSEU,F2,adam,42,21,1,0.0003692651886878553,0.19895988095149994
macro_fred,DEXUSEU,F2,adam,43,21,1,0.0011938960415706491,0.18921882348654576
macro_fred,DEXUSEU,F2,adam,44,19,1,0.006773211757673405,0.18374858846304376
macro_fred,DEXUSEU,F2,adam,45,20,1,0.004467121655870494,0.17987377700129303
macro_fred,DEXUSEU,F2,adam,46,20,1,2.6083653308894448e-05,0.17339823891080386
macro_fred,DEXUSEU,F2,adam,47,22,1,2.1839569842442817e-05,0.18564206917524628
macro_fred,DEXUSEU,F2,adam,48,20,1,0.00010114139958801413,0.17572450809420123
macro_fred,DEXUSEU,F2,adam,49,20,1,0.002874385021586704,0.17742509438802193
macro_fred,DEXUSEU,F4,sgd,0,22,1,0.00011763384541039816,0.05966251114527973
macro_fred,DEXUSEU,F4,sgd,1,22,1,0.00048699196585473293,0.05988829054180757
macro_fred,DEXUSEU,F4,sgd,2,22,1,4.942335953356931e-05,0.05904988298784621
macro_fred,DEXUSEU,F4,sgd,3,22,1,5.7048461572198194e-05,0.05986969282495044
macro_fred,DEXUSEU,F4,sgd,4,22,1,5.3642441283215216e-05,0.059766933827547775
macro_fred,DEXUSEU,F4,sgd,5,22,1,0.0001541059122610481,0.05935108127297754
macro_fred,DEXUSEU,F4,sgd,6,22,1,0.0001687305836942603,0.05951777382385912
macro_fred,DEXUSEU,F4,sgd,7,22,1,0.0001889475432072753,0.05993190343733367
macro_fred,DEXUSEU,F4,sgd,8,22,1,6.516792678113883e-05,0.06025196637797367
macro_fred,DEXUSEU,F4,sgd,9,23,1,0.00016834408592100058,0.05962458305453568
macro_fred,DEXUSEU,F4,sgd,10,22,1,0.00036646111696020254,0.060380946130899
macro_fred,DEXUSEU,F4,sgd,11,22,1,0.0003654409916335716,0.05970022589453422
macro_fred,DEXUSEU,F4,sgd,12,22,1,0.000782576231712787,0.06005306408010709
macro_fred,DEXUSEU,F4,sgd,13,22,1,0.0003995580432151651,0.059419809008881816
macro_fred,DEXUSEU,F4,sgd,14,23,1,0.00014115230989432986,0.05954354321034979
macro_fred,DEXUSEU,F4,sgd,15,22,1,0.00012820222475396615,0.06025807182813136
macro_fred,DEXUSEU,F4,sgd,16,23,1,0.00020249854321715074,0.060456123307685655
macro_fred,DEXUSEU,F4,sgd,17,23,1,5.3880560788887555e-05,0.06003509685181005
macro_fred,DEXUSEU,F4,sgd,18,23,1,0.00012233156673124095,0.05965383023059069
macro_fred,DEXUSEU,F4,sgd,19,23,1,5.8533320709897336e-05,0.06006919142767284
macro_fred,DEXUSEU,F4,sgd,20,22,1,5.462984598159584e-05,0.058682417068393763
macro_fred,DEXUSEU,F4,sgd,21,23,1,0.00018750616096110934,0.060011674765103294
macro_fred,DEXUSEU,F4,sgd,22,23,1,5.6122290355115665e-05,0.060050349669938795
macro_fred,DEXUSEU,F4,sgd,23,22,1,8.433553004893221e-05,0.05985264007655603
macro_fred,DEXUSEU,F4,sgd,24,22,1,0.00011661341459930491,0.05965150835956604
macro_fred,DEXUSEU,F4,sgd,25,23,1,0.00017133516039509632,0.05980873319186168
macro_fred,DEXUSEU,F4,sgd,26,22,1,4.4157934436355005e-05,0.05955535682977718
macro_fred,DEXUSEU,F4,sgd,27,23,1,9.279206525873853e-05,0.05926252952849606
macro_fred,DEXUSEU,F4,sgd,28,22,1,6.050919857174556e-05,0.05913329826519807
macro_fred,DEXUSEU,F4,sgd,29,23,1,0.00021261727833331252,0.06043515013070546
macro_fred,DEXUSEU,F4,sgd,30,22,1,6.305777676943317e-05,0.05957455143145646
macro_fred,DEXUSEU,F4,sgd,31,22,1,3.5202803477998476e-05,0.05886711310560486
macro_fred,DEXUSEU,F4,sgd,32,22,1,6.472317334998431e-05,0.0601185920277195
macro_fred,DEXUSEU,F4,sgd,33,22,1,0.00017013399988193362,0.06010156190284234
macro_fred,DEXUSEU,F4,sgd,34,22,1,9.396158196355278e-05,0.059683328565161564
macro_fred,DEXUSEU,F4,sgd,35,22,1,8.126782312698925e-05,0.06058354732311974
macro_fred,DEXUSEU,F4,sgd,36,22,1,7.226065996667639e-05,0.059891493290923935
macro_fred,DEXUSEU,F4,sgd,37,23,1,0.0009029737456037998,0.06081744505968892
macro_fred,DEXUSEU,F4,sgd,38,23,1,0.00024005367675817874,0.06009077818427014
macro_fred,DEXUSEU,F4,sgd,39,23,1,0.0003759292749683269,0.06067646809391982
macro_fred,DEXUSEU,F4,sgd,40,22,1,9.680317870712324e-05,0.06009608225736425
macro_fred,DEXUSEU,F4,sgd,41,23,1,7.730748700910486e-05,0.05978699631611156
macro_fred,DEXUSEU,F4,sgd,42,23,1,9.068704773981994e-05,0.061945391624179176
macro_fred,DEXUSEU,F4,sgd,43,22,1,0.000263835898959117,0.06079427591308166
macro_fred,DEXUSEU,F4,sgd,44,22,1,0.0001692970215116191,0.06012040528764166
macro_fred,DEXUSEU,F4,sgd,45,23,1,0.00028657320263627954,0.06032654813712722
macro_fred,DEXUSEU,F4,sgd,46,22,1,0.00021106465594413084,0.059649150621481135
macro_fred,DEXUSEU,F4,sgd,47,22,1,0.00013428903368997887,0.060502372272379736
macro_fred,DEXUSEU,F4,sgd,48,22,1,0.0002983371030840354,0.06010240971629335
macro_fred,DEXUSEU,F4,sgd,49,22,1,0.00011941416652950386,0.05993686414215149
macro_fred,DEXUSEU,F4,adam,0,20,1,0.0006576091280124438,0.049921822677393944
macro_fred,DEXUSEU,F4,adam,1,20,1,0.0013071527186135465,0.05590941138756678
macro_fred,DEXUSEU,F4,adam,2,20,1,0.001184383071532388,0.052587530096887755
macro_fred,DEXUSEU,F4,adam,3,20,1,0.0017527657779064188,0.05262217064646025
macro_fred,DEXUSEU,F4,adam,4,20,1,0.0018147425120798493,0.051324191203732474
macro_fred,DEXUSEU,F4,adam,5,20,1,0.000569548246872933,0.05355826834428875
macro_fred,DEXUSEU,F4,adam,6,20,1,0.00023452325085568975,0.051903954814591674
macro_fred,DEXUSEU,F4,adam,7,20,1,0.0012930880878228546,0.05170279907486845
macro_fred,DEXUSEU,F4,adam,8,22,1,0.005582500815511075,0.05302508714916145
macro_fred,DEXUSEU,F4,adam,9,20,1,5.537798193926433e-05,0.05162694395676599
macro_fred,DEXUSEU,F4,adam,10,21,1,0.0021308088184527813,0.05229289993777208
macro_fred,DEXUSEU,F4,adam,11,20,1,0.0018740375647192445,0.05305728609572442
macro_fred,DEXUSEU,F4,adam,12,19,1,0.0005887430735185649,0.05408960716131175
macro_fred,DEXUSEU,F4,adam,13,20,1,0.008990011751930371,0.055691550192905975
macro_fred,DEXUSEU,F4,adam,14,21,1,0.00010883827305728165,0.05510447941971917
macro_fred,DEXUSEU,F4,adam,15,21,1,0.0028125761029208405,0.054860749412851934
macro_fred,DEXUSEU,F4,adam,16,19,1,0.002460140244710391,0.05256891911841862
macro_fred,DEXUSEU,F4,adam,17,21,1,0.0003462136718176442,0.057457404046239946
macro_fred,DEXUSEU,F4,adam,18,20,1,0.00033581378620092334,0.05383733327248085
macro_fred,DEXUSEU,F4,adam,19,20,1,0.0007097686789030891,0.05450433345775496
macro_fred,DEXUSEU,F4,adam,20,19,1,0.0014021731791028674,0.051157370372471464
macro_fred,DEXUSEU,F4,adam,21,20,1,0.0026866036376822456,0.05142532380955995
macro_fred,DEXUSEU,F4,adam,22,21,1,0.0001725977849251191,0.052913611974092334
macro_fred,DEXUSEU,F4,adam,23,20,1,2.6145829863666688e-05,0.05496067804250084
macro_fred,DEXUSEU,F4,adam,24,20,1,0.005298270653924537,0.054438195942586864
macro_fred,DEXUSEU,F4,adam,25,21,1,0.008195775539556797,0.05333946435386378
macro_fred,DEXUSEU,F4,adam,26,20,1,0.0029439418818737913,0.05355268817010766
macro_fred,DEXUSEU,F4,adam,27,20,1,2.8990564719153027e-05,0.05431396890237125
macro_fred,DEXUSEU,F4,adam,28,20,1,0.0005957461666350583,0.05254801850808738
macro_fred,DEXUSEU,F4,adam,29,20,1,0.000585446083706042,0.05482017468738713
macro_fred,DEXUSEU,F4,adam,30,20,1,0.0008928969714532604,0.05074879920375662
macro_fred,DEXUSEU,F4,adam,31,20,1,4.1788111847876054e-05,0.0512359790573844
macro_fred,DEXUSEU,F4,adam,32,20,1,0.01193174744433419,0.05436753465146961
macro_fred,DEXUSEU,F4,adam,33,20,1,0.0011843976346000897,0.05469642216557587
macro_fred,DEXUSEU,F4,adam,34,20,1,0.00044171164154715526,0.051204541164524144
macro_fred,DEXUSEU,F4,adam,35,19,1,0.00017137070269576421,0.05249696381910407
macro_fred,DEXUSEU,F4,adam,36,20,1,0.0007358180261131773,0.05225293173768224
macro_fred,DEXUSEU,F4,adam,37,20,1,0.008050191368878907,0.053543538414051316
macro_fred,DEXUSEU,F4,adam,38,19,1,0.0023404453410430853,0.05352501874336662
macro_fred,DEXUSEU,F4,adam,39,20,1,0.003414524170895336,0.055621196902243625
macro_fred,DEXUSEU,F4,adam,40,21,1,0.003516659246076633,0.055587685309564205
macro_fred,DEXUSEU,F4,adam,41,21,1,2.0180731847529108e-05,0.05225646335207308
macro_fred,DEXUSEU,F4,adam,42,20,1,0.0001026514308570539,0.06230745931938895
macro_fred,DEXUSEU,F4,adam,43,21,1,0.00016735291092498316,0.0572393214316516
macro_fred,DEXUSEU,F4,adam,44,19,1,0.008915889175986859,0.05348277812848583
macro_fred,DEXUSEU,F4,adam,45,20,1,0.0019236407977871665,0.055159705489420195
macro_fred,DEXUSEU,F4,adam,46,20,1,2.8746952637149174e-05,0.054222599103669576
macro_fred,DEXUSEU,F4,adam,47,21,1,1.9918539983851885e-05,0.053624402650895624
macro_fred,DEXUSEU,F4,adam,48,19,1,6.824464574723831e-05,0.05341514891014278
macro_fred,DEXUSEU,F4,adam,49,20,1,0.0008345615897474275,0.05528059056570182
macro_fred,VIXCLS,F0,sgd,0,23,1,9.530773178583827e-05,0.014863578921783556
macro_fred,VIXCLS,F0,sgd,1,23,1,0.00046593087027550263,0.015123927226642521
macro_fred,VIXCLS,F0,sgd,2,23,1,3.042955063931881e-05,0.014694545381745123
macro_fred,VIXCLS,F0,sgd,3,22,1,3.52873205760129e-05,0.015007496586489638
macro_fred,VIXCLS,F0,sgd,4,22,1,4.109447745666951e-05,0.015014036216163724
macro_fred,VIXCLS,F0,sgd,5,23,1,0.00015464235870257535,0.015010361553607656
macro_fred,VIXCLS,F0,sgd,6,22,1,0.00015789883189518732,0.01502307822767651
macro_fred,VIXCLS,F0,sgd,7,22,1,0.0001625346458598887,0.015004824255789553
macro_fred,VIXCLS,F0,sgd,8,22,1,4.005658189041048e-05,0.01510563954969703
macro_fred,VIXCLS,F0,sgd,9,23,1,0.00015659459754418305,0.015048197994572963
macro_fred,VIXCLS,F0,sgd,10,22,1,0.00033388155583877996,0.015116756039941155
macro_fred,VIXCLS,F0,sgd,11,22,1,0.00035148952118876854,0.015077135277442788
macro_fred,VIXCLS,F0,sgd,12,23,1,0.0007521626799411125,0.015143509707555007
macro_fred,VIXCLS,F0,sgd,13,23,1,0.0003799621877043514,0.015014497287535625
macro_fred,VIXCLS,F0,sgd,14,23,1,0.0001216108771507893,0.014949398032928678
macro_fred,VIXCLS,F0,sgd,15,23,1,0.00010780398258454374,0.015232237689667803
macro_fred,VIXCLS,F0,sgd,16,23,1,0.00017297086584602654,0.01514847934589722
macro_fred,VIXCLS,F0,sgd,17,23,1,3.8047902444568506e-05,0.015189277349641046
macro_fred,VIXCLS,F0,sgd,18,23,1,0.00010350474183953596,0.0150146376488425
macro_fred,VIXCLS,F0,sgd,19,23,1,4.083286535704996e-05,0.01517207131010977
macro_fred,VIXCLS,F0,sgd,20,22,1,4.069956654810112e-05,0.014564210801117921
macro_fred,VIXCLS,F0,sgd,21,23,1,0.00016497031990225395,0.01505403507693395
macro_fred,VIXCLS,F0,sgd,22,23,1,3.542290227527956e-05,0.015117230961245412
macro_fred,VIXCLS,F0,sgd,23,23,1,7.517834076843771e-05,0.015171774179454795
macro_fred,VIXCLS,F0,sgd,24,22,1,9.756026980370922e-05,0.014966663937495853
macro_fred,VIXCLS,F0,sgd,25,23,1,0.0001564552322333497,0.015109969315075321
macro_fred,VIXCLS,F0,sgd,26,23,1,3.640456551772824e-05,0.015067761453283418
macro_fred,VIXCLS,F0,sgd,27,23,1,7.93100952454699e-05,0.014889039155727422
macro_fred,VIXCLS,F0,sgd,28,22,1,4.159823541153748e-05,0.014785763665973888
macro_fred,VIXCLS,F0,sgd,29,23,1,0.00017893409223580065,0.01517455796816695
macro_fred,VIXCLS,F0,sgd,30,23,1,4.193772539066725e-05,0.01493111380665803
macro_fred,VIXCLS,F0,sgd,31,22,1,2.4433918166302592e-05,0.01472143218209338
macro_fred,VIXCLS,F0,sgd,32,23,1,4.4130398783629565e-05,0.015149201061568343
macro_fred,VIXCLS,F0,sgd,33,22,1,0.0001617563496444832,0.015285939217428482
macro_fred,VIXCLS,F0,sgd,34,23,1,7.422733726643839e-05,0.014936592425693637
macro_fred,VIXCLS,F0,sgd,35,22,1,5.5329752432821106e-05,0.015303805486300615
macro_fred,VIXCLS,F0,sgd,36,22,1,4.351804818384999e-05,0.014961786656518167
macro_fred,VIXCLS,F0,sgd,37,23,1,0.0008746668709623438,0.015373593417763487
macro_fred,VIXCLS,F0,sgd,38,23,1,0.00021828514754346077,0.015132775127036273
macro_fred,VIXCLS,F0,sgd,39,23,1,0.00035066456526809686,0.015405371123701156
macro_fred,VIXCLS,F0,sgd,40,23,1,8.274117123309563e-05,0.01521693557421777
macro_fred,VIXCLS,F0,sgd,41,23,1,5.7238978355807694e-05,0.014962743133759131
macro_fred,VIXCLS,F0,sgd,42,23,1,7.531688566685239e-05,0.015968994864147396
macro_fred,VIXCLS,F0,sgd,43,23,1,0.00024153225499262554,0.015449858908235827
macro_fred,VIXCLS,F0,sgd,44,23,1,0.00014678392980741492,0.015163729618728727
macro_fred,VIXCLS,F0,sgd,45,23,1,0.0002798692342740453,0.015396153625029755
macro_fred,VIXCLS,F0,sgd,46,23,1,0.00019786956390176487,0.015085647474815729
macro_fred,VIXCLS,F0,sgd,47,23,1,0.00010963462184687983,0.01526097502764817
macro_fred,VIXCLS,F0,sgd,48,22,1,0.0002790550435793486,0.015146886209306413
macro_fred,VIXCLS,F0,sgd,49,23,1,0.00010562569767326037,0.01520539050436363
macro_fred,VIXCLS,F0,adam,0,20,1,0.000624886353317815,0.013732876637888462
macro_fred,VIXCLS,F0,adam,1,20,1,0.0013772097782701928,0.015042841276211786
macro_fred,VIXCLS,F0,adam,2,20,1,0.0012229003949584688,0.014302949754355821
macro_fred,VIXCLS,F0,adam,3,20,1,0.0018466009276879825,0.014483032307851185
macro_fred,VIXCLS,F0,adam,4,20,1,0.0017183039693543978,0.013874467523226682
macro_fred,VIXCLS,F0,adam,5,20,1,0.0005784362136558575,0.014004498578413125
macro_fred,VIXCLS,F0,adam,6,20,1,0.00031241871929979,0.015019055861056207
macro_fred,VIXCLS,F0,adam,7,20,1,0.001336044223681852,0.013907678460726288
macro_fred,VIXCLS,F0,adam,8,22,1,0.005318127778771889,0.014739930751094543
macro_fred,VIXCLS,F0,adam,9,20,1,5.934893881757514e-05,0.013935096644428697
macro_fred,VIXCLS,F0,adam,10,21,1,0.0021872592393588864,0.014350475106171384
macro_fred,VIXCLS,F0,adam,11,20,1,0.0019262174446379847,0.014101147378787059
macro_fred,VIXCLS,F0,adam,12,19,1,0.0005450617890505702,0.014117160655068055
macro_fred,VIXCLS,F0,adam,13,20,1,0.008876152562486323,0.015649929556401182
macro_fred,VIXCLS,F0,adam,14,21,1,0.00014889860054578163,0.015551834962120665
macro_fred,VIXCLS,F0,adam,15,21,1,0.002820521928140983,0.014519028900945313
macro_fred,VIXCLS,F0,adam,16,19,1,0.002460474389984343,0.014005655150696544
macro_fred,VIXCLS,F0,adam,17,21,1,0.00040462273256738044,0.016244314339691
macro_fred,VIXCLS,F0,adam,18,20,1,0.0002900107452767563,0.014215892305209997
macro_fred,VIXCLS,F0,adam,19,20,1,0.0006506855542531372,0.01426317336090919
macro_fred,VIXCLS,F0,adam,20,20,1,0.0014399449757326968,0.01408065568797006
macro_fred,VIXCLS,F0,adam,21,20,1,0.002592510732424571,0.014047095619085202
macro_fred,VIXCLS,F0,adam,22,21,1,0.00020630494541463187,0.013753090252941788
macro_fred,VIXCLS,F0,adam,23,20,1,5.390015476089359e-05,0.015050340493075109
macro_fred,VIXCLS,F0,adam,24,20,1,0.00566540279084508,0.014882364260180416
macro_fred,VIXCLS,F0,adam,25,21,1,0.008202382097000466,0.01446827348649769
macro_fred,VIXCLS,F0,adam,26,20,1,0.003157150702164148,0.014440176555759746
macro_fred,VIXCLS,F0,adam,27,20,1,6.771223091957267e-05,0.014929285018621034
macro_fred,VIXCLS,F0,adam,28,20,1,0.00045269649638969784,0.014973670250178164
macro_fred,VIXCLS,F0,adam,29,20,1,0.0005790217694013292,0.015693127083472157
macro_fred,VIXCLS,F0,adam,30,20,1,0.0008949035269459118,0.013723267087756416
macro_fred,VIXCLS,F0,adam,31,20,1,4.635503226235992e-05,0.014457071519519317
macro_fred,VIXCLS,F0,adam,32,20,1,0.011872759695945076,0.015285513039334361
macro_fred,VIXCLS,F0,adam,33,20,1,0.001172877617507062,0.014277731507001916
macro_fred,VIXCLS,F0,adam,34,20,1,0.00043688303803072695,0.013778922191642446
macro_fred,VIXCLS,F0,adam,35,19,1,0.0001927866287063686,0.014052492192884174
macro_fred,VIXCLS,F0,adam,36,20,1,0.0007670317071723464,0.01405315129262786
macro_fred,VIXCLS,F0,adam,37,20,1,0.007790080362697057,0.014876628227948954
macro_fred,VIXCLS,F0,adam,38,19,1,0.0024596537590629254,0.014180341253652542
macro_fred,VIXCLS,F0,adam,39,21,1,0.003506679894657065,0.01569936484485911
macro_fred,VIXCLS,F0,adam,40,21,1,0.0035387665328970963,0.014717095089951242
macro_fred,VIXCLS,F0,adam,41,21,1,1.290617865310466e-05,0.01413630363368366
macro_fred,VIXCLS,F0,adam,42,20,1,0.00013786301176789824,0.016480925009858687
macro_fred,VIXCLS,F0,adam,43,21,1,0.00022926926636472164,0.015004230454883194
macro_fred,VIXCLS,F0,adam,44,19,1,0.008744696263573616,0.014522830181093864
macro_fred,VIXCLS,F0,adam,45,20,1,0.0021199350101874727,0.014536189076616838
macro_fred,VIXCLS,F0,adam,46,20,1,5.923133375891646e-05,0.01508192154195244
macro_fred,VIXCLS,F0,adam,47,22,1,1.5499739213846888e-05,0.014314194209198458
macro_fred,VIXCLS,F0,adam,48,19,1,8.03175944416051e-05,0.013991122653758861
macro_fred,VIXCLS,F0,adam,49,20,1,0.0009410075825213792,0.014968188743042595
macro_fred,VIXCLS,F1,sgd,0,23,1,0.00012854043826311223,0.11637378557085296
macro_fred,VIXCLS,F1,sgd,1,23,1,0.00048250115807127794,0.11589828289797276
macro_fred,VIXCLS,F1,sgd,2,23,1,6.308510929203354e-05,0.1146720707716399
macro_fred,VIXCLS,F1,sgd,3,23,1,6.499587612690941e-05,0.11632718171765649
macro_fred,VIXCLS,F1,sgd,4,23,1,6.650550063166584e-05,0.11568057572404704
macro_fred,VIXCLS,F1,sgd,5,23,1,0.0001725161901703311,0.1141800343821075
macro_fred,VIXCLS,F1,sgd,6,23,1,0.00018243017192652442,0.11513712112303223
macro_fred,VIXCLS,F1,sgd,7,23,1,0.00019535300666404448,0.11706045435014677
macro_fred,VIXCLS,F1,sgd,8,23,1,7.434492550768476e-05,0.11792503498310829
macro_fred,VIXCLS,F1,sgd,9,24,1,0.00017291802577454823,0.11529440071726653
macro_fred,VIXCLS,F1,sgd,10,23,1,0.00036047355933703485,0.11862435678665414
macro_fred,VIXCLS,F1,sgd,11,23,1,0.00036869772397664184,0.11546622106039196
macro_fred,VIXCLS,F1,sgd,12,23,1,0.0007531866495065405,0.11616028716430127
macro_fred,VIXCLS,F1,sgd,13,23,1,0.0003772920033471539,0.11434124558475377
macro_fred,VIXCLS,F1,sgd,14,23,1,0.00015404375671487216,0.11589403626880491
macro_fred,VIXCLS,F1,sgd,15,23,1,0.00012303695455107553,0.11663342293774855
macro_fred,VIXCLS,F1,sgd,16,24,1,0.00020326020002516755,0.1183852509892755
macro_fred,VIXCLS,F1,sgd,17,23,1,6.197648547023539e-05,0.1164112184873836
macro_fred,VIXCLS,F1,sgd,18,23,1,0.0001268271113781311,0.11542404173766704
macro_fred,VIXCLS,F1,sgd,19,23,1,6.506721329018427e-05,0.11644789841338746
macro_fred,VIXCLS,F1,sgd,20,23,1,7.217227998087534e-05,0.11418885228476885
macro_fred,VIXCLS,F1,sgd,21,24,1,0.0001889540848317289,0.11647948841020118
macro_fred,VIXCLS,F1,sgd,22,24,1,6.36332288160095e-05,0.1167215527895487
macro_fred,VIXCLS,F1,sgd,23,23,1,9.539855620363272e-05,0.11594955450253014
macro_fred,VIXCLS,F1,sgd,24,23,1,0.00012004946215256032,0.11543038975634588
macro_fred,VIXCLS,F1,sgd,25,24,1,0.0001751248389233478,0.11540009853088207
macro_fred,VIXCLS,F1,sgd,26,23,1,5.229698980974548e-05,0.11417710273408205
macro_fred,VIXCLS,F1,sgd,27,23,1,0.0001054024152013489,0.11424249386110881
macro_fred,VIXCLS,F1,sgd,28,23,1,7.568684798393746e-05,0.11437522878489825
macro_fred,VIXCLS,F1,sgd,29,24,1,0.00021563193892479578,0.11853374902259564
macro_fred,VIXCLS,F1,sgd,30,23,1,7.336539909811763e-05,0.11565899843640981
macro_fred,VIXCLS,F1,sgd,31,23,1,5.151195533950798e-05,0.11383297271303276
macro_fred,VIXCLS,F1,sgd,32,23,1,7.318487749004777e-05,0.11713313088010607
macro_fred,VIXCLS,F1,sgd,33,23,1,0.00017212720754947362,0.11594316264570376
macro_fred,VIXCLS,F1,sgd,34,23,1,0.000103262932673021,0.11572088514257604
macro_fred,VIXCLS,F1,sgd,35,23,1,8.210180604496992e-05,0.1176714113760946
macro_fred,VIXCLS,F1,sgd,36,23,1,7.956102900092974e-05,0.11680687459569944
macro_fred,VIXCLS,F1,sgd,37,24,1,0.0009008411452184267,0.11964810361778715
macro_fred,VIXCLS,F1,sgd,38,23,1,0.0002366878286755595,0.11675950279824479
macro_fred,VIXCLS,F1,sgd,39,23,1,0.0003671595680520222,0.11829276905928968
macro_fred,VIXCLS,F1,sgd,40,23,1,0.00010755352222065746,0.11639198453124593
macro_fred,VIXCLS,F1,sgd,41,24,1,8.638288137681586e-05,0.11643811333205084
macro_fred,VIXCLS,F1,sgd,42,24,1,8.61788237458094e-05,0.12131750832635058
macro_fred,VIXCLS,F1,sgd,43,23,1,0.000263244818656556,0.1187960544937252
macro_fred,VIXCLS,F1,sgd,44,23,1,0.00015999317004297377,0.1164172357968375
macro_fred,VIXCLS,F1,sgd,45,24,1,0.0002970757239035059,0.11648729554532643
macro_fred,VIXCLS,F1,sgd,46,24,1,0.0002170876698229887,0.11544074153938697
macro_fred,VIXCLS,F1,sgd,47,23,1,0.00014146290537262563,0.11789011802180584
macro_fred,VIXCLS,F1,sgd,48,23,1,0.00030256225578125363,0.11667297103024925
macro_fred,VIXCLS,F1,sgd,49,23,1,0.00012013057047934493,0.11566196944214233
macro_fred,VIXCLS,F1,adam,0,20,1,0.0005225865965395773,0.07656546651786712
macro_fred,VIXCLS,F1,adam,1,20,1,0.0015403763264422035,0.09801127580445826
macro_fred,VIXCLS,F1,adam,2,21,1,0.0012308234889834033,0.08586210056785772
macro_fred,VIXCLS,F1,adam,3,21,1,0.0021314402448928105,0.08736429810856237
macro_fred,VIXCLS,F1,adam,4,20,1,0.001239174491244666,0.08244318491031467
macro_fred,VIXCLS,F1,adam,5,21,1,0.0005550155413808848,0.08311336949182081
macro_fred,VIXCLS,F1,adam,6,20,1,0.00033213548354960086,0.08138947382597474
macro_fred,VIXCLS,F1,adam,7,21,1,0.0012920845129057014,0.08632872886330474
macro_fred,VIXCLS,F1,adam,8,22,1,0.004740143631459199,0.08774586156644812
macro_fred,VIXCLS,F1,adam,9,20,1,1.8060262438266234e-05,0.0820161473440669
macro_fred,VIXCLS,F1,adam,10,21,1,0.0022576244468615835,0.08980444094663509
macro_fred,VIXCLS,F1,adam,11,20,1,0.0020215900438246164,0.08913964496987326
macro_fred,VIXCLS,F1,adam,12,19,1,0.00039740595674837126,0.09160280808814304
macro_fred,VIXCLS,F1,adam,13,20,1,0.008529132714778946,0.09183002268331757
macro_fred,VIXCLS,F1,adam,14,22,1,0.00015189455664220487,0.09104040830096927
macro_fred,VIXCLS,F1,adam,15,21,1,0.002789603221105771,0.09446599618954699
macro_fred,VIXCLS,F1,adam,16,19,1,0.0024229665587620786,0.09078208600584327
macro_fred,VIXCLS,F1,adam,17,21,1,0.00023696087466313896,0.09802267548583957
macro_fred,VIXCLS,F1,adam,18,20,1,0.000181501478114905,0.09207046940839426
macro_fred,VIXCLS,F1,adam,19,20,1,0.0005421038482185665,0.09454231397180378
macro_fred,VIXCLS,F1,adam,20,20,1,0.0014968691523449,0.0770060356218896
macro_fred,VIXCLS,F1,adam,21,20,1,0.002288253343490568,0.08854754058523408
macro_fred,VIXCLS,F1,adam,22,21,1,0.00024428782173231575,0.09037527080184879
macro_fred,VIXCLS,F1,adam,23,21,1,4.1222683406786076e-05,0.0894428212079897
macro_fred,VIXCLS,F1,adam,24,20,1,0.006459192829550205,0.09138202389959037
macro_fred,VIXCLS,F1,adam,25,21,1,0.008162157095154204,0.09286413337312052
macro_fred,VIXCLS,F1,adam,26,21,1,0.0036298108179368405,0.08980764404383605
macro_fred,VIXCLS,F1,adam,27,20,1,0.00015097712878839027,0.09191742558266587
macro_fred,VIXCLS,F1,adam,28,21,1,0.00015492977090632445,0.08573600204745732
macro_fred,VIXCLS,F1,adam,29,20,1,0.0003936474231705302,0.0995795738788848
macro_fred,VIXCLS,F1,adam,30,20,1,0.000841050487841525,0.08486048542525138
macro_fred,VIXCLS,F1,adam,31,20,1,4.194341865942857e-05,0.07603692834596774
macro_fred,VIXCLS,F1,adam,32,20,1,0.011578970817114419,0.08916702570183455
macro_fred,VIXCLS,F1,adam,33,20,1,0.0011153474878098453,0.09168761907775339
macro_fred,VIXCLS,F1,adam,34,20,1,0.0003820219183900223,0.08482492816445304
macro_fred,VIXCLS,F1,adam,35,20,1,0.00022415316285557136,0.09517751806872368
macro_fred,VIXCLS,F1,adam,36,20,1,0.0007544389977932759,0.08982186466306402
macro_fred,VIXCLS,F1,adam,37,20,1,0.0071163106791077195,0.091872701085758
macro_fred,VIXCLS,F1,adam,38,19,1,0.002749336978987947,0.08935183379745705
macro_fred,VIXCLS,F1,adam,39,21,1,0.0035401235835799626,0.09606707615237743
macro_fred,VIXCLS,F1,adam,40,21,1,0.0035402569342154362,0.09455086995678863
macro_fred,VIXCLS,F1,adam,41,21,1,2.9564831577524128e-06,0.08600530005237621
macro_fred,VIXCLS,F1,adam,42,21,1,0.0001109750576128566,0.11399260751943838
macro_fred,VIXCLS,F1,adam,43,21,1,0.00037695328622497506,0.10141126516326572
macro_fred,VIXCLS,F1,adam,44,19,1,0.008303012298608614,0.09220682041153236
macro_fred,VIXCLS,F1,adam,45,20,1,0.002563625590326964,0.08983574658718138
macro_fred,VIXCLS,F1,adam,46,20,1,8.043859817059527e-06,0.08896240610875404
macro_fred,VIXCLS,F1,adam,47,22,1,1.3634583064683937e-06,0.09191444179225716
macro_fred,VIXCLS,F1,adam,48,20,1,9.911807237113412e-05,0.08840481135281522
macro_fred,VIXCLS,F1,adam,49,20,1,0.0011869336542066212,0.09200019149446138
macro_fred,VIXCLS,F2,sgd,0,27,1,6.461642642902643e-05,0.34441535256991757
macro_fred,VIXCLS,F2,sgd,1,27,1,0.00037214544900274996,0.34352900152373156
macro_fred,VIXCLS,F2,sgd,2,27,1,1.6430064267946464e-05,0.3420621134557456
macro_fred,VIXCLS,F2,sgd,3,27,1,1.1316609066224521e-05,0.34362302507999487
macro_fred,VIXCLS,F2,sgd,4,27,1,2.815700404893384e-05,0.3428831551201358
macro_fred,VIXCLS,F2,sgd,5,27,1,0.00014341887525562202,0.34131556161704146
macro_fred,VIXCLS,F2,sgd,6,27,1,0.00013832720973261994,0.3420564513326538
macro_fred,VIXCLS,F2,sgd,7,26,1,0.00012788978107257116,0.34530760623097756
macro_fred,VIXCLS,F2,sgd,8,27,1,1.6660480641744524e-05,0.34606173202798235
macro_fred,VIXCLS,F2,sgd,9,27,1,9.834908245273158e-05,0.34221565575209023
macro_fred,VIXCLS,F2,sgd,10,27,1,0.00024248832099829157,0.3467360682909181
macro_fred,VIXCLS,F2,sgd,11,27,1,0.00029415869276147637,0.3421948508882441
macro_fred,VIXCLS,F2,sgd,12,27,1,0.0005532147993748642,0.3434868071913111
macro_fred,VIXCLS,F2,sgd,13,27,1,0.00022068409800460372,0.3414059279796409
macro_fred,VIXCLS,F2,sgd,14,27,1,0.00011119957383112884,0.34330927196122046
macro_fred,VIXCLS,F2,sgd,15,27,1,3.7428579576158714e-05,0.3437692535742512
macro_fred,VIXCLS,F2,sgd,16,28,1,0.00012542587263509323,0.3462047070308752
macro_fred,VIXCLS,F2,sgd,17,27,1,1.140838829520003e-05,0.3437369217007359
macro_fred,VIXCLS,F2,sgd,18,27,1,6.173312524881102e-05,0.34257356996186955
macro_fred,VIXCLS,F2,sgd,19,27,1,1.2274910904618974e-05,0.3436624372785701
macro_fred,VIXCLS,F2,sgd,20,26,1,2.8018408999673744e-05,0.3418099642481478
macro_fred,VIXCLS,F2,sgd,21,27,1,0.0001128889950836289,0.3435663066449145
macro_fred,VIXCLS,F2,sgd,22,28,1,1.2204205264424627e-05,0.344138279679377
macro_fred,VIXCLS,F2,sgd,23,27,1,4.735162368290849e-05,0.3432343856775472
macro_fred,VIXCLS,F2,sgd,24,27,1,4.8746831992981e-05,0.3427357208146241
macro_fred,VIXCLS,F2,sgd,25,27,1,0.00010996250991784698,0.3419612511791425
macro_fred,VIXCLS,F2,sgd,26,27,1,1.2506695684857837e-05,0.34020672757744486
macro_fred,VIXCLS,F2,sgd,27,27,1,6.308271195658232e-05,0.3412295204429959
macro_fred,VIXCLS,F2,sgd,28,27,1,4.469812294978863e-05,0.3413123823647916
macro_fred,VIXCLS,F2,sgd,29,27,1,0.0001608970802228109,0.3462485228675638
macro_fred,VIXCLS,F2,sgd,30,27,1,2.2749437272061745e-05,0.3431475034716898
macro_fred,VIXCLS,F2,sgd,31,26,1,1.1281802343965155e-05,0.3409457131074521
macro_fred,VIXCLS,F2,sgd,32,27,1,1.6935308082637553e-05,0.34499706472571723
macro_fred,VIXCLS,F2,sgd,33,27,1,0.00010396824928525122,0.342665666086466
macro_fred,VIXCLS,F2,sgd,34,27,1,5.066456602482586e-05,0.3430894923680758
macro_fred,VIXCLS,F2,sgd,35,27,1,2.688939312292744e-05,0.34469295476077044
macro_fred,VIXCLS,F2,sgd,36,27,1,2.7464527163810858e-05,0.34415550311553994
macro_fred,VIXCLS,F2,sgd,37,28,1,0.0007919241144126827,0.3476789525134295
macro_fred,VIXCLS,F2,sgd,38,27,1,0.0001380232660844646,0.34461842982047125
macro_fred,VIXCLS,F2,sgd,39,28,1,0.0002766650941851893,0.34554171476246265
macro_fred,VIXCLS,F2,sgd,40,27,1,6.64288481725292e-05,0.3436661593569892
macro_fred,VIXCLS,F2,sgd,41,27,1,2.5677194910201065e-05,0.344199459546055
macro_fred,VIXCLS,F2,sgd,42,28,1,1.4764669394990147e-05,0.34972108030732935
macro_fred,VIXCLS,F2,sgd,43,27,1,0.00018745830017447996,0.3464693394154011
macro_fred,VIXCLS,F2,sgd,44,27,1,5.7982982842683604e-05,0.3436835336529449
macro_fred,VIXCLS,F2,sgd,45,27,1,0.00024916419677097214,0.34390400406617827
macro_fred,VIXCLS,F2,sgd,46,28,1,0.0001538135739641825,0.3423885575204248
macro_fred,VIXCLS,F2,sgd,47,27,1,9.38483204518563e-05,0.34553565891437005
macro_fred,VIXCLS,F2,sgd,48,27,1,0.00022660246615110178,0.3444407779581503
macro_fred,VIXCLS,F2,sgd,49,28,1,4.2253116099225885e-05,0.34277469760581225
macro_fred,VIXCLS,F2,adam,0,20,1,0.0002470207953647415,0.2892834733954242
macro_fred,VIXCLS,F2,adam,1,20,1,0.0031078069649393986,0.30766622845952996
macro_fred,VIXCLS,F2,adam,2,21,1,0.0005361180594993041,0.289797756610408
macro_fred,VIXCLS,F2,adam,3,21,1,0.004079743025171901,0.3037759807449162
macro_fred,VIXCLS,F2,adam,4,20,1,0.00012792522750722598,0.2953194649233378
macro_fred,VIXCLS,F2,adam,5,21,1,0.0009187889306048362,0.2807479327745536
macro_fred,VIXCLS,F2,adam,6,20,1,0.0008965179354338995,0.2902636914514318
macro_fred,VIXCLS,F2,adam,7,21,1,0.0004686324410883985,0.30317950794655846
macro_fred,VIXCLS,F2,adam,8,22,1,0.00216368415154001,0.30285356567448307
macro_fred,VIXCLS,F2,adam,9,20,1,3.642311150397281e-05,0.290616637280727
macro_fred,VIXCLS,F2,adam,10,21,1,0.0023593669416039622,0.3121566264423914
macro_fred,VIXCLS,F2,adam,11,20,1,0.002996937879060128,0.29907804379589187
macro_fred,VIXCLS,F2,adam,12,19,1,0.00018103006568268005,0.3126012421067118
macro_fred,VIXCLS,F2,adam,13,20,1,0.007232938743829431,0.29370392034715653
macro_fred,VIXCLS,F2,adam,14,22,1,0.0003597234954709625,0.2970682407928165
macro_fred,VIXCLS,F2,adam,15,21,1,0.001987247142652837,0.3153851958865525
macro_fred,VIXCLS,F2,adam,16,19,1,0.0015067534933943616,0.31353535405038196
macro_fred,VIXCLS,F2,adam,17,21,1,0.0001926586940022048,0.3085974452477933
macro_fred,VIXCLS,F2,adam,18,20,1,7.767890660285272e-06,0.3043249438377016
macro_fred,VIXCLS,F2,adam,19,20,1,0.000363623218845337,0.31338824000792165
macro_fred,VIXCLS,F2,adam,20,20,1,0.0011678026869180263,0.27386410958899504
macro_fred,VIXCLS,F2,adam,21,20,1,0.0016871867487316733,0.30651035521669806
macro_fred,VIXCLS,F2,adam,22,21,1,0.0004884128779252152,0.3095036462037733
macro_fred,VIXCLS,F2,adam,23,21,1,0.001226320659103194,0.2969182249477776
macro_fred,VIXCLS,F2,adam,24,20,1,0.008529755544144165,0.29927835808164427
macro_fred,VIXCLS,F2,adam,25,21,1,0.006920476025003515,0.3064613972304059
macro_fred,VIXCLS,F2,adam,26,21,1,0.00485931146349582,0.2986146472341034
macro_fred,VIXCLS,F2,adam,27,20,1,0.001474948883708759,0.29385643645202314
macro_fred,VIXCLS,F2,adam,28,21,1,0.0005262521153513834,0.29116985522203226
macro_fred,VIXCLS,F2,adam,29,20,1,3.0032255215180457e-05,0.3267529369806331
macro_fred,VIXCLS,F2,adam,30,20,1,0.0009410665583807314,0.2987342018975427
macro_fred,VIXCLS,F2,adam,31,20,1,6.626453523920862e-06,0.2737085878540799
macro_fred,VIXCLS,F2,adam,32,20,1,0.0073087630304335734,0.30291693417247234
macro_fred,VIXCLS,F2,adam,33,21,1,0.0007390769542564141,0.30449233640745993
macro_fred,VIXCLS,F2,adam,34,20,1,5.7508531187003094e-05,0.2992563508623477
macro_fred,VIXCLS,F2,adam,35,20,1,0.0008760248617062815,0.3297938608776678
macro_fred,VIXCLS,F2,adam,36,20,1,0.00033904136428228147,0.31283443520349297
macro_fred,VIXCLS,F2,adam,37,20,1,0.003971820336817984,0.3207804913867671
macro_fred,VIXCLS,F2,adam,38,19,1,0.004447184212823787,0.30278306881062167
macro_fred,VIXCLS,F2,adam,39,21,1,0.0027451674945830435,0.32287541098765427
macro_fred,VIXCLS,F2,adam,40,21,1,0.0037498444816214107,0.3093151479711905
macro_fred,VIXCLS,F2,adam,41,21,1,0.0003448021263334403,0.2934687720519104
macro_fred,VIXCLS,F2,adam,42,21,1,0.0004971884413583623,0.3460964186109933
macro_fred,VIXCLS,F2,adam,43,21,1,0.0013849188847108158,0.32443338776283104
macro_fred,VIXCLS,F2,adam,44,19,1,0.006321422604725769,0.3113870508253634
macro_fred,VIXCLS,F2,adam,45,20,1,0.004808265235337057,0.30480133806394655
macro_fred,VIXCLS,F2,adam,46,20,1,6.259014801640772e-05,0.2964027473236445
macro_fred,VIXCLS,F2,adam,47,22,1,4.032873494364641e-05,0.3213984302649607
macro_fred,VIXCLS,F2,adam,48,20,1,7.45091255858433e-05,0.30286073281800185
macro_fred,VIXCLS,F2,adam,49,20,1,0.003706933568940581,0.30063643847669785
macro_fred,VIXCLS,F4,sgd,0,23,1,0.00012305560261888094,0.0662022241881016
macro_fred,VIXCLS,F4,sgd,1,23,1,0.0004837736560685157,0.06626011718453652
macro_fred,VIXCLS,F4,sgd,2,23,1,5.568423532815392e-05,0.06530756880408
macro_fred,VIXCLS,F4,sgd,3,22,1,6.183290108396866e-05,0.06649574246960642
macro_fred,VIXCLS,F4,sgd,4,23,1,6.060701887310532e-05,0.06624649810331447
macro_fred,VIXCLS,F4,sgd,5,23,1,0.00016274593941104171,0.0654714443303236
macro_fred,VIXCLS,F4,sgd,6,23,1,0.00017594072913601418,0.06597467655385562
macro_fred,VIXCLS,F4,sgd,7,23,1,0.00019275863021040352,0.06656583855054071
macro_fred,VIXCLS,F4,sgd,8,23,1,7.141084013145413e-05,0.06715965526179571
macro_fred,VIXCLS,F4,sgd,9,24,1,0.0001692342620334533,0.06611911628849093
macro_fred,VIXCLS,F4,sgd,10,23,1,0.0003638414294493073,0.06753421654251464
macro_fred,VIXCLS,F4,sgd,11,23,1,0.00036633784884559353,0.06628126364054968
macro_fred,VIXCLS,F4,sgd,12,23,1,0.0007646545082131356,0.06645910925386052
macro_fred,VIXCLS,F4,sgd,13,23,1,0.0003828691059428193,0.06552852701756683
macro_fred,VIXCLS,F4,sgd,14,23,1,0.00014792311966169535,0.0661174792944672
macro_fred,VIXCLS,F4,sgd,15,23,1,0.00012608756861184675,0.06689248996828057
macro_fred,VIXCLS,F4,sgd,16,23,1,0.00020441082030721896,0.06753800222451417
macro_fred,VIXCLS,F4,sgd,17,23,1,5.9086047669114515e-05,0.06666767195282992
macro_fred,VIXCLS,F4,sgd,18,23,1,0.00012454420096684235,0.0660389089245461
macro_fred,VIXCLS,F4,sgd,19,23,1,6.304703160659083e-05,0.0666994346815448
macro_fred,VIXCLS,F4,sgd,20,22,1,6.163944093703264e-05,0.06487348042511512
macro_fred,VIXCLS,F4,sgd,21,24,1,0.00018829558733361826,0.06673767987029905
macro_fred,VIXCLS,F4,sgd,22,24,1,6.119642853007571e-05,0.06672927868334909
macro_fred,VIXCLS,F4,sgd,23,23,1,9.046517838039748e-05,0.06642590130458538
macro_fred,VIXCLS,F4,sgd,24,22,1,0.00011776954020383235,0.06603255486729234
macro_fred,VIXCLS,F4,sgd,25,23,1,0.0001732882351960588,0.06633729970681188
macro_fred,VIXCLS,F4,sgd,26,23,1,4.8130920334256153e-05,0.06581294334555793
macro_fred,VIXCLS,F4,sgd,27,23,1,9.863290698056727e-05,0.0654161687704476
macro_fred,VIXCLS,F4,sgd,28,22,1,6.842537603675048e-05,0.06533272682352681
macro_fred,VIXCLS,F4,sgd,29,23,1,0.00021714684918717553,0.06754461244773174
macro_fred,VIXCLS,F4,sgd,30,23,1,6.846387488143033e-05,0.06600848312933698
macro_fred,VIXCLS,F4,sgd,31,23,1,4.195025544715508e-05,0.06497946733558892
macro_fred,VIXCLS,F4,sgd,32,23,1,7.023887929030286e-05,0.06684088434150177
macro_fred,VIXCLS,F4,sgd,33,22,1,0.00017064893290705572,0.06675225639125265
macro_fred,VIXCLS,F4,sgd,34,23,1,9.878522799722998e-05,0.06613563921152317
macro_fred,VIXCLS,F4,sgd,35,22,1,8.506534222013207e-05,0.06745496406107851
macro_fred,VIXCLS,F4,sgd,36,23,1,7.753533028516327e-05,0.06662444244645027
macro_fred,VIXCLS,F4,sgd,37,23,1,0.0009040706549191443,0.06826972975152334
macro_fred,VIXCLS,F4,sgd,38,23,1,0.00023775565827206026,0.06668133067273192
macro_fred,VIXCLS,F4,sgd,39,23,1,0.0003724887834395991,0.06779900493369881
macro_fred,VIXCLS,F4,sgd,40,23,1,0.0001039141818616922,0.06667897900078323
macro_fred,VIXCLS,F4,sgd,41,23,1,8.162647477212127e-05,0.06642683856449279
macro_fred,VIXCLS,F4,sgd,42,23,1,9.37024849528394e-05,0.06952638931439532
macro_fred,VIXCLS,F4,sgd,43,23,1,0.0002660782624940221,0.06797681536136352
macro_fred,VIXCLS,F4,sgd,44,23,1,0.00016368025661770197,0.06669444957523045
macro_fred,VIXCLS,F4,sgd,45,23,1,0.0002934047907542341,0.06687507981710755
macro_fred,VIXCLS,F4,sgd,46,23,1,0.00021329245832281486,0.06617678480963635
macro_fred,VIXCLS,F4,sgd,47,23,1,0.00014114961841478027,0.06736019149315772
macro_fred,VIXCLS,F4,sgd,48,23,1,0.0003007614111183784,0.06665922372706086
macro_fred,VIXCLS,F4,sgd,49,23,1,0.00011931742002899746,0.06636799001317836
macro_fred,VIXCLS,F4,adam,0,20,1,0.0005793530825560866,0.05054813299897621
macro_fred,VIXCLS,F4,adam,1,20,1,0.001452756491909837,0.059889365596154945
macro_fred,VIXCLS,F4,adam,2,21,1,0.0012293249488815369,0.05497126820797019
macro_fred,VIXCLS,F4,adam,3,20,1,0.0019871872610765745,0.055218295698902076
macro_fred,VIXCLS,F4,adam,4,20,1,0.0014457250685961003,0.05312113903830156
macro_fred,VIXCLS,F4,adam,5,20,1,0.0005551279285098246,0.05588747529067051
macro_fred,VIXCLS,F4,adam,6,20,1,0.0003020249723127373,0.053283535530062105
macro_fred,VIXCLS,F4,adam,7,21,1,0.0013109196427774762,0.05380717212477088
macro_fred,VIXCLS,F4,adam,8,22,1,0.005024456927019598,0.05589030668323358
macro_fred,VIXCLS,F4,adam,9,20,1,3.781404924262778e-05,0.053231478004617944
macro_fred,VIXCLS,F4,adam,10,21,1,0.002211148322722057,0.055226826226810834
macro_fred,VIXCLS,F4,adam,11,20,1,0.001970237101135028,0.05600906664427089
macro_fred,VIXCLS,F4,adam,12,19,1,0.00045711382209674597,0.05712054490755249
macro_fred,VIXCLS,F4,adam,13,20,1,0.008687250406011485,0.05858454319749179
macro_fred,VIXCLS,F4,adam,14,21,1,0.00013885851028345794,0.05847167360743383
macro_fred,VIXCLS,F4,adam,15,21,1,0.0028095493946283944,0.058037147853437276
macro_fred,VIXCLS,F4,adam,16,19,1,0.002447171178421955,0.05560196075497273
macro_fred,VIXCLS,F4,adam,17,21,1,0.0002810808552291374,0.06175521701857767
macro_fred,VIXCLS,F4,adam,18,20,1,0.00023194234180103218,0.05708880004065419
macro_fred,VIXCLS,F4,adam,19,20,1,0.0005917848253297111,0.05783527753343569
macro_fred,VIXCLS,F4,adam,20,20,1,0.001477607153220846,0.0525542514772826
macro_fred,VIXCLS,F4,adam,21,20,1,0.0024159438067723814,0.053751496412772076
macro_fred,VIXCLS,F4,adam,22,21,1,0.000218199298907482,0.05571737160839248
macro_fred,VIXCLS,F4,adam,23,20,1,1.591532768175245e-05,0.05796199045978947
macro_fred,VIXCLS,F4,adam,24,20,1,0.006071026737592984,0.0570354749610746
macro_fred,VIXCLS,F4,adam,25,21,1,0.00819086497363279,0.0569390701639434
macro_fred,VIXCLS,F4,adam,26,20,1,0.00339894369977689,0.05677296916982725
macro_fred,VIXCLS,F4,adam,27,20,1,9.692914494880668e-05,0.05743909284844077
macro_fred,VIXCLS,F4,adam,28,21,1,0.00027362688819349115,0.05472426723602615
macro_fred,VIXCLS,F4,adam,29,20,1,0.0004640431355586415,0.05906856689085849
macro_fred,VIXCLS,F4,adam,30,20,1,0.0008577428515053353,0.052239276430731854
macro_fred,VIXCLS,F4,adam,31,20,1,4.380577167846695e-05,0.05217533607938749
macro_fred,VIXCLS,F4,adam,32,20,1,0.01173989447043164,0.056471005117920595
macro_fred,VIXCLS,F4,adam,33,20,1,0.0011466288640916177,0.057863444827440304
macro_fred,VIXCLS,F4,adam,34,20,1,0.00040785536151847427,0.05318688263556707
macro_fred,VIXCLS,F4,adam,35,20,1,0.00019707587031445357,0.05550459422388853
macro_fred,VIXCLS,F4,adam,36,20,1,0.0007587252555956734,0.05484312316065769
macro_fred,VIXCLS,F4,adam,37,20,1,0.007445301554138376,0.05693501030710633
macro_fred,VIXCLS,F4,adam,38,19,1,0.0026042222482288205,0.056001210775587326
macro_fred,VIXCLS,F4,adam,39,21,1,0.003506986470462271,0.05886043378736736
macro_fred,VIXCLS,F4,adam,40,21,1,0.0035362718150749456,0.05963692582576962
macro_fred,VIXCLS,F4,adam,41,21,1,2.924306965734173e-06,0.05446401877046336
macro_fred,VIXCLS,F4,adam,42,21,1,0.00012489105282992684,0.06974490032138969
macro_fred,VIXCLS,F4,adam,43,21,1,0.00030135090547800505,0.06192299646003841
macro_fred,VIXCLS,F4,adam,44,19,1,0.008512804635128842,0.055849929712179135
macro_fred,VIXCLS,F4,adam,45,20,1,0.002333008669411806,0.05790578947919899
macro_fred,VIXCLS,F4,adam,46,20,1,1.571103336912658e-05,0.05704048597533062
macro_fred,VIXCLS,F4,adam,47,22,1,4.71655463385499e-06,0.05651557566971401
macro_fred,VIXCLS,F4,adam,48,20,1,9.087440453798045e-05,0.056186061635873495
macro_fred,VIXCLS,F4,adam,49,20,1,0.001053772351673505,0.05839409399264346
nonfinancial_ett,OT,F0,sgd,0,23,1,8.710346251047028e-05,0.020244125478982734
nonfinancial_ett,OT,F0,sgd,1,24,1,0.00042694725391274153,0.020348710801568446
nonfinancial_ett,OT,F0,sgd,2,24,1,2.167330609704489e-05,0.0202217967249802
nonfinancial_ett,OT,F0,sgd,3,23,1,1.1714943412218724e-05,0.020245281837272353
nonfinancial_ett,OT,F0,sgd,4,23,1,3.27247892813879e-05,0.020249864409697376
nonfinancial_ett,OT,F0,sgd,5,24,1,0.00015457728319673837,0.02028621550785148
nonfinancial_ett,OT,F0,sgd,6,24,1,0.00014460421528301423,0.020204166927315314
nonfinancial_ett,OT,F0,sgd,7,23,1,0.00013647199401952106,0.02026811886061218
nonfinancial_ett,OT,F0,sgd,8,23,1,1.071097052362237e-05,0.020230641925337637
nonfinancial_ett,OT,F0,sgd,9,24,1,0.00013627908037110615,0.020246683598480895
nonfinancial_ett,OT,F0,sgd,10,23,1,0.00029739707253439995,0.02024204686168053
nonfinancial_ett,OT,F0,sgd,11,23,1,0.0003209008775840518,0.020220946933735308
nonfinancial_ett,OT,F0,sgd,12,24,1,0.000693419854872277,0.02036357549614777
nonfinancial_ett,OT,F0,sgd,13,24,1,0.0003288321054840237,0.020307529337245594
nonfinancial_ett,OT,F0,sgd,14,24,1,0.0001051340664166288,0.02026369072228013
nonfinancial_ett,OT,F0,sgd,15,24,1,7.31314104011631e-05,0.020305286442610787
nonfinancial_ett,OT,F0,sgd,16,24,1,0.00014096044757740302,0.020232007458504547
nonfinancial_ett,OT,F0,sgd,17,24,1,1.324949330140632e-05,0.020287676774742643
nonfinancial_ett,OT,F0,sgd,18,24,1,7.657383984926353e-05,0.02029410127219593
nonfinancial_ett,OT,F0,sgd,19,24,1,1.8144179056573924e-05,0.020283848354900474
nonfinancial_ett,OT,F0,sgd,20,23,1,5.70410186519953e-05,0.020235233285294207
nonfinancial_ett,OT,F0,sgd,21,24,1,0.00013335899221859573,0.02020415295801538
nonfinancial_ett,OT,F0,sgd,22,24,1,1.0850820088603388e-05,0.020262381727915453
nonfinancial_ett,OT,F0,sgd,23,23,1,5.9586501606333315e-05,0.02024958277736388
nonfinancial_ett,OT,F0,sgd,24,23,1,6.67040008015011e-05,0.020249297324754754
nonfinancial_ett,OT,F0,sgd,25,24,1,0.00012346585660614508,0.02024348301804608
nonfinancial_ett,OT,F0,sgd,26,24,1,1.1142219219222798e-05,0.020237925409762686
nonfinancial_ett,OT,F0,sgd,27,24,1,5.822314646475478e-05,0.020253926606977585
nonfinancial_ett,OT,F0,sgd,28,23,1,2.3062657410737915e-05,0.02023655278616067
nonfinancial_ett,OT,F0,sgd,29,24,1,0.00016208126961545188,0.020279549985160798
nonfinancial_ett,OT,F0,sgd,30,24,1,2.0340501228427634e-05,0.02025818005909522
nonfinancial_ett,OT,F0,sgd,31,23,1,3.2202654925688484e-05,0.020269461736552398
nonfinancial_ett,OT,F0,sgd,32,24,1,1.650384196606392e-05,0.02026120033118617
nonfinancial_ett,OT,F0,sgd,33,23,1,0.00013670636081506395,0.02029000930915558
nonfinancial_ett,OT,F0,sgd,34,24,1,5.617060400291967e-05,0.020271756932863805
nonfinancial_ett,OT,F0,sgd,35,23,1,2.2499844496926283e-05,0.02028845475805703
nonfinancial_ett,OT,F0,sgd,36,23,1,3.207014718718063e-05,0.020298871618632888
nonfinancial_ett,OT,F0,sgd,37,24,1,0.0008402378863596384,0.02029849532097998
nonfinancial_ett,OT,F0,sgd,38,24,1,0.00018043356052430273,0.02030163209803426
nonfinancial_ett,OT,F0,sgd,39,24,1,0.00031840795561366935,0.020277899534806527
nonfinancial_ett,OT,F0,sgd,40,24,1,6.380638159647872e-05,0.02030419897924731
nonfinancial_ett,OT,F0,sgd,41,24,1,3.2855456125111134e-05,0.02022789533745919
nonfinancial_ett,OT,F0,sgd,42,24,1,6.022349570350148e-05,0.02042120439860919
nonfinancial_ett,OT,F0,sgd,43,24,1,0.00021363279720227387,0.02028719164806405
nonfinancial_ett,OT,F0,sgd,44,24,1,0.0001063814262759628,0.020276665701548378
nonfinancial_ett,OT,F0,sgd,45,24,1,0.00025969858264634555,0.02036428431836839
nonfinancial_ett,OT,F0,sgd,46,24,1,0.00018072739155092397,0.020249786938071977
nonfinancial_ett,OT,F0,sgd,47,24,1,8.405054070698548e-05,0.0203117168324656
nonfinancial_ett,OT,F0,sgd,48,23,1,0.00025067851368248614,0.02029907171644877
nonfinancial_ett,OT,F0,sgd,49,24,1,7.123299864959833e-05,0.02029316743250105
nonfinancial_ett,OT,F0,adam,0,20,1,0.0004843125516108135,0.020253901988148755
nonfinancial_ett,OT,F0,adam,1,20,1,0.0015960406612474671,0.020599350451775487
nonfinancial_ett,OT,F0,adam,2,20,1,0.0013235917017347812,0.020289588411875357
nonfinancial_ett,OT,F0,adam,3,20,1,0.00231434504437229,0.020570658118841793
nonfinancial_ett,OT,F0,adam,4,20,1,0.0012883770636928124,0.020209387460024684
nonfinancial_ett,OT,F0,adam,5,20,1,0.0006083989287121727,0.020158759493924504
nonfinancial_ett,OT,F0,adam,6,20,1,0.0004699157638475816,0.02040897839268095
nonfinancial_ett,OT,F0,adam,7,20,1,0.001379204708025297,0.020238712542071456
nonfinancial_ett,OT,F0,adam,8,22,1,0.004552315840408509,0.02054773323584197
nonfinancial_ett,OT,F0,adam,9,20,1,2.493929708502096e-05,0.020213743723839984
nonfinancial_ett,OT,F0,adam,10,20,1,0.002291113676261866,0.020276570958340318
nonfinancial_ett,OT,F0,adam,11,20,1,0.0020778003646357486,0.020209787890985226
nonfinancial_ett,OT,F0,adam,12,19,1,0.00043440508995227465,0.02039536811052836
nonfinancial_ett,OT,F0,adam,13,20,1,0.008557876397984146,0.020975046944712188
nonfinancial_ett,OT,F0,adam,14,21,1,0.00024862300639498785,0.0206724642225067
nonfinancial_ett,OT,F0,adam,15,20,1,0.002774921115893578,0.020473608915618335
nonfinancial_ett,OT,F0,adam,16,19,1,0.0024158008932129056,0.020195558662615257
nonfinancial_ett,OT,F0,adam,17,20,1,0.0007583176162185462,0.02111324517103704
nonfinancial_ett,OT,F0,adam,18,20,1,0.00016999658422260552,0.020361964268335853
nonfinancial_ett,OT,F0,adam,19,20,1,0.0005223518582200879,0.020265924997325588
nonfinancial_ett,OT,F0,adam,20,19,1,0.0015393800288782257,0.020337520767476427
nonfinancial_ett,OT,F0,adam,21,20,1,0.0022622250867210276,0.020300513301077308
nonfinancial_ett,OT,F0,adam,22,21,1,0.0003603196165952026,0.02022178087506284
nonfinancial_ett,OT,F0,adam,23,20,1,0.00033628183203132596,0.02048308225759206
nonfinancial_ett,OT,F0,adam,24,20,1,0.0067035075810463534,0.020726718034692525
nonfinancial_ett,OT,F0,adam,25,21,1,0.008127855892256576,0.020488563420762766
nonfinancial_ett,OT,F0,adam,26,20,1,0.003812649813411478,0.020301573170468292
nonfinancial_ett,OT,F0,adam,27,19,1,0.00032126534740922714,0.020467751450354305
nonfinancial_ett,OT,F0,adam,28,20,1,0.00014044923249779235,0.02048946593970692
nonfinancial_ett,OT,F0,adam,29,20,1,0.0004895379624303027,0.020516618935407755
nonfinancial_ett,OT,F0,adam,30,20,1,0.0008383191703249127,0.020347146074897602
nonfinancial_ett,OT,F0,adam,31,20,1,0.00014356553765421993,0.02054643898214595
nonfinancial_ett,OT,F0,adam,32,20,1,0.01144863916437995,0.021106927918284783
nonfinancial_ett,OT,F0,adam,33,20,1,0.0011580635766304309,0.020651148229804996
nonfinancial_ett,OT,F0,adam,34,19,1,0.00043461835382188217,0.02021574092136807
nonfinancial_ett,OT,F0,adam,35,19,1,0.00025009308156504867,0.02032499776825761
nonfinancial_ett,OT,F0,adam,36,20,1,0.000887335038494768,0.020753772106035524
nonfinancial_ett,OT,F0,adam,37,20,1,0.00694550956389922,0.020947148378725813
nonfinancial_ett,OT,F0,adam,38,19,1,0.002924086361823406,0.020586808649275833
nonfinancial_ett,OT,F0,adam,39,20,1,0.003946821990699451,0.021257544983774836
nonfinancial_ett,OT,F0,adam,40,21,1,0.0035817429365437763,0.02028941009707807
nonfinancial_ett,OT,F0,adam,41,20,1,3.3230459371335654e-05,0.020439584763794285
nonfinancial_ett,OT,F0,adam,42,20,1,0.0001741893446550716,0.020569820780891427
nonfinancial_ett,OT,F0,adam,43,21,1,0.00046897438499993003,0.020436899233675917
nonfinancial_ett,OT,F0,adam,44,19,1,0.0082411349425476,0.02078311806056522
nonfinancial_ett,OT,F0,adam,45,20,1,0.0027467015650958363,0.02052078800083736
nonfinancial_ett,OT,F0,adam,46,20,1,0.0001756459336657367,0.020521770440286757
nonfinancial_ett,OT,F0,adam,47,21,1,2.359603045209624e-05,0.020328570215942917
nonfinancial_ett,OT,F0,adam,48,19,1,0.00016253568520702459,0.020417389657912545
nonfinancial_ett,OT,F0,adam,49,20,1,0.0012832203565352365,0.020440176229081383
nonfinancial_ett,OT,F1,sgd,0,24,1,0.00012210819112084498,0.058170013211928155
nonfinancial_ett,OT,F1,sgd,1,24,1,0.0004622185225418022,0.05808776108530514
nonfinancial_ett,OT,F1,sgd,2,24,1,5.935949982956078e-05,0.05767829626498516
nonfinancial_ett,OT,F1,sgd,3,24,1,6.13453146339787e-05,0.05823279324542258
nonfinancial_ett,OT,F1,sgd,4,24,1,6.605830903284612e-05,0.0581377898310117
nonfinancial_ett,OT,F1,sgd,5,24,1,0.00017338576548628872,0.05779381497606213
nonfinancial_ett,OT,F1,sgd,6,24,1,0.00018087736719354697,0.058011914579904615
nonfinancial_ett,OT,F1,sgd,7,24,1,0.00018875500764573802,0.058300515933739826
nonfinancial_ett,OT,F1,sgd,8,24,1,7.198258520681053e-05,0.058627541681843254
nonfinancial_ett,OT,F1,sgd,9,25,1,0.000160442204781852,0.05810471535730633
nonfinancial_ett,OT,F1,sgd,10,24,1,0.0003413018975728286,0.058820706490356714
nonfinancial_ett,OT,F1,sgd,11,24,1,0.0003572539708509043,0.05815657002639859
nonfinancial_ett,OT,F1,sgd,12,24,1,0.0007065944484583814,0.058136157867158124
nonfinancial_ett,OT,F1,sgd,13,24,1,0.0003376283681810405,0.0577478281663103
nonfinancial_ett,OT,F1,sgd,14,24,1,0.0001534415272485072,0.05808687152141776
nonfinancial_ett,OT,F1,sgd,15,24,1,0.00010943083178130014,0.05836656376428814
nonfinancial_ett,OT,F1,sgd,16,25,1,0.00019532688432041822,0.058779327061411285
nonfinancial_ett,OT,F1,sgd,17,24,1,5.9843301222960416e-05,0.05830638798382655
nonfinancial_ett,OT,F1,sgd,18,24,1,0.00011816573108564766,0.0579696961268448
nonfinancial_ett,OT,F1,sgd,19,24,1,6.231370521934631e-05,0.058297545597764136
nonfinancial_ett,OT,F1,sgd,20,24,1,6.744614405066494e-05,0.057545183824633
nonfinancial_ett,OT,F1,sgd,21,25,1,0.0001783913214253444,0.058360874808038886
nonfinancial_ett,OT,F1,sgd,22,25,1,6.137323846940337e-05,0.05833869405259265
nonfinancial_ett,OT,F1,sgd,23,24,1,9.292203850472476e-05,0.058240578986373026
nonfinancial_ett,OT,F1,sgd,24,24,1,0.00010956954329687787,0.058003143210237446
nonfinancial_ett,OT,F1,sgd,25,25,1,0.00016660755564786597,0.05813001526635676
nonfinancial_ett,OT,F1,sgd,26,24,1,4.944979671579863e-05,0.0578361192847261
nonfinancial_ett,OT,F1,sgd,27,24,1,0.00010316833606030418,0.05768857472146598
nonfinancial_ett,OT,F1,sgd,28,24,1,7.673256575816827e-05,0.05762971571539972
nonfinancial_ett,OT,F1,sgd,29,25,1,0.00021639399645139498,0.058691868741244914
nonfinancial_ett,OT,F1,sgd,30,24,1,6.995622922793562e-05,0.057998622673909254
nonfinancial_ett,OT,F1,sgd,31,24,1,4.8028193385561527e-05,0.057561781642350485
nonfinancial_ett,OT,F1,sgd,32,24,1,7.028960707120543e-05,0.058430193059572796
nonfinancial_ett,OT,F1,sgd,33,24,1,0.0001631396478616907,0.058368634388386124
nonfinancial_ett,OT,F1,sgd,34,24,1,9.909129256019186e-05,0.058068404518787614
nonfinancial_ett,OT,F1,sgd,35,24,1,8.201274481733173e-05,0.058570710789544955
nonfinancial_ett,OT,F1,sgd,36,24,1,7.753862195415059e-05,0.05825853142203818
nonfinancial_ett,OT,F1,sgd,37,25,1,0.0008866169471137941,0.059202321304849835
nonfinancial_ett,OT,F1,sgd,38,24,1,0.00021927204291143302,0.05834924325503913
nonfinancial_ett,OT,F1,sgd,39,24,1,0.0003560995184626241,0.0588341171390251
nonfinancial_ett,OT,F1,sgd,40,24,1,0.00010869341714151185,0.058295315167368536
nonfinancial_ett,OT,F1,sgd,41,25,1,8.012019078610002e-05,0.05828313647109739
nonfinancial_ett,OT,F1,sgd,42,25,1,8.568105170188898e-05,0.059696352906091606
nonfinancial_ett,OT,F1,sgd,43,24,1,0.00025803718638984564,0.05895082761317997
nonfinancial_ett,OT,F1,sgd,44,24,1,0.00014088499415598413,0.058292840388413994
nonfinancial_ett,OT,F1,sgd,45,25,1,0.000296624160413705,0.05841686450811884
nonfinancial_ett,OT,F1,sgd,46,25,1,0.0002102764324981376,0.0580996345625444
nonfinancial_ett,OT,F1,sgd,47,24,1,0.00014359441426527536,0.05859454703271417
nonfinancial_ett,OT,F1,sgd,48,24,1,0.0002941507388594811,0.05832930366445989
nonfinancial_ett,OT,F1,sgd,49,25,1,0.00010819457894584827,0.058153559397230874
nonfinancial_ett,OT,F1,adam,0,20,1,0.0004119152906010228,0.04836459644736027
nonfinancial_ett,OT,F1,adam,1,20,1,0.0019098483272419738,0.053714420963386494
nonfinancial_ett,OT,F1,adam,2,21,1,0.001144284816096096,0.05064419654673192
nonfinancial_ett,OT,F1,adam,3,20,1,0.002678433741552729,0.05111411739873117
nonfinancial_ett,OT,F1,adam,4,20,1,0.000743996800011835,0.05047777351385901
nonfinancial_ett,OT,F1,adam,5,20,1,0.0006462097737436355,0.05169712466204833
nonfinancial_ett,OT,F1,adam,6,20,1,0.0005546060977895282,0.05001750356651815
nonfinancial_ett,OT,F1,adam,7,21,1,0.0011824455190779855,0.05052152334562179
nonfinancial_ett,OT,F1,adam,8,22,1,0.0038435024939956104,0.0514492805967177
nonfinancial_ett,OT,F1,adam,9,20,1,1.612793196988936e-05,0.050404311703349594
nonfinancial_ett,OT,F1,adam,10,21,1,0.0024028167511010766,0.051192845611225724
nonfinancial_ett,OT,F1,adam,11,20,1,0.0022377031147808716,0.05211634003371313
nonfinancial_ett,OT,F1,adam,12,19,1,0.00026023287204547646,0.052404280351047765
nonfinancial_ett,OT,F1,adam,13,20,1,0.008097959271708035,0.052904158741647195
nonfinancial_ett,OT,F1,adam,14,21,1,0.0002056114848574781,0.05224022546644662
nonfinancial_ett,OT,F1,adam,15,21,1,0.00266389385683029,0.05300768936393136
nonfinancial_ett,OT,F1,adam,16,19,1,0.002251840667790837,0.05157617583195544
nonfinancial_ett,OT,F1,adam,17,21,1,0.00018848228869549228,0.054182373930767774
nonfinancial_ett,OT,F1,adam,18,20,1,5.757079118363527e-05,0.05233978086800744
nonfinancial_ett,OT,F1,adam,19,20,1,0.0004214142509854796,0.053039922827318904
nonfinancial_ett,OT,F1,adam,20,20,1,0.001491382627655548,0.048641363196062624
nonfinancial_ett,OT,F1,adam,21,20,1,0.0019653199760645583,0.05065495649223137
nonfinancial_ett,OT,F1,adam,22,21,1,0.0003533751126611247,0.051955960191417024
nonfinancial_ett,OT,F1,adam,23,21,1,0.0003053524531614392,0.052657236564072826
nonfinancial_ett,OT,F1,adam,24,20,1,0.007589871165249845,0.05181685366111324
nonfinancial_ett,OT,F1,adam,25,21,1,0.007951028634027432,0.052810121019549565
nonfinancial_ett,OT,F1,adam,26,20,1,0.0043257684322472595,0.052466973002919526
nonfinancial_ett,OT,F1,adam,27,20,1,0.0004466967128038547,0.05186079752387622
nonfinancial_ett,OT,F1,adam,28,21,1,1.6589863753248788e-06,0.04989644099236912
nonfinancial_ett,OT,F1,adam,29,20,1,0.0002272342424099641,0.05230138487562452
nonfinancial_ett,OT,F1,adam,30,20,1,0.0008524217163477948,0.049501887880947434
nonfinancial_ett,OT,F1,adam,31,20,1,4.3475424111080076e-05,0.04834331406463592
nonfinancial_ett,OT,F1,adam,32,20,1,0.010732750454545522,0.05175254152572857
nonfinancial_ett,OT,F1,adam,33,20,1,0.0009944804040139582,0.053219639944722105
nonfinancial_ett,OT,F1,adam,34,20,1,0.00029564823383130146,0.0499624555633561
nonfinancial_ett,OT,F1,adam,35,20,1,0.00035777200598520394,0.051552340853164666
nonfinancial_ett,OT,F1,adam,36,20,1,0.0006878901691136901,0.05022705192559213
nonfinancial_ett,OT,F1,adam,37,20,1,0.006045218754244748,0.05271296744006588
nonfinancial_ett,OT,F1,adam,38,19,1,0.0032783226685899735,0.05177119140499182
nonfinancial_ett,OT,F1,adam,39,21,1,0.003564661476812531,0.05303003440402056
nonfinancial_ett,OT,F1,adam,40,21,1,0.003588161110119026,0.053900395841067816
nonfinancial_ett,OT,F1,adam,41,21,1,4.040842086260271e-05,0.050462642866846645
nonfinancial_ett,OT,F1,adam,42,21,1,0.00022101925422424678,0.059382180515604926
nonfinancial_ett,OT,F1,adam,43,21,1,0.0007098927644288258,0.05478663123180823
nonfinancial_ett,OT,F1,adam,44,19,1,0.007644986098306377,0.05219455828729304
nonfinancial_ett,OT,F1,adam,45,20,1,0.0033901127462819037,0.053187665753734736
nonfinancial_ett,OT,F1,adam,46,20,1,2.2748074851485062e-06,0.05214376878222214
nonfinancial_ett,OT,F1,adam,47,22,1,3.602713318962685e-06,0.051853820011071736
nonfinancial_ett,OT,F1,adam,48,20,1,0.00012327918896250502,0.052041495221198525
nonfinancial_ett,OT,F1,adam,49,20,1,0.0017298953097864196,0.052694224438337496
nonfinancial_ett,OT,F2,sgd,0,25,1,6.239559612703805e-05,0.07484754170488205
nonfinancial_ett,OT,F2,sgd,1,26,1,0.00038725023596271335,0.07470017337873576
nonfinancial_ett,OT,F2,sgd,2,25,1,1.0398622928564248e-05,0.07443181416300496
nonfinancial_ett,OT,F2,sgd,3,25,1,5.042755038467186e-06,0.07473440866239697
nonfinancial_ett,OT,F2,sgd,4,25,1,1.7340261959505296e-05,0.07462653084887305
nonfinancial_ett,OT,F2,sgd,5,25,1,0.00013259129044063199,0.07438523885372578
nonfinancial_ett,OT,F2,sgd,6,25,1,0.00013238529501394684,0.07451974946555852
nonfinancial_ett,OT,F2,sgd,7,25,1,0.00012464839998638187,0.07498569550507789
nonfinancial_ett,OT,F2,sgd,8,26,1,9.43350839335997e-06,0.07515570661310962
nonfinancial_ett,OT,F2,sgd,9,26,1,0.0001016781522683146,0.07455622001673876
nonfinancial_ett,OT,F2,sgd,10,25,1,0.0002565192071988672,0.07528678686890287
nonfinancial_ett,OT,F2,sgd,11,26,1,0.0002978509405981847,0.0745628513530637
nonfinancial_ett,OT,F2,sgd,12,26,1,0.0005992847113034013,0.07466930214235147
nonfinancial_ett,OT,F2,sgd,13,26,1,0.0002512263007896145,0.07435705594208367
nonfinancial_ett,OT,F2,sgd,14,25,1,0.00010274873289700041,0.07468859387518093
nonfinancial_ett,OT,F2,sgd,15,25,1,4.040539245570581e-05,0.07475543633919306
nonfinancial_ett,OT,F2,sgd,16,26,1,0.00012465317243934241,0.0751898644390958
nonfinancial_ett,OT,F2,sgd,17,26,1,4.351613458161664e-06,0.07476589012461532
nonfinancial_ett,OT,F2,sgd,18,26,1,6.026462177968066e-05,0.07453484578351054
nonfinancial_ett,OT,F2,sgd,19,26,1,5.7536793106999865e-06,0.07474130009668899
nonfinancial_ett,OT,F2,sgd,20,25,1,2.1887520962610777e-05,0.07441057446032856
nonfinancial_ett,OT,F2,sgd,21,26,1,0.0001148365308179494,0.07476862263156217
nonfinancial_ett,OT,F2,sgd,22,26,1,4.362745891519596e-06,0.0748198220968796
nonfinancial_ett,OT,F2,sgd,23,26,1,4.021089498909158e-05,0.07471744087223771
nonfinancial_ett,OT,F2,sgd,24,25,1,4.95535638440704e-05,0.07458102890287739
nonfinancial_ett,OT,F2,sgd,25,26,1,0.00010985026666421714,0.0745067386427387
nonfinancial_ett,OT,F2,sgd,26,26,1,4.363232897126116e-06,0.07418845777553587
nonfinancial_ett,OT,F2,sgd,27,26,1,5.691359730925669e-05,0.07433201021354416
nonfinancial_ett,OT,F2,sgd,28,25,1,3.3392914532100536e-05,0.07431434559543423
nonfinancial_ett,OT,F2,sgd,29,26,1,0.00015220383371653454,0.07515366070548284
nonfinancial_ett,OT,F2,sgd,30,25,1,1.649617982839052e-05,0.07464163808363798
nonfinancial_ett,OT,F2,sgd,31,25,1,4.358943270009011e-06,0.0742941016354269
nonfinancial_ett,OT,F2,sgd,32,25,1,1.0414853911102368e-05,0.07496886345169966
nonfinancial_ett,OT,F2,sgd,33,25,1,0.00010437935727194536,0.07464482713662719
nonfinancial_ett,OT,F2,sgd,34,26,1,4.4945577453715864e-05,0.07463531772058135
nonfinancial_ett,OT,F2,sgd,35,26,1,1.939949870241756e-05,0.07488878276182004
nonfinancial_ett,OT,F2,sgd,36,25,1,1.9961968541368544e-05,0.07478948451569316
nonfinancial_ett,OT,F2,sgd,37,26,1,0.0008032254124378601,0.0754989564954314
nonfinancial_ett,OT,F2,sgd,38,25,1,0.00014570950291500838,0.07489599214310538
nonfinancial_ett,OT,F2,sgd,39,26,1,0.0002810589154153051,0.07510309428177693
nonfinancial_ett,OT,F2,sgd,40,26,1,5.612914894935778e-05,0.07474485528419844
nonfinancial_ett,OT,F2,sgd,41,26,1,2.1893403032859692e-05,0.07486122709623948
nonfinancial_ett,OT,F2,sgd,42,26,1,6.486175298186659e-06,0.07579506967548405
nonfinancial_ett,OT,F2,sgd,43,25,1,0.00018661400013651795,0.07525383967905157
nonfinancial_ett,OT,F2,sgd,44,26,1,6.687470369662999e-05,0.07473610402137863
nonfinancial_ett,OT,F2,sgd,45,26,1,0.00024183576429861984,0.07481064512506226
nonfinancial_ett,OT,F2,sgd,46,26,1,0.00015430880631609202,0.07457498608612893
nonfinancial_ett,OT,F2,sgd,47,26,1,8.33876004520208e-05,0.0750253567959378
nonfinancial_ett,OT,F2,sgd,48,26,1,0.00022870635935536476,0.07487076558555325
nonfinancial_ett,OT,F2,sgd,49,26,1,4.531149044980315e-05,0.07461702112436593
nonfinancial_ett,OT,F2,adam,0,20,1,0.0002880073410084775,0.06788798598019109
nonfinancial_ett,OT,F2,adam,1,20,1,0.0024630713750025666,0.07012802789936362
nonfinancial_ett,OT,F2,adam,2,21,1,0.0008844688810663191,0.0670231249440531
nonfinancial_ett,OT,F2,adam,3,21,1,0.0033814547848776437,0.07035584172113302
nonfinancial_ett,OT,F2,adam,4,20,1,0.00033210178524087364,0.06888916858772864
nonfinancial_ett,OT,F2,adam,5,21,1,0.0007969096391656552,0.0664664199239781
nonfinancial_ett,OT,F2,adam,6,20,1,0.0007857782953077713,0.06783989811918407
nonfinancial_ett,OT,F2,adam,7,21,1,0.0008803235376247292,0.07002994362163964
nonfinancial_ett,OT,F2,adam,8,22,1,0.0029551075727965986,0.0708371386690261
nonfinancial_ett,OT,F2,adam,9,20,1,1.0416036117977256e-05,0.06792256755126362
nonfinancial_ett,OT,F2,adam,10,21,1,0.0024685701995687645,0.07187621625584728
nonfinancial_ett,OT,F2,adam,11,20,1,0.00256119405516916,0.06915671361840382
nonfinancial_ett,OT,F2,adam,12,19,1,0.00018385451141481504,0.07177408172192887
nonfinancial_ett,OT,F2,adam,13,20,1,0.00764168450163457,0.06813079140435623
nonfinancial_ett,OT,F2,adam,14,22,1,0.00026916364451599656,0.06858159363099425
nonfinancial_ett,OT,F2,adam,15,21,1,0.002399071119988033,0.07191886029660875
nonfinancial_ett,OT,F2,adam,16,19,1,0.0019208877590492107,0.0722639441265596
nonfinancial_ett,OT,F2,adam,17,21,1,0.00016037557503606332,0.0706406654274293
nonfinancial_ett,OT,F2,adam,18,20,1,2.112044356041003e-06,0.06967116949312513
nonfinancial_ett,OT,F2,adam,19,20,1,0.0003668814769675215,0.0714198183833193
nonfinancial_ett,OT,F2,adam,20,20,1,0.0013602965674247816,0.06422306154662698
nonfinancial_ett,OT,F2,adam,21,20,1,0.001764813234042946,0.0704091886099006
nonfinancial_ett,OT,F2,adam,22,21,1,0.00046831665414293576,0.07121997446385434
nonfinancial_ett,OT,F2,adam,23,21,1,0.0007764985408401667,0.06914934137745746
nonfinancial_ett,OT,F2,adam,24,20,1,0.008409176142483415,0.06888953271914122
nonfinancial_ett,OT,F2,adam,25,21,1,0.007541278132824342,0.0706455556235287
nonfinancial_ett,OT,F2,adam,26,21,1,0.00481223860423447,0.06946036434749456
nonfinancial_ett,OT,F2,adam,27,20,1,0.0009340655673790614,0.06724563327673455
nonfinancial_ett,OT,F2,adam,28,21,1,0.00017453439650913033,0.06721603550694477
nonfinancial_ett,OT,F2,adam,29,20,1,8.80384961882234e-05,0.07343179712274923
nonfinancial_ett,OT,F2,adam,30,20,1,0.0009128496240479617,0.06843788004787364
nonfinancial_ett,OT,F2,adam,31,20,1,1.082340484515078e-05,0.06464652343739723
nonfinancial_ett,OT,F2,adam,32,20,1,0.009297868025984637,0.07022664180781603
nonfinancial_ett,OT,F2,adam,33,21,1,0.0008551797495512342,0.07011114531816952
nonfinancial_ett,OT,F2,adam,34,20,1,0.00017173134065638797,0.06896388257165974
nonfinancial_ett,OT,F2,adam,35,20,1,0.000610107959632742,0.07460142868681793
nonfinancial_ett,OT,F2,adam,36,20,1,0.0005314235885200997,0.07091344514273652
nonfinancial_ett,OT,F2,adam,37,20,1,0.0049586576716255226,0.07393062147495551
nonfinancial_ett,OT,F2,adam,38,19,1,0.003906490890577112,0.07011649260514362
nonfinancial_ett,OT,F2,adam,39,21,1,0.003342013756436973,0.07334625036238848
nonfinancial_ett,OT,F2,adam,40,21,1,0.0036762688314898994,0.0714372232579809
nonfinancial_ett,OT,F2,adam,41,21,1,0.00014702553224060048,0.06802888167367559
nonfinancial_ett,OT,F2,adam,42,21,1,0.00031916346693051825,0.07848480180968548
nonfinancial_ett,OT,F2,adam,43,21,1,0.0010907639414462942,0.07379323024399555
nonfinancial_ett,OT,F2,adam,44,19,1,0.006960973482409963,0.07139965699669101
nonfinancial_ett,OT,F2,adam,45,20,1,0.004262721376602993,0.07095748171120596
nonfinancial_ett,OT,F2,adam,46,20,1,1.612081221504183e-05,0.06829874488360098
nonfinancial_ett,OT,F2,adam,47,22,1,1.6809942528655768e-05,0.07337195054534443
nonfinancial_ett,OT,F2,adam,48,20,1,0.00011042462922463335,0.0703850149132231
nonfinancial_ett,OT,F2,adam,49,20,1,0.0025802953078434433,0.0695140773167902
nonfinancial_ett,OT,F4,sgd,0,24,1,0.00010025681887915898,0.04666904363215067
nonfinancial_ett,OT,F4,sgd,1,24,1,0.0004468931486965439,0.046709844062478134
nonfinancial_ett,OT,F4,sgd,2,24,1,3.9475425351980076e-05,0.0464842800288591
nonfinancial_ett,OT,F4,sgd,3,24,1,4.540023377502686e-05,0.04680180764130343
nonfinancial_ett,OT,F4,sgd,4,24,1,5.100346195073356e-05,0.04683201882722006
nonfinancial_ett,OT,F4,sgd,5,24,1,0.00015948771925768177,0.0467382612529815
nonfinancial_ett,OT,F4,sgd,6,24,1,0.00016635508219558725,0.04680811679454921
nonfinancial_ett,OT,F4,sgd,7,24,1,0.0001691358613738465,0.046677953644363494
nonfinancial_ett,OT,F4,sgd,8,24,1,5.3236418966835905e-05,0.046874947650596833
nonfinancial_ett,OT,F4,sgd,9,25,1,0.00014479832165504073,0.046921634110800345
nonfinancial_ett,OT,F4,sgd,10,24,1,0.00032204508149898353,0.04701505019182038
nonfinancial_ett,OT,F4,sgd,11,24,1,0.00034380031337053894,0.04695011329082096
nonfinancial_ett,OT,F4,sgd,12,24,1,0.0006905824395685888,0.04671724890383851
nonfinancial_ett,OT,F4,sgd,13,24,1,0.00032273669974173966,0.04663716031702385
nonfinancial_ett,OT,F4,sgd,14,25,1,0.00013569634329377406,0.04674696099785873
nonfinancial_ett,OT,F4,sgd,15,24,1,9.842252285460769e-05,0.046912703320225395
nonfinancial_ett,OT,F4,sgd,16,25,1,0.00017893879470899673,0.046998850534738845
nonfinancial_ett,OT,F4,sgd,17,24,1,4.708985115101686e-05,0.04690153793822127
nonfinancial_ett,OT,F4,sgd,18,25,1,0.00010316358324309422,0.046699788937126126
nonfinancial_ett,OT,F4,sgd,19,24,1,4.968238862587736e-05,0.046891160455278566
nonfinancial_ett,OT,F4,sgd,20,24,1,4.428975146010092e-05,0.04645065188244833
nonfinancial_ett,OT,F4,sgd,21,25,1,0.00016417075706125114,0.04692064061398646
nonfinancial_ett,OT,F4,sgd,22,25,1,4.6659268799795534e-05,0.04684885677933909
nonfinancial_ett,OT,F4,sgd,23,24,1,7.951367869421638e-05,0.04689890054524278
nonfinancial_ett,OT,F4,sgd,24,24,1,9.46574955086708e-05,0.04669471823037156
nonfinancial_ett,OT,F4,sgd,25,25,1,0.0001552938637571779,0.046920283940099984
nonfinancial_ett,OT,F4,sgd,26,25,1,3.989373511914205e-05,0.0468358897333903
nonfinancial_ett,OT,F4,sgd,27,24,1,8.889733103491823e-05,0.04658793568942278
nonfinancial_ett,OT,F4,sgd,28,24,1,5.9928996453974705e-05,0.04647717623114227
nonfinancial_ett,OT,F4,sgd,29,25,1,0.00020290476058265405,0.04689352331125323
nonfinancial_ett,OT,F4,sgd,30,24,1,5.276663261307647e-05,0.04666023690019986
nonfinancial_ett,OT,F4,sgd,31,24,1,2.911790434077494e-05,0.04652358484850876
nonfinancial_ett,OT,F4,sgd,32,24,1,5.396450833929861e-05,0.04684288603556523
nonfinancial_ett,OT,F4,sgd,33,24,1,0.00015328171997577638,0.04713440530219797
nonfinancial_ett,OT,F4,sgd,34,24,1,8.243954955377484e-05,0.04672776701368436
nonfinancial_ett,OT,F4,sgd,35,24,1,7.387553817301438e-05,0.04692812856974256
nonfinancial_ett,OT,F4,sgd,36,24,1,6.051695834672836e-05,0.04675395426693288
nonfinancial_ett,OT,F4,sgd,37,25,1,0.0008690861222318098,0.047311515771530775
nonfinancial_ett,OT,F4,sgd,38,24,1,0.00020257391854196252,0.04683358688560012
nonfinancial_ett,OT,F4,sgd,39,24,1,0.00034709827516234143,0.04715425304839286
nonfinancial_ett,OT,F4,sgd,40,24,1,9.606588541136121e-05,0.0468834096513258
nonfinancial_ett,OT,F4,sgd,41,25,1,6.170628528866577e-05,0.046806540734730416
nonfinancial_ett,OT,F4,sgd,42,25,1,8.144278874794276e-05,0.04754684045508456
nonfinancial_ett,OT,F4,sgd,43,24,1,0.0002474086038538035,0.04717362557445448
nonfinancial_ett,OT,F4,sgd,44,24,1,0.00012815041465747524,0.046849704362056314
nonfinancial_ett,OT,F4,sgd,45,25,1,0.00028537936413662455,0.047015565824129135
nonfinancial_ett,OT,F4,sgd,46,25,1,0.00019700701687455917,0.046888626429866534
nonfinancial_ett,OT,F4,sgd,47,24,1,0.00013060096353742357,0.046912183241543566
nonfinancial_ett,OT,F4,sgd,48,24,1,0.0002782880493310636,0.04680787492741924
nonfinancial_ett,OT,F4,sgd,49,25,1,9.606827909872837e-05,0.04684860558551456
nonfinancial_ett,OT,F4,adam,0,20,1,0.00042354643110343297,0.043867379900682485
nonfinancial_ett,OT,F4,adam,1,20,1,0.0019251171686004793,0.04482086306241649
nonfinancial_ett,OT,F4,adam,2,20,1,0.0011458067124670804,0.04473833707813496
nonfinancial_ett,OT,F4,adam,3,20,1,0.0026994400147449154,0.044955050527503135
nonfinancial_ett,OT,F4,adam,4,20,1,0.0007937625248899244,0.04469470486092256
nonfinancial_ett,OT,F4,adam,5,20,1,0.0006627799206651321,0.04519873824767935
nonfinancial_ett,OT,F4,adam,6,20,1,0.0006065273498594937,0.04440860730556841
nonfinancial_ett,OT,F4,adam,7,20,1,0.0012025484350861638,0.0444922086941264
nonfinancial_ett,OT,F4,adam,8,22,1,0.003791174471858027,0.044887542492483716
nonfinancial_ett,OT,F4,adam,9,20,1,3.6963038876366466e-05,0.04455901081772243
nonfinancial_ett,OT,F4,adam,10,21,1,0.0024157910223980106,0.04471919941400973
nonfinancial_ett,OT,F4,adam,11,20,1,0.002254346058708143,0.044813217681104967
nonfinancial_ett,OT,F4,adam,12,19,1,0.00026114753902710245,0.044806432842987014
nonfinancial_ett,OT,F4,adam,13,20,1,0.008107607499700315,0.04483425177594982
nonfinancial_ett,OT,F4,adam,14,21,1,0.00022093143101405434,0.04537866540731913
nonfinancial_ett,OT,F4,adam,15,21,1,0.0026538075574823014,0.04473345571513886
nonfinancial_ett,OT,F4,adam,16,19,1,0.0022465510305805475,0.044729284227281854
nonfinancial_ett,OT,F4,adam,17,21,1,0.0002460141600093385,0.045576506308023554
nonfinancial_ett,OT,F4,adam,18,20,1,5.343207084113771e-05,0.044744856552757235
nonfinancial_ett,OT,F4,adam,19,20,1,0.00041453941721869255,0.04481924277528149
nonfinancial_ett,OT,F4,adam,20,20,1,0.0014826319219980483,0.04498368165635958
nonfinancial_ett,OT,F4,adam,21,20,1,0.0019651775400467,0.04441804221421595
nonfinancial_ett,OT,F4,adam,22,21,1,0.00036537591887074504,0.044634509723603034
nonfinancial_ett,OT,F4,adam,23,20,1,0.0003381811327563583,0.04507580861751469
nonfinancial_ett,OT,F4,adam,24,20,1,0.007631735530264456,0.04430881534161735
nonfinancial_ett,OT,F4,adam,25,21,1,0.007930209463315394,0.04542534661068362
nonfinancial_ett,OT,F4,adam,26,20,1,0.004363471182131158,0.04512464891134613
nonfinancial_ett,OT,F4,adam,27,20,1,0.0004705759053627236,0.04462779561798467
nonfinancial_ett,OT,F4,adam,28,20,1,4.13720804019493e-06,0.044423905686883015
nonfinancial_ett,OT,F4,adam,29,20,1,0.0002534794290650029,0.044930359222077394
nonfinancial_ett,OT,F4,adam,30,20,1,0.0008753976468346134,0.04385980047396317
nonfinancial_ett,OT,F4,adam,31,20,1,3.574670431967643e-05,0.04481955381641095
nonfinancial_ett,OT,F4,adam,32,20,1,0.01067417200829459,0.04439157322792751
nonfinancial_ett,OT,F4,adam,33,20,1,0.0009869326756156206,0.045065511155737786
nonfinancial_ett,OT,F4,adam,34,20,1,0.00030411232417136054,0.04437808903295639
nonfinancial_ett,OT,F4,adam,35,19,1,0.0003630327114927257,0.044025493887233653
nonfinancial_ett,OT,F4,adam,36,20,1,0.0006933427862271433,0.04452459144028384
nonfinancial_ett,OT,F4,adam,37,20,1,0.005999181364683157,0.04589237437902316
nonfinancial_ett,OT,F4,adam,38,19,1,0.003302685412851478,0.044258147056805267
nonfinancial_ett,OT,F4,adam,39,21,1,0.0035739286717748585,0.04503085280239856
nonfinancial_ett,OT,F4,adam,40,21,1,0.0036017091714949843,0.04585138894220974
nonfinancial_ett,OT,F4,adam,41,21,1,4.333942416301612e-05,0.04427380283587379
nonfinancial_ett,OT,F4,adam,42,20,1,0.00027779532171402646,0.04717754646881476
nonfinancial_ett,OT,F4,adam,43,21,1,0.0007375388637921265,0.04525930273777642
nonfinancial_ett,OT,F4,adam,44,19,1,0.007621216431950424,0.04418064816893383
nonfinancial_ett,OT,F4,adam,45,20,1,0.003436618985428135,0.045091103519619494
nonfinancial_ett,OT,F4,adam,46,20,1,1.1581342279257508e-05,0.04510183110066295
nonfinancial_ett,OT,F4,adam,47,22,1,5.075645115734362e-06,0.04477084268617855
nonfinancial_ett,OT,F4,adam,48,20,1,0.00012732009288696726,0.04468914709273522
nonfinancial_ett,OT,F4,adam,49,20,1,0.0017570699211723313,0.044902252687457116
nonfinancial_ett,HUFL,F0,sgd,0,163,1,1.6557078062983148e-05,0.964924190081742
nonfinancial_ett,HUFL,F0,sgd,1,162,1,0.0001504513581170937,0.9624303499133835
nonfinancial_ett,HUFL,F0,sgd,2,158,1,5.845334977943747e-05,0.96714180988041
nonfinancial_ett,HUFL,F0,sgd,3,155,1,9.420637820735766e-05,0.9626673288958466
nonfinancial_ett,HUFL,F0,sgd,4,162,1,0.00013232758199149526,0.9627549081057329
nonfinancial_ett,HUFL,F0,sgd,5,165,1,0.00016183585993016452,0.9626416223684486
nonfinancial_ett,HUFL,F0,sgd,6,163,1,0.00011828421684580396,0.9674197888323051
nonfinancial_ett,HUFL,F0,sgd,7,157,1,0.00011331413468571476,0.9638528563126119
nonfinancial_ett,HUFL,F0,sgd,8,157,1,0.00010695291863691411,0.9663768600512072
nonfinancial_ett,HUFL,F0,sgd,9,166,1,1.7997443524242222e-05,0.9656079015979877
nonfinancial_ett,HUFL,F0,sgd,10,157,1,3.406648277024326e-05,0.964691396470708
nonfinancial_ett,HUFL,F0,sgd,11,159,1,8.695409788609304e-05,0.9661407523521393
nonfinancial_ett,HUFL,F0,sgd,12,156,1,7.508351625522703e-05,0.9647549433123394
nonfinancial_ett,HUFL,F0,sgd,13,159,1,4.798851852544722e-05,0.9646474059729586
nonfinancial_ett,HUFL,F0,sgd,14,158,1,0.00019486551247457093,0.9636901663817398
nonfinancial_ett,HUFL,F0,sgd,15,164,1,6.261702482911557e-05,0.9651732388978179
nonfinancial_ett,HUFL,F0,sgd,16,157,1,4.439622909634994e-05,0.9658768813542111
nonfinancial_ett,HUFL,F0,sgd,17,159,1,0.00024769656241342307,0.9648704423228351
nonfinancial_ett,HUFL,F0,sgd,18,158,1,4.26951226955598e-05,0.962456963800613
nonfinancial_ett,HUFL,F0,sgd,19,163,1,2.887727502986878e-05,0.9657471941708038
nonfinancial_ett,HUFL,F0,sgd,20,154,1,4.6923950556400124e-05,0.9664934060861041
nonfinancial_ett,HUFL,F0,sgd,21,161,1,0.0001253142050965203,0.9667261566917269
nonfinancial_ett,HUFL,F0,sgd,22,163,1,5.255657245182348e-05,0.964989172566933
nonfinancial_ett,HUFL,F0,sgd,23,158,1,0.00033427556491010473,0.964890834808037
nonfinancial_ett,HUFL,F0,sgd,24,160,1,5.0728122683247675e-05,0.9653205293319332
nonfinancial_ett,HUFL,F0,sgd,25,158,1,5.3965999521318505e-05,0.9642394669586405
nonfinancial_ett,HUFL,F0,sgd,26,161,1,1.6171579992206228e-05,0.9652047985244747
nonfinancial_ett,HUFL,F0,sgd,27,159,1,0.00012282009336829573,0.9631045997664575
nonfinancial_ett,HUFL,F0,sgd,28,157,1,7.672785321338449e-05,0.9639209502270801
nonfinancial_ett,HUFL,F0,sgd,29,161,1,0.0003017249298535268,0.9675403929965904
nonfinancial_ett,HUFL,F0,sgd,30,166,1,2.006003883949599e-05,0.9650452564274903
nonfinancial_ett,HUFL,F0,sgd,31,162,1,8.67628589018741e-05,0.965295472125768
nonfinancial_ett,HUFL,F0,sgd,32,166,1,7.148601122288308e-05,0.9652647825500916
nonfinancial_ett,HUFL,F0,sgd,33,158,1,0.00015324063947035822,0.9640007811142868
nonfinancial_ett,HUFL,F0,sgd,34,160,1,5.478300499325621e-05,0.9646036015759796
nonfinancial_ett,HUFL,F0,sgd,35,164,1,2.6592872642026912e-05,0.9642876212147312
nonfinancial_ett,HUFL,F0,sgd,36,156,1,0.0001225892254016967,0.9650193457434024
nonfinancial_ett,HUFL,F0,sgd,37,165,1,0.00042016641338725084,0.9660918175856535
nonfinancial_ett,HUFL,F0,sgd,38,161,1,5.949727302044052e-05,0.9646919730847772
nonfinancial_ett,HUFL,F0,sgd,39,163,1,0.0005234522676668813,0.9642106519720669
nonfinancial_ett,HUFL,F0,sgd,40,161,1,4.715911993483536e-05,0.9630767195624694
nonfinancial_ett,HUFL,F0,sgd,41,162,1,1.1223547613964656e-05,0.9640392179114757
nonfinancial_ett,HUFL,F0,sgd,42,158,1,9.199159572620274e-05,0.9624601368491218
nonfinancial_ett,HUFL,F0,sgd,43,157,1,0.0001415379024483597,0.9649221446104449
nonfinancial_ett,HUFL,F0,sgd,44,162,1,5.0572017499350455e-05,0.9669122486656829
nonfinancial_ett,HUFL,F0,sgd,45,165,1,9.449277377747934e-05,0.9619305859892815
nonfinancial_ett,HUFL,F0,sgd,46,170,1,0.0002842475917350325,0.9642531906201673
nonfinancial_ett,HUFL,F0,sgd,47,161,1,5.2543165687074366e-05,0.9626205968971091
nonfinancial_ett,HUFL,F0,sgd,48,161,1,9.162863812990041e-05,0.964687672529925
nonfinancial_ett,HUFL,F0,sgd,49,157,1,6.988071222023651e-05,0.965614134803159
nonfinancial_ett,HUFL,F0,adam,0,74,1,0.00026548697997338613,0.9653432948484917
nonfinancial_ett,HUFL,F0,adam,1,66,1,0.003451321609567292,0.954864076067424
nonfinancial_ett,HUFL,F0,adam,2,70,1,0.00048260522756276073,0.9631523433410109
nonfinancial_ett,HUFL,F0,adam,3,74,1,0.0005989211387909257,0.964926126243044
nonfinancial_ett,HUFL,F0,adam,4,72,1,0.0008408915198858624,0.9704215234896483
nonfinancial_ett,HUFL,F0,adam,5,73,1,0.002533159307099609,0.9586865879458507
nonfinancial_ett,HUFL,F0,adam,6,73,1,0.003042918068469892,0.9775277848566071
nonfinancial_ett,HUFL,F0,adam,7,69,1,0.0011529854493915503,0.9611262014443744
nonfinancial_ett,HUFL,F0,adam,8,73,1,0.000454554948813911,0.9646922355049946
nonfinancial_ett,HUFL,F0,adam,9,66,1,0.003099228863983258,0.9803011711024985
nonfinancial_ett,HUFL,F0,adam,10,73,1,0.00498639120041353,0.9741326135321666
nonfinancial_ett,HUFL,F0,adam,11,79,1,0.0008568038498353504,0.968497470515944
nonfinancial_ett,HUFL,F0,adam,12,66,1,0.0012419615063064748,0.959684241136471
nonfinancial_ett,HUFL,F0,adam,13,67,1,0.00252437237868868,0.9641579408748789
nonfinancial_ett,HUFL,F0,adam,14,70,1,0.0033310699583440407,0.9694710435701458
nonfinancial_ett,HUFL,F0,adam,15,69,1,0.0026166701620714927,0.9649571539986228
nonfinancial_ett,HUFL,F0,adam,16,67,1,0.005154525969829087,0.9673263326025422
nonfinancial_ett,HUFL,F0,adam,17,74,1,0.00046966440233233553,0.9690346506914762
nonfinancial_ett,HUFL,F0,adam,18,66,1,0.0003528390281330799,0.9588463719273497
nonfinancial_ett,HUFL,F0,adam,19,67,1,0.00012981452528426591,0.9628726340548867
nonfinancial_ett,HUFL,F0,adam,20,70,1,0.0015686379495733673,0.9700302204786826
nonfinancial_ett,HUFL,F0,adam,21,73,1,0.0022636344400223172,0.9753084489169622
nonfinancial_ett,HUFL,F0,adam,22,68,1,0.00024141944840728837,0.9642227354939858
nonfinancial_ett,HUFL,F0,adam,23,72,1,0.001728466346791945,0.9668647879219873
nonfinancial_ett,HUFL,F0,adam,24,77,1,0.0020053778663284513,0.9598364650729695
nonfinancial_ett,HUFL,F0,adam,25,68,1,0.0006997173112420147,0.964615055225618
nonfinancial_ett,HUFL,F0,adam,26,68,1,0.0008494513452540885,0.9674275812319587
nonfinancial_ett,HUFL,F0,adam,27,67,1,0.000884586303958869,0.9636865632433829
nonfinancial_ett,HUFL,F0,adam,28,65,1,0.0007992899258257377,0.9679024862140588
nonfinancial_ett,HUFL,F0,adam,29,69,1,0.0012803526672364356,0.9706874864332707
nonfinancial_ett,HUFL,F0,adam,30,72,1,0.002332881681544123,0.9778502906046486
nonfinancial_ett,HUFL,F0,adam,31,66,1,0.0008013605451479403,0.9603026986552109
nonfinancial_ett,HUFL,F0,adam,32,77,1,0.0006848888238138294,0.9755823397122907
nonfinancial_ett,HUFL,F0,adam,33,81,1,0.0018709299805951794,0.9691106059335137
nonfinancial_ett,HUFL,F0,adam,34,68,1,0.0025890466028705475,0.9647644881986167
nonfinancial_ett,HUFL,F0,adam,35,66,1,0.00245054104766954,0.9564217832188765
nonfinancial_ett,HUFL,F0,adam,36,72,1,0.0016301109460467918,0.962007376779717
nonfinancial_ett,HUFL,F0,adam,37,67,1,0.0030669178679511907,0.9703063789757794
nonfinancial_ett,HUFL,F0,adam,38,69,1,0.0017232250905146972,0.9663283623513219
nonfinancial_ett,HUFL,F0,adam,39,69,1,0.0017268422174932815,0.9627176777649545
nonfinancial_ett,HUFL,F0,adam,40,73,1,5.06363861899815e-05,0.9657954147117971
nonfinancial_ett,HUFL,F0,adam,41,74,1,0.0007757609796263953,0.9597858184463671
nonfinancial_ett,HUFL,F0,adam,42,77,1,0.0019063835980556245,0.963613897042978
nonfinancial_ett,HUFL,F0,adam,43,73,1,0.0010071108100388696,0.9682676991020606
nonfinancial_ett,HUFL,F0,adam,44,67,1,0.0011694357284807598,0.9714940834056959
nonfinancial_ett,HUFL,F0,adam,45,68,1,0.005268472169836317,0.9589252177983971
nonfinancial_ett,HUFL,F0,adam,46,77,1,0.006821563757806258,0.9668150852655613
nonfinancial_ett,HUFL,F0,adam,47,71,1,0.004268424679063612,0.9569195818576522
nonfinancial_ett,HUFL,F0,adam,48,71,1,0.0042677630181201685,0.9748174362061685
nonfinancial_ett,HUFL,F0,adam,49,71,1,0.0012563781144114313,0.959556293974432
nonfinancial_ett,HUFL,F1,sgd,0,118,1,7.052905921590146e-05,1.3643436446512598
nonfinancial_ett,HUFL,F1,sgd,1,117,1,0.00012731557504421932,1.360464522985865
nonfinancial_ett,HUFL,F1,sgd,2,117,1,6.422656943522799e-05,1.3652050179421422
nonfinancial_ett,HUFL,F1,sgd,3,109,1,0.00010355373054661077,1.360286157809428
nonfinancial_ett,HUFL,F1,sgd,4,120,1,0.00015845442612621004,1.3680651060862261
nonfinancial_ett,HUFL,F1,sgd,5,113,1,0.0001994206834261118,1.3744746302523838
nonfinancial_ett,HUFL,F1,sgd,6,114,1,0.00012241923260176353,1.3665968446083445
nonfinancial_ett,HUFL,F1,sgd,7,116,1,0.00011898687517705016,1.3580789615001423
nonfinancial_ett,HUFL,F1,sgd,8,114,1,9.2993829210372e-05,1.3601606725753443
nonfinancial_ett,HUFL,F1,sgd,9,113,1,8.457868131064079e-05,1.3696386351725365
nonfinancial_ett,HUFL,F1,sgd,10,112,1,7.362626953347578e-05,1.3570422326019262
nonfinancial_ett,HUFL,F1,sgd,11,114,1,0.00012433016111973398,1.3670954427061386
nonfinancial_ett,HUFL,F1,sgd,12,117,1,9.010530804941086e-05,1.3602051349333895
nonfinancial_ett,HUFL,F1,sgd,13,115,1,9.031029195107686e-05,1.3668749808063623
nonfinancial_ett,HUFL,F1,sgd,14,111,1,0.00011118531786358649,1.3624024760805096
nonfinancial_ett,HUFL,F1,sgd,15,111,1,0.00010203450367836122,1.3617750595894795
nonfinancial_ett,HUFL,F1,sgd,16,114,1,0.00010373851769522197,1.3584221959457468
nonfinancial_ett,HUFL,F1,sgd,17,114,1,8.675383208542549e-05,1.3625302887968724
nonfinancial_ett,HUFL,F1,sgd,18,113,1,0.00010630842410752189,1.3616598407531528
nonfinancial_ett,HUFL,F1,sgd,19,111,1,7.809566471568723e-05,1.362055399241819
nonfinancial_ett,HUFL,F1,sgd,20,108,1,7.509997871771041e-05,1.3687894926587398
nonfinancial_ett,HUFL,F1,sgd,21,115,1,9.138270681954671e-05,1.3619614448623898
nonfinancial_ett,HUFL,F1,sgd,22,115,1,8.828207582195105e-05,1.3614185646451682
nonfinancial_ett,HUFL,F1,sgd,23,116,1,0.0001517071430882568,1.3686133529075948
nonfinancial_ett,HUFL,F1,sgd,24,112,1,7.627992838760966e-05,1.3631749554325086
nonfinancial_ett,HUFL,F1,sgd,25,111,1,9.686634464735401e-05,1.3636876743309947
nonfinancial_ett,HUFL,F1,sgd,26,115,1,8.598633917584609e-05,1.367964164382576
nonfinancial_ett,HUFL,F1,sgd,27,116,1,8.718975041749114e-05,1.364103201974367
nonfinancial_ett,HUFL,F1,sgd,28,116,1,8.874753819142355e-05,1.3586776702035268
nonfinancial_ett,HUFL,F1,sgd,29,113,1,0.00015748301585278188,1.3475635140303974
nonfinancial_ett,HUFL,F1,sgd,30,116,1,6.865567820093438e-05,1.3595365251249467
nonfinancial_ett,HUFL,F1,sgd,31,108,1,9.527056184286081e-05,1.3683386432365954
nonfinancial_ett,HUFL,F1,sgd,32,115,1,8.450060415251372e-05,1.3605638648498075
nonfinancial_ett,HUFL,F1,sgd,33,114,1,0.00012411407149215701,1.3715364341584528
nonfinancial_ett,HUFL,F1,sgd,34,110,1,8.223186137691494e-05,1.3625765357219748
nonfinancial_ett,HUFL,F1,sgd,35,109,1,8.435425405204847e-05,1.35081543850314
nonfinancial_ett,HUFL,F1,sgd,36,113,1,7.086204308121042e-05,1.3546830965758596
nonfinancial_ett,HUFL,F1,sgd,37,113,1,0.0003711064567566308,1.361494009528775
nonfinancial_ett,HUFL,F1,sgd,38,120,1,9.495757753106527e-05,1.3630430100532247
nonfinancial_ett,HUFL,F1,sgd,39,116,1,0.00016118302085436643,1.3570236285977726
nonfinancial_ett,HUFL,F1,sgd,40,111,1,0.00010783057646987358,1.3635156510533841
nonfinancial_ett,HUFL,F1,sgd,41,109,1,7.469030467286951e-05,1.3640307306040538
nonfinancial_ett,HUFL,F1,sgd,42,114,1,0.00011520978621505404,1.360591220730584
nonfinancial_ett,HUFL,F1,sgd,43,115,1,0.00011408814797256611,1.357878524964302
nonfinancial_ett,HUFL,F1,sgd,44,115,1,0.00010827535872421929,1.3627782726612474
nonfinancial_ett,HUFL,F1,sgd,45,113,1,0.000157777462301061,1.3679233252655918
nonfinancial_ett,HUFL,F1,sgd,46,113,1,8.536443966782891e-05,1.3664077670310524
nonfinancial_ett,HUFL,F1,sgd,47,112,1,0.00011237291225770918,1.355230295369705
nonfinancial_ett,HUFL,F1,sgd,48,119,1,0.00011329486158774,1.3633079859697317
nonfinancial_ett,HUFL,F1,sgd,49,115,1,0.000148810333464818,1.36496121549462
nonfinancial_ett,HUFL,F1,adam,0,20,1,0.00032595177673668896,1.3199198438594955
nonfinancial_ett,HUFL,F1,adam,1,20,1,0.0011522237964082336,1.25205007439161
nonfinancial_ett,HUFL,F1,adam,2,21,1,0.00047911426203641914,1.304411891015504
nonfinancial_ett,HUFL,F1,adam,3,20,1,1.5750093279729952e-05,1.2823277809118154
nonfinancial_ett,HUFL,F1,adam,4,20,1,0.00013405186757324493,1.3679773599577967
nonfinancial_ett,HUFL,F1,adam,5,21,1,0.0007566286714849929,1.3296738492680231
nonfinancial_ett,HUFL,F1,adam,6,20,1,0.0016176248757568098,1.3376154412722132
nonfinancial_ett,HUFL,F1,adam,7,20,1,0.0002156876442865572,1.3146627886312299
nonfinancial_ett,HUFL,F1,adam,8,22,1,0.00010957625785192518,1.2664765813749446
nonfinancial_ett,HUFL,F1,adam,9,20,1,0.0019321839925135482,1.3450162523054827
nonfinancial_ett,HUFL,F1,adam,10,20,1,0.0015812631676008083,1.2847781871300927
nonfinancial_ett,HUFL,F1,adam,11,20,1,6.044413369671252e-05,1.3123534278251772
nonfinancial_ett,HUFL,F1,adam,12,20,1,0.0010801298385865095,1.2850596528309235
nonfinancial_ett,HUFL,F1,adam,13,20,1,0.0012699489348379051,1.2735490740474886
nonfinancial_ett,HUFL,F1,adam,14,22,1,0.001592290784464503,1.27101405482876
nonfinancial_ett,HUFL,F1,adam,15,21,1,0.0006015650785328877,1.3002728143095887
nonfinancial_ett,HUFL,F1,adam,16,20,1,0.0009041715983038151,1.309860724596887
nonfinancial_ett,HUFL,F1,adam,17,21,1,0.0003817512470484571,1.2316712754533234
nonfinancial_ett,HUFL,F1,adam,18,21,1,0.000292462531854319,1.29206874842268
nonfinancial_ett,HUFL,F1,adam,19,20,1,8.620163648834129e-06,1.3079866183049869
nonfinancial_ett,HUFL,F1,adam,20,20,1,7.873921389751151e-05,1.3191966939546473
nonfinancial_ett,HUFL,F1,adam,21,20,1,5.4760146198488344e-05,1.3129039546670869
nonfinancial_ett,HUFL,F1,adam,22,21,1,0.00011479631890399208,1.3123008413380617
nonfinancial_ett,HUFL,F1,adam,23,20,1,0.0004525462821528611,1.3260170367804225
nonfinancial_ett,HUFL,F1,adam,24,20,1,0.0006000718057724311,1.2737466005789133
nonfinancial_ett,HUFL,F1,adam,25,21,1,0.0002494373407679472,1.293138158880532
nonfinancial_ett,HUFL,F1,adam,26,21,1,3.996462668054356e-05,1.2943448980205607
nonfinancial_ett,HUFL,F1,adam,27,20,1,0.0006077991012792243,1.2792954307241344
nonfinancial_ett,HUFL,F1,adam,28,20,1,0.00021856503312324803,1.251064788315204
nonfinancial_ett,HUFL,F1,adam,29,21,1,0.000298118622390521,1.223497295128556
nonfinancial_ett,HUFL,F1,adam,30,20,1,0.0012329735237870153,1.298708979635099
nonfinancial_ett,HUFL,F1,adam,31,20,1,7.418685856498835e-05,1.273052498332625
nonfinancial_ett,HUFL,F1,adam,32,20,1,0.0003155421881982881,1.2697726968774765
nonfinancial_ett,HUFL,F1,adam,33,20,1,0.0010568352489656232,1.3362041254948331
nonfinancial_ett,HUFL,F1,adam,34,20,1,0.00046572038133262886,1.3017307274391763
nonfinancial_ett,HUFL,F1,adam,35,19,1,0.00042246327269730954,1.2660709205060126
nonfinancial_ett,HUFL,F1,adam,36,20,1,0.0004109062460948567,1.290798658938329
nonfinancial_ett,HUFL,F1,adam,37,20,1,0.0019979830600495747,1.331382963977267
nonfinancial_ett,HUFL,F1,adam,38,19,1,1.379721184375934e-05,1.2904941659556652
nonfinancial_ett,HUFL,F1,adam,39,21,1,0.0003430718671281592,1.2893114296169568
nonfinancial_ett,HUFL,F1,adam,40,21,1,1.9509608625205724e-05,1.30400497490445
nonfinancial_ett,HUFL,F1,adam,41,21,1,3.6349444387642685e-05,1.298257857784948
nonfinancial_ett,HUFL,F1,adam,42,21,1,0.00010184391598462152,1.291590334183575
nonfinancial_ett,HUFL,F1,adam,43,21,1,0.001026364682945798,1.277508096052031
nonfinancial_ett,HUFL,F1,adam,44,20,1,0.00015582350333801176,1.3165718918864315
nonfinancial_ett,HUFL,F1,adam,45,21,1,2.971066982299399e-05,1.3150110558501087
nonfinancial_ett,HUFL,F1,adam,46,21,1,0.001064318017110682,1.3323031187711714
nonfinancial_ett,HUFL,F1,adam,47,22,1,0.0009180997886718432,1.2862448136278775
nonfinancial_ett,HUFL,F1,adam,48,19,1,0.0014969950490964269,1.2898527607405406
nonfinancial_ett,HUFL,F1,adam,49,20,1,0.0005438339634799378,1.276064463486105
nonfinancial_ett,HUFL,F2,sgd,0,148,1,6.574728575510508e-06,1.3561720949716933
nonfinancial_ett,HUFL,F2,sgd,1,136,1,3.5950306142348715e-05,1.35706300279984
nonfinancial_ett,HUFL,F2,sgd,2,140,1,7.872186782840534e-06,1.3565653987242037
nonfinancial_ett,HUFL,F2,sgd,3,136,1,3.205422896905186e-05,1.3568881937782358
nonfinancial_ett,HUFL,F2,sgd,4,141,1,7.747691256577334e-05,1.359218461957205
nonfinancial_ett,HUFL,F2,sgd,5,141,1,9.68730369460156e-05,1.3613661612595718
nonfinancial_ett,HUFL,F2,sgd,6,138,1,3.389680046951208e-05,1.3589246118899923
nonfinancial_ett,HUFL,F2,sgd,7,142,1,3.5419576099550674e-05,1.3541842106400215
nonfinancial_ett,HUFL,F2,sgd,8,136,1,1.426091231616617e-05,1.3549909335209247
nonfinancial_ett,HUFL,F2,sgd,9,137,1,7.46427843736095e-06,1.360559732254963
nonfinancial_ett,HUFL,F2,sgd,10,131,1,6.99680363489031e-06,1.3543069778823087
nonfinancial_ett,HUFL,F2,sgd,11,137,1,2.9368679996359514e-05,1.3598152636908638
nonfinancial_ett,HUFL,F2,sgd,12,140,1,1.0236088307466653e-05,1.3570513078966964
nonfinancial_ett,HUFL,F2,sgd,13,139,1,6.207691036858393e-06,1.3595267100964132
nonfinancial_ett,HUFL,F2,sgd,14,134,1,3.0919527543297864e-05,1.356506210123048
nonfinancial_ett,HUFL,F2,sgd,15,137,1,2.2389136577223877e-05,1.358175538084148
nonfinancial_ett,HUFL,F2,sgd,16,135,1,2.510926387271096e-05,1.3551183977216188
nonfinancial_ett,HUFL,F2,sgd,17,140,1,7.776347392411275e-06,1.3578714069640414
nonfinancial_ett,HUFL,F2,sgd,18,138,1,3.4470154165744644e-05,1.3574568069337218
nonfinancial_ett,HUFL,F2,sgd,19,139,1,3.6806017639300135e-06,1.3577786435866988
nonfinancial_ett,HUFL,F2,sgd,20,131,1,2.0731201088388618e-05,1.35705905400245
nonfinancial_ett,HUFL,F2,sgd,21,134,1,1.4365925500202746e-05,1.3579726667427876
nonfinancial_ett,HUFL,F2,sgd,22,138,1,1.0322896686460708e-05,1.3567883284167772
nonfinancial_ett,HUFL,F2,sgd,23,137,1,5.427130937092513e-05,1.3589036195803725
nonfinancial_ett,HUFL,F2,sgd,24,134,1,4.000140831135414e-06,1.3578681444774807
nonfinancial_ett,HUFL,F2,sgd,25,131,1,1.4625217404663455e-05,1.359834244730211
nonfinancial_ett,HUFL,F2,sgd,26,136,1,3.2912420924631747e-06,1.362022074369454
nonfinancial_ett,HUFL,F2,sgd,27,137,1,1.2246152925219198e-05,1.3586277617463536
nonfinancial_ett,HUFL,F2,sgd,28,137,1,1.6210047749916884e-05,1.356595035263204
nonfinancial_ett,HUFL,F2,sgd,29,136,1,8.007716347354682e-05,1.3523097152683998
nonfinancial_ett,HUFL,F2,sgd,30,134,1,3.851380724513143e-06,1.3565146358597329
nonfinancial_ett,HUFL,F2,sgd,31,133,1,2.854422127775971e-05,1.3590039035521793
nonfinancial_ett,HUFL,F2,sgd,32,142,1,4.514238787598425e-06,1.3559156168184687
nonfinancial_ett,HUFL,F2,sgd,33,138,1,3.322534560162487e-05,1.3619679656179822
nonfinancial_ett,HUFL,F2,sgd,34,133,1,1.183121546248577e-05,1.357894686172527
nonfinancial_ett,HUFL,F2,sgd,35,133,1,6.910859736084897e-06,1.3553680618639605
nonfinancial_ett,HUFL,F2,sgd,36,136,1,1.5875564845669477e-05,1.355088286523065
nonfinancial_ett,HUFL,F2,sgd,37,134,1,0.00025224718240583944,1.355574989250813
nonfinancial_ett,HUFL,F2,sgd,38,147,1,1.54186471070812e-05,1.3572211913997785
nonfinancial_ett,HUFL,F2,sgd,39,138,1,5.584493981662608e-05,1.356153416746102
nonfinancial_ett,HUFL,F2,sgd,40,139,1,2.0702110744312825e-05,1.3580352545971912
nonfinancial_ett,HUFL,F2,sgd,41,134,1,3.978427735802631e-06,1.3571231337996839
nonfinancial_ett,HUFL,F2,sgd,42,138,1,5.6475777913110495e-06,1.3560789759612901
nonfinancial_ett,HUFL,F2,sgd,43,136,1,1.7927955646798836e-05,1.3555332088783236
nonfinancial_ett,HUFL,F2,sgd,44,139,1,3.075660521088074e-05,1.358038317021473
nonfinancial_ett,HUFL,F2,sgd,45,136,1,4.64196818441569e-05,1.3600661893141377
nonfinancial_ett,HUFL,F2,sgd,46,141,1,3.9065520292013435e-06,1.3590113469015843
nonfinancial_ett,HUFL,F2,sgd,47,136,1,3.134677011581245e-05,1.355183828382976
nonfinancial_ett,HUFL,F2,sgd,48,138,1,2.371342825290142e-05,1.357229080321168
nonfinancial_ett,HUFL,F2,sgd,49,137,1,6.994046021017678e-05,1.3594860831344662
nonfinancial_ett,HUFL,F2,adam,0,20,1,0.0004274177899272987,1.3663417359474632
nonfinancial_ett,HUFL,F2,adam,1,21,1,0.0009643001602348335,1.3514253225019381
nonfinancial_ett,HUFL,F2,adam,2,21,1,0.0003984906681302513,1.3583355046081231
nonfinancial_ett,HUFL,F2,adam,3,21,1,1.614281792908901e-06,1.35054953788272
nonfinancial_ett,HUFL,F2,adam,4,21,1,4.227497159617533e-05,1.3774831903279434
nonfinancial_ett,HUFL,F2,adam,5,21,1,0.0008139419679215645,1.411683185995665
nonfinancial_ett,HUFL,F2,adam,6,21,1,0.0010204421599994747,1.3793830979033084
nonfinancial_ett,HUFL,F2,adam,7,21,1,1.563694325707117e-06,1.3501516684674757
nonfinancial_ett,HUFL,F2,adam,8,22,1,0.0002547363711276072,1.3512267618272793
nonfinancial_ett,HUFL,F2,adam,9,21,1,0.000662874225768164,1.3885838238219248
nonfinancial_ett,HUFL,F2,adam,10,21,1,0.0007169765395630659,1.3355146237103461
nonfinancial_ett,HUFL,F2,adam,11,20,1,1.6437461637710112e-06,1.3668801802801218
nonfinancial_ett,HUFL,F2,adam,12,20,1,0.0009499695954612661,1.3539784067880463
nonfinancial_ett,HUFL,F2,adam,13,20,1,0.000516108196365416,1.3730047295702337
nonfinancial_ett,HUFL,F2,adam,14,22,1,0.0010626530179653633,1.360814411794447
nonfinancial_ett,HUFL,F2,adam,15,21,1,0.0005202886158049884,1.3502441539264427
nonfinancial_ett,HUFL,F2,adam,16,20,1,0.0002980730776472923,1.338984534369701
nonfinancial_ett,HUFL,F2,adam,17,21,1,0.0002702027958152525,1.3571576323910752
nonfinancial_ett,HUFL,F2,adam,18,21,1,4.628440690901326e-07,1.354981099527458
nonfinancial_ett,HUFL,F2,adam,19,20,1,4.004071669044985e-05,1.3553307721584
nonfinancial_ett,HUFL,F2,adam,20,20,1,2.298075661322808e-05,1.3767792741886045
nonfinancial_ett,HUFL,F2,adam,21,21,1,2.6462155536412913e-06,1.3433778839667545
nonfinancial_ett,HUFL,F2,adam,22,21,1,9.251399427277521e-05,1.3546080612651836
nonfinancial_ett,HUFL,F2,adam,23,21,1,0.0006671151470300582,1.3854994981395323
nonfinancial_ett,HUFL,F2,adam,24,20,1,0.00010052958046710914,1.3525924936306228
nonfinancial_ett,HUFL,F2,adam,25,21,1,0.0002663615182532155,1.355468247741955
nonfinancial_ett,HUFL,F2,adam,26,21,1,1.6314168248060002e-05,1.369347298520169
nonfinancial_ett,HUFL,F2,adam,27,20,1,0.0008128818156727765,1.3554694719955178
nonfinancial_ett,HUFL,F2,adam,28,20,1,0.0002013772954496316,1.3404215089788316
nonfinancial_ett,HUFL,F2,adam,29,21,1,0.0001839481394344364,1.2948060400639394
nonfinancial_ett,HUFL,F2,adam,30,20,1,0.0006716195682107646,1.3468540058210514
nonfinancial_ett,HUFL,F2,adam,31,20,1,0.00010933266235906555,1.3823701656877456
nonfinancial_ett,HUFL,F2,adam,32,20,1,0.0001006395364142179,1.3553905156428911
nonfinancial_ett,HUFL,F2,adam,33,21,1,0.00098595119834036,1.3823621672314508
nonfinancial_ett,HUFL,F2,adam,34,20,1,0.0001350121393910597,1.3507103709873725
nonfinancial_ett,HUFL,F2,adam,35,20,1,0.00030225463323437906,1.3088174513241713
nonfinancial_ett,HUFL,F2,adam,36,21,1,7.489802617556242e-05,1.3208792699754877
nonfinancial_ett,HUFL,F2,adam,37,21,1,0.002552996321117476,1.352651452754097
nonfinancial_ett,HUFL,F2,adam,38,19,1,4.726279803018465e-05,1.3653437192486304
nonfinancial_ett,HUFL,F2,adam,39,21,1,0.0001870649743055128,1.335546911848108
nonfinancial_ett,HUFL,F2,adam,40,21,1,0.00013097829729010065,1.3649165804775725
nonfinancial_ett,HUFL,F2,adam,41,21,1,2.3906906185556353e-06,1.3581739949420397
nonfinancial_ett,HUFL,F2,adam,42,21,1,0.0001899650390646086,1.3547565672585125
nonfinancial_ett,HUFL,F2,adam,43,21,1,0.0008981855247426379,1.3448265211110992
nonfinancial_ett,HUFL,F2,adam,44,20,1,0.00012576648231222662,1.3504917436138624
nonfinancial_ett,HUFL,F2,adam,45,21,1,0.0002872356630851008,1.3897145960937172
nonfinancial_ett,HUFL,F2,adam,46,21,1,0.0009749737024285907,1.3721689344356591
nonfinancial_ett,HUFL,F2,adam,47,22,1,0.0003977522013367661,1.3370141221272713
nonfinancial_ett,HUFL,F2,adam,48,20,1,0.0011823550155179463,1.3668587115480741
nonfinancial_ett,HUFL,F2,adam,49,20,1,0.00042985563354622165,1.37084170916339
nonfinancial_ett,HUFL,F4,sgd,0,465,1,6.042374294559006e-05,1.34730029627526
nonfinancial_ett,HUFL,F4,sgd,1,469,1,6.473327994398408e-05,1.335575538302097
nonfinancial_ett,HUFL,F4,sgd,2,448,1,4.652330718334068e-05,1.34396267241227
nonfinancial_ett,HUFL,F4,sgd,3,456,1,4.9333113425288886e-05,1.3411184749511351
nonfinancial_ett,HUFL,F4,sgd,4,465,1,0.00013174040623648717,1.345208279588071
nonfinancial_ett,HUFL,F4,sgd,5,479,1,0.0001428661990078649,1.3454654177751193
nonfinancial_ett,HUFL,F4,sgd,6,475,1,7.841377493443668e-05,1.3496409773463458
nonfinancial_ett,HUFL,F4,sgd,7,455,1,5.998145428425408e-05,1.3438821270796555
nonfinancial_ett,HUFL,F4,sgd,8,444,1,2.8794331029443412e-05,1.3432939428306847
nonfinancial_ett,HUFL,F4,sgd,9,470,1,4.788061690856394e-05,1.3475560887408622
nonfinancial_ett,HUFL,F4,sgd,10,453,1,4.0429046232202205e-05,1.3413278901608348
nonfinancial_ett,HUFL,F4,sgd,11,492,1,5.100953028109516e-05,1.3446348339484575
nonfinancial_ett,HUFL,F4,sgd,12,469,1,3.805370062011905e-05,1.3407746209679694
nonfinancial_ett,HUFL,F4,sgd,13,470,1,3.813013939464879e-05,1.3398418780998451
nonfinancial_ett,HUFL,F4,sgd,14,428,1,5.179284033598767e-05,1.3417227501541136
nonfinancial_ett,HUFL,F4,sgd,15,471,1,5.466149175504445e-05,1.3410089443717494
nonfinancial_ett,HUFL,F4,sgd,16,495,1,4.951683791480483e-05,1.3434246607162337
nonfinancial_ett,HUFL,F4,sgd,17,454,1,4.060261254788025e-05,1.3379645781341694
nonfinancial_ett,HUFL,F4,sgd,18,466,1,5.5499946621375164e-05,1.3391446568490253
nonfinancial_ett,HUFL,F4,sgd,19,459,1,3.242922916012183e-05,1.3414554388800137
nonfinancial_ett,HUFL,F4,sgd,20,474,1,8.289868536537412e-05,1.349594941150668
nonfinancial_ett,HUFL,F4,sgd,21,503,1,5.6510398492888616e-05,1.3453711776645516
nonfinancial_ett,HUFL,F4,sgd,22,454,1,3.1920705359906056e-05,1.3440082485466787
nonfinancial_ett,HUFL,F4,sgd,23,458,1,0.00010426673910892881,1.3475003569436759
nonfinancial_ett,HUFL,F4,sgd,24,478,1,3.5890448971226974e-05,1.3390696666685047
nonfinancial_ett,HUFL,F4,sgd,25,461,1,3.1559974737994564e-05,1.3433876881280622
nonfinancial_ett,HUFL,F4,sgd,26,475,1,2.9147464630639248e-05,1.3428213561461584
nonfinancial_ett,HUFL,F4,sgd,27,486,1,3.40686349284922e-05,1.340415975871886
nonfinancial_ett,HUFL,F4,sgd,28,432,1,2.8494997351615034e-05,1.3397397316927933
nonfinancial_ett,HUFL,F4,sgd,29,466,1,0.00012871434969859296,1.336721236666483
nonfinancial_ett,HUFL,F4,sgd,30,474,1,2.3783435134772102e-05,1.3433943030865028
nonfinancial_ett,HUFL,F4,sgd,31,497,1,6.233883736039498e-05,1.3487988382256055
nonfinancial_ett,HUFL,F4,sgd,32,486,1,2.507147702473524e-05,1.340734252806323
nonfinancial_ett,HUFL,F4,sgd,33,465,1,7.370289928799964e-05,1.3436280010832677
nonfinancial_ett,HUFL,F4,sgd,34,471,1,4.2514565721670884e-05,1.3429083685037708
nonfinancial_ett,HUFL,F4,sgd,35,497,1,2.641901694234456e-05,1.3388294903053568
nonfinancial_ett,HUFL,F4,sgd,36,461,1,4.2506434778493985e-05,1.3418198153655558
nonfinancial_ett,HUFL,F4,sgd,37,483,1,0.00027112726909255046,1.3486494655318573
nonfinancial_ett,HUFL,F4,sgd,38,474,1,3.893459350451997e-05,1.3404795982483941
nonfinancial_ett,HUFL,F4,sgd,39,465,1,0.00010203946398979399,1.3417497178848985
nonfinancial_ett,HUFL,F4,sgd,40,458,1,4.648448611328324e-05,1.3414631219601794
nonfinancial_ett,HUFL,F4,sgd,41,473,1,2.5168559951179215e-05,1.3431352988865366
nonfinancial_ett,HUFL,F4,sgd,42,468,1,9.282185744926237e-05,1.3364647549028887
nonfinancial_ett,HUFL,F4,sgd,43,443,1,5.867400279895992e-05,1.3390371847856808
nonfinancial_ett,HUFL,F4,sgd,44,470,1,6.092334547601618e-05,1.343277867695433
nonfinancial_ett,HUFL,F4,sgd,45,482,1,7.249033971152485e-05,1.3420179426471195
nonfinancial_ett,HUFL,F4,sgd,46,475,1,4.801824377675639e-05,1.3431590482004152
nonfinancial_ett,HUFL,F4,sgd,47,431,1,4.8930355760025566e-05,1.3408893888693836
nonfinancial_ett,HUFL,F4,sgd,48,487,1,4.4950650309656434e-05,1.341303409477692
nonfinancial_ett,HUFL,F4,sgd,49,480,1,9.736867400712407e-05,1.3439535485326901
nonfinancial_ett,HUFL,F4,adam,0,86,1,0.0004804958032066532,1.3408753650781524
nonfinancial_ett,HUFL,F4,adam,1,78,1,0.0009380403994144798,1.3256652197631194
nonfinancial_ett,HUFL,F4,adam,2,75,1,0.0006680849129760361,1.343145472044491
nonfinancial_ett,HUFL,F4,adam,3,82,1,0.00022600356862166281,1.3397006385041481
nonfinancial_ett,HUFL,F4,adam,4,77,1,4.598588602116085e-05,1.3457585624241408
nonfinancial_ett,HUFL,F4,adam,5,80,1,0.0007759059176633244,1.3425014555681478
nonfinancial_ett,HUFL,F4,adam,6,78,1,0.0011469479208566172,1.3566110864530305
nonfinancial_ett,HUFL,F4,adam,7,75,1,5.7760494586952884e-05,1.349892458491748
nonfinancial_ett,HUFL,F4,adam,8,83,1,0.0006737869186258356,1.3235739995173452
nonfinancial_ett,HUFL,F4,adam,9,75,1,0.00041075986873353147,1.3427202885654248
nonfinancial_ett,HUFL,F4,adam,10,77,1,0.0007644614439059521,1.3419819019217074
nonfinancial_ett,HUFL,F4,adam,11,81,1,3.243691474716407e-05,1.342128357135598
nonfinancial_ett,HUFL,F4,adam,12,78,1,0.0009460190712280985,1.324922974867537
nonfinancial_ett,HUFL,F4,adam,13,75,1,0.00048009751428841635,1.334609574996335
nonfinancial_ett,HUFL,F4,adam,14,76,1,0.0013051408135601426,1.344764313086485
nonfinancial_ett,HUFL,F4,adam,15,84,1,0.0005058628586749879,1.3459319060540307
nonfinancial_ett,HUFL,F4,adam,16,78,1,0.00026598972878604974,1.3463964808170945
nonfinancial_ett,HUFL,F4,adam,17,81,1,0.0011690606215229299,1.3091999976425592
nonfinancial_ett,HUFL,F4,adam,18,72,1,0.00019410328143263508,1.3319242387567112
nonfinancial_ett,HUFL,F4,adam,19,74,1,0.00021185319675280583,1.3442746430826675
nonfinancial_ett,HUFL,F4,adam,20,77,1,0.00015388863663077162,1.3272480150210086
nonfinancial_ett,HUFL,F4,adam,21,80,1,6.398222169750115e-05,1.3457490418668479
nonfinancial_ett,HUFL,F4,adam,22,77,1,0.0003478192602076535,1.3547559068980317
nonfinancial_ett,HUFL,F4,adam,23,80,1,0.0010419927314198496,1.369159395680023
nonfinancial_ett,HUFL,F4,adam,24,79,1,0.0001642193841481056,1.330206266533056
nonfinancial_ett,HUFL,F4,adam,25,81,1,0.0003255008229244782,1.3433463069278528
nonfinancial_ett,HUFL,F4,adam,26,84,1,3.726086882121563e-05,1.340308848775585
nonfinancial_ett,HUFL,F4,adam,27,77,1,0.0012797068483360434,1.3561621179620853
nonfinancial_ett,HUFL,F4,adam,28,78,1,0.0003738569931300778,1.3218808479274522
nonfinancial_ett,HUFL,F4,adam,29,86,1,0.0004337690358864896,1.3258994937476034
nonfinancial_ett,HUFL,F4,adam,30,84,1,0.0005329903158947795,1.3470502785333234
nonfinancial_ett,HUFL,F4,adam,31,77,1,0.0002508749682034317,1.3491933483075378
nonfinancial_ett,HUFL,F4,adam,32,81,1,9.091095400234835e-05,1.3450999906295402
nonfinancial_ett,HUFL,F4,adam,33,86,1,0.0012676483953242453,1.3365530596932613
nonfinancial_ett,HUFL,F4,adam,34,80,1,0.0002460011583446185,1.3551751802309837
nonfinancial_ett,HUFL,F4,adam,35,77,1,0.00024367041417087493,1.3437555863114758
nonfinancial_ett,HUFL,F4,adam,36,77,1,0.0004701145767377979,1.34684293086043
nonfinancial_ett,HUFL,F4,adam,37,77,1,0.002656127572152988,1.3668674203646223
nonfinancial_ett,HUFL,F4,adam,38,79,1,0.0003399164675326432,1.3242653634844717
nonfinancial_ett,HUFL,F4,adam,39,79,1,0.001101541760468005,1.3232893293397885
nonfinancial_ett,HUFL,F4,adam,40,78,1,0.00020741658020681131,1.3410203192455994
nonfinancial_ett,HUFL,F4,adam,41,93,1,7.922815110096248e-05,1.3514066017542463
nonfinancial_ett,HUFL,F4,adam,42,80,1,0.00033191882688763356,1.347059010028244
nonfinancial_ett,HUFL,F4,adam,43,82,1,0.0010538238911829366,1.3473133606533778
nonfinancial_ett,HUFL,F4,adam,44,76,1,0.0002658744920908275,1.350130619608979
nonfinancial_ett,HUFL,F4,adam,45,77,1,0.0004311300292781548,1.3486425968999545
nonfinancial_ett,HUFL,F4,adam,46,82,1,0.0013075321858867829,1.3521343734465483
nonfinancial_ett,HUFL,F4,adam,47,82,1,0.00037382635628636164,1.3330127743371267
nonfinancial_ett,HUFL,F4,adam,48,89,1,0.001145603317169823,1.3289429446170629
nonfinancial_ett,HUFL,F4,adam,49,82,1,0.0004475261795512113,1.3341977261781144
