model,noise,alpha,d,filter,seed,conv100,slope,floor_p50,auc
quadratic,N3cal,1.215,0.291,F0,0,0,-4.518681704565003,0.2417843375747531,-0.05543540977307215
quadratic,N3cal,1.215,0.291,F0,1,0,-11.44002925722425,0.4093048671780779,-0.16205797389483256
quadratic,N3cal,1.215,0.291,F0,2,0,2.6809556914051913,0.25308740282225006,-0.4713327508270747
quadratic,N3cal,1.215,0.291,F0,3,0,1.9331213911806961,0.5821446369180815,-0.40912076009563203
quadratic,N3cal,1.215,0.291,F0,4,0,-4.02630431053212,0.3356885535621665,-0.2476200967442683
quadratic,N3cal,1.215,0.291,F0,5,0,-4.093043303638173,0.4968163662942854,-0.45981973586212194
quadratic,N3cal,1.215,0.291,F0,6,0,-3.187831573229192,0.6435956309213486,-0.38620915457196797
quadratic,N3cal,1.215,0.291,F0,7,0,0.7284395228822201,0.9797513218382259,-0.19792920640852926
quadratic,N3cal,1.215,0.291,F0,8,0,4.146347239574505,0.6659325926691162,-0.23317507261083548
quadratic,N3cal,1.215,0.291,F0,9,0,-6.7552005025601,0.3043058394530732,-0.18246849970264878
quadratic,N3cal,1.215,0.291,F0,10,0,-0.8427086695590748,1.8003137788821246,-0.015025609535732003
quadratic,N3cal,1.215,0.291,F0,11,0,1.3698104016832282,0.27586449782904543,-0.4673816571877374
quadratic,N3cal,1.215,0.291,F0,12,0,5.863187486220709,0.17796419002664987,-0.11009172991826273
quadratic,N3cal,1.215,0.291,F0,13,0,3.887455929105061,0.3201541754524476,-0.38128234564360003
quadratic,N3cal,1.215,0.291,F0,14,0,-2.118433380086305,0.41083541136555635,-0.2887902674197483
quadratic,N3cal,1.215,0.291,F0,15,0,3.042402560816407,0.9838327874754142,-0.2689160620177473
quadratic,N3cal,1.215,0.291,F0,16,0,-3.4387140499334,0.2248802296578813,-0.1082533089722563
quadratic,N3cal,1.215,0.291,F0,17,0,0.05160456398365186,0.383071408390993,-0.5122136472174367
quadratic,N3cal,1.215,0.291,F0,18,0,4.3929473178566925,0.44354143303657145,-0.2202140484350371
quadratic,N3cal,1.215,0.291,F0,19,0,-6.007775878200744,0.22008140265667275,-0.43096316725321243
quadratic,N3cal,1.215,0.291,F0,20,0,-8.524185833867685,0.23715125888677124,-0.2514808433874198
quadratic,N3cal,1.215,0.291,F0,21,0,1.017319352145742,0.5536290175225349,-0.23177378280946437
quadratic,N3cal,1.215,0.291,F0,22,0,-4.621849084468586,0.274930978700325,-0.520676724750042
quadratic,N3cal,1.215,0.291,F0,23,0,-4.711135652871804,0.6159994747331686,-0.26507017794530136
quadratic,N3cal,1.215,0.291,F0,24,0,-2.170096019487374,0.25626087552667876,-0.3630701721311879
quadratic,N3cal,1.215,0.291,F0,25,0,0.4965140886305744,0.5153824038255843,-0.19272832767309656
quadratic,N3cal,1.215,0.291,F0,26,0,-0.08862686136899602,0.27999910885939466,-0.2805186392636862
quadratic,N3cal,1.215,0.291,F0,27,0,6.32393829639006,0.43450429466149654,-0.40401300839355153
quadratic,N3cal,1.215,0.291,F0,28,0,-7.914982500201261,0.9777195133715606,0.044122244738466876
quadratic,N3cal,1.215,0.291,F0,29,0,4.127731462328583,0.7703323710635042,-0.3916956371842319
quadratic,N3cal,1.215,0.291,F0,30,0,-6.937761118945961,1.5198402809179412,0.09184326414496517
quadratic,N3cal,1.215,0.291,F0,31,0,1.023597955800931,0.357188536571755,-0.23968183052957884
quadratic,N3cal,1.215,0.291,F0,32,0,5.20473943318198,0.4869534740295608,-0.23154666415000913
quadratic,N3cal,1.215,0.291,F0,33,0,1.805279837754051,0.34119364252820417,-0.2538938780748649
quadratic,N3cal,1.215,0.291,F0,34,0,-8.390277870094227,1.9137787474209786,0.07503374800432894
quadratic,N3cal,1.215,0.291,F0,35,0,7.979956325483888,0.5899207935086186,0.12262314408621022
quadratic,N3cal,1.215,0.291,F0,36,1,-0.5577489141414851,0.4137880221359798,-0.08044724408140658
quadratic,N3cal,1.215,0.291,F0,37,0,-6.199238585454006,0.2322269234567122,-0.17181131182857992
quadratic,N3cal,1.215,0.291,F0,38,0,5.483010994408216,1.5169387484566257,-0.10415611632162126
quadratic,N3cal,1.215,0.291,F0,39,0,-1.5310864911555238,0.34695728815026744,-0.0765492860185421
quadratic,N3cal,1.215,0.291,F0,40,0,-2.3015696265915664,0.56533356194451,-0.18270507377085085
quadratic,N3cal,1.215,0.291,F0,41,0,-5.3589720390900615,0.22082614781962734,-0.4303597469586286
quadratic,N3cal,1.215,0.291,F0,42,0,-1.2271317112639823,0.21768627540043134,-0.2184673462370747
quadratic,N3cal,1.215,0.291,F0,43,0,-11.87609673283983,0.16655137861315816,-0.28669298166704493
quadratic,N3cal,1.215,0.291,F0,44,0,-8.651776659947615,0.47329291111595506,-0.09772854582317833
quadratic,N3cal,1.215,0.291,F0,45,0,-1.8634299983566167,0.6628848777637588,-0.36067585202919306
quadratic,N3cal,1.215,0.291,F0,46,0,-0.07996095838754023,0.16994112637159256,-0.509598529875346
quadratic,N3cal,1.215,0.291,F0,47,0,0.5329735965886907,0.5745892348214583,-0.2714325511766858
quadratic,N3cal,1.215,0.291,F0,48,0,4.774416042468846,0.8680335532898018,0.07787418066561007
quadratic,N3cal,1.215,0.291,F0,49,0,1.9841104724369334,0.2518663615653957,-0.3620397787198675
quadratic,N3cal,1.215,0.291,F0,50,0,6.239742968702043,1.8982607087353083,-0.25220443293064365
quadratic,N3cal,1.215,0.291,F0,51,0,-9.36883543154176,0.49044868036180833,-0.23823336182717578
quadratic,N3cal,1.215,0.291,F0,52,0,-7.7012774145245215,0.20326599978548596,-0.19620846136689535
quadratic,N3cal,1.215,0.291,F0,53,0,0.9261578741673884,0.2488330168012188,-0.4758507691273241
quadratic,N3cal,1.215,0.291,F0,54,0,1.9449086157955862,0.5076612938651275,-0.26846917271610377
quadratic,N3cal,1.215,0.291,F0,55,0,-3.8434784536149835,0.2893905895047716,-0.3670322936386678
quadratic,N3cal,1.215,0.291,F0,56,0,-5.019425146773099,0.312837880415203,-0.2795926637145698
quadratic,N3cal,1.215,0.291,F0,57,0,-5.670069201382642,0.446620907728198,-0.31005008373811777
quadratic,N3cal,1.215,0.291,F0,58,0,3.330944563178702,0.644087299318075,-0.0825408522340754
quadratic,N3cal,1.215,0.291,F0,59,0,-4.4336503403266745,0.20477424114286585,-0.46258614403520903
quadratic,N3cal,1.215,0.291,F0,60,0,1.1940162406467163,0.29240559149812495,-0.21484801776551748
quadratic,N3cal,1.215,0.291,F0,61,0,-11.736512220214014,0.17765714548515932,-0.2332439670266902
quadratic,N3cal,1.215,0.291,F0,62,0,3.142518192345353,0.34475452308488463,-0.20480006502416778
quadratic,N3cal,1.215,0.291,F0,63,0,-12.343165193238848,0.8738526175467852,-0.00863160130588509
quadratic,N3cal,1.215,0.291,F0,64,0,-0.8125509533277042,0.4647094735291552,-0.23546143358753835
quadratic,N3cal,1.215,0.291,F0,65,0,2.9490219575815546,0.47865165946280497,0.05980641727742923
quadratic,N3cal,1.215,0.291,F0,66,0,-3.4613618470617835,0.2468202467119996,-0.2573175801712465
quadratic,N3cal,1.215,0.291,F0,67,0,-7.569527004327757,0.3201019143704116,-0.12610777097184503
quadratic,N3cal,1.215,0.291,F0,68,0,5.557883882108737,0.6730199574640241,-0.30627336875362043
quadratic,N3cal,1.215,0.291,F0,69,0,-7.0748720443352475,0.49781421981568474,-0.05095955913428473
quadratic,N3cal,1.215,0.291,F0,70,0,-3.4839327456744758,0.6168844511409113,-0.38880228488809343
quadratic,N3cal,1.215,0.291,F0,71,0,1.5001062608253473,0.5200398187400039,-0.38494514278784037
quadratic,N3cal,1.215,0.291,F0,72,0,5.926683013615806,0.35282163758615204,-0.31157449700531503
quadratic,N3cal,1.215,0.291,F0,73,0,7.966350380978848,1.6945902004429887,-0.10162021000072063
quadratic,N3cal,1.215,0.291,F0,74,0,-7.659432500189514,0.37646912630170826,-0.11357368388295459
quadratic,N3cal,1.215,0.291,F0,75,0,-0.02548666393727046,0.990353387427654,-0.40821337693435206
quadratic,N3cal,1.215,0.291,F0,76,0,-4.223081153165782,0.3595328683017838,0.09165631491816174
quadratic,N3cal,1.215,0.291,F0,77,0,-2.424207280088551,0.28018043320323727,-0.18206256192100764
quadratic,N3cal,1.215,0.291,F0,78,0,-1.1042548085617894,0.8008928667431573,0.170043391147256
quadratic,N3cal,1.215,0.291,F0,79,0,3.1350342452805924,0.5448600720145593,-0.24303477803536488
quadratic,N3cal,1.215,0.291,F0,80,0,2.3319799266762287,0.24243359298402134,0.41686201207113993
quadratic,N3cal,1.215,0.291,F0,81,0,-3.236152909141574,0.19821264146953016,-0.003197071604141442
quadratic,N3cal,1.215,0.291,F0,82,0,-0.6235850832289229,0.27788940688653896,-0.3862681815489512
quadratic,N3cal,1.215,0.291,F0,83,0,-0.9552293282249447,0.3074040857583883,-0.3816279544675861
quadratic,N3cal,1.215,0.291,F0,84,0,-7.649475157199551,0.17950983294520823,-0.19467477579888087
quadratic,N3cal,1.215,0.291,F0,85,0,10.352829021865055,1.5921712068782123,-0.2899444699784098
quadratic,N3cal,1.215,0.291,F0,86,0,-2.0998124685717823,0.5783414228991383,-0.10223950761017646
quadratic,N3cal,1.215,0.291,F0,87,0,-5.638523224171583,0.40134188178899594,-0.24365668807887106
quadratic,N3cal,1.215,0.291,F0,88,0,3.078203563133302,0.44347721998379075,-0.21036605768999295
quadratic,N3cal,1.215,0.291,F0,89,0,-16.649732351631865,0.348005547547413,-0.22113903658883186
quadratic,N3cal,1.215,0.291,F0,90,0,-2.839522137132321,0.2775270899937815,-0.3327826907940444
quadratic,N3cal,1.215,0.291,F0,91,0,20.856322635481195,0.28486969068170576,-0.20818093886779748
quadratic,N3cal,1.215,0.291,F0,92,0,1.5765616630320891,0.5475086820606856,-0.4443393601652615
quadratic,N3cal,1.215,0.291,F0,93,0,3.6720927403344823,0.37036098990600586,-0.2794883644442123
quadratic,N3cal,1.215,0.291,F0,94,0,2.4544946184020024,0.3157825534653423,-0.21597669379753529
quadratic,N3cal,1.215,0.291,F0,95,0,4.917554987448761,1.3738591228402806,-0.16282101505793553
quadratic,N3cal,1.215,0.291,F0,96,1,-5.981862679184708,0.35309927451858203,-0.322953046279231
quadratic,N3cal,1.215,0.291,F0,97,0,-0.5497054240827278,0.3320378202425437,-0.369171478070919
quadratic,N3cal,1.215,0.291,F0,98,0,-3.423672143985711,0.37962073879531966,-0.2397620695130123
quadratic,N3cal,1.215,0.291,F0,99,0,-6.310586948269157,0.1868413066689012,-0.03963041771598858
quadratic,N3cal,1.215,0.291,F4,0,1,-0.9078381606784981,0.004491264700200409,-2.2473427420903245
quadratic,N3cal,1.215,0.291,F4,1,1,0.20674456545779532,0.004962626818425074,-2.2572368662572253
quadratic,N3cal,1.215,0.291,F4,2,1,-0.000804380641613066,0.004337184509731077,-2.2712306140983594
quadratic,N3cal,1.215,0.291,F4,3,1,0.7821690397144238,0.005329645770188919,-2.2226596908932907
quadratic,N3cal,1.215,0.291,F4,4,1,0.5891885052417936,0.004391102392760825,-2.2893735859027813
quadratic,N3cal,1.215,0.291,F4,5,1,0.6245158689939385,0.005469623187111583,-2.213467670050445
quadratic,N3cal,1.215,0.291,F4,6,1,0.15544387882837088,0.005592172906202557,-2.274373904457078
quadratic,N3cal,1.215,0.291,F4,7,1,0.5178704911731782,0.004968166496624992,-2.2418753185727742
quadratic,N3cal,1.215,0.291,F4,8,1,1.0050971576299375,0.005165895230514684,-2.2330157744968293
quadratic,N3cal,1.215,0.291,F4,9,1,0.9904179295607151,0.0058059715883346675,-2.241389273501937
quadratic,N3cal,1.215,0.291,F4,10,1,-1.2169435021299027,0.004274751909590194,-2.3116725521295503
quadratic,N3cal,1.215,0.291,F4,11,1,-0.13986311287656936,0.005006336328426079,-2.2517427606566627
quadratic,N3cal,1.215,0.291,F4,12,1,0.2922228130299559,0.00412029661997285,-2.270601145027945
quadratic,N3cal,1.215,0.291,F4,13,1,-0.3243092308043883,0.003950006787122064,-2.272417185919798
quadratic,N3cal,1.215,0.291,F4,14,1,0.5403413666290944,0.00440047922980856,-2.2903223171568152
quadratic,N3cal,1.215,0.291,F4,15,1,-1.2511418631052802,0.0035207393916575234,-2.285240699860512
quadratic,N3cal,1.215,0.291,F4,16,1,0.016589751634360498,0.004561579089727562,-2.2284000557581605
quadratic,N3cal,1.215,0.291,F4,17,1,-0.08460064999966241,0.004608265015165827,-2.25997252598416
quadratic,N3cal,1.215,0.291,F4,18,1,-0.17199082259969017,0.004798769112922272,-2.2082902606715673
quadratic,N3cal,1.215,0.291,F4,19,1,-0.7431722913689283,0.0046272982533789135,-2.228412649816108
quadratic,N3cal,1.215,0.291,F4,20,1,0.1866110583629405,0.00609769807277567,-2.1747238592370914
quadratic,N3cal,1.215,0.291,F4,21,1,-1.4720278087901042,0.0038807516797770038,-2.228511380774036
quadratic,N3cal,1.215,0.291,F4,22,1,-0.8578387746812788,0.004106099840186278,-2.264918451410683
quadratic,N3cal,1.215,0.291,F4,23,1,0.1193061292595064,0.00440646281945338,-2.2384644076437463
quadratic,N3cal,1.215,0.291,F4,24,1,-0.7949921412958351,0.004431979468992188,-2.269186710585436
quadratic,N3cal,1.215,0.291,F4,25,1,0.8993791832756544,0.004426411733482882,-2.1918309973489887
quadratic,N3cal,1.215,0.291,F4,26,1,0.2927317560565601,0.005001802448411846,-2.2461849094379995
quadratic,N3cal,1.215,0.291,F4,27,1,-0.7870757229288574,0.004456721855210063,-2.2649672043183733
quadratic,N3cal,1.215,0.291,F4,28,1,-0.7608641551919684,0.004627377306012337,-2.1865151827116263
quadratic,N3cal,1.215,0.291,F4,29,1,0.5116114772945687,0.005707017867609595,-2.2000813301630813
quadratic,N3cal,1.215,0.291,F4,30,1,-0.6028336034517052,0.004725616030934868,-2.23156441709647
quadratic,N3cal,1.215,0.291,F4,31,1,-0.8001441967134857,0.004340972023080439,-2.2777807430481603
quadratic,N3cal,1.215,0.291,F4,32,1,-0.47484191578820323,0.0051362894822714646,-2.2628180446427026
quadratic,N3cal,1.215,0.291,F4,33,1,-0.6896835732207134,0.0046037135440186285,-2.29569532598369
quadratic,N3cal,1.215,0.291,F4,34,1,0.5214780724365609,0.0056799466526864465,-2.2789398520100588
quadratic,N3cal,1.215,0.291,F4,35,1,0.9061505819570114,0.005662526210612799,-2.262106507916173
quadratic,N3cal,1.215,0.291,F4,36,1,1.1689486053380749,0.005232795968447458,-1.8237197201624051
quadratic,N3cal,1.215,0.291,F4,37,1,-0.18865779423716408,0.004633170955754899,-2.260721899781119
quadratic,N3cal,1.215,0.291,F4,38,1,1.8852034648554101,0.004785258318963478,-2.2844216540588187
quadratic,N3cal,1.215,0.291,F4,39,1,-0.37339646418301076,0.004598703726382668,-2.2446396210050126
quadratic,N3cal,1.215,0.291,F4,40,1,0.9572093053187369,0.005039301632262043,-2.2133220051636533
quadratic,N3cal,1.215,0.291,F4,41,1,-0.28712067178204304,0.00490316053277347,-2.2237386778678636
quadratic,N3cal,1.215,0.291,F4,42,1,-0.7977128402032408,0.00488828162509654,-2.2384074157473517
quadratic,N3cal,1.215,0.291,F4,43,1,-0.7852187864454075,0.004484363477071177,-2.2477619587336455
quadratic,N3cal,1.215,0.291,F4,44,1,-0.6759754172563949,0.004038913848962487,-2.253372815153592
quadratic,N3cal,1.215,0.291,F4,45,1,0.8741425109436917,0.005103500148301758,-2.2905425664382264
quadratic,N3cal,1.215,0.291,F4,46,1,-2.1949765672571755,0.004535964791363489,-2.246871524451878
quadratic,N3cal,1.215,0.291,F4,47,1,0.14909643136345938,0.005009663115020117,-2.239577705939359
quadratic,N3cal,1.215,0.291,F4,48,1,-0.6478159863787937,0.004938562460766805,-2.222264739447622
quadratic,N3cal,1.215,0.291,F4,49,1,-0.03112909359115953,0.0038494365707849054,-2.2199364212820143
quadratic,N3cal,1.215,0.291,F4,50,1,1.752476422049239,0.005199597642425926,-2.2326865319434006
quadratic,N3cal,1.215,0.291,F4,51,1,0.46478504432243806,0.0056364628059429635,-2.214086896830111
quadratic,N3cal,1.215,0.291,F4,52,1,-0.9949508621232578,0.0041599846765198335,-2.265876952934852
quadratic,N3cal,1.215,0.291,F4,53,1,-0.08401783519264944,0.0045905428419609545,-2.2221103258926105
quadratic,N3cal,1.215,0.291,F4,54,1,0.7382486579097004,0.004775612946577664,-2.268001650931449
quadratic,N3cal,1.215,0.291,F4,55,1,-0.3478012997834227,0.004032506310358411,-2.285480153578315
quadratic,N3cal,1.215,0.291,F4,56,1,0.07611924384613243,0.004860947045477626,-2.2650599435037937
quadratic,N3cal,1.215,0.291,F4,57,1,-0.7609795563493116,0.00444316081985101,-2.2675657573247334
quadratic,N3cal,1.215,0.291,F4,58,1,0.8627312855906788,0.004667473944497097,-2.2353236923245925
quadratic,N3cal,1.215,0.291,F4,59,1,0.04874038854562858,0.004990531355029666,-2.2104686797136774
quadratic,N3cal,1.215,0.291,F4,60,1,0.09918660042087218,0.004851796199424271,-2.28955439188881
quadratic,N3cal,1.215,0.291,F4,61,1,-1.3091591539137768,0.004198125035485775,-2.245429978682543
quadratic,N3cal,1.215,0.291,F4,62,1,-0.31958629700504904,0.004450826695633169,-2.206306252818533
quadratic,N3cal,1.215,0.291,F4,63,1,0.8078275505645811,0.005254301063153817,-2.2490086521841457
quadratic,N3cal,1.215,0.291,F4,64,1,-0.03945907447004134,0.004535900152394592,-2.245947618383151
quadratic,N3cal,1.215,0.291,F4,65,1,-0.01689558954630237,0.004271443093526088,-2.2750853505113215
quadratic,N3cal,1.215,0.291,F4,66,1,-0.28016293249063545,0.004914935100882534,-2.26552701774462
quadratic,N3cal,1.215,0.291,F4,67,1,0.0164792297383547,0.004280648847894869,-2.237890477163983
quadratic,N3cal,1.215,0.291,F4,68,1,-0.41363356330955525,0.00515750175699037,-2.2594436702596705
quadratic,N3cal,1.215,0.291,F4,69,1,-0.46154028973729544,0.004960136348755905,-2.270469411347159
quadratic,N3cal,1.215,0.291,F4,70,1,0.16183519732793228,0.004320238058035922,-2.249362934727066
quadratic,N3cal,1.215,0.291,F4,71,1,-0.5422184997276566,0.004715657583822402,-2.2276510748690006
quadratic,N3cal,1.215,0.291,F4,72,1,-0.16625288640592875,0.005380638691169689,-2.2132580469311605
quadratic,N3cal,1.215,0.291,F4,73,1,-1.5200703104572906,0.00449833235911207,-2.2711198581820766
quadratic,N3cal,1.215,0.291,F4,74,1,1.7906565344948047,0.005318511302378587,-2.2250773599520173
quadratic,N3cal,1.215,0.291,F4,75,1,-0.6807773343893263,0.004780016629443015,-2.292957972475201
quadratic,N3cal,1.215,0.291,F4,76,1,0.43047801218855164,0.00486435855640681,-2.1990589792638513
quadratic,N3cal,1.215,0.291,F4,77,1,0.4169601840253253,0.005234287256848659,-2.2008758823418804
quadratic,N3cal,1.215,0.291,F4,78,1,0.301206729132021,0.005815657403547455,-2.1923210444014978
quadratic,N3cal,1.215,0.291,F4,79,1,-0.2172073019348379,0.005027471405559143,-2.2484955324813787
quadratic,N3cal,1.215,0.291,F4,80,1,0.6290073602982016,0.004077177776393558,-2.2630486666549414
quadratic,N3cal,1.215,0.291,F4,81,1,-1.9236189399832615,0.0033821711242770914,-2.2826856548955594
quadratic,N3cal,1.215,0.291,F4,82,1,-0.2929194487617012,0.005468855420369836,-2.2215800025297234
quadratic,N3cal,1.215,0.291,F4,83,1,0.20916425810166642,0.0054586074983296005,-2.2276082289635064
quadratic,N3cal,1.215,0.291,F4,84,1,-1.153357696715833,0.004364181034638202,-2.2669779623164774
quadratic,N3cal,1.215,0.291,F4,85,1,-0.7160799716016348,0.003947602470650322,-2.2257144215379143
quadratic,N3cal,1.215,0.291,F4,86,1,0.5249301268196417,0.00418590092051037,-2.2466032571299435
quadratic,N3cal,1.215,0.291,F4,87,1,0.0791420270487548,0.00431411247114802,-2.255300322525898
quadratic,N3cal,1.215,0.291,F4,88,1,-1.0758815887869506,0.005027017411318467,-2.2518714517103597
quadratic,N3cal,1.215,0.291,F4,89,1,-0.39427361964764135,0.005208501868180169,-2.1914236908302063
quadratic,N3cal,1.215,0.291,F4,90,1,-0.18904182985344758,0.004591305597955394,-2.2545106617923225
quadratic,N3cal,1.215,0.291,F4,91,1,-1.560292362805528,0.003864014812834334,-2.30170745880415
quadratic,N3cal,1.215,0.291,F4,92,1,0.6135054122130611,0.005199584017249376,-2.2272423879337238
quadratic,N3cal,1.215,0.291,F4,93,1,0.6420932733807776,0.004815023324747323,-2.269004250397865
quadratic,N3cal,1.215,0.291,F4,94,1,0.051498264408768445,0.00461617775377756,-2.2815740213220432
quadratic,N3cal,1.215,0.291,F4,95,1,-1.5104853714743298,0.003822054380563067,-2.2861488212161993
quadratic,N3cal,1.215,0.291,F4,96,1,0.5611528214827133,0.004832895540036044,-2.20522179898463
quadratic,N3cal,1.215,0.291,F4,97,1,1.077428054983386,0.004909093048403049,-2.255540381287333
quadratic,N3cal,1.215,0.291,F4,98,1,-0.12574306639214736,0.004242439397335965,-2.225447075504738
quadratic,N3cal,1.215,0.291,F4,99,1,-0.5063901389578513,0.0049782202948202205,-2.2465358126093857
quadratic,N4cal,1.215,0.291,F0,0,0,-6.554813397317096,27.733811070685647,1.5420518643182421
quadratic,N4cal,1.215,0.291,F0,1,0,3.802572616990843,15.357064626797262,1.3641043061317952
quadratic,N4cal,1.215,0.291,F0,2,0,10.587977075976704,83.26994400053975,1.1008051642427326
quadratic,N4cal,1.215,0.291,F0,3,0,-11.469559193868168,40.09620018941288,1.4020762466063097
quadratic,N4cal,1.215,0.291,F0,4,0,-4.750589011290364,219.24297713060452,1.7898862787743999
quadratic,N4cal,1.215,0.291,F0,5,0,5.010778153619815,45.512405100352936,1.3396979177738795
quadratic,N4cal,1.215,0.291,F0,6,0,-1.3414902268408369,27.814861141541414,1.0667747460676147
quadratic,N4cal,1.215,0.291,F0,7,0,-0.6674506199700927,25.260554382174085,1.3114331390211615
quadratic,N4cal,1.215,0.291,F0,8,0,-7.29592009507918,29.507395720378142,1.3248152468266357
quadratic,N4cal,1.215,0.291,F0,9,0,13.292916589300258,31.737805597943506,1.5819211592119087
quadratic,N4cal,1.215,0.291,F0,10,0,3.354012161406821,50.179111542425716,1.7025996492783528
quadratic,N4cal,1.215,0.291,F0,11,0,-1.9764030184991646,15.095435282812971,1.2532283945440341
quadratic,N4cal,1.215,0.291,F0,12,0,-3.8516549485302005,98.50813863792479,1.8419591026190254
quadratic,N4cal,1.215,0.291,F0,13,0,-0.7649005177958905,5.776474395453295,0.8164035255060467
quadratic,N4cal,1.215,0.291,F0,14,0,-5.621804877213833,10.240569770262475,1.3619986605208765
quadratic,N4cal,1.215,0.291,F0,15,0,-3.4536817844713257,35.45333097075826,1.7829123304894448
quadratic,N4cal,1.215,0.291,F0,16,0,-1.5643644633841491,17.333813194182834,1.416797505932963
quadratic,N4cal,1.215,0.291,F0,17,0,0.9537265539450728,11.142259151318594,1.0389166658288813
quadratic,N4cal,1.215,0.291,F0,18,0,3.4020855922589996,12.425215165582877,1.544714149917299
quadratic,N4cal,1.215,0.291,F0,19,0,11.538738849140062,27.814167948157575,1.25416615182355
quadratic,N4cal,1.215,0.291,F0,20,0,2.1331548648777376,21.411975235494616,1.3855634872321283
quadratic,N4cal,1.215,0.291,F0,21,0,7.642582816204923,194.83331276289198,1.6551778851353747
quadratic,N4cal,1.215,0.291,F0,22,0,-6.110277541281143,11.67286278989803,1.0824473045982281
quadratic,N4cal,1.215,0.291,F0,23,0,-1.970303448353678,21.32730577452827,1.4330585741858965
quadratic,N4cal,1.215,0.291,F0,24,0,1.316744840574403,55.68047344286852,1.5431251132815669
quadratic,N4cal,1.215,0.291,F0,25,0,-8.499940671779626,14.56711040921563,1.4362954780154842
quadratic,N4cal,1.215,0.291,F0,26,0,5.725023764828149,9.635105695981611,1.1111325731466983
quadratic,N4cal,1.215,0.291,F0,27,0,0.548927738636443,11.863258941797156,1.2271344310163068
quadratic,N4cal,1.215,0.291,F0,28,0,-10.354323164399926,210.69338098433502,2.104989769816887
quadratic,N4cal,1.215,0.291,F0,29,0,8.321591293894029,60.6412668844669,1.288614627599679
quadratic,N4cal,1.215,0.291,F0,30,0,-2.4408869688877615,18.170156702867825,1.9888798787232367
quadratic,N4cal,1.215,0.291,F0,31,0,2.502144798610364,20.256230735028417,1.2618622568356714
quadratic,N4cal,1.215,0.291,F0,32,0,-2.111293530351174,22.761134467616024,1.6677419409674723
quadratic,N4cal,1.215,0.291,F0,33,0,3.4271465609814573,70.04726888461511,1.3818355556751887
quadratic,N4cal,1.215,0.291,F0,34,0,8.48998344403174,81.04282441319347,1.8102540515634655
quadratic,N4cal,1.215,0.291,F0,35,0,-1.3265842570852642,21.66384985764237,1.9736704191573085
quadratic,N4cal,1.215,0.291,F0,36,0,-2.9396784135746503,16.229302592237772,1.6780622217260976
quadratic,N4cal,1.215,0.291,F0,37,0,4.600590500912086,12.330963327545899,1.3409798598147422
quadratic,N4cal,1.215,0.291,F0,38,0,-0.8680068358527705,13.724319932327365,1.660913437272653
quadratic,N4cal,1.215,0.291,F0,39,0,6.051199436866757,4.283516545471754,1.2190205166107682
quadratic,N4cal,1.215,0.291,F0,40,0,-2.5680715326499968,239.6870591450833,1.8865443120151215
quadratic,N4cal,1.215,0.291,F0,41,0,-1.5419060072588686,7.91750172218819,1.0749344017139015
quadratic,N4cal,1.215,0.291,F0,42,0,1.8855546307262787,19.14302691864739,1.2744631138736162
quadratic,N4cal,1.215,0.291,F0,43,0,3.443560526548252,170.4249072221299,1.4872194071842517
quadratic,N4cal,1.215,0.291,F0,44,0,-5.569401345450505,34355.9468728425,3.2456393700460633
quadratic,N4cal,1.215,0.291,F0,45,0,4.011099640167288,147.49295773804994,1.587148018548487
quadratic,N4cal,1.215,0.291,F0,46,0,-10.067160848176476,68.15291940781208,1.2882287234960854
quadratic,N4cal,1.215,0.291,F0,47,0,12.415164743661883,36.54901516262069,1.1914385972749924
quadratic,N4cal,1.215,0.291,F0,48,0,-0.726455170339612,17.151375521273444,1.6556170622726507
quadratic,N4cal,1.215,0.291,F0,49,0,1.767454103643958,21.403117735923075,1.2184640617794393
quadratic,N4cal,1.215,0.291,F0,50,0,-2.4524210295726543,20.687308042521707,1.4283080430994695
quadratic,N4cal,1.215,0.291,F0,51,0,1.913905904280422,32.49992051390405,1.5579283204287877
quadratic,N4cal,1.215,0.291,F0,52,0,5.323804613515183,48.656366333762975,1.6901390161703451
quadratic,N4cal,1.215,0.291,F0,53,0,7.407673570917452,39.61152557227925,0.9661333672970427
quadratic,N4cal,1.215,0.291,F0,54,0,2.1533591153572607,12.562461812137794,1.0934658922720213
quadratic,N4cal,1.215,0.291,F0,55,0,-4.059757316758732,3.643555142394986,0.9499253373688548
quadratic,N4cal,1.215,0.291,F0,56,0,-2.8352429790370253,10.107580625750316,1.370509474409425
quadratic,N4cal,1.215,0.291,F0,57,0,-3.2236351536343446,13.691473157671377,1.1406467882225502
quadratic,N4cal,1.215,0.291,F0,58,0,-10.751578609882282,320.96135230294,1.9000795985604597
quadratic,N4cal,1.215,0.291,F0,59,0,0.5847899385275749,5.268921563006673,0.9896072986497112
quadratic,N4cal,1.215,0.291,F0,60,0,-4.521546958618077,11.916060021276031,1.1391129728901084
quadratic,N4cal,1.215,0.291,F0,61,0,2.9610597388580495,30.81262794479936,1.987352863068581
quadratic,N4cal,1.215,0.291,F0,62,0,5.270091979793379,9.956360511567802,0.9919515319165719
quadratic,N4cal,1.215,0.291,F0,63,0,-6.563971614539569,45.10967877336556,1.9187060725129512
quadratic,N4cal,1.215,0.291,F0,64,0,15.44230460272779,868.3080976030357,1.536581427444293
quadratic,N4cal,1.215,0.291,F0,65,0,4.892670920690783,25.549129365917683,1.5968453458752747
quadratic,N4cal,1.215,0.291,F0,66,0,-3.141216337080728,10.31111268022898,1.1470733024306454
quadratic,N4cal,1.215,0.291,F0,67,0,-4.237307482994734,5.915864381344512,1.344435947319874
quadratic,N4cal,1.215,0.291,F0,68,0,-4.17879274669015,25.681171523795093,1.416759735388513
quadratic,N4cal,1.215,0.291,F0,69,0,-1.103059619184609,7.036860032629526,1.4670070308204717
quadratic,N4cal,1.215,0.291,F0,70,0,1.0409116374692813,32.91727049319648,1.3378110310516622
quadratic,N4cal,1.215,0.291,F0,71,0,0.651647767704357,23.44477658980756,1.2183437306952014
quadratic,N4cal,1.215,0.291,F0,72,0,24.1584894392904,2534.553155416402,1.5580918033628663
quadratic,N4cal,1.215,0.291,F0,73,0,-0.7568130012572416,22.485765360281643,1.5884148394019304
quadratic,N4cal,1.215,0.291,F0,74,0,-3.380059677675075,29.700019121572076,1.5680809379318394
quadratic,N4cal,1.215,0.291,F0,75,0,6.37114454849438,558.113680561969,1.560273130096532
quadratic,N4cal,1.215,0.291,F0,76,0,48.49600469631599,3227677.7507682564,2.712321197626751
quadratic,N4cal,1.215,0.291,F0,77,0,-6.275024830868059,4.51757953390329,0.9594992069454823
quadratic,N4cal,1.215,0.291,F0,78,0,2.9513088538813794,14.003910815516964,1.528166503432822
quadratic,N4cal,1.215,0.291,F0,79,0,-4.442867392313206,9.707549933271288,1.396527892192854
quadratic,N4cal,1.215,0.291,F0,80,0,-6.375944341905965,13.889759466952746,1.6572706475690833
quadratic,N4cal,1.215,0.291,F0,81,0,-2.91879508793982,24.541610915785895,1.468305749825572
quadratic,N4cal,1.215,0.291,F0,82,0,-0.1569038433506568,15.716763533248052,1.0606299231436194
quadratic,N4cal,1.215,0.291,F0,83,0,-1.3463271248316944,41.09919231695838,1.349077731692741
quadratic,N4cal,1.215,0.291,F0,84,0,10.930570517755157,6.911931607649592,1.912291769609615
quadratic,N4cal,1.215,0.291,F0,85,0,5.634230368957416,29.56096091826679,1.4125993106586774
quadratic,N4cal,1.215,0.291,F0,86,0,-1.701402572857206,7.831132102695385,1.5374874239855436
quadratic,N4cal,1.215,0.291,F0,87,0,-2.0793165898095176,8.398409512349843,1.3851366164889871
quadratic,N4cal,1.215,0.291,F0,88,0,6.374401391614878,29.66396682996354,1.3316666506575636
quadratic,N4cal,1.215,0.291,F0,89,0,5.18813730885454,38.58067360037584,1.5564522600413848
quadratic,N4cal,1.215,0.291,F0,90,0,5.840961394347721,8.714758312838047,1.0369573802701313
quadratic,N4cal,1.215,0.291,F0,91,0,-7.836410946757614,413.4275449692093,2.2797809219983716
quadratic,N4cal,1.215,0.291,F0,92,0,-2.363988434697947,5.198139969204849,1.044922861736529
quadratic,N4cal,1.215,0.291,F0,93,0,5.394902060128831,99.98642931454418,1.3654901492964564
quadratic,N4cal,1.215,0.291,F0,94,0,2.400199830964622,24.443111409236796,1.3291825278825458
quadratic,N4cal,1.215,0.291,F0,95,0,-0.3904780477054264,30.346559997210626,1.4969811569181362
quadratic,N4cal,1.215,0.291,F0,96,0,-3.9201310959676534,13.778745666593432,1.3673788897168846
quadratic,N4cal,1.215,0.291,F0,97,0,3.256438755030573,23.44285426193022,1.2956389844895762
quadratic,N4cal,1.215,0.291,F0,98,0,1.546165128357565,10.136335901813126,1.1295360442878268
quadratic,N4cal,1.215,0.291,F0,99,0,-2.1437766734577117,37.706779196269366,1.4882165107293008
quadratic,N4cal,1.215,0.291,F4,0,0,-5.763357483919604,23.796160013793017,1.4301023402958104
quadratic,N4cal,1.215,0.291,F4,1,0,3.639547541753264,12.644215748234807,1.2557261774986934
quadratic,N4cal,1.215,0.291,F4,2,0,9.501170313772253,53.7648094137936,0.9461423759922437
quadratic,N4cal,1.215,0.291,F4,3,0,-11.005770836476913,38.443189601378506,1.262149595941738
quadratic,N4cal,1.215,0.291,F4,4,0,-3.573999643438962,197.18350923148532,1.6779264349185774
quadratic,N4cal,1.215,0.291,F4,5,0,5.222882438061029,38.46228545199242,1.1759036844139126
quadratic,N4cal,1.215,0.291,F4,6,0,0.18724366752853092,21.322612519108706,0.9290004279703831
quadratic,N4cal,1.215,0.291,F4,7,0,0.13056573970200866,19.45545953400655,1.1706892596809855
quadratic,N4cal,1.215,0.291,F4,8,0,-6.442314458334526,25.415795632828456,1.184955158159241
quadratic,N4cal,1.215,0.291,F4,9,0,13.349556204076464,25.028243832103982,1.4427278197558704
quadratic,N4cal,1.215,0.291,F4,10,0,2.7492522146600256,36.12095743954613,1.5672921564701614
quadratic,N4cal,1.215,0.291,F4,11,0,-4.146145993678065,11.323643358637353,1.1183446125221526
quadratic,N4cal,1.215,0.291,F4,12,0,-3.7948171024731407,95.80698739411173,1.769531426804383
quadratic,N4cal,1.215,0.291,F4,13,0,-0.5754154991149003,3.841268384902892,0.6586486372242696
quadratic,N4cal,1.215,0.291,F4,14,0,-6.441071751066917,8.25831251733797,1.2317680127661805
quadratic,N4cal,1.215,0.291,F4,15,0,-3.1494474848032312,31.697290448865232,1.6703865303087662
quadratic,N4cal,1.215,0.291,F4,16,0,-2.1905935492512385,14.872367433436711,1.3031746061932246
quadratic,N4cal,1.215,0.291,F4,17,0,0.05801796582297626,8.303724067184241,0.8870856327881447
quadratic,N4cal,1.215,0.291,F4,18,0,2.6288918154928376,8.660663009399563,1.4205815522718588
quadratic,N4cal,1.215,0.291,F4,19,0,11.51512061687267,21.48111864199664,1.092146787493538
quadratic,N4cal,1.215,0.291,F4,20,0,1.9396974844757155,15.711672520970147,1.2430940207904781
quadratic,N4cal,1.215,0.291,F4,21,0,7.987195242140822,175.7267447286814,1.5323121369919015
quadratic,N4cal,1.215,0.291,F4,22,0,-6.364145069339322,8.665067363655018,0.9279689812243099
quadratic,N4cal,1.215,0.291,F4,23,0,-1.8873379024440258,15.454408017750687,1.287068844774568
quadratic,N4cal,1.215,0.291,F4,24,0,3.125583096828658,51.52878762677028,1.4221022931904164
quadratic,N4cal,1.215,0.291,F4,25,0,-7.939916451740639,10.451567140214316,1.3211296461292352
quadratic,N4cal,1.215,0.291,F4,26,0,5.5734866547351105,6.6558886749194475,0.9695026845560282
quadratic,N4cal,1.215,0.291,F4,27,0,-0.273883274502405,8.666109992628389,1.079041841789348
quadratic,N4cal,1.215,0.291,F4,28,0,-9.852502395727502,209.1108767204779,2.0196752458950686
quadratic,N4cal,1.215,0.291,F4,29,0,7.854265537349714,37.8882331206091,1.1262688460295605
quadratic,N4cal,1.215,0.291,F4,30,0,-3.7300177316788217,12.763564381541425,1.893901398353716
quadratic,N4cal,1.215,0.291,F4,31,0,1.878236238204329,14.374253651472253,1.1378428710338044
quadratic,N4cal,1.215,0.291,F4,32,0,-3.0537815219951643,18.893795645988188,1.5851583171523402
quadratic,N4cal,1.215,0.291,F4,33,0,3.002823981449616,48.668306012465166,1.2302303868385476
quadratic,N4cal,1.215,0.291,F4,34,0,9.118979640509634,72.93844266564021,1.704447506141582
quadratic,N4cal,1.215,0.291,F4,35,0,-2.0533113952699606,18.410703934036647,1.8803836624454504
quadratic,N4cal,1.215,0.291,F4,36,0,-2.3122226698799757,11.576792858665566,1.5882783338734525
quadratic,N4cal,1.215,0.291,F4,37,0,4.905197888339954,7.92753285638256,1.2033967556263185
quadratic,N4cal,1.215,0.291,F4,38,0,-0.909593775731289,9.499177138909456,1.5255648749463562
quadratic,N4cal,1.215,0.291,F4,39,0,5.635781389711095,2.8673183965247873,1.0896712258841552
quadratic,N4cal,1.215,0.291,F4,40,0,-2.871330228819236,231.9253995963199,1.7581145432539043
quadratic,N4cal,1.215,0.291,F4,41,0,-0.9404666012855053,6.699514604288197,0.9410867041159113
quadratic,N4cal,1.215,0.291,F4,42,0,2.576639435713667,13.416852467661048,1.1403157267145698
quadratic,N4cal,1.215,0.291,F4,43,0,5.348988383795299,138.8143685834114,1.3594000755621192
quadratic,N4cal,1.215,0.291,F4,44,0,-5.491996509210891,34549.374819663775,3.192148407345548
quadratic,N4cal,1.215,0.291,F4,45,0,4.7184996706999875,110.09859010652926,1.4440618438572865
quadratic,N4cal,1.215,0.291,F4,46,0,-8.16121884858832,73.73349332496369,1.150809821775578
quadratic,N4cal,1.215,0.291,F4,47,0,11.6943649285267,10.010511085542817,1.057350873414779
quadratic,N4cal,1.215,0.291,F4,48,0,-0.8485758978047375,12.220682699568851,1.5597678251202864
quadratic,N4cal,1.215,0.291,F4,49,0,1.5294688484607364,16.55631951821865,1.0800438829158487
quadratic,N4cal,1.215,0.291,F4,50,0,-2.0743031274276658,13.662477888948644,1.2890676919085264
quadratic,N4cal,1.215,0.291,F4,51,0,2.271196798586559,22.444776085688567,1.4492366098485874
quadratic,N4cal,1.215,0.291,F4,52,0,5.607920298580817,37.76796465863947,1.5893517482230362
quadratic,N4cal,1.215,0.291,F4,53,0,7.172892359233485,30.557748306683607,0.8155286827559031
quadratic,N4cal,1.215,0.291,F4,54,0,1.8195944709057468,8.584388691817413,0.9534600121599252
quadratic,N4cal,1.215,0.291,F4,55,0,-3.976092057135733,2.6270460310167216,0.82753591999758
quadratic,N4cal,1.215,0.291,F4,56,0,-2.4363771404478998,7.9146564496859995,1.2636075234581148
quadratic,N4cal,1.215,0.291,F4,57,0,-2.103985060865072,10.791484577412634,0.9894205564234703
quadratic,N4cal,1.215,0.291,F4,58,0,-10.11121011229977,331.127424143922,1.803961672313644
quadratic,N4cal,1.215,0.291,F4,59,0,-0.821308543620089,3.773821277270148,0.8287186329323372
quadratic,N4cal,1.215,0.291,F4,60,0,-4.588269981392218,8.69426721941379,0.9887595662459256
quadratic,N4cal,1.215,0.291,F4,61,0,3.3858729575571633,21.700961395813344,1.8967172756520316
quadratic,N4cal,1.215,0.291,F4,62,0,5.319729249917168,7.2167723934559875,0.8477344747040869
quadratic,N4cal,1.215,0.291,F4,63,0,-5.90284988121322,35.068751057798714,1.834216940297781
quadratic,N4cal,1.215,0.291,F4,64,0,15.791942561491357,785.4734910330563,1.3858250696743595
quadratic,N4cal,1.215,0.291,F4,65,0,5.859471153832423,20.46683513329204,1.5005601236116328
quadratic,N4cal,1.215,0.291,F4,66,0,-3.3731393209620903,8.472693081528185,1.0190644654018932
quadratic,N4cal,1.215,0.291,F4,67,0,-4.5064749010069205,4.321116472553624,1.2324639256268037
quadratic,N4cal,1.215,0.291,F4,68,0,-3.975476502751396,19.252684826205517,1.267203413567811
quadratic,N4cal,1.215,0.291,F4,69,0,-2.3252997847650834,5.603332773557669,1.3358749120235711
quadratic,N4cal,1.215,0.291,F4,70,0,1.3771181746730943,26.93709094106037,1.2022595682986585
quadratic,N4cal,1.215,0.291,F4,71,0,-0.05319032486556864,16.752106225181933,1.085840201235839
quadratic,N4cal,1.215,0.291,F4,72,0,25.07713795541228,2282.1382315588553,1.4263774629765267
quadratic,N4cal,1.215,0.291,F4,73,0,-1.6067701181247516,15.091440475838905,1.4670586625647744
quadratic,N4cal,1.215,0.291,F4,74,0,-2.639353584208362,22.855325804305377,1.4422085909977898
quadratic,N4cal,1.215,0.291,F4,75,0,7.518981567877399,508.3744234287651,1.4092859167784042
quadratic,N4cal,1.215,0.291,F4,76,0,50.13928128046684,2886447.5995542966,2.6365187489843582
quadratic,N4cal,1.215,0.291,F4,77,0,-6.059117682231237,3.719073268776827,0.819764217665975
quadratic,N4cal,1.215,0.291,F4,78,0,2.2329146286091053,8.054951845179566,1.42772585877867
quadratic,N4cal,1.215,0.291,F4,79,0,-5.491920776874618,7.283994109617246,1.257623581360118
quadratic,N4cal,1.215,0.291,F4,80,0,-6.020781076521155,10.673887808959167,1.5575071331701718
quadratic,N4cal,1.215,0.291,F4,81,0,-2.486682278401213,17.311717340461534,1.3512138351050071
quadratic,N4cal,1.215,0.291,F4,82,0,0.6826062117246088,11.688940495731664,0.9201286972533852
quadratic,N4cal,1.215,0.291,F4,83,0,-1.5231143011333317,33.19594432294558,1.2066516562138045
quadratic,N4cal,1.215,0.291,F4,84,0,10.37516820231551,4.898289157215691,1.8177138382449778
quadratic,N4cal,1.215,0.291,F4,85,0,5.152232359940024,24.624024941756193,1.2943503877976066
quadratic,N4cal,1.215,0.291,F4,86,0,-2.1388756975550325,6.40308957627504,1.4028804174813991
quadratic,N4cal,1.215,0.291,F4,87,0,-2.7303883240442732,5.729682209305491,1.2732461511938502
quadratic,N4cal,1.215,0.291,F4,88,0,7.197623850790177,25.006241326508366,1.195690737412855
quadratic,N4cal,1.215,0.291,F4,89,0,4.568491216587038,25.77314336789043,1.434560031132196
quadratic,N4cal,1.215,0.291,F4,90,0,5.032881430703384,5.46286184711883,0.8677690799182446
quadratic,N4cal,1.215,0.291,F4,91,0,-8.046953581517933,423.56595865082124,2.1992968980893663
quadratic,N4cal,1.215,0.291,F4,92,0,-2.1233425014608978,3.959164890260876,0.9036230831287323
quadratic,N4cal,1.215,0.291,F4,93,0,4.850956053312547,88.52978706244514,1.2286929643623332
quadratic,N4cal,1.215,0.291,F4,94,0,2.6764811248543574,17.15459278802857,1.190391814655408
quadratic,N4cal,1.215,0.291,F4,95,0,-0.017932252927140648,21.309886237667605,1.340692419253154
quadratic,N4cal,1.215,0.291,F4,96,0,-4.127519152023409,11.468214003749964,1.2747775791339064
quadratic,N4cal,1.215,0.291,F4,97,0,2.9334991819658356,15.09261123674559,1.1545899873848804
quadratic,N4cal,1.215,0.291,F4,98,0,1.2326764469876663,8.032486881051765,0.9804333313581703
quadratic,N4cal,1.215,0.291,F4,99,0,-0.6951329655024524,28.792267389725044,1.3841357233340958
logistic,N3cal,1.215,0.291,F0,0,0,-0.5924772405957061,0.22436968098039997,-0.5476415759048808
logistic,N3cal,1.215,0.291,F0,1,0,1.3778113853391367,0.04990710530606317,-1.204577596697669
logistic,N3cal,1.215,0.291,F0,2,0,2.7485250995759554,0.07788997920662824,-1.2634620952138444
logistic,N3cal,1.215,0.291,F0,3,0,2.103371660541444,0.022873086774566696,-1.5016689773546419
logistic,N3cal,1.215,0.291,F0,4,0,-1.5752040628960546,0.06876220763633495,-1.0174139223958882
logistic,N3cal,1.215,0.291,F0,5,0,2.990830145312115,0.01531275877435553,-1.7924188218298145
logistic,N3cal,1.215,0.291,F0,6,0,1.786410809264875,0.027593739021667583,-1.549953697753135
logistic,N3cal,1.215,0.291,F0,7,0,3.3718099691213808,0.3079447394259218,-1.002937465121699
logistic,N3cal,1.215,0.291,F0,8,0,0.2740268745582455,0.07286511836395104,-1.077636627741458
logistic,N3cal,1.215,0.291,F0,9,0,-1.8777002822182287,0.03357440208844985,-1.0771723817279648
logistic,N3cal,1.215,0.291,F0,10,0,5.896723813490999,0.10421129262438061,-1.1128004284364457
logistic,N3cal,1.215,0.291,F0,11,0,2.868195046207957,0.18969371690423265,-1.3547946022925557
logistic,N3cal,1.215,0.291,F0,12,0,-0.539460258603349,0.13265658021705456,-0.8547062377898009
logistic,N3cal,1.215,0.291,F0,13,0,7.00302997592121,0.08726672966250801,-1.486856818045586
logistic,N3cal,1.215,0.291,F0,14,0,5.073069168194985,0.0929873513787478,-1.5523881276992189
logistic,N3cal,1.215,0.291,F0,15,0,-1.848988480484507,0.1999050388218958,-1.1611129317633724
logistic,N3cal,1.215,0.291,F0,16,0,-0.7238943920930889,0.09505232949812431,-1.080018476316483
logistic,N3cal,1.215,0.291,F0,17,0,-0.7901934427099393,0.11437989637984637,-1.1683819648896152
logistic,N3cal,1.215,0.291,F0,18,0,-2.5256847977369197,0.06920235556305226,-1.2344450249019099
logistic,N3cal,1.215,0.291,F0,19,0,6.257089160245501,0.06046498683432214,-1.4406193604298159
logistic,N3cal,1.215,0.291,F0,20,0,5.353323893036462,0.2571347320878837,-1.2461520637138184
logistic,N3cal,1.215,0.291,F0,21,0,2.8638248100371726,0.06944904495486559,-1.469108190389095
logistic,N3cal,1.215,0.291,F0,22,0,8.089182187100034,0.13578771802793982,-1.3497669911506476
logistic,N3cal,1.215,0.291,F0,23,0,-0.029587544795240055,0.4232504258679318,-0.9176667555924015
logistic,N3cal,1.215,0.291,F0,24,0,-0.5349633038304972,0.013976391066940791,-1.4712231098005686
logistic,N3cal,1.215,0.291,F0,25,0,-4.049327100291122,0.018400654434446693,-1.3709099238778402
logistic,N3cal,1.215,0.291,F0,26,0,-3.411896633902819,0.03238232639664485,-1.2573568848612366
logistic,N3cal,1.215,0.291,F0,27,0,2.5806471655104564,0.09134352759037495,-1.4415342807324145
logistic,N3cal,1.215,0.291,F0,28,0,-1.1528245726869393,0.16065001630148418,-1.0996431505013808
logistic,N3cal,1.215,0.291,F0,29,0,-2.02206657603063,0.02697058516503153,-1.474131223489579
logistic,N3cal,1.215,0.291,F0,30,0,4.3455315626729885,0.20062448570884783,-1.1322482554189688
logistic,N3cal,1.215,0.291,F0,31,0,-3.6031875948453567,0.0128321872781888,-1.356275246636523
logistic,N3cal,1.215,0.291,F0,32,0,-1.59190712158584,0.15243868075004968,-1.0248290585737714
logistic,N3cal,1.215,0.291,F0,33,0,-1.3709161613839203,0.04671955952402515,-1.0177904864933256
logistic,N3cal,1.215,0.291,F0,34,0,-1.9388534127637054,0.07946548404197604,-0.8114818413295508
logistic,N3cal,1.215,0.291,F0,35,0,-4.264581047013362,0.053713542765959035,-1.1705614850937707
logistic,N3cal,1.215,0.291,F0,36,0,9.547626040169911,0.10339490587240965,-1.258827387890388
logistic,N3cal,1.215,0.291,F0,37,0,-0.44761201370269926,0.1999219677574106,-0.8586946129652498
logistic,N3cal,1.215,0.291,F0,38,0,-0.5793127085277563,0.09866701299370564,-1.293889553116028
logistic,N3cal,1.215,0.291,F0,39,0,-3.023207219927839,0.19667006456472963,-1.1313518404573508
logistic,N3cal,1.215,0.291,F0,40,0,5.482782553853914,0.09682313842641938,-1.3041878712308057
logistic,N3cal,1.215,0.291,F0,41,0,-0.43052669287347484,0.28860202851778044,-1.1477644662630544
logistic,N3cal,1.215,0.291,F0,42,0,2.0107908204126432,0.1610668791099196,-0.9558207057802548
logistic,N3cal,1.215,0.291,F0,43,0,-2.9211375309454124,0.019055846011107866,-1.7312710337670925
logistic,N3cal,1.215,0.291,F0,44,0,0.1287815771675947,0.0438101167966459,-1.2301631802031234
logistic,N3cal,1.215,0.291,F0,45,0,-2.826713035510896,0.07305761489836658,-0.9566931825584719
logistic,N3cal,1.215,0.291,F0,46,0,-3.4254475736687353,0.026732375950187303,-1.3520111007075861
logistic,N3cal,1.215,0.291,F0,47,0,-3.592436955082423,0.06355638900663577,-1.2977655463384308
logistic,N3cal,1.215,0.291,F0,48,0,0.8510271796853621,0.05157620646501767,-1.3376506756942794
logistic,N3cal,1.215,0.291,F0,49,0,3.1652679802493124,0.18010887974710144,-1.2120655811092345
logistic,N3cal,1.215,0.291,F0,50,0,0.825748920634776,0.012650952131568933,-1.7261648557713765
logistic,N3cal,1.215,0.291,F0,51,0,6.827541249582675,0.16189552122392112,-1.1334554062968942
logistic,N3cal,1.215,0.291,F0,52,0,-5.599339767337715,0.08220666600116003,-1.2943290367448002
logistic,N3cal,1.215,0.291,F0,53,0,-3.586110176977024,0.007677681134899584,-1.6223121083589256
logistic,N3cal,1.215,0.291,F0,54,0,-4.682435308658319,0.019985565747263876,-1.310959636992727
logistic,N3cal,1.215,0.291,F0,55,0,6.875049487725132,0.051823616641101786,-1.4791396331809807
logistic,N3cal,1.215,0.291,F0,56,0,-1.9453819921586102,0.043047874505715164,-1.2845285093380778
logistic,N3cal,1.215,0.291,F0,57,0,-2.338797520790215,0.05762792341155752,-0.9315245215967686
logistic,N3cal,1.215,0.291,F0,58,0,-3.0229843693940834,0.010039509488219973,-1.3778284892373494
logistic,N3cal,1.215,0.291,F0,59,0,-2.3969710451639803,0.016355133381564767,-1.2711164009920661
logistic,N3cal,1.215,0.291,F0,60,0,-0.909914760398218,0.059540628259440245,-1.377730781870715
logistic,N3cal,1.215,0.291,F0,61,0,7.17648926623395,0.2889751700254297,-1.1512760568904024
logistic,N3cal,1.215,0.291,F0,62,0,-1.9885608830610713,0.049874733618726116,-1.049207847385949
logistic,N3cal,1.215,0.291,F0,63,0,-0.23713289719394087,0.2003680393162064,-0.8298768958086645
logistic,N3cal,1.215,0.291,F0,64,0,-1.4140021557499014,0.07243164913114084,-1.29331244254918
logistic,N3cal,1.215,0.291,F0,65,0,-0.06426253219391277,0.3874985369041206,-0.5385698666601083
logistic,N3cal,1.215,0.291,F0,66,0,0.9555785119740376,0.04474381096474815,-1.3190766566953604
logistic,N3cal,1.215,0.291,F0,67,0,2.5678435066556395,0.018041992611492627,-1.2467499873172494
logistic,N3cal,1.215,0.291,F0,68,0,-0.7351285461827243,0.009027905348450598,-1.7378923372348376
logistic,N3cal,1.215,0.291,F0,69,0,-0.03933594083566646,0.08041195646452744,-1.4149170510566753
logistic,N3cal,1.215,0.291,F0,70,0,9.700544558613135,0.0941777345139306,-1.6153367894534756
logistic,N3cal,1.215,0.291,F0,71,0,-3.1128393076049896,0.004919112136063452,-1.6947915147490908
logistic,N3cal,1.215,0.291,F0,72,0,-3.413341802168584,0.016254695881893478,-1.3582301935979963
logistic,N3cal,1.215,0.291,F0,73,0,-1.497565929928778,0.02163617351654306,-1.5649952161423892
logistic,N3cal,1.215,0.291,F0,74,0,-0.8556722186789153,0.03080993540689527,-1.0953618172075545
logistic,N3cal,1.215,0.291,F0,75,0,6.287458091180777,0.0494159063507929,-1.5202457310425501
logistic,N3cal,1.215,0.291,F0,76,0,-0.12389864081806436,0.3649676469749062,-0.7244020069133902
logistic,N3cal,1.215,0.291,F0,77,0,-2.556611264301092,0.039559830331952366,-1.2427471002928359
logistic,N3cal,1.215,0.291,F0,78,0,-0.23980459021735198,0.23314736056479846,-0.6184216987720215
logistic,N3cal,1.215,0.291,F0,79,0,-0.18776530432313557,0.11766545111573132,-0.9664027844506288
logistic,N3cal,1.215,0.291,F0,80,0,-0.047853858963222126,0.2730303656486419,-0.5850294125780239
logistic,N3cal,1.215,0.291,F0,81,0,-1.013059814526517,0.08382190218318883,-1.247029615014996
logistic,N3cal,1.215,0.291,F0,82,0,-3.1519801881100555,0.02510913893354334,-1.309922017180439
logistic,N3cal,1.215,0.291,F0,83,0,-0.6009090028958798,0.22084410333904786,-0.8383192863247882
logistic,N3cal,1.215,0.291,F0,84,0,1.8705462644008288,0.051332606354874244,-1.4160432823701687
logistic,N3cal,1.215,0.291,F0,85,0,-0.12777679885185636,0.017938167440399708,-1.5400766639952133
logistic,N3cal,1.215,0.291,F0,86,0,-0.4391392935754763,0.04786129202470096,-1.0925071026796724
logistic,N3cal,1.215,0.291,F0,87,0,-2.97834758870681,0.0160227504081761,-1.2705701424221534
logistic,N3cal,1.215,0.291,F0,88,0,-1.4562509945944266,0.01860238168798118,-1.4094881660579563
logistic,N3cal,1.215,0.291,F0,89,0,-3.638961920204284,0.011335118914429258,-1.2921152514937828
logistic,N3cal,1.215,0.291,F0,90,0,10.454308805632241,0.34447077152091743,-1.1247057788690134
logistic,N3cal,1.215,0.291,F0,91,0,-3.253051914978274,0.07364776675655016,-1.0277330895535615
logistic,N3cal,1.215,0.291,F0,92,0,-2.996282176831235,0.014208845436094783,-1.6453988831417925
logistic,N3cal,1.215,0.291,F0,93,0,-0.03469572017190446,0.234809015020224,-0.9185338862102366
logistic,N3cal,1.215,0.291,F0,94,0,-1.469756080905889,0.013160120061508358,-1.439204335010525
logistic,N3cal,1.215,0.291,F0,95,0,0.27891492552760944,0.07628432259210788,-1.2880427125322513
logistic,N3cal,1.215,0.291,F0,96,0,2.8973292879510457,0.29520751514163013,-1.2194134738686755
logistic,N3cal,1.215,0.291,F0,97,0,-1.7793608112676376,0.01876191760491809,-1.2219746866204864
logistic,N3cal,1.215,0.291,F0,98,0,-1.1186987362755199,0.027280117579131506,-1.332155300003169
logistic,N3cal,1.215,0.291,F0,99,0,-1.4125456914499015,0.024163667053306668,-1.4345927563838643
logistic,N3cal,1.215,0.291,F4,0,1,1.7671733433289472,0.0005295042232756053,-2.8675310760296644
logistic,N3cal,1.215,0.291,F4,1,1,-1.065614331797594,0.00042025593251760395,-2.8630095135411358
logistic,N3cal,1.215,0.291,F4,2,1,-0.2916991729969762,0.0006081785026053562,-2.78535960023038
logistic,N3cal,1.215,0.291,F4,3,1,-3.379024677962928,0.0004585172139720402,-2.819320493081969
logistic,N3cal,1.215,0.291,F4,4,1,-0.6831594376282164,0.000607371783596809,-2.8504496815606855
logistic,N3cal,1.215,0.291,F4,5,1,0.4544906021915139,0.0006110218196265828,-2.81964935689156
logistic,N3cal,1.215,0.291,F4,6,1,0.6204194250657568,0.00042242019249141426,-2.8818691806425734
logistic,N3cal,1.215,0.291,F4,7,1,0.3249940183546008,0.0003690388134317437,-2.867412554932894
logistic,N3cal,1.215,0.291,F4,8,1,-2.540007336016742,0.0003933924296595827,-2.8524336103239194
logistic,N3cal,1.215,0.291,F4,9,1,0.9181041202630098,0.0004970448343396788,-2.8528426683761268
logistic,N3cal,1.215,0.291,F4,10,1,-2.257802231130127,0.0003465063761012527,-2.8463348938143858
logistic,N3cal,1.215,0.291,F4,11,1,-1.1901140763372047,0.00039596746262938353,-2.883658793596592
logistic,N3cal,1.215,0.291,F4,12,1,0.3394447104966801,0.00034484729966853924,-2.9754076672678003
logistic,N3cal,1.215,0.291,F4,13,1,-2.3747291620206132,0.00031223215704503216,-2.893615242721509
logistic,N3cal,1.215,0.291,F4,14,1,-1.47110440018847,0.0002901715278939286,-2.946919311652531
logistic,N3cal,1.215,0.291,F4,15,1,-0.7764688358984532,0.00043143202738231336,-2.853323020811146
logistic,N3cal,1.215,0.291,F4,16,1,1.8987555052300784,0.0007979314139297631,-2.8126873262524175
logistic,N3cal,1.215,0.291,F4,17,1,-1.0780652423667763,0.0004225068942218213,-2.851044991821184
logistic,N3cal,1.215,0.291,F4,18,1,0.2698926010477244,0.00047434666726235903,-2.837754393785107
logistic,N3cal,1.215,0.291,F4,19,1,-1.3572558068516947,0.0004713556647963586,-2.8444332099912097
logistic,N3cal,1.215,0.291,F4,20,1,-0.3872890424123939,0.0005217812946469297,-2.8151396558932174
logistic,N3cal,1.215,0.291,F4,21,1,0.3520816442808179,0.0008225459726692252,-2.776032876702591
logistic,N3cal,1.215,0.291,F4,22,1,-0.9798151726839781,0.00045631381253497124,-2.8481554328257133
logistic,N3cal,1.215,0.291,F4,23,1,1.4292226204722664,0.0007774558721200094,-2.808060916788671
logistic,N3cal,1.215,0.291,F4,24,1,-1.0607568830163923,0.00045946549655035904,-2.9002342678537874
logistic,N3cal,1.215,0.291,F4,25,1,-1.542455239844457,0.0006048778805492637,-2.7706763008772373
logistic,N3cal,1.215,0.291,F4,26,1,-2.2302231934450556,0.0002793917395246653,-2.8651464798730135
logistic,N3cal,1.215,0.291,F4,27,1,-1.320162468474124,0.0003434882756076652,-2.868885976182963
logistic,N3cal,1.215,0.291,F4,28,1,-3.8122366065377284,0.00026629006485885665,-2.8793525075959976
logistic,N3cal,1.215,0.291,F4,29,1,-1.2261923325261046,0.0004060394685229141,-2.853984226847686
logistic,N3cal,1.215,0.291,F4,30,1,-1.5477853866211198,0.00045128659055300273,-2.839774934377097
logistic,N3cal,1.215,0.291,F4,31,1,-2.2142301151485113,0.00046286494808893755,-2.8274586269120396
logistic,N3cal,1.215,0.291,F4,32,1,-0.6697205253224929,0.0005531380572912931,-2.8268536389030476
logistic,N3cal,1.215,0.291,F4,33,1,-1.2533064024741887,0.0004353218357787312,-2.8798098621625505
logistic,N3cal,1.215,0.291,F4,34,1,0.4361163886245154,0.0005095431610381168,-2.8605936925445974
logistic,N3cal,1.215,0.291,F4,35,1,-1.8179935028340808,0.0003838339982282557,-2.8490685502554305
logistic,N3cal,1.215,0.291,F4,36,1,0.656404761253184,0.000557993542533875,-2.815102029615174
logistic,N3cal,1.215,0.291,F4,37,1,-0.0006712193073125434,0.0003928121110522402,-2.83784448588209
logistic,N3cal,1.215,0.291,F4,38,1,-0.9496784645553078,0.0005194409681846691,-2.834174117220609
logistic,N3cal,1.215,0.291,F4,39,1,1.5395796817657093,0.0006184841003208368,-2.8496500974828103
logistic,N3cal,1.215,0.291,F4,40,1,0.880214570026686,0.0006398513201856346,-2.830133238968466
logistic,N3cal,1.215,0.291,F4,41,1,-0.35644956659239346,0.0004165104822744801,-2.862629443226849
logistic,N3cal,1.215,0.291,F4,42,1,-0.9376777641404078,0.0005102112842109471,-2.842056370623397
logistic,N3cal,1.215,0.291,F4,43,1,-0.2672327911276594,0.0006714699616122742,-2.7685820683970195
logistic,N3cal,1.215,0.291,F4,44,1,-0.127706171564486,0.0005085892932134759,-2.8855568764841584
logistic,N3cal,1.215,0.291,F4,45,1,-1.5870398378534258,0.0005467822041806214,-2.7726384031475444
logistic,N3cal,1.215,0.291,F4,46,1,0.1376707412529409,0.0005363540689054308,-2.824975419530313
logistic,N3cal,1.215,0.291,F4,47,1,-0.8800161034582562,0.0005905176872699161,-2.798554724273187
logistic,N3cal,1.215,0.291,F4,48,1,-0.38227211350269524,0.0005144219280188285,-2.817539910763463
logistic,N3cal,1.215,0.291,F4,49,1,-1.1920161681436607,0.0004954963321609177,-2.837155429572797
logistic,N3cal,1.215,0.291,F4,50,1,0.8289209637275222,0.0004957117063425318,-2.8060354313344407
logistic,N3cal,1.215,0.291,F4,51,1,2.527316014398754,0.0005075532938592784,-2.887597230915623
logistic,N3cal,1.215,0.291,F4,52,1,-0.8034303602897002,0.00043065311055554413,-2.856977094487804
logistic,N3cal,1.215,0.291,F4,53,1,-1.2700338735358652,0.0004713640622692503,-2.870816942946152
logistic,N3cal,1.215,0.291,F4,54,1,-1.3470044697215016,0.0005028687707470494,-2.808313109148982
logistic,N3cal,1.215,0.291,F4,55,1,-0.7200475239034076,0.0004274188891247153,-2.8668693625184094
logistic,N3cal,1.215,0.291,F4,56,1,-0.21229744711601445,0.000482767681231785,-2.857301543043312
logistic,N3cal,1.215,0.291,F4,57,1,0.7203321435584613,0.0006853852759854662,-2.8277825540681993
logistic,N3cal,1.215,0.291,F4,58,1,-0.9433138548723379,0.0005430150401504379,-2.7802425443909353
logistic,N3cal,1.215,0.291,F4,59,1,-1.2641979568980553,0.00042201725847525347,-2.8532938749129158
logistic,N3cal,1.215,0.291,F4,60,1,-1.3364406621660416,0.00037488679152189897,-2.8860665820861753
logistic,N3cal,1.215,0.291,F4,61,1,0.8157800537418276,0.00046972019832002313,-2.8563473288204393
logistic,N3cal,1.215,0.291,F4,62,1,-0.8280525042208762,0.0004804704075932383,-2.8793013994996217
logistic,N3cal,1.215,0.291,F4,63,1,-3.308703062951716,0.0004137222062593919,-2.8052233937436175
logistic,N3cal,1.215,0.291,F4,64,1,0.17599204830552057,0.0006809079629773863,-2.827963324751684
logistic,N3cal,1.215,0.291,F4,65,1,-1.3083174687565815,0.0005273039621236676,-2.8489685052615963
logistic,N3cal,1.215,0.291,F4,66,1,-2.032720593187184,0.0006118849764745099,-2.7359217992801255
logistic,N3cal,1.215,0.291,F4,67,1,-1.0526842916667296,0.00047851542344058364,-2.7985920110272327
logistic,N3cal,1.215,0.291,F4,68,1,-2.4768140626160298,0.0004727222016124035,-2.8080250268306592
logistic,N3cal,1.215,0.291,F4,69,1,-0.62118424841229,0.00032816512039701847,-2.9051413922029976
logistic,N3cal,1.215,0.291,F4,70,1,-1.9835614023767403,0.00036429846098883173,-2.874041344727457
logistic,N3cal,1.215,0.291,F4,71,1,0.10160140466373369,0.0004861183583128833,-2.837960693013953
logistic,N3cal,1.215,0.291,F4,72,1,-0.13528806706336097,0.0005769299915141686,-2.7994623235028038
logistic,N3cal,1.215,0.291,F4,73,1,-1.5017911796710048,0.0005760098817619741,-2.788283177033903
logistic,N3cal,1.215,0.291,F4,74,1,-1.1946593282235596,0.00046191178939381417,-2.8406268123894396
logistic,N3cal,1.215,0.291,F4,75,1,-3.455839539502679,0.0004677075644699641,-2.8268251722308113
logistic,N3cal,1.215,0.291,F4,76,1,-1.8240689443704787,0.0005763419375122726,-2.7461823271762436
logistic,N3cal,1.215,0.291,F4,77,1,-1.4888032865139669,0.00048497548051791014,-2.9030593904608417
logistic,N3cal,1.215,0.291,F4,78,1,-2.520402075029498,0.00046148658013358597,-2.8420190937692853
logistic,N3cal,1.215,0.291,F4,79,1,1.1483291553383177,0.000676575305678481,-2.8312280289790808
logistic,N3cal,1.215,0.291,F4,80,1,0.7668544721333438,0.0004513588927330905,-2.8489499602832598
logistic,N3cal,1.215,0.291,F4,81,1,-0.9862975079064386,0.000572934011353943,-2.798747718173217
logistic,N3cal,1.215,0.291,F4,82,1,-2.733626859875346,0.0004018270771067755,-2.8346567436641634
logistic,N3cal,1.215,0.291,F4,83,1,-0.3164471248632864,0.00038318833863547656,-2.905273193951645
logistic,N3cal,1.215,0.291,F4,84,1,-2.5397459768883692,0.00028653323834050527,-2.946981021319446
logistic,N3cal,1.215,0.291,F4,85,1,-2.4158994446262074,0.0005988748485934619,-2.793002857729007
logistic,N3cal,1.215,0.291,F4,86,1,-0.39292217271470203,0.0005622129625530946,-2.867025506831138
logistic,N3cal,1.215,0.291,F4,87,1,-2.820447951139765,0.000465822466817675,-2.830180470975778
logistic,N3cal,1.215,0.291,F4,88,1,-1.9017932210298203,0.0004539785509081705,-2.830341480767772
logistic,N3cal,1.215,0.291,F4,89,1,-1.335916649691403,0.0003718698646867973,-2.86362355088067
logistic,N3cal,1.215,0.291,F4,90,1,-0.6792667149003572,0.0004689618628752346,-2.8383801264910633
logistic,N3cal,1.215,0.291,F4,91,1,-1.0541231800547237,0.0005130405071157123,-2.829138953889071
logistic,N3cal,1.215,0.291,F4,92,1,-2.6049254003484723,0.00043091299601667873,-2.8430117542019593
logistic,N3cal,1.215,0.291,F4,93,1,-2.2759668974006146,0.000558612410680822,-2.773089680855714
logistic,N3cal,1.215,0.291,F4,94,1,-0.9409053263513407,0.00035647167576735025,-2.9019602150315467
logistic,N3cal,1.215,0.291,F4,95,1,-2.1039040951271466,0.0005003996472572052,-2.7788585371984476
logistic,N3cal,1.215,0.291,F4,96,1,0.34633963544125046,0.00037851854871807336,-2.9229072135845757
logistic,N3cal,1.215,0.291,F4,97,1,0.5465852791739834,0.000685197458367779,-2.8234584022741505
logistic,N3cal,1.215,0.291,F4,98,1,-3.091317729289872,0.0005071489016514446,-2.770167827519338
logistic,N3cal,1.215,0.291,F4,99,1,-2.003469573707009,0.00025081418565688535,-2.9845550966275374
logistic,N4cal,1.215,0.291,F0,0,0,-0.21052670008596436,0.28287410205400576,-0.5356673153696386
logistic,N4cal,1.215,0.291,F0,1,0,-0.04588255057282089,0.37408342783928816,-0.5083328879606399
logistic,N4cal,1.215,0.291,F0,2,0,-0.3920824957648267,0.314011727575633,-0.5120143970181228
logistic,N4cal,1.215,0.291,F0,3,0,0.5936185987781971,0.3704674766664578,-0.5168412780334933
logistic,N4cal,1.215,0.291,F0,4,0,0.005304938323390551,0.13870781437206722,-0.8042928549984999
logistic,N4cal,1.215,0.291,F0,5,0,0.22759184857906442,0.30610265192993674,-0.6167446862933615
logistic,N4cal,1.215,0.291,F0,6,0,-0.7826012663250361,0.24981997058249328,-0.5769624908433084
logistic,N4cal,1.215,0.291,F0,7,0,-0.5278025035175608,0.3297402228961686,-0.45060402415481593
logistic,N4cal,1.215,0.291,F0,8,0,-0.17006227112118946,0.19564143469920975,-0.6673853234736841
logistic,N4cal,1.215,0.291,F0,9,0,0.27274927713918423,0.31964251253607523,-0.6242674453767515
logistic,N4cal,1.215,0.291,F0,10,0,-0.08696842606492351,0.2965517337730717,-0.5490618983344989
logistic,N4cal,1.215,0.291,F0,11,0,-0.15990268326675486,0.32643418856579187,-0.48265360933210316
logistic,N4cal,1.215,0.291,F0,12,0,-0.17739886212561512,0.13476828572533298,-0.7458991698114344
logistic,N4cal,1.215,0.291,F0,13,0,-0.36865156377969677,0.18499840005053822,-0.6481915573765118
logistic,N4cal,1.215,0.291,F0,14,0,-0.3551662325116667,0.19857079018577642,-0.6535468013837812
logistic,N4cal,1.215,0.291,F0,15,0,0.3047795842746917,0.3806716039365101,-0.43926244564302963
logistic,N4cal,1.215,0.291,F0,16,0,-0.17277920142268088,0.14972654413300404,-0.8413805192136967
logistic,N4cal,1.215,0.291,F0,17,0,-0.10212652865022666,0.23696930114828463,-0.6289389141290411
logistic,N4cal,1.215,0.291,F0,18,0,-0.36665892081465945,0.15108144470333312,-0.6642547793893973
logistic,N4cal,1.215,0.291,F0,19,0,-0.22897344115287832,0.253453609791012,-0.5982219732459947
logistic,N4cal,1.215,0.291,F0,20,0,-0.11495880269399462,0.35099072981662316,-0.46042786214754505
logistic,N4cal,1.215,0.291,F0,21,0,-0.4020452223006052,0.2598013055401892,-0.5715675892926553
logistic,N4cal,1.215,0.291,F0,22,0,-0.37799928469115707,0.19743804691798672,-0.6171302278900839
logistic,N4cal,1.215,0.291,F0,23,0,0.0057510698559997495,0.43282356328459126,-0.36837360937673885
logistic,N4cal,1.215,0.291,F0,24,0,1.0081915694844366,0.18454830290130725,-0.871587163954075
logistic,N4cal,1.215,0.291,F0,25,0,-0.46022896973388033,0.272822608067522,-0.605123231157237
logistic,N4cal,1.215,0.291,F0,26,0,-0.22619877768800978,0.31423770961028985,-0.5245050592786675
logistic,N4cal,1.215,0.291,F0,27,0,-0.18479723140877205,0.2715476422945823,-0.5556761808176525
logistic,N4cal,1.215,0.291,F0,28,0,0.19203876386648744,0.30528757938036566,-0.5389511382676978
logistic,N4cal,1.215,0.291,F0,29,0,0.6540834244936974,0.09395663443036287,-0.9451743636722068
logistic,N4cal,1.215,0.291,F0,30,0,0.017684431019168497,0.2504527571840176,-0.5488096020574748
logistic,N4cal,1.215,0.291,F0,31,0,-0.3257744804472521,0.14890976652230034,-0.7393734956705739
logistic,N4cal,1.215,0.291,F0,32,0,-0.5258610845650625,0.16456374302376842,-0.6510921712601817
logistic,N4cal,1.215,0.291,F0,33,0,0.1921706355433543,0.1590019191567225,-0.6944146442011424
logistic,N4cal,1.215,0.291,F0,34,0,-0.1402566666277032,0.27913719491267286,-0.5787588722636082
logistic,N4cal,1.215,0.291,F0,35,0,0.10208452287406923,0.10099048363313674,-0.8176147374606115
logistic,N4cal,1.215,0.291,F0,36,0,-0.05406264885900029,0.29755286074213017,-0.5893312203102249
logistic,N4cal,1.215,0.291,F0,37,0,0.16859812459312692,0.21847510958551028,-0.6267286834099421
logistic,N4cal,1.215,0.291,F0,38,0,0.18537300530776338,0.1959000234288722,-0.7226419264835431
logistic,N4cal,1.215,0.291,F0,39,0,-0.09035559805983276,0.33893214005618905,-0.42368153842624345
logistic,N4cal,1.215,0.291,F0,40,0,1.0827669020417519,0.4372281912316118,-0.4646561019291498
logistic,N4cal,1.215,0.291,F0,41,0,-0.15259020132020193,0.33702589276550576,-0.4631776004148797
logistic,N4cal,1.215,0.291,F0,42,0,-0.06394644566156017,0.22911006374759968,-0.604395246361381
logistic,N4cal,1.215,0.291,F0,43,0,0.15337074695517897,0.16144661218972123,-0.7488148071645218
logistic,N4cal,1.215,0.291,F0,44,0,0.15501246764524756,0.19421817429791938,-0.7506382073885633
logistic,N4cal,1.215,0.291,F0,45,0,-0.19765786403700097,0.23466982025117497,-0.5419444213905589
logistic,N4cal,1.215,0.291,F0,46,0,1.360419820907088,0.18094161573579895,-0.8104942085811414
logistic,N4cal,1.215,0.291,F0,47,0,-0.14770108569066537,0.1615017794402384,-0.7125573178810074
logistic,N4cal,1.215,0.291,F0,48,0,0.1909751711274901,0.27337279781522983,-0.5702888287506691
logistic,N4cal,1.215,0.291,F0,49,0,0.000838650785603947,0.39003204326188046,-0.51384686710209
logistic,N4cal,1.215,0.291,F0,50,0,-0.34959468396174,0.2583856970926256,-0.602591176053872
logistic,N4cal,1.215,0.291,F0,51,0,0.050362223517335596,0.4183666930180363,-0.4539441584361917
logistic,N4cal,1.215,0.291,F0,52,0,-0.8109094355233586,0.1705650148552616,-0.6132459068386077
logistic,N4cal,1.215,0.291,F0,53,0,0.16110739763048537,0.3150915087805412,-0.664619108516906
logistic,N4cal,1.215,0.291,F0,54,0,-0.06882373076469944,0.3104358648419916,-0.5181404224047162
logistic,N4cal,1.215,0.291,F0,55,0,0.4812219895653573,0.2019432409824733,-0.7991165640542286
logistic,N4cal,1.215,0.291,F0,56,0,-0.050285445784236736,0.18544367114963783,-0.6844223085459742
logistic,N4cal,1.215,0.291,F0,57,0,-0.8948960565051389,0.24734110038057958,-0.5156315741181242
logistic,N4cal,1.215,0.291,F0,58,0,0.08869395079889969,0.23319900607514887,-0.744807053054965
logistic,N4cal,1.215,0.291,F0,59,0,1.1395459145670412,0.2003525699252946,-0.7568260457055259
logistic,N4cal,1.215,0.291,F0,60,0,0.5285400542493608,0.15102905047037626,-0.8622481942319564
logistic,N4cal,1.215,0.291,F0,61,0,-0.05427984959079607,0.2951663185426866,-0.5305480747974355
logistic,N4cal,1.215,0.291,F0,62,0,-0.028675936225005087,0.24929297937444572,-0.6131440859572409
logistic,N4cal,1.215,0.291,F0,63,0,-0.16272355306472977,0.21610051788861268,-0.6380856386511219
logistic,N4cal,1.215,0.291,F0,64,0,0.004397869934453013,0.288677721930496,-0.5568516086221862
logistic,N4cal,1.215,0.291,F0,65,0,-0.045211431320865955,0.3924296894839524,-0.39291831735351995
logistic,N4cal,1.215,0.291,F0,66,0,0.5593604548797046,0.19002832146399512,-0.7141988095980326
logistic,N4cal,1.215,0.291,F0,67,0,-0.07219214366151809,0.20948218953615794,-0.7314601412836411
logistic,N4cal,1.215,0.291,F0,68,0,-0.8202107669324318,0.09176684704351994,-0.9354562332820205
logistic,N4cal,1.215,0.291,F0,69,0,-0.153059901127433,0.3896172070686018,-0.43572594141177473
logistic,N4cal,1.215,0.291,F0,70,0,1.3796616553134553,0.3203869121534079,-0.6334617608014357
logistic,N4cal,1.215,0.291,F0,71,0,1.03143413121575,0.35610519653760175,-0.7650112509183761
logistic,N4cal,1.215,0.291,F0,72,0,-1.3330026828517105,0.13953270783155905,-0.6693980738784068
logistic,N4cal,1.215,0.291,F0,73,0,-0.03947083525822548,0.2563803957812374,-0.5643454278717895
logistic,N4cal,1.215,0.291,F0,74,0,-0.06490830526463919,0.2694279342617052,-0.5766521368534319
logistic,N4cal,1.215,0.291,F0,75,0,-0.24995881451822857,0.2594202977465523,-0.5568384572664589
logistic,N4cal,1.215,0.291,F0,76,0,-0.01614536519232453,0.37960354224774084,-0.4156898034813142
logistic,N4cal,1.215,0.291,F0,77,0,-0.049550767438009194,0.3642377621909748,-0.5016275834243581
logistic,N4cal,1.215,0.291,F0,78,0,-0.0622770050724538,0.3938145365455119,-0.38619725299853674
logistic,N4cal,1.215,0.291,F0,79,0,-0.2665804230011911,0.3805421842494069,-0.4295938038987268
logistic,N4cal,1.215,0.291,F0,80,0,-0.23263655744883643,0.23555915918293807,-0.5835752593131274
logistic,N4cal,1.215,0.291,F0,81,0,0.2594457651878142,0.19824526095097855,-0.7071479270221289
logistic,N4cal,1.215,0.291,F0,82,0,-1.3990556450513627,0.15654839407563043,-0.697289216323733
logistic,N4cal,1.215,0.291,F0,83,0,0.12532494921224224,0.33289185262494514,-0.49693036753050734
logistic,N4cal,1.215,0.291,F0,84,0,-1.8493642290566428,0.20162884881040688,-0.5422535157624535
logistic,N4cal,1.215,0.291,F0,85,0,0.014807025621779999,0.23504291950871026,-0.6992100118038915
logistic,N4cal,1.215,0.291,F0,86,0,-0.2229684748094014,0.3211204750548974,-0.4241964151183746
logistic,N4cal,1.215,0.291,F0,87,0,-1.1794273176161443,0.2064023568100679,-0.5462077829599213
logistic,N4cal,1.215,0.291,F0,88,0,1.9213916728035794,0.22810788305365523,-0.7437966206497613
logistic,N4cal,1.215,0.291,F0,89,0,1.1195383482620156,0.251024416775006,-0.6265921356941212
logistic,N4cal,1.215,0.291,F0,90,0,-0.07219990728028534,0.28154975051882836,-0.5323655016492085
logistic,N4cal,1.215,0.291,F0,91,0,-0.5845807911076651,0.2066990873037212,-0.6296919911776493
logistic,N4cal,1.215,0.291,F0,92,0,0.9228020790233523,0.15953999182055864,-0.8657539042962432
logistic,N4cal,1.215,0.291,F0,93,0,0.1853362681763941,0.24521797945772783,-0.6180741852241259
logistic,N4cal,1.215,0.291,F0,94,0,0.2615741744482322,0.2059888302471589,-0.6803038260113242
logistic,N4cal,1.215,0.291,F0,95,0,0.009658745863185112,0.17009034783557753,-0.7576417869826749
logistic,N4cal,1.215,0.291,F0,96,0,-0.057770511122325355,0.3124560351910488,-0.5092920199128729
logistic,N4cal,1.215,0.291,F0,97,0,-2.0221970017986126,0.16071354319501768,-0.6656248249490329
logistic,N4cal,1.215,0.291,F0,98,0,0.13018159603583562,0.2490161777324182,-0.6254302386626222
logistic,N4cal,1.215,0.291,F0,99,0,0.009943071251846259,0.4145841925470579,-0.48331816621535395
logistic,N4cal,1.215,0.291,F4,0,0,-0.19720729083371585,0.2765399881187701,-0.5451622361847275
logistic,N4cal,1.215,0.291,F4,1,0,-0.05492855293301621,0.371490653110568,-0.517382682303285
logistic,N4cal,1.215,0.291,F4,2,0,-0.4156805755692449,0.3092586580117755,-0.5232523514143095
logistic,N4cal,1.215,0.291,F4,3,0,0.6741147384580544,0.3479329396219938,-0.5403624399321632
logistic,N4cal,1.215,0.291,F4,4,0,-0.044636570292126844,0.13461019299069374,-0.8134353644733325
logistic,N4cal,1.215,0.291,F4,5,0,0.4392464494500602,0.2994673424164985,-0.6443623519076491
logistic,N4cal,1.215,0.291,F4,6,0,-0.7711219129397456,0.24105821994469911,-0.595639489315725
logistic,N4cal,1.215,0.291,F4,7,0,-0.488302940085101,0.33202206541956525,-0.454340188945682
logistic,N4cal,1.215,0.291,F4,8,0,-0.16920037502731763,0.19312047347525782,-0.6784629583640225
logistic,N4cal,1.215,0.291,F4,9,0,0.3580421179302726,0.31304947859231297,-0.6421020809152537
logistic,N4cal,1.215,0.291,F4,10,0,-0.12403593357019983,0.2866353029373923,-0.568610849786584
logistic,N4cal,1.215,0.291,F4,11,0,-0.20097314601762287,0.3147869702995064,-0.49584601362320907
logistic,N4cal,1.215,0.291,F4,12,0,-0.2517878768168314,0.13078476684041523,-0.7531664607065941
logistic,N4cal,1.215,0.291,F4,13,0,-0.42715219458051396,0.17401303275772587,-0.6739759600148139
logistic,N4cal,1.215,0.291,F4,14,0,-0.4412832633499529,0.1880229953361808,-0.6712932006174187
logistic,N4cal,1.215,0.291,F4,15,0,0.26512286571427646,0.3722811614682593,-0.44344882474746555
logistic,N4cal,1.215,0.291,F4,16,0,-0.16830819023660512,0.14220297591339945,-0.8580243023607921
logistic,N4cal,1.215,0.291,F4,17,0,-0.13457102755492184,0.22722899055860052,-0.6507299551057498
logistic,N4cal,1.215,0.291,F4,18,0,-0.31077829803409185,0.14414680088482218,-0.6854146417522549
logistic,N4cal,1.215,0.291,F4,19,0,-0.24236391238189936,0.24861209889129193,-0.6117713030195352
logistic,N4cal,1.215,0.291,F4,20,0,-0.12429316704471091,0.3508375758449746,-0.4631171525483917
logistic,N4cal,1.215,0.291,F4,21,0,-0.4379416613636584,0.25146247594784277,-0.5916155562998726
logistic,N4cal,1.215,0.291,F4,22,0,-0.44989859791732495,0.1918556896398677,-0.6295546113515448
logistic,N4cal,1.215,0.291,F4,23,0,-0.0035830696621053006,0.43026457256493345,-0.36921982784509283
logistic,N4cal,1.215,0.291,F4,24,0,1.0618797378501166,0.17121711460581768,-0.9014479174257334
logistic,N4cal,1.215,0.291,F4,25,0,-0.3607893911162611,0.2598599073426229,-0.6194862170823199
logistic,N4cal,1.215,0.291,F4,26,0,-0.27601662164274293,0.2976174347712029,-0.5544648092919313
logistic,N4cal,1.215,0.291,F4,27,0,-0.2169775540142771,0.2696851319529104,-0.5572787356389435
logistic,N4cal,1.215,0.291,F4,28,0,0.2129942938286333,0.29482686418250925,-0.5519043477215065
logistic,N4cal,1.215,0.291,F4,29,0,0.5649692352233513,0.08571007652959013,-0.9700142793910216
logistic,N4cal,1.215,0.291,F4,30,0,0.007878067802089325,0.2500046832078153,-0.5499483191673938
logistic,N4cal,1.215,0.291,F4,31,0,-0.2664025172724993,0.1418165824900106,-0.7504509141726865
logistic,N4cal,1.215,0.291,F4,32,0,-0.6975145861663645,0.1686851689155981,-0.6439788142437081
logistic,N4cal,1.215,0.291,F4,33,0,0.07167326441804338,0.14953978048410801,-0.7175094673149548
logistic,N4cal,1.215,0.291,F4,34,0,-0.11142538406994482,0.273034828725887,-0.590546991580347
logistic,N4cal,1.215,0.291,F4,35,0,0.08768360126224616,0.0994225046593611,-0.8224263484614355
logistic,N4cal,1.215,0.291,F4,36,0,-0.03857330528116158,0.29403534559507694,-0.603657751041837
logistic,N4cal,1.215,0.291,F4,37,0,0.11154120868170032,0.21346777022786667,-0.6298970050960914
logistic,N4cal,1.215,0.291,F4,38,0,0.17574988294748636,0.19236799345884237,-0.7304524133697665
logistic,N4cal,1.215,0.291,F4,39,0,-0.13097875780899884,0.34087644031219044,-0.4199889048151311
logistic,N4cal,1.215,0.291,F4,40,0,1.2266280233139097,0.4337418782779471,-0.48225263080488956
logistic,N4cal,1.215,0.291,F4,41,0,-0.13147213002462063,0.3363486335190198,-0.4640595992791071
logistic,N4cal,1.215,0.291,F4,42,0,-0.10506725458397381,0.2262553877718086,-0.608426420913749
logistic,N4cal,1.215,0.291,F4,43,0,0.0739919714604405,0.155625820636796,-0.771590225375911
logistic,N4cal,1.215,0.291,F4,44,0,0.12725159188683088,0.1875599151809248,-0.7637976474978234
logistic,N4cal,1.215,0.291,F4,45,0,-0.2607991717889808,0.23090077960959657,-0.5442228853437922
logistic,N4cal,1.215,0.291,F4,46,0,1.5497804843732916,0.17543902242314602,-0.8136524326877728
logistic,N4cal,1.215,0.291,F4,47,0,-0.1985540445950048,0.15164012261010285,-0.7335477829213827
logistic,N4cal,1.215,0.291,F4,48,0,0.18933551318273323,0.2632425623596176,-0.5872665762348911
logistic,N4cal,1.215,0.291,F4,49,0,-0.002553560326595355,0.38866881542064036,-0.5183069351601091
logistic,N4cal,1.215,0.291,F4,50,0,-0.37214012535826835,0.2503991430898468,-0.6283196812171492
logistic,N4cal,1.215,0.291,F4,51,0,0.05735156398380916,0.4168112683216223,-0.45860914432300137
logistic,N4cal,1.215,0.291,F4,52,0,-0.8237750587588057,0.1707307997399654,-0.6056423839405082
logistic,N4cal,1.215,0.291,F4,53,0,0.1813094930387468,0.3076860052324352,-0.6919085906059702
logistic,N4cal,1.215,0.291,F4,54,0,-0.09435874226589307,0.30516350703317585,-0.5272672285066712
logistic,N4cal,1.215,0.291,F4,55,0,0.5001672709036256,0.1955518307627707,-0.8295730231977626
logistic,N4cal,1.215,0.291,F4,56,0,-0.11532394317983298,0.1784268920692259,-0.6900402722760579
logistic,N4cal,1.215,0.291,F4,57,0,-0.9942382671651239,0.2370634741028701,-0.5309092461191293
logistic,N4cal,1.215,0.291,F4,58,0,0.12786745195166213,0.2238940982095845,-0.7682462620783359
logistic,N4cal,1.215,0.291,F4,59,0,1.1278169425340563,0.1845061988737981,-0.7743183172356866
logistic,N4cal,1.215,0.291,F4,60,0,0.45095819711814034,0.14316961748059412,-0.872564100921821
logistic,N4cal,1.215,0.291,F4,61,0,-0.05274896676398801,0.2949776691263043,-0.5341125139148186
logistic,N4cal,1.215,0.291,F4,62,0,-0.0412046205027548,0.24165467457119333,-0.628790288312668
logistic,N4cal,1.215,0.291,F4,63,0,-0.1719170629834146,0.21612455085461402,-0.6417147415332103
logistic,N4cal,1.215,0.291,F4,64,0,0.03177525619790854,0.28103258610742443,-0.5689527015241866
logistic,N4cal,1.215,0.291,F4,65,0,-0.0618624897366389,0.39340187502022955,-0.3920670159932859
logistic,N4cal,1.215,0.291,F4,66,0,0.5569612877486516,0.18069042395640345,-0.7403415243202368
logistic,N4cal,1.215,0.291,F4,67,0,-0.1193168240929068,0.20428876930237744,-0.75320224760993
logistic,N4cal,1.215,0.291,F4,68,0,-0.7371081443861328,0.08680416270647501,-0.9792681284810449
logistic,N4cal,1.215,0.291,F4,69,0,-0.14208892524838726,0.38772107991208,-0.44326361029808914
logistic,N4cal,1.215,0.291,F4,70,0,1.3346625712874594,0.30615111070151296,-0.6598161361689628
logistic,N4cal,1.215,0.291,F4,71,0,1.1522345231895752,0.3374064112444443,-0.8120513219560385
logistic,N4cal,1.215,0.291,F4,72,0,-1.4096962413502752,0.13654958849067228,-0.6662774302553524
logistic,N4cal,1.215,0.291,F4,73,0,-0.031011912770285727,0.2515498492948667,-0.594491080612074
logistic,N4cal,1.215,0.291,F4,74,0,-0.11508987560844901,0.26179776423444023,-0.5930584303948372
logistic,N4cal,1.215,0.291,F4,75,0,-0.2810387168325903,0.2545547246971833,-0.5716703584252832
logistic,N4cal,1.215,0.291,F4,76,0,-0.02211110370527532,0.3793350119306354,-0.4145210226972602
logistic,N4cal,1.215,0.291,F4,77,0,-0.03448707887606596,0.36002576905271133,-0.5157670834094594
logistic,N4cal,1.215,0.291,F4,78,0,-0.0742599001862529,0.3993502913197836,-0.3812582374021138
logistic,N4cal,1.215,0.291,F4,79,0,-0.2932245052821098,0.3733110787509098,-0.4383893053488693
logistic,N4cal,1.215,0.291,F4,80,0,-0.22418619034324805,0.23821823412560356,-0.5814717211959641
logistic,N4cal,1.215,0.291,F4,81,0,0.22631536567361796,0.19253592804155578,-0.7177066539182287
logistic,N4cal,1.215,0.291,F4,82,0,-1.5546988824109524,0.15033179020188314,-0.6984980360217693
logistic,N4cal,1.215,0.291,F4,83,0,0.13413949136386868,0.32985745121376264,-0.4978535885134888
logistic,N4cal,1.215,0.291,F4,84,0,-1.8138925377637964,0.19485738978668132,-0.5631334449165065
logistic,N4cal,1.215,0.291,F4,85,0,0.009716191683879587,0.23327380166850445,-0.7129302202624044
logistic,N4cal,1.215,0.291,F4,86,0,-0.3280751743623297,0.3064407919752288,-0.4374099890540429
logistic,N4cal,1.215,0.291,F4,87,0,-1.1983655220725449,0.20051759938060598,-0.5497046939172848
logistic,N4cal,1.215,0.291,F4,88,0,2.23415360469215,0.22578754954705127,-0.7839364912524819
logistic,N4cal,1.215,0.291,F4,89,0,1.06575414516675,0.24399944409081048,-0.6467966655648004
logistic,N4cal,1.215,0.291,F4,90,0,-0.08332794591626719,0.28067250160122015,-0.5467125902407207
logistic,N4cal,1.215,0.291,F4,91,0,-0.5815430045548234,0.20369570843512844,-0.6306360803869302
logistic,N4cal,1.215,0.291,F4,92,0,0.9034023293053245,0.1530276136217983,-0.8861097848488164
logistic,N4cal,1.215,0.291,F4,93,0,0.138926755165777,0.24272541211582688,-0.6184599017270802
logistic,N4cal,1.215,0.291,F4,94,0,0.2136103259576347,0.19777853274061552,-0.6895798923450367
logistic,N4cal,1.215,0.291,F4,95,0,0.0656002056941632,0.1652446121127888,-0.7712781688344965
logistic,N4cal,1.215,0.291,F4,96,0,-0.06009371151152696,0.3105639846089071,-0.5123714434428328
logistic,N4cal,1.215,0.291,F4,97,0,-1.9720523146856144,0.15509474344601296,-0.6788217054822416
logistic,N4cal,1.215,0.291,F4,98,0,0.07959954293123889,0.2412651511621073,-0.6339868023767582
logistic,N4cal,1.215,0.291,F4,99,0,0.007457108018592134,0.4142333144114387,-0.4924447883646537
ar,N3cal,1.215,0.291,F0,0,1,2.910904890366311,0.037054863394969786,-1.3401367422062889
ar,N3cal,1.215,0.291,F0,1,1,-2.979575123874278,0.03526013924123253,-1.1104637463171128
ar,N3cal,1.215,0.291,F0,2,1,-6.485167714628158,0.042013250240167416,-1.0404340046781781
ar,N3cal,1.215,0.291,F0,3,1,-2.5226090313787943,0.03586053191100273,-1.118123975202075
ar,N3cal,1.215,0.291,F0,4,1,-8.580666206381622,0.028767657901070075,-1.2426954066465872
ar,N3cal,1.215,0.291,F0,5,1,2.606118770711475,0.03806333619419732,-1.0842404190822799
ar,N3cal,1.215,0.291,F0,6,1,-0.3383664425080675,0.0636413670085264,-1.2436139889339093
ar,N3cal,1.215,0.291,F0,7,1,5.62207336598958,0.044771751640757335,-1.2105596025421015
ar,N3cal,1.215,0.291,F0,8,1,-1.139145234976336,0.04698132291068047,-1.0593225001554514
ar,N3cal,1.215,0.291,F0,9,1,-0.7601639486957413,0.048740512943904565,-1.3126833528360058
ar,N3cal,1.215,0.291,F0,10,1,-0.10552353742882055,0.030825614048248552,-1.307933615366863
ar,N3cal,1.215,0.291,F0,11,1,-3.465192013218004,0.03301811563461865,-1.2586393270069174
ar,N3cal,1.215,0.291,F0,12,1,2.9508348383735443,0.0425051951829975,-1.081589980977183
ar,N3cal,1.215,0.291,F0,13,1,-11.076000071759994,0.022630738159408623,-1.0305963558004967
ar,N3cal,1.215,0.291,F0,14,1,0.9311884504914999,0.026063386860526644,-1.3302794765666615
ar,N3cal,1.215,0.291,F0,15,1,0.5793704291106083,0.04347535755788329,-1.1935292956625063
ar,N3cal,1.215,0.291,F0,16,1,12.810401187199707,0.2243689031310011,-0.8326413431022905
ar,N3cal,1.215,0.291,F0,17,1,9.285902892105444,0.20089446123798643,-1.2269947502771237
ar,N3cal,1.215,0.291,F0,18,1,-0.3478562065828353,0.026874389024181863,-1.174923860452776
ar,N3cal,1.215,0.291,F0,19,1,-1.158980737141636,0.04167946221958086,-1.2751195830683952
ar,N3cal,1.215,0.291,F0,20,1,3.6764351429844644,0.054614723388839104,-1.2794140054945609
ar,N3cal,1.215,0.291,F0,21,1,0.6938458752246786,0.06888270790875561,-1.2190907979101817
ar,N3cal,1.215,0.291,F0,22,1,-3.0089075924991886,0.04377444465210635,-1.186489832265965
ar,N3cal,1.215,0.291,F0,23,1,-4.6202675170832705,0.030176958230548,-1.2411934048030546
ar,N3cal,1.215,0.291,F0,24,1,-2.076879486704858,0.04793642474957851,-1.0765147315964319
ar,N3cal,1.215,0.291,F0,25,1,-5.248836732617646,0.06412609585977425,-1.1666365420481417
ar,N3cal,1.215,0.291,F0,26,1,-3.6468757520825803,0.038155338318492604,-1.2006502146232982
ar,N3cal,1.215,0.291,F0,27,1,0.25827812684350754,0.04747955735958674,-1.2192642528024344
ar,N3cal,1.215,0.291,F0,28,1,0.026653398311404418,0.046084926633254975,-1.0048062890313645
ar,N3cal,1.215,0.291,F0,29,1,-1.6586030184779397,0.04285888440650688,-1.2701698405695052
ar,N3cal,1.215,0.291,F0,30,1,-1.621845948144831,0.02782322644145003,-1.3432195313920656
ar,N3cal,1.215,0.291,F0,31,1,-0.980277244373923,0.027328281227286727,-1.2457113689834556
ar,N3cal,1.215,0.291,F0,32,1,-1.3894868498147697,0.021844842344565425,-1.3751189594420432
ar,N3cal,1.215,0.291,F0,33,1,3.345309813331722,0.17207428508367661,-1.0699831921942828
ar,N3cal,1.215,0.291,F0,34,1,-0.4021452766892236,0.0949406692882464,-0.8710433414632319
ar,N3cal,1.215,0.291,F0,35,1,7.161459204449223,0.09579594266759459,-1.266089561898755
ar,N3cal,1.215,0.291,F0,36,1,0.4398048217916931,0.030841203448260836,-1.3570868506311227
ar,N3cal,1.215,0.291,F0,37,1,2.9219362855943687,0.06350274901136325,-1.0691313731280472
ar,N3cal,1.215,0.291,F0,38,1,6.1907150719065775,0.04894910839492104,-1.3267590920343304
ar,N3cal,1.215,0.291,F0,39,1,2.6815239639281816,0.03349576030570274,-1.314068309733267
ar,N3cal,1.215,0.291,F0,40,1,-0.7932086584182731,0.05085971014684916,-1.010761209138292
ar,N3cal,1.215,0.291,F0,41,1,-1.0553036642749956,0.03842283711538947,-1.29770222553004
ar,N3cal,1.215,0.291,F0,42,1,-3.789521303365192,0.03078885681331319,-0.9228339410332559
ar,N3cal,1.215,0.291,F0,43,1,4.082952158821059,0.0660256168894657,-1.201843387777888
ar,N3cal,1.215,0.291,F0,44,1,1.0918971996823976,0.057397526374333485,-1.1849805673839677
ar,N3cal,1.215,0.291,F0,45,1,-8.02940699290703,0.02887747662480144,-1.1924455379911592
ar,N3cal,1.215,0.291,F0,46,1,-0.457942737541973,0.0585261520237893,-1.193392638170922
ar,N3cal,1.215,0.291,F0,47,1,-10.29933448328021,0.03140950536543124,-1.2046518635488903
ar,N3cal,1.215,0.291,F0,48,1,3.969474616821084,0.08927352811892895,-1.1433854350290527
ar,N3cal,1.215,0.291,F0,49,1,9.811906459196777,0.12083710781936001,-1.1347438151167708
ar,N3cal,1.215,0.291,F0,50,1,1.419622860411104,0.026736332662992135,-1.351968767517102
ar,N3cal,1.215,0.291,F0,51,1,0.19427506044107315,0.029438210690864795,-1.2170214933939945
ar,N3cal,1.215,0.291,F0,52,1,2.624798119299478,0.08866233299404865,-1.1200297439815794
ar,N3cal,1.215,0.291,F0,53,1,-0.30292888839871124,0.10289418474507521,-1.2549152291318781
ar,N3cal,1.215,0.291,F0,54,1,-5.915334769245998,0.022785816627725917,-1.2653507170708431
ar,N3cal,1.215,0.291,F0,55,1,0.46596258202363205,0.03701116550218536,-1.0868754501040636
ar,N3cal,1.215,0.291,F0,56,1,-6.724116713688444,0.03669660507443562,-1.1151725791646718
ar,N3cal,1.215,0.291,F0,57,1,-3.1520181799052955,0.02257457960656972,-1.3065952323282872
ar,N3cal,1.215,0.291,F0,58,1,-3.219258123553666,0.031010151172684693,-1.2017674153451614
ar,N3cal,1.215,0.291,F0,59,1,-0.9493980255158785,0.05450753457347965,-1.294320453775746
ar,N3cal,1.215,0.291,F0,60,1,1.6728610788347857,0.0549083810855457,-1.1377101614441976
ar,N3cal,1.215,0.291,F0,61,1,0.7790203057504087,0.04996175656687053,-1.3147293958627049
ar,N3cal,1.215,0.291,F0,62,1,-0.10156004410389284,0.02142480981306484,-1.2713303569204313
ar,N3cal,1.215,0.291,F0,63,1,1.6821549643956881,0.047754817144994785,-1.3008274485367741
ar,N3cal,1.215,0.291,F0,64,1,-2.593326870243164,0.023508300190599758,-1.3404230729945967
ar,N3cal,1.215,0.291,F0,65,1,1.3809042075999884,0.040917466586561674,-1.254380005470475
ar,N3cal,1.215,0.291,F0,66,1,1.9630495985662806,0.037828232524229954,-1.3012514073234498
ar,N3cal,1.215,0.291,F0,67,1,1.7024548954245282,0.031611451474581595,-1.3702112169813296
ar,N3cal,1.215,0.291,F0,68,1,-2.99896227343481,0.04035795076812709,-1.351626516641837
ar,N3cal,1.215,0.291,F0,69,1,-7.412512136167831,0.01957931075159303,-0.9811906281195361
ar,N3cal,1.215,0.291,F0,70,1,-2.261982371814067,0.025908756543105142,-1.2516263180682408
ar,N3cal,1.215,0.291,F0,71,1,6.607238041337076,0.06050225344108631,-1.13348786894818
ar,N3cal,1.215,0.291,F0,72,1,-0.3243564970531997,0.01757832989523547,-1.3457978509819586
ar,N3cal,1.215,0.291,F0,73,1,-6.6558196634441185,0.06561283338013535,-1.0076431123619878
ar,N3cal,1.215,0.291,F0,74,1,5.489673002908666,0.12029588303298103,-1.1291200291460992
ar,N3cal,1.215,0.291,F0,75,1,2.1091577647156354,0.04130325154599469,-1.2528230063850445
ar,N3cal,1.215,0.291,F0,76,1,7.469986596303525,0.07851422223709864,-1.1357805705680244
ar,N3cal,1.215,0.291,F0,77,1,4.4426931780266665,0.14577488481744785,-1.1470149463491968
ar,N3cal,1.215,0.291,F0,78,1,-5.9100515738264265,0.048984353375432846,-1.2372930236263242
ar,N3cal,1.215,0.291,F0,79,1,0.6197362160043864,0.06553005660758798,-1.048886413880578
ar,N3cal,1.215,0.291,F0,80,1,2.699861569756297,0.09778707802515205,-1.1994414795978485
ar,N3cal,1.215,0.291,F0,81,1,4.826735339916231,0.05366208801247356,-1.2249715336742377
ar,N3cal,1.215,0.291,F0,82,1,1.0394501639050937,0.03359727533267573,-1.3429342646026716
ar,N3cal,1.215,0.291,F0,83,1,3.894948497050163,0.05072052724883626,-0.9890653640385126
ar,N3cal,1.215,0.291,F0,84,1,1.2918191046482257,0.06342463222060452,-1.0740320224953346
ar,N3cal,1.215,0.291,F0,85,1,-4.363985121003163,0.04522697830252838,-1.325727205738769
ar,N3cal,1.215,0.291,F0,86,1,1.9987519016641473,0.043763210334806096,-1.1180650555479061
ar,N3cal,1.215,0.291,F0,87,1,5.187802721591965,0.03580765126532844,-1.1825535362820763
ar,N3cal,1.215,0.291,F0,88,1,-1.275742527444486,0.031059824005952235,-1.345634356197132
ar,N3cal,1.215,0.291,F0,89,1,-4.50996454262208,0.020916816766252094,-1.2005223175745094
ar,N3cal,1.215,0.291,F0,90,1,-0.5812063216826846,0.04942920958512734,-1.1602236992383956
ar,N3cal,1.215,0.291,F0,91,1,-1.5311118531926824,0.03978767946139982,-1.2286940308470278
ar,N3cal,1.215,0.291,F0,92,1,-0.9776840990129522,0.03875393747077848,-1.1692980136198814
ar,N3cal,1.215,0.291,F0,93,1,1.2629875770921013,0.022809383152913785,-1.3142001604128475
ar,N3cal,1.215,0.291,F0,94,1,0.27230332632189447,0.027012380551333363,-1.3243447905370558
ar,N3cal,1.215,0.291,F0,95,1,11.754883532871823,0.07245985806754973,-1.015049031349207
ar,N3cal,1.215,0.291,F0,96,1,4.540260406430753,0.03549548219847555,-1.3114083494762474
ar,N3cal,1.215,0.291,F0,97,1,-0.36424755083800936,0.043701800057094134,-1.1653641604821763
ar,N3cal,1.215,0.291,F0,98,1,0.9721192367024376,0.05210716720720435,-1.2377115928493474
ar,N3cal,1.215,0.291,F0,99,1,0.9390236740219929,0.07382999815383551,-0.9313492627303295
ar,N3cal,1.215,0.291,F4,0,1,1.472843299510206,0.0023173960107049124,-2.6374503217985077
ar,N3cal,1.215,0.291,F4,1,1,-0.7143508905067969,0.0018551896798415066,-2.601290521340023
ar,N3cal,1.215,0.291,F4,2,1,-0.30271677135580527,0.0029643240664703487,-2.579920768429539
ar,N3cal,1.215,0.291,F4,3,1,0.707170511190029,0.001783569011699489,-2.6132459863288435
ar,N3cal,1.215,0.291,F4,4,1,-0.47122312495957513,0.0019981103364272923,-2.664538056083769
ar,N3cal,1.215,0.291,F4,5,1,0.7881909089624473,0.0023091892184287366,-2.5807333899293345
ar,N3cal,1.215,0.291,F4,6,1,-0.015215826569135326,0.0018192637029917865,-2.6767826811592017
ar,N3cal,1.215,0.291,F4,7,1,-0.9109647952358301,0.002384983362875317,-2.6315749918860702
ar,N3cal,1.215,0.291,F4,8,1,0.43937638114588995,0.0017679456887250782,-2.6310045014194245
ar,N3cal,1.215,0.291,F4,9,1,-0.13092601730565848,0.002908953103929338,-2.6300938734598978
ar,N3cal,1.215,0.291,F4,10,1,0.5965376757294072,0.002179564281145116,-2.624198685707025
ar,N3cal,1.215,0.291,F4,11,1,-0.6501867243645076,0.0020128982669032217,-2.6322310042854986
ar,N3cal,1.215,0.291,F4,12,1,0.07107808103158905,0.0026647494969406684,-2.5960010981177124
ar,N3cal,1.215,0.291,F4,13,1,-1.8793527203739435,0.0019393598821058696,-2.6352512170769047
ar,N3cal,1.215,0.291,F4,14,1,-0.6789791511989903,0.00195848194016054,-2.6255967113393606
ar,N3cal,1.215,0.291,F4,15,1,-1.6640800302538643,0.0020272203851347675,-2.6986237553359187
ar,N3cal,1.215,0.291,F4,16,1,0.3458989015383688,0.001989054561678235,-2.631288106107835
ar,N3cal,1.215,0.291,F4,17,1,-1.2023613481788282,0.002271844578916733,-2.6011101162723387
ar,N3cal,1.215,0.291,F4,18,1,-1.0526400258474626,0.0017880786659169217,-2.709554725653372
ar,N3cal,1.215,0.291,F4,19,1,0.9733651767158747,0.0021818364328113097,-2.644340196348695
ar,N3cal,1.215,0.291,F4,20,1,-1.4830638112594332,0.002170880662963364,-2.596889659475557
ar,N3cal,1.215,0.291,F4,21,1,-0.3867984965295948,0.002275889161053868,-2.633902614125902
ar,N3cal,1.215,0.291,F4,22,1,1.1108399482938651,0.0019617300997009997,-2.647504019893782
ar,N3cal,1.215,0.291,F4,23,1,0.29134232114864334,0.002667600848239671,-2.574184282551096
ar,N3cal,1.215,0.291,F4,24,1,1.8658741022399994,0.0021980181522455386,-2.6528099098027136
ar,N3cal,1.215,0.291,F4,25,1,-1.6665028110788018,0.0024474305129118423,-2.62510003135329
ar,N3cal,1.215,0.291,F4,26,1,0.7216244375718955,0.0024312784193780386,-2.6240938258152093
ar,N3cal,1.215,0.291,F4,27,1,1.7834193031213241,0.002535777098809807,-2.5762197877716178
ar,N3cal,1.215,0.291,F4,28,1,0.9410420348908469,0.0023938844281941795,-2.632033709979784
ar,N3cal,1.215,0.291,F4,29,1,-0.344572057176777,0.002459282017896439,-2.5905012909853857
ar,N3cal,1.215,0.291,F4,30,1,1.4851260894732472,0.0029249190179792602,-2.605283922736715
ar,N3cal,1.215,0.291,F4,31,1,-0.744518968896464,0.0016543306033795827,-2.602511442239054
ar,N3cal,1.215,0.291,F4,32,1,0.12317259459193917,0.0029602158476216027,-2.6017494621099804
ar,N3cal,1.215,0.291,F4,33,1,-1.4331080780634256,0.002182930073709067,-2.6271439028184957
ar,N3cal,1.215,0.291,F4,34,1,-1.7369138746523924,0.0020854927777438905,-2.6326222125038297
ar,N3cal,1.215,0.291,F4,35,1,0.6887393470670936,0.0019245393079064927,-2.644268761563829
ar,N3cal,1.215,0.291,F4,36,1,0.4610575798639305,0.0019080787348690702,-2.6387797471868786
ar,N3cal,1.215,0.291,F4,37,1,1.3386134914443824,0.0022489821910116337,-2.610138214131802
ar,N3cal,1.215,0.291,F4,38,1,-0.29578330369420586,0.002398873063594048,-2.582726372526928
ar,N3cal,1.215,0.291,F4,39,1,-1.0093619905491176,0.0016906772208815975,-2.661611628290659
ar,N3cal,1.215,0.291,F4,40,1,0.10498408325435718,0.002130881059334716,-2.6319823632367902
ar,N3cal,1.215,0.291,F4,41,1,-0.5597593261340049,0.0019514276337880133,-2.625563167417562
ar,N3cal,1.215,0.291,F4,42,1,1.010519111211743,0.0026477827927888224,-2.6291312292186544
ar,N3cal,1.215,0.291,F4,43,1,2.0922418129208222,0.0021147437915414497,-2.6435582139424594
ar,N3cal,1.215,0.291,F4,44,1,0.15157408428762545,0.0023884867651322314,-2.624094709691161
ar,N3cal,1.215,0.291,F4,45,1,1.0407850776468563,0.0021031139690566737,-2.5911901376117377
ar,N3cal,1.215,0.291,F4,46,1,-1.5230184093424597,0.002581352804099204,-2.6310963371139193
ar,N3cal,1.215,0.291,F4,47,1,-0.08560103239146509,0.002487088973633877,-2.587192690174293
ar,N3cal,1.215,0.291,F4,48,1,-0.12236861500927985,0.00294528180617958,-2.6340056020017264
ar,N3cal,1.215,0.291,F4,49,1,-0.4450208550086713,0.002586685845278683,-2.5976271461559737
ar,N3cal,1.215,0.291,F4,50,1,-0.43384505006069674,0.0018530862751011071,-2.598217012277526
ar,N3cal,1.215,0.291,F4,51,1,-0.8105394933919554,0.0015408385272503416,-2.695604419995276
ar,N3cal,1.215,0.291,F4,52,1,-0.018591505759303104,0.002222190326857105,-2.6679890510454034
ar,N3cal,1.215,0.291,F4,53,1,0.12002136386398074,0.0021161014353379484,-2.611491866165388
ar,N3cal,1.215,0.291,F4,54,1,1.218579642046769,0.0016780749379203186,-2.6682168242433515
ar,N3cal,1.215,0.291,F4,55,1,-1.2451535095494568,0.0017451012653135517,-2.6582672645542353
ar,N3cal,1.215,0.291,F4,56,1,-0.12970357518030554,0.0022167252864228083,-2.6400299350608813
ar,N3cal,1.215,0.291,F4,57,1,1.4476601960906805,0.002223196304192881,-2.6576766605745648
ar,N3cal,1.215,0.291,F4,58,1,-0.28435565555061604,0.002120235397445036,-2.600560870769497
ar,N3cal,1.215,0.291,F4,59,1,2.171252102747098,0.002848875467513433,-2.6161121106432925
ar,N3cal,1.215,0.291,F4,60,1,-2.195119515446192,0.0016146720862758159,-2.6170883336006656
ar,N3cal,1.215,0.291,F4,61,1,-2.347801510216001,0.001781707007316234,-2.6378551759864357
ar,N3cal,1.215,0.291,F4,62,1,-0.6741317802638618,0.001747774419366729,-2.656694157164672
ar,N3cal,1.215,0.291,F4,63,1,0.2024152333926735,0.002113873522874661,-2.6330654028731693
ar,N3cal,1.215,0.291,F4,64,1,-0.2194803329386821,0.0018123931422010977,-2.6633009035035022
ar,N3cal,1.215,0.291,F4,65,1,-0.05268187208508924,0.002113605210160766,-2.688820649921867
ar,N3cal,1.215,0.291,F4,66,1,-2.164081593749919,0.0013287360731035803,-2.648146293106407
ar,N3cal,1.215,0.291,F4,67,1,1.0616685958216574,0.002521166472725529,-2.600461320649675
ar,N3cal,1.215,0.291,F4,68,1,0.1978163075328832,0.0021880104909326095,-2.672806375154894
ar,N3cal,1.215,0.291,F4,69,1,-0.17210210117726757,0.001899365225842536,-2.6633090094480902
ar,N3cal,1.215,0.291,F4,70,1,-1.5961683471685626,0.0015873456372590303,-2.6833017793142377
ar,N3cal,1.215,0.291,F4,71,1,-1.1016878428417816,0.0018745691478935784,-2.6521505281306204
ar,N3cal,1.215,0.291,F4,72,1,0.040854765807102705,0.002075559187307464,-2.6318125835365014
ar,N3cal,1.215,0.291,F4,73,1,-0.8712316412560687,0.001676351020528468,-2.679676805227827
ar,N3cal,1.215,0.291,F4,74,1,0.6574509776888758,0.002125582690368516,-2.6280519936074653
ar,N3cal,1.215,0.291,F4,75,1,-0.6458802015146667,0.0023627891099084215,-2.569810721565449
ar,N3cal,1.215,0.291,F4,76,1,0.837054919095104,0.002326862112945953,-2.6451643097629853
ar,N3cal,1.215,0.291,F4,77,1,-1.2042705758255063,0.0025561533932041444,-2.631799919465898
ar,N3cal,1.215,0.291,F4,78,1,-1.0381050214150356,0.0020568605282344343,-2.6601159485656285
ar,N3cal,1.215,0.291,F4,79,1,-0.16815130434804595,0.002356904777649009,-2.621504082383929
ar,N3cal,1.215,0.291,F4,80,1,0.997482019543674,0.0024028453627190603,-2.5793320220210636
ar,N3cal,1.215,0.291,F4,81,1,1.5103010616355577,0.0020845852579831578,-2.644829440861427
ar,N3cal,1.215,0.291,F4,82,1,0.292151861410615,0.0020610973502518306,-2.6166920298838745
ar,N3cal,1.215,0.291,F4,83,1,-0.0947427130668978,0.0021850976059427352,-2.710998053160132
ar,N3cal,1.215,0.291,F4,84,1,0.666161367107108,0.0023650643221372345,-2.644045293114208
ar,N3cal,1.215,0.291,F4,85,1,-0.9912456267499435,0.002531307672341705,-2.6509168025722216
ar,N3cal,1.215,0.291,F4,86,1,0.43665576401271955,0.0026080932860723083,-2.5767202701186536
ar,N3cal,1.215,0.291,F4,87,1,1.6081925565408308,0.0026102358088935006,-2.632872996409506
ar,N3cal,1.215,0.291,F4,88,1,1.057052890095758,0.002390774082429065,-2.6751252266795347
ar,N3cal,1.215,0.291,F4,89,1,-1.2525129053742987,0.0021143211050310287,-2.6680299592972516
ar,N3cal,1.215,0.291,F4,90,1,-1.7977010192718432,0.0018511574106797849,-2.651473454920513
ar,N3cal,1.215,0.291,F4,91,1,-1.0821764703291035,0.0022144759435291607,-2.6515501595996107
ar,N3cal,1.215,0.291,F4,92,1,1.815882495149634,0.0020416001923834796,-2.694454949096608
ar,N3cal,1.215,0.291,F4,93,1,-0.8497402997675134,0.002012556138103583,-2.5718984941036553
ar,N3cal,1.215,0.291,F4,94,1,0.19489545109843326,0.0019269035857921468,-2.643399871613288
ar,N3cal,1.215,0.291,F4,95,1,0.674043442050025,0.002562873826497539,-2.6377574728586013
ar,N3cal,1.215,0.291,F4,96,1,-1.1106675294158277,0.002919573729361885,-2.6124536746584415
ar,N3cal,1.215,0.291,F4,97,1,0.6030363207548146,0.0019495126659775023,-2.6435088721360938
ar,N3cal,1.215,0.291,F4,98,1,-0.0583551130169558,0.0019810486354203006,-2.5982999632450694
ar,N3cal,1.215,0.291,F4,99,1,0.8379136211750371,0.002492852121662873,-2.6220161975510687
ar,N4cal,1.215,0.291,F0,0,0,4.511535785585726,6.424629996941581,0.1280374384264687
ar,N4cal,1.215,0.291,F0,1,0,-1.7400035628018595,1.3514230427434097,0.7073414465326672
ar,N4cal,1.215,0.291,F0,2,1,10.215102254703874,0.5173850729273604,0.453762011972765
ar,N4cal,1.215,0.291,F0,3,0,-3.729917325287112,0.7385638066164522,-0.10517578038208668
ar,N4cal,1.215,0.291,F0,4,0,-3.4625287360987564,0.4465178348143114,0.05430666569745671
ar,N4cal,1.215,0.291,F0,5,0,18.83139094206277,24.25528176543361,0.3237085487269314
ar,N4cal,1.215,0.291,F0,6,0,-0.8522511122119764,2.7658863642793468,0.6979739788715812
ar,N4cal,1.215,0.291,F0,7,1,3.0436101578613663,89.46158211346217,0.5310322682500459
ar,N4cal,1.215,0.291,F0,8,0,-6.300584968802689,1.0340301806584664,0.2583155551632619
ar,N4cal,1.215,0.291,F0,9,0,-2.7718634715278547,0.689708684246897,0.04807191579683182
ar,N4cal,1.215,0.291,F0,10,0,5.6018672343783145,1.053783054118227,0.3654156363932476
ar,N4cal,1.215,0.291,F0,11,0,12.085231960408636,9.665114106169998,0.13248500771987012
ar,N4cal,1.215,0.291,F0,12,0,-2.1882287248198526,4.240798166896103,0.8419260558711291
ar,N4cal,1.215,0.291,F0,13,1,-2.9386346946399953,0.6302715669614133,0.5053009106541024
ar,N4cal,1.215,0.291,F0,14,0,1.0287058092255978,0.5860132797014148,-0.16746555757592166
ar,N4cal,1.215,0.291,F0,15,0,-8.633051479668993,0.4740106851479691,0.5941544155650692
ar,N4cal,1.215,0.291,F0,16,1,7.20803523807052,2.0596446854573323,0.4375609842653486
ar,N4cal,1.215,0.291,F0,17,0,-6.626679667525752,0.7854235037554795,0.23961895602618968
ar,N4cal,1.215,0.291,F0,18,0,7.888137071219743,2.2637539592499483,0.11565302376328414
ar,N4cal,1.215,0.291,F0,19,0,-4.810541774684992,1.2809892629032293,0.430585817434163
ar,N4cal,1.215,0.291,F0,20,1,8.935062506931738,5.253172620309469,0.04070562463145973
ar,N4cal,1.215,0.291,F0,21,0,-5.113586439217196,0.6062201323645424,-0.006543270986902011
ar,N4cal,1.215,0.291,F0,22,0,-1.7312326951209371,0.6424557141867934,0.22652297470833707
ar,N4cal,1.215,0.291,F0,23,1,2.753334974346829,0.25553700453768247,-0.11788111230023535
ar,N4cal,1.215,0.291,F0,24,0,-2.386918717719646,0.4622619355696872,0.1739649264152529
ar,N4cal,1.215,0.291,F0,25,0,-5.169703186679166,4.234924450097164,0.4088638347913066
ar,N4cal,1.215,0.291,F0,26,0,-1.5377774818643466,0.6328790302011604,-9.526016522694173e-05
ar,N4cal,1.215,0.291,F0,27,0,5.638791297725507,0.618104709900869,-0.0765393047088861
ar,N4cal,1.215,0.291,F0,28,0,3.926854640391047,0.7983915860359374,0.3196030456859661
ar,N4cal,1.215,0.291,F0,29,0,1.054102867313677,1.3509420194019306,0.08286070348724163
ar,N4cal,1.215,0.291,F0,30,0,3.965383894678056,0.7708307253496942,-0.21446606365208842
ar,N4cal,1.215,0.291,F0,31,0,4.860694239028963,1.8423755340310235,0.15544844760025708
ar,N4cal,1.215,0.291,F0,32,1,-2.4760136044744305,0.6010755880994811,-0.1847937871911079
ar,N4cal,1.215,0.291,F0,33,0,-11.494716493040595,8.621623479092527,0.8247173204173032
ar,N4cal,1.215,0.291,F0,34,0,-0.32749655181314363,2.741805526312632,0.36516575009920205
ar,N4cal,1.215,0.291,F0,35,0,-4.293597979627916,76.404859812487,1.2072185491257414
ar,N4cal,1.215,0.291,F0,36,0,-5.688976221489271,1.4235700129530175,0.47848844942571184
ar,N4cal,1.215,0.291,F0,37,0,1.1209008426069933,0.9871478640329492,0.3642277623132081
ar,N4cal,1.215,0.291,F0,38,0,-6.139543350456672,0.8888456457578893,0.01171220588417494
ar,N4cal,1.215,0.291,F0,39,0,-1.868574623426059,1.6844303417303088,0.3430215721269891
ar,N4cal,1.215,0.291,F0,40,0,-6.956844964232018,1.9870714983121225,0.4488735911376297
ar,N4cal,1.215,0.291,F0,41,0,-2.2764119285140403,0.757891200317093,0.1143034226084189
ar,N4cal,1.215,0.291,F0,42,0,-6.43882614288942,6.588589101707118,0.5230216146537157
ar,N4cal,1.215,0.291,F0,43,1,6.269743971887488,4.787558164623038,0.23486662564078187
ar,N4cal,1.215,0.291,F0,44,0,-4.66351902312299,0.2394146995166223,-0.032419836443353445
ar,N4cal,1.215,0.291,F0,45,0,-8.592578521020204,0.8891949437772406,0.6044220968848154
ar,N4cal,1.215,0.291,F0,46,1,5.338329791412485,2.567031818987899,0.12499120613615486
ar,N4cal,1.215,0.291,F0,47,0,-5.829258505907245,1.127669345282964,0.6304453825100207
ar,N4cal,1.215,0.291,F0,48,0,-4.324084738874668,3.191418715561847,0.9312764429055607
ar,N4cal,1.215,0.291,F0,49,0,0.5399932557257386,2.4766768692543417,0.9772354433165177
ar,N4cal,1.215,0.291,F0,50,0,-7.046970151908737,0.5407744924863791,-0.09138555275859953
ar,N4cal,1.215,0.291,F0,51,1,-0.730032833015562,1.7963736254480045,0.0961566170015679
ar,N4cal,1.215,0.291,F0,52,0,-6.062970267087955,1.6617449528602761,0.950030692260944
ar,N4cal,1.215,0.291,F0,53,0,0.6485003122492076,0.46465455092574204,0.09014958842357318
ar,N4cal,1.215,0.291,F0,54,0,0.13772247526748904,0.3686637161145465,-0.2269787812794276
ar,N4cal,1.215,0.291,F0,55,0,-0.8619168345800746,1.5441609535080496,0.11720565819153725
ar,N4cal,1.215,0.291,F0,56,0,6.966247227587362,0.6102411816183455,0.03944446874096643
ar,N4cal,1.215,0.291,F0,57,0,-2.0382301970646934,1.891870411887696,0.19796539520746928
ar,N4cal,1.215,0.291,F0,58,0,1.8101613635572549,1.3305335852785274,0.10351939310302607
ar,N4cal,1.215,0.291,F0,59,0,-0.10049045424817118,0.8967067107264755,0.18335349650452334
ar,N4cal,1.215,0.291,F0,60,0,5.21188147605639,0.8704113237028507,0.08471982979746702
ar,N4cal,1.215,0.291,F0,61,0,8.50057614714505,3.4469294346664903,0.29548681298230384
ar,N4cal,1.215,0.291,F0,62,0,2.4284220001735672,2.032199122689519,0.21610537698065457
ar,N4cal,1.215,0.291,F0,63,0,4.4639345818601495,1.1320546227558,0.01179527673469738
ar,N4cal,1.215,0.291,F0,64,0,22.00030700958934,35.70933176231844,0.10441705184383708
ar,N4cal,1.215,0.291,F0,65,1,6.709924792558495,1.0794288261097154,-0.025377155326063057
ar,N4cal,1.215,0.291,F0,66,1,-0.5845933561026738,0.2770889957123163,-0.3799526542027326
ar,N4cal,1.215,0.291,F0,67,0,4.068790105714159,0.897508352219994,-0.12258908415609947
ar,N4cal,1.215,0.291,F0,68,0,2.3740771913023964,1.8324172231530518,0.22428654966493836
ar,N4cal,1.215,0.291,F0,69,1,7.395624305894956,0.7073448301041553,0.38875298487287513
ar,N4cal,1.215,0.291,F0,70,1,-1.7671261909182188,0.28786985009865534,-0.1870960174781742
ar,N4cal,1.215,0.291,F0,71,0,5.57334457136409,0.8981730919067628,0.06871103598377067
ar,N4cal,1.215,0.291,F0,72,0,-2.1330219760776927,1.884249582124777,0.030556644409967665
ar,N4cal,1.215,0.291,F0,73,0,-2.8914210825709397,0.5563118270265397,0.7430430542477549
ar,N4cal,1.215,0.291,F0,74,0,-0.3200992654836461,0.9923144255191327,0.16314059845829204
ar,N4cal,1.215,0.291,F0,75,0,-0.240307495596522,0.675273614981329,0.33540506725163116
ar,N4cal,1.215,0.291,F0,76,0,1.0501904031072837,0.5477235314852695,-0.08304099235830027
ar,N4cal,1.215,0.291,F0,77,0,3.2354796761279654,1.8331378323831016,0.3781879629147915
ar,N4cal,1.215,0.291,F0,78,1,-0.44810174600214553,2.729531215497298,0.26086300350260955
ar,N4cal,1.215,0.291,F0,79,0,0.4216215033273128,0.6528939383469634,0.0490424696556965
ar,N4cal,1.215,0.291,F0,80,0,0.17262750855457515,2.484433192778506,0.6160464108599364
ar,N4cal,1.215,0.291,F0,81,0,2.87920619284035,0.8463247402418828,-0.14662582310005856
ar,N4cal,1.215,0.291,F0,82,0,3.9022291122728214,1.451953425394688,-0.0633991444215827
ar,N4cal,1.215,0.291,F0,83,0,1.6185044953279657,1.7953149949169775,0.5420867307234621
ar,N4cal,1.215,0.291,F0,84,0,-5.440528539942268,2.1370792664559133,0.5738633399075982
ar,N4cal,1.215,0.291,F0,85,0,-2.7868290765884507,0.3978570833096209,-0.056532846207542224
ar,N4cal,1.215,0.291,F0,86,0,1.30741858208589,0.5917639274883645,-0.015562781349528421
ar,N4cal,1.215,0.291,F0,87,0,1.6519604440920612,1.1792878618643843,0.2865342209809866
ar,N4cal,1.215,0.291,F0,88,0,-1.1910610151655037,0.3930945888802996,-0.08059996244167812
ar,N4cal,1.215,0.291,F0,89,0,2.2495550688127905,1.7211794846663298,-0.015330263416286537
ar,N4cal,1.215,0.291,F0,90,0,-2.677582562539925,0.5371422432629538,0.04854806546298309
ar,N4cal,1.215,0.291,F0,91,0,0.20754010560966374,1.0174378018693808,0.20382021839770112
ar,N4cal,1.215,0.291,F0,92,0,2.693512739432112,0.6742301708398639,0.4488393146194114
ar,N4cal,1.215,0.291,F0,93,0,9.584163253788963,3.8087181978394673,-0.20020895066688915
ar,N4cal,1.215,0.291,F0,94,1,1.228124992481727,0.5188036948451236,-0.03830734066550955
ar,N4cal,1.215,0.291,F0,95,0,0.33722739916912425,3.8314305007160696,0.6524955978578277
ar,N4cal,1.215,0.291,F0,96,0,2.533058983616176,0.5625213045353327,-0.09339861159931222
ar,N4cal,1.215,0.291,F0,97,0,-0.22881403540155645,0.7567233858611331,0.32869290037826354
ar,N4cal,1.215,0.291,F0,98,0,-2.0024477953508852,0.42103862125611247,-0.11285471608808689
ar,N4cal,1.215,0.291,F0,99,0,2.854842879114282,0.237038814613199,0.44532886337698924
ar,N4cal,1.215,0.291,F4,0,0,4.040736450878098,4.470091378130466,-0.038991217266919384
ar,N4cal,1.215,0.291,F4,1,0,-1.4718099440772259,1.121236952756731,0.5870956826906303
ar,N4cal,1.215,0.291,F4,2,0,8.378457059973448,0.4086373696280512,0.3140265526684279
ar,N4cal,1.215,0.291,F4,3,0,-3.6510833524944335,0.5247069631062231,-0.2704730341174216
ar,N4cal,1.215,0.291,F4,4,0,-3.5247950458508095,0.3434411377746946,-0.06883316513406675
ar,N4cal,1.215,0.291,F4,5,0,18.81865444849381,21.283539432140707,0.20286021679817623
ar,N4cal,1.215,0.291,F4,6,0,-1.3394620191270585,2.062371944678486,0.6056087512705415
ar,N4cal,1.215,0.291,F4,7,1,4.723156863866621,89.76056399506703,0.4203114646478667
ar,N4cal,1.215,0.291,F4,8,0,-7.011725473430239,0.808948934536815,0.10638454442019224
ar,N4cal,1.215,0.291,F4,9,0,-3.248631212681826,0.49087856153223774,-0.13205754601439473
ar,N4cal,1.215,0.291,F4,10,0,5.199692396548011,0.8285500357599631,0.24372492603697393
ar,N4cal,1.215,0.291,F4,11,0,13.214314119474802,9.28752923623526,1.1468283392067253e-06
ar,N4cal,1.215,0.291,F4,12,0,-2.5444050674033645,3.84994164751756,0.7795193478420066
ar,N4cal,1.215,0.291,F4,13,0,-2.0824548422469897,0.5714425411785076,0.4147146980538612
ar,N4cal,1.215,0.291,F4,14,0,-0.2504698445424229,0.39034608586482117,-0.3296648466442362
ar,N4cal,1.215,0.291,F4,15,0,-7.43583316200131,0.42875034200247,0.5244785458559393
ar,N4cal,1.215,0.291,F4,16,0,6.125733233310102,1.5910094450502679,0.3460005349225474
ar,N4cal,1.215,0.291,F4,17,0,-6.850788810033746,0.6092298888214458,0.13180632209014959
ar,N4cal,1.215,0.291,F4,18,0,7.639629531536283,1.2409223993118006,-0.0018739818204692445
ar,N4cal,1.215,0.291,F4,19,0,-4.859620094632034,1.1215990669385998,0.323181493603934
ar,N4cal,1.215,0.291,F4,20,0,9.117687642465372,3.9716572394803356,-0.13448559815062983
ar,N4cal,1.215,0.291,F4,21,0,-5.501762710278603,0.49489725569504217,-0.16004677351439436
ar,N4cal,1.215,0.291,F4,22,0,-2.8337005190828752,0.447372843651904,0.09559593260496699
ar,N4cal,1.215,0.291,F4,23,1,1.639595691865151,0.15329075578561424,-0.23646254730775004
ar,N4cal,1.215,0.291,F4,24,0,-3.4062629839991025,0.3024565360680775,0.0564301318092333
ar,N4cal,1.215,0.291,F4,25,0,-4.5399975323748825,4.302303661911255,0.2875906320761695
ar,N4cal,1.215,0.291,F4,26,0,-1.6053425390024807,0.45906574434900227,-0.16235551939708498
ar,N4cal,1.215,0.291,F4,27,0,5.766670700330067,0.44417045928187887,-0.2435873823829558
ar,N4cal,1.215,0.291,F4,28,0,4.251192005020873,0.5395363179370471,0.20379151769807693
ar,N4cal,1.215,0.291,F4,29,0,1.7316972664855037,1.06587825213139,-0.03974857822638431
ar,N4cal,1.215,0.291,F4,30,0,3.6970932135909558,0.5904805629980518,-0.40590037192999484
ar,N4cal,1.215,0.291,F4,31,0,4.608381892218068,1.4919641293471093,0.003843772258667561
ar,N4cal,1.215,0.291,F4,32,1,-3.798328902731343,0.40836904548487263,-0.35536491721453733
ar,N4cal,1.215,0.291,F4,33,0,-9.815508547727173,7.905385656450827,0.7448537052222501
ar,N4cal,1.215,0.291,F4,34,0,-0.2895813300514436,2.107436250814751,0.24109664500725322
ar,N4cal,1.215,0.291,F4,35,0,-4.325573607735717,76.00170452713107,1.1092887468440151
ar,N4cal,1.215,0.291,F4,36,0,-5.344262308665926,1.3383790307262162,0.4053761897022476
ar,N4cal,1.215,0.291,F4,37,0,0.5957091296131498,0.7314828613305644,0.2841383702345046
ar,N4cal,1.215,0.291,F4,38,0,-6.931346109982962,0.7795892990183627,-0.1298282892671083
ar,N4cal,1.215,0.291,F4,39,0,-1.8256719337735705,1.3356415664998322,0.21390577831243188
ar,N4cal,1.215,0.291,F4,40,0,-5.787560395153416,1.8616917886214817,0.38119278689290587
ar,N4cal,1.215,0.291,F4,41,0,-2.906371958831071,0.6216265618435046,0.004905726529136198
ar,N4cal,1.215,0.291,F4,42,0,-4.795627188553869,6.482405220903437,0.4462414581469726
ar,N4cal,1.215,0.291,F4,43,0,7.532111155850212,4.173349521611195,0.09176516798544018
ar,N4cal,1.215,0.291,F4,44,1,-5.364815369401391,0.17142324551659005,-0.21251418677107617
ar,N4cal,1.215,0.291,F4,45,0,-8.137510524441009,0.8684879172724151,0.5339203209592904
ar,N4cal,1.215,0.291,F4,46,0,5.2020201683864284,2.0704126847458193,-0.016661109496405827
ar,N4cal,1.215,0.291,F4,47,0,-4.828574057323361,0.7728901835463206,0.5490764279041179
ar,N4cal,1.215,0.291,F4,48,0,-3.8649523939846255,2.972451599477794,0.8557679325860448
ar,N4cal,1.215,0.291,F4,49,0,0.2604827183063014,2.296594772124557,0.8742945601024781
ar,N4cal,1.215,0.291,F4,50,0,-5.909658898892067,0.3342352466074986,-0.24897307454521558
ar,N4cal,1.215,0.291,F4,51,1,-0.562042925008717,1.2655057610482974,-0.03742000733321658
ar,N4cal,1.215,0.291,F4,52,0,-6.455321348261629,1.3894091412482141,0.8735464094582833
ar,N4cal,1.215,0.291,F4,53,0,-1.2192606557553887,0.3183935433536561,-0.060286223113934376
ar,N4cal,1.215,0.291,F4,54,0,0.4233944774970318,0.25088503708511634,-0.40631888326113663
ar,N4cal,1.215,0.291,F4,55,0,0.56422368883419,1.103628152324746,-0.04485966106543374
ar,N4cal,1.215,0.291,F4,56,1,6.684758243786727,0.3212259319473637,-0.1390907029729988
ar,N4cal,1.215,0.291,F4,57,0,-1.5243342790516636,1.5569172821497976,0.07452813601779001
ar,N4cal,1.215,0.291,F4,58,0,3.367700597647686,1.2449506317123342,-0.03916252667462435
ar,N4cal,1.215,0.291,F4,59,0,-0.8169143204080734,0.8436384321715298,0.07122281661538701
ar,N4cal,1.215,0.291,F4,60,0,5.860231349233857,0.5463746116534234,-0.06986391573460383
ar,N4cal,1.215,0.291,F4,61,0,8.243851554092306,1.5421096836491268,0.1114679570325703
ar,N4cal,1.215,0.291,F4,62,0,3.807481901957792,1.7284323723508623,0.1219770880558685
ar,N4cal,1.215,0.291,F4,63,0,4.357364129015288,0.9455690011599596,-0.14148305269354894
ar,N4cal,1.215,0.291,F4,64,0,22.951721121352072,26.76245181281351,-0.1031892548306924
ar,N4cal,1.215,0.291,F4,65,0,5.5712298088551595,0.7724718562517794,-0.21113100274483357
ar,N4cal,1.215,0.291,F4,66,1,-0.06001976492015173,0.17636105386979878,-0.5630673882560635
ar,N4cal,1.215,0.291,F4,67,0,3.7132690460025635,0.6987119116153215,-0.306616969782904
ar,N4cal,1.215,0.291,F4,68,0,2.4787688280764755,1.4546307529137168,0.059696493305710335
ar,N4cal,1.215,0.291,F4,69,1,7.131272564861276,0.33740140830674237,0.31184455524112137
ar,N4cal,1.215,0.291,F4,70,0,-1.8839475486519839,0.1990358305534457,-0.3276733003523622
ar,N4cal,1.215,0.291,F4,71,0,4.656976312624277,0.5701909794971765,-0.06079794910490045
ar,N4cal,1.215,0.291,F4,72,0,-1.131773643058494,1.6527613855856684,-0.09286014802054884
ar,N4cal,1.215,0.291,F4,73,0,-3.7280037998812205,0.4549755750573339,0.6525882781923587
ar,N4cal,1.215,0.291,F4,74,0,-0.19900043444015722,0.7188415755430075,-0.010925043411374768
ar,N4cal,1.215,0.291,F4,75,0,-0.20299858619882039,0.4765374629129039,0.24436292562536538
ar,N4cal,1.215,0.291,F4,76,0,0.3313723321548763,0.376658015235275,-0.23502692397716896
ar,N4cal,1.215,0.291,F4,77,0,4.184575467702113,1.3982858614590563,0.2613924870937221
ar,N4cal,1.215,0.291,F4,78,0,0.9025175347997769,2.045353896182008,0.09991704930407957
ar,N4cal,1.215,0.291,F4,79,0,-0.5022963021223986,0.4255535315262975,-0.09063470114499333
ar,N4cal,1.215,0.291,F4,80,0,-1.063120230978687,2.1079689470123206,0.5482175455946753
ar,N4cal,1.215,0.291,F4,81,0,2.821008948902446,0.5226769363844095,-0.31507310721554493
ar,N4cal,1.215,0.291,F4,82,0,4.90231232550901,0.9523681586586588,-0.246760864903034
ar,N4cal,1.215,0.291,F4,83,0,1.5194504710591377,1.4670329421587627,0.436215776594521
ar,N4cal,1.215,0.291,F4,84,0,-6.046759364469385,1.6601852676290911,0.4641168306970623
ar,N4cal,1.215,0.291,F4,85,0,-2.4035298225746944,0.26993021603279915,-0.20720218310425778
ar,N4cal,1.215,0.291,F4,86,0,1.1169875453212004,0.39129403491648385,-0.1388915313950469
ar,N4cal,1.215,0.291,F4,87,0,1.9525833344335652,0.9583857435013923,0.1790547848553571
ar,N4cal,1.215,0.291,F4,88,0,-0.7201038517515155,0.2766287391926758,-0.19629071932311104
ar,N4cal,1.215,0.291,F4,89,0,3.1492387928314938,1.2605841647954175,-0.16498289849683234
ar,N4cal,1.215,0.291,F4,90,0,-2.3381835426858406,0.4261228445752504,-0.09805971253604615
ar,N4cal,1.215,0.291,F4,91,0,0.20355093909821487,0.6034932485715301,0.080996861001366
ar,N4cal,1.215,0.291,F4,92,1,3.2985520622176914,0.46740062481046907,0.34661096103142564
ar,N4cal,1.215,0.291,F4,93,0,11.262818934181086,3.099732875415998,-0.388892695265647
ar,N4cal,1.215,0.291,F4,94,0,0.3566212696380784,0.3389448117127952,-0.17612224774537766
ar,N4cal,1.215,0.291,F4,95,0,-0.41314995086558487,3.2429816915682617,0.5763374451525399
ar,N4cal,1.215,0.291,F4,96,0,2.6621569226727146,0.41216997675432554,-0.2705678842184433
ar,N4cal,1.215,0.291,F4,97,0,-0.6363200701694929,0.5316930176545538,0.2246479065919171
ar,N4cal,1.215,0.291,F4,98,0,-1.7008154415224144,0.36216497515634893,-0.27767968813742777
ar,N4cal,1.215,0.291,F4,99,1,3.336485463484736,0.15220673878181273,0.3473949381311979
