block,model,noise,optimizer,filter,seed,steps,conv100,t_drop100,t_eps,eps_hit,slope,floor_p10,floor_p50,floor_p90,auc,holdout,elapsed_s
A,quadratic,N1,sgd,F0,0,4000,1,318,206,1,1.2613618730927854,0.0012296810101724818,0.0020475763518300067,0.003216783700586514,-2.6507895802298376,0.020028073530143093,0.030051291003474034
A,quadratic,N1,sgd,F0,1,4000,1,330,224,1,-0.1522602403754801,0.0010246714997943344,0.0016225034864638102,0.002322098912327713,-2.666542060529854,0.01951997512637922,0.028530542003863957
A,quadratic,N1,sgd,F0,2,4000,1,285,214,1,-1.066252812989456,0.0010563433632608855,0.0017349591254827634,0.002379007601327922,-2.6586057588017984,0.018120053561097842,0.029161374994146172
A,quadratic,N1,sgd,F0,3,4000,1,370,249,1,-0.5856273377453453,0.0010418722024523569,0.0016369206492127578,0.0025703264384131135,-2.6540743010341212,0.016919909391071613,0.028816874997573905
A,quadratic,N1,sgd,F0,4,4000,1,359,258,1,-0.02363280189545558,0.0008705735487185816,0.001598940203642887,0.0025708560963696053,-2.63851953570731,0.019927148995479604,0.026492625001992565
A,quadratic,N1,sgd,F0,5,4000,1,284,282,1,-0.7982621925734853,0.0010055820761908849,0.0015436081572238814,0.0023900782906658927,-2.669610041470558,0.02193698288303724,0.028320083001744933
A,quadratic,N1,sgd,F0,6,4000,1,259,245,1,0.5622160188154068,0.0012384729273486317,0.001811951317318835,0.002624304366381138,-2.6432211296766353,0.024956043366045434,0.0282142920041224
A,quadratic,N1,sgd,F0,7,4000,1,435,291,1,-0.20880622681396846,0.0011218735980488895,0.0016353734803665845,0.003158580095924335,-2.6230040596497592,0.018295171371475016,0.03827633300534217
A,quadratic,N1,sgd,F1,0,4000,1,318,206,1,1.3160905702451215,0.0011057540181137642,0.0018587808477479536,0.00303969361826387,-2.6791008801330696,0.019391931334180622,0.03703391699673375
A,quadratic,N1,sgd,F1,1,4000,1,333,227,1,-0.21526046643089497,0.0009732841898105017,0.0015093430445089512,0.0022244042027141178,-2.6957402219980535,0.019354184598715313,0.0322084579966031
A,quadratic,N1,sgd,F1,2,4000,1,287,212,1,-1.1965914441650631,0.001028161292610344,0.0015959321894492501,0.002116646169424286,-2.687172764900932,0.01921242440390765,0.03182250000099884
A,quadratic,N1,sgd,F1,3,4000,1,373,243,1,-0.6409076838337712,0.0009419991006431667,0.001536485882024135,0.002383938609142498,-2.683653825448326,0.015829990701191916,0.03185058300005039
A,quadratic,N1,sgd,F1,4,4000,1,361,259,1,-0.08810578464474296,0.0008075694230037409,0.0014878335758843936,0.00225621632001389,-2.6664977397645484,0.019119220585870837,0.03499600000213832
A,quadratic,N1,sgd,F1,5,4000,1,285,280,1,-0.8963549732403711,0.0009254092596684516,0.0013872647029306326,0.002182025532609554,-2.7034339979611928,0.01828283135003765,0.02789183300046716
A,quadratic,N1,sgd,F1,6,4000,1,261,239,1,0.5520573037728533,0.0011627055961102191,0.0016779265700651081,0.002448479375101888,-2.6722126337452465,0.02332804812742569,0.027642083005048335
A,quadratic,N1,sgd,F1,7,4000,1,441,290,1,-0.1847044952399291,0.0010982600868187828,0.0015057148178818773,0.002989762869022947,-2.6507790236859647,0.016377917280170476,0.03110795799875632
A,quadratic,N1,sgd,F2,0,4000,1,291,196,1,1.6213009554733628,0.000668544726870663,0.0015446726485304231,0.0022765551347199344,-2.7926212973248394,0.017230237689564613,0.050846332997025456
A,quadratic,N1,sgd,F2,1,4000,1,330,223,1,-0.42705135946099365,0.0006444997234614276,0.0010631434495917175,0.0015594065596096418,-2.8133346675049182,0.01696100640811858,0.049796833998698276
A,quadratic,N1,sgd,F2,2,4000,1,289,208,1,-1.7764846308922013,0.0006758835859735387,0.0011588795670433721,0.0015700010538594407,-2.809170789995233,0.018662715412839027,0.04345800000010058
A,quadratic,N1,sgd,F2,3,4000,1,353,209,1,-1.016478516310172,0.0006907930935500855,0.0011397462666596979,0.0018133865082686758,-2.8073953069775963,0.017520614504678813,0.0465044169977773
A,quadratic,N1,sgd,F2,4,4000,1,347,260,1,-0.1258303034780838,0.0005769972086793996,0.0011259262083625422,0.0015632439018548575,-2.778260293074428,0.015292246141130986,0.04337583299638936
A,quadratic,N1,sgd,F2,5,4000,1,285,279,1,-1.146477188234051,0.0007194633349122977,0.0009751821836419539,0.0014086337056845972,-2.8282839686215584,0.016400666896771637,0.043487292001373135
A,quadratic,N1,sgd,F2,6,4000,1,257,240,1,0.5250391705022188,0.0007655462258256977,0.0012727452860049815,0.0017567227007425233,-2.7976804411583194,0.022592595317669596,0.0454559169957065
A,quadratic,N1,sgd,F2,7,4000,1,399,290,1,-0.25244291532728486,0.000775717852098752,0.001276690979522997,0.0021434162834987162,-2.767937394244561,0.014427109737818692,0.04339895900193369
A,quadratic,N1,sgd,F3,0,4000,1,295,201,1,6.008070692694806,0.0005945142888537602,0.0008790046411719497,0.0019041798464175977,-3.1443191945576716,0.035875017479657705,0.03652541600604309
A,quadratic,N1,sgd,F3,1,4000,1,295,211,1,3.8501489884481477,0.00041611049048370874,0.0006552299611472515,0.003922117255363765,-3.0874264509196645,0.039182928891567964,0.03775783300079638
A,quadratic,N1,sgd,F3,2,4000,1,268,193,1,1.5675770040878754,0.0004391427811875616,0.0006165248975939622,0.001835577303236118,-3.1126858603005223,0.03366445055855082,0.030947874998673797
A,quadratic,N1,sgd,F3,3,4000,1,293,208,1,3.286564514595928,0.0003359608987787258,0.0006529965315406325,0.0035469473236782526,-3.17721367708053,0.03980548915202815,0.03537395899911644
A,quadratic,N1,sgd,F3,4,4000,1,331,247,1,4.529460397379017,0.00032225969190717373,0.0006441842820971246,0.0027152194271135043,-3.085512157716955,0.031825209614912676,0.032498415996087715
A,quadratic,N1,sgd,F3,5,4000,1,274,268,1,4.321653380708031,0.00037029113208346225,0.0004968497235808927,0.0036677266829532344,-3.0854004413485443,0.03949330918702227,0.03116204099933384
A,quadratic,N1,sgd,F3,6,4000,1,257,241,1,4.376191860315688,0.0006714643563478186,0.000771356579763779,0.0018438724638172334,-3.117053588240785,0.028998271279388758,0.03408987500006333
A,quadratic,N1,sgd,F3,7,4000,1,366,290,1,3.7350879620347834,0.0005845511032073171,0.0007553888797268253,0.0027721806594082623,-3.106948970585147,0.04052169567785796,0.031062583002494648
A,quadratic,N1,sgd,F4,0,4000,1,288,209,1,0.9923664116981624,0.0012776302456083096,0.0023297731172930375,0.0035682399063280733,-2.5641937364844827,0.024283740146962687,0.6562024580052821
A,quadratic,N1,sgd,F4,1,4000,1,331,212,1,-0.056839070757049165,0.0013318027106628,0.0020528482707773943,0.002970301838360528,-2.597887056603608,0.021027631006121754,0.6328694580006413
A,quadratic,N1,sgd,F4,2,4000,1,278,234,1,-1.0268553740750437,0.0012470201544539916,0.0022767367045634142,0.003131821003153174,-2.5733165667800093,0.02158312964483538,0.6183902499979013
A,quadratic,N1,sgd,F4,3,4000,1,367,236,1,-0.38614940567920364,0.0015229691110412245,0.002182220156400527,0.003341772491207522,-2.5608660382769344,0.016042874882920447,0.6407421659969259
A,quadratic,N1,sgd,F4,4,4000,1,404,263,1,0.424203537626012,0.0011036060373455128,0.002108441740340033,0.003356976548330907,-2.541690782207419,0.022525643978552147,0.64053291700111
A,quadratic,N1,sgd,F4,5,4000,1,275,271,1,-0.8420942030241417,0.0013070076623948748,0.0018303428030547978,0.002664932902100556,-2.5959230160553752,0.021385805412968546,0.630253333998553
A,quadratic,N1,sgd,F4,6,4000,1,269,255,1,0.6492517267295785,0.0016241916342436984,0.0023949510616467617,0.0034797180305037047,-2.5487397232484033,0.02843260946361649,0.6447776659988449
A,quadratic,N1,sgd,F4,7,4000,1,469,286,1,-0.4642192912949428,0.0013310850453554844,0.002003519188613351,0.0035149653109258403,-2.5365110561642124,0.025124625367583364,0.6561474170011934
A,quadratic,N1,clipped_sgd,F0,0,4000,1,318,206,1,1.2613618730927854,0.0012296810101724818,0.0020475763518300067,0.003216783700586514,-2.6507895802298376,0.020028073530143093,0.0297553339987644
A,quadratic,N1,clipped_sgd,F0,1,4000,1,330,224,1,-0.1522602403754801,0.0010246714997943344,0.0016225034864638102,0.002322098912327713,-2.666542060529854,0.01951997512637922,0.036177666996081825
A,quadratic,N1,clipped_sgd,F0,2,4000,1,285,214,1,-1.066252812989456,0.0010563433632608855,0.0017349591254827634,0.002379007601327922,-2.6586057588017984,0.018120053561097842,0.029856291999749374
A,quadratic,N1,clipped_sgd,F0,3,4000,1,370,249,1,-0.5856273377453453,0.0010418722024523569,0.0016369206492127578,0.0025703264384131135,-2.6540743010341212,0.016919909391071613,0.03731675000017276
A,quadratic,N1,clipped_sgd,F0,4,4000,1,359,258,1,-0.02363280189545558,0.0008705735487185816,0.001598940203642887,0.0025708560963696053,-2.63851953570731,0.019927148995479604,0.030027458000404295
A,quadratic,N1,clipped_sgd,F0,5,4000,1,284,282,1,-0.7982621925734853,0.0010055820761908849,0.0015436081572238814,0.0023900782906658927,-2.669610041470558,0.02193698288303724,0.03307133400085149
A,quadratic,N1,clipped_sgd,F0,6,4000,1,259,245,1,0.5622160188154068,0.0012384729273486317,0.001811951317318835,0.002624304366381138,-2.6432211296766353,0.024956043366045434,0.029923708003479987
A,quadratic,N1,clipped_sgd,F0,7,4000,1,435,291,1,-0.20880622681396846,0.0011218735980488895,0.0016353734803665845,0.003158580095924335,-2.6230040596497592,0.018295171371475016,0.031488334003370255
A,quadratic,N1,clipped_sgd,F1,0,4000,1,318,206,1,1.3160905702451215,0.0011057540181137642,0.0018587808477479536,0.00303969361826387,-2.6791008801330696,0.019391931334180622,0.03239562499948079
A,quadratic,N1,clipped_sgd,F1,1,4000,1,333,227,1,-0.21526046643089497,0.0009732841898105017,0.0015093430445089512,0.0022244042027141178,-2.6957402219980535,0.019354184598715313,0.030116959002043586
A,quadratic,N1,clipped_sgd,F1,2,4000,1,287,212,1,-1.1965914441650631,0.001028161292610344,0.0015959321894492501,0.002116646169424286,-2.687172764900932,0.01921242440390765,0.030931166002119426
A,quadratic,N1,clipped_sgd,F1,3,4000,1,373,243,1,-0.6409076838337712,0.0009419991006431667,0.001536485882024135,0.002383938609142498,-2.683653825448326,0.015829990701191916,0.03061349999916274
A,quadratic,N1,clipped_sgd,F1,4,4000,1,361,259,1,-0.08810578464474296,0.0008075694230037409,0.0014878335758843936,0.00225621632001389,-2.6664977397645484,0.019119220585870837,0.030312916002003476
A,quadratic,N1,clipped_sgd,F1,5,4000,1,285,280,1,-0.8963549732403711,0.0009254092596684516,0.0013872647029306326,0.002182025532609554,-2.7034339979611928,0.01828283135003765,0.03040366699860897
A,quadratic,N1,clipped_sgd,F1,6,4000,1,261,239,1,0.5520573037728533,0.0011627055961102191,0.0016779265700651081,0.002448479375101888,-2.6722126337452465,0.02332804812742569,0.030782415997236967
A,quadratic,N1,clipped_sgd,F1,7,4000,1,441,290,1,-0.1847044952399291,0.0010982600868187828,0.0015057148178818773,0.002989762869022947,-2.6507790236859647,0.016377917280170476,0.030612041002314072
A,quadratic,N1,clipped_sgd,F2,0,4000,1,291,196,1,1.6213009554733628,0.000668544726870663,0.0015446726485304231,0.0022765551347199344,-2.7926212973248394,0.017230237689564613,0.04738804199587321
A,quadratic,N1,clipped_sgd,F2,1,4000,1,330,223,1,-0.42705135946099365,0.0006444997234614276,0.0010631434495917175,0.0015594065596096418,-2.8133346675049182,0.01696100640811858,0.04800358299689833
A,quadratic,N1,clipped_sgd,F2,2,4000,1,289,208,1,-1.7764846308922013,0.0006758835859735387,0.0011588795670433721,0.0015700010538594407,-2.809170789995233,0.018662715412839027,0.05000424999889219
A,quadratic,N1,clipped_sgd,F2,3,4000,1,353,209,1,-1.016478516310172,0.0006907930935500855,0.0011397462666596979,0.0018133865082686758,-2.8073953069775963,0.017520614504678813,0.051669790998857934
A,quadratic,N1,clipped_sgd,F2,4,4000,1,347,260,1,-0.1258303034780838,0.0005769972086793996,0.0011259262083625422,0.0015632439018548575,-2.778260293074428,0.015292246141130986,0.04931724999914877
A,quadratic,N1,clipped_sgd,F2,5,4000,1,285,279,1,-1.146477188234051,0.0007194633349122977,0.0009751821836419539,0.0014086337056845972,-2.8282839686215584,0.016400666896771637,0.048542291995545384
A,quadratic,N1,clipped_sgd,F2,6,4000,1,257,240,1,0.5250391705022188,0.0007655462258256977,0.0012727452860049815,0.0017567227007425233,-2.7976804411583194,0.022592595317669596,0.04833245900226757
A,quadratic,N1,clipped_sgd,F2,7,4000,1,399,290,1,-0.25244291532728486,0.000775717852098752,0.001276690979522997,0.0021434162834987162,-2.767937394244561,0.014427109737818692,0.05185433400038164
A,quadratic,N1,clipped_sgd,F3,0,4000,1,295,201,1,6.008070692694806,0.0005945142888537602,0.0008790046411719497,0.0019041798464175977,-3.1443191945576716,0.035875017479657705,0.04009441700327443
A,quadratic,N1,clipped_sgd,F3,1,4000,1,295,211,1,3.8501489884481477,0.00041611049048370874,0.0006552299611472515,0.003922117255363765,-3.0874264509196645,0.039182928891567964,0.035135541002091486
A,quadratic,N1,clipped_sgd,F3,2,4000,1,268,193,1,1.5675770040878754,0.0004391427811875616,0.0006165248975939622,0.001835577303236118,-3.1126858603005223,0.03366445055855082,0.043291415997373406
A,quadratic,N1,clipped_sgd,F3,3,4000,1,293,208,1,3.286564514595928,0.0003359608987787258,0.0006529965315406325,0.0035469473236782526,-3.17721367708053,0.03980548915202815,0.03845141700003296
A,quadratic,N1,clipped_sgd,F3,4,4000,1,331,247,1,4.529460397379017,0.00032225969190717373,0.0006441842820971246,0.0027152194271135043,-3.085512157716955,0.031825209614912676,0.039037959002598654
A,quadratic,N1,clipped_sgd,F3,5,4000,1,274,268,1,4.321653380708031,0.00037029113208346225,0.0004968497235808927,0.0036677266829532344,-3.0854004413485443,0.03949330918702227,0.0349384170040139
A,quadratic,N1,clipped_sgd,F3,6,4000,1,257,241,1,4.376191860315688,0.0006714643563478186,0.000771356579763779,0.0018438724638172334,-3.117053588240785,0.028998271279388758,0.04593775000103051
A,quadratic,N1,clipped_sgd,F3,7,4000,1,366,290,1,3.7350879620347834,0.0005845511032073171,0.0007553888797268253,0.0027721806594082623,-3.106948970585147,0.04052169567785796,0.03616595800122013
A,quadratic,N1,clipped_sgd,F4,0,4000,1,288,209,1,0.9923664116981624,0.0012776302456083096,0.0023297731172930375,0.0035682399063280733,-2.5641937364844827,0.024283740146962687,0.6205527499987511
A,quadratic,N1,clipped_sgd,F4,1,4000,1,331,212,1,-0.056839070757049165,0.0013318027106628,0.0020528482707773943,0.002970301838360528,-2.597887056603608,0.021027631006121754,0.6460515420039883
A,quadratic,N1,clipped_sgd,F4,2,4000,1,278,234,1,-1.0268553740750437,0.0012470201544539916,0.0022767367045634142,0.003131821003153174,-2.5733165667800093,0.02158312964483538,0.6321083340008045
A,quadratic,N1,clipped_sgd,F4,3,4000,1,367,236,1,-0.38614940567920364,0.0015229691110412245,0.002182220156400527,0.003341772491207522,-2.5608660382769344,0.016042874882920447,0.6184945830027573
A,quadratic,N1,clipped_sgd,F4,4,4000,1,404,263,1,0.424203537626012,0.0011036060373455128,0.002108441740340033,0.003356976548330907,-2.541690782207419,0.022525643978552147,0.6609068749967264
A,quadratic,N1,clipped_sgd,F4,5,4000,1,275,271,1,-0.8420942030241417,0.0013070076623948748,0.0018303428030547978,0.002664932902100556,-2.5959230160553752,0.021385805412968546,0.625960874996963
A,quadratic,N1,clipped_sgd,F4,6,4000,1,269,255,1,0.6492517267295785,0.0016241916342436984,0.0023949510616467617,0.0034797180305037047,-2.5487397232484033,0.02843260946361649,0.6310807920017396
A,quadratic,N1,clipped_sgd,F4,7,4000,1,469,286,1,-0.4642192912949428,0.0013310850453554844,0.002003519188613351,0.0035149653109258403,-2.5365110561642124,0.025124625367583364,0.6304694999998901
A,quadratic,N1,normalized_sgd,F0,0,4000,1,243,125,1,0.6733194157189089,0.0024195351410679655,0.003652835704045841,0.00571135904733424,-2.426632916067276,0.028196573436258695,0.031734999996842816
A,quadratic,N1,normalized_sgd,F0,1,4000,1,225,137,1,0.05001868971368242,0.001984122208287286,0.003021434558630144,0.004699504635686243,-2.457395017232987,0.025793397116044656,0.03163845899689477
A,quadratic,N1,normalized_sgd,F0,2,4000,1,207,135,1,-0.579035880647244,0.0019402030619979176,0.003213358094742939,0.0047899806779258996,-2.442650342659729,0.02146972137006786,0.031558083996060304
A,quadratic,N1,normalized_sgd,F0,3,4000,1,289,147,1,0.0746094834337353,0.001968653293808846,0.003065761543876268,0.004928007934758283,-2.4344682887903217,0.02081940995318978,0.031733458999951836
A,quadratic,N1,normalized_sgd,F0,4,4000,1,248,154,1,-0.02693153760574927,0.001697052493058336,0.0030533844333602922,0.004998389356931341,-2.4369537429213066,0.027909261224887773,0.03168083399941679
A,quadratic,N1,normalized_sgd,F0,5,4000,1,196,195,1,-0.7789278481138164,0.00184184017055615,0.002893715567936824,0.004742728886519276,-2.447370068747139,0.030569393754307412,0.0314455000043381
A,quadratic,N1,normalized_sgd,F0,6,4000,1,186,180,1,0.4725710914174582,0.0025003017519896658,0.0035467627024109317,0.005213688813845177,-2.418909617776447,0.032794061627474516,0.031220875003782567
A,quadratic,N1,normalized_sgd,F0,7,4000,1,253,176,1,-0.14869453117132297,0.001989435873708903,0.0030564866576742594,0.005575504670032718,-2.4101604284906997,0.02945405882150613,0.031210166001983453
A,quadratic,N1,normalized_sgd,F1,0,4000,0,4000,81,1,0.1768149608328612,0.00689030440687973,0.01047152373403208,0.01567715237763927,-1.9926207102347653,0.06196744043017344,0.032463791001646314
A,quadratic,N1,normalized_sgd,F1,1,4000,1,1405,78,1,0.05974228022530981,0.005732205023427865,0.009524647560168284,0.013440228561847392,-2.012045033662746,0.04350936346138359,0.03346279200195568
A,quadratic,N1,normalized_sgd,F1,2,4000,1,681,65,1,-0.025733649842685904,0.006079164253661217,0.009954611657598708,0.015350663669006982,-1.9981545799949276,0.02673322831405048,0.032801249995827675
A,quadratic,N1,normalized_sgd,F1,3,4000,1,289,68,1,0.02132901985348803,0.006256364296994119,0.009285824996836072,0.013891343436592719,-1.9946780596406537,0.04051194413235096,0.037386667005193885
A,quadratic,N1,normalized_sgd,F1,4,4000,1,743,116,1,0.17524584730392317,0.005872373093869458,0.009452515887537491,0.013421624173315955,-2.007780167153713,0.05097280389263771,0.03293745799601311
A,quadratic,N1,normalized_sgd,F1,5,4000,1,112,111,1,-0.1745841529494991,0.006492519871889689,0.009501033206492331,0.014232099576829624,-1.9935879581711542,0.0464245796619473,0.03432283300207928
A,quadratic,N1,normalized_sgd,F1,6,4000,1,87,85,1,0.3093703355018198,0.006996147924846001,0.009955883123007646,0.014861682352922399,-1.9914939442630621,0.04988615208636223,0.032579042002907954
A,quadratic,N1,normalized_sgd,F1,7,4000,1,175,143,1,0.13056583051724055,0.006627056141761141,0.009810558208608162,0.015106527100489259,-1.9739698735687052,0.04393769288301279,0.035316707995662
A,quadratic,N1,normalized_sgd,F2,0,4000,1,83,55,1,0.482908488156769,0.0033296263127628265,0.004758875004596059,0.006945228822176479,-2.3408881398668817,0.04341436436892258,0.04906245799793396
A,quadratic,N1,normalized_sgd,F2,1,4000,1,105,57,1,-0.1506122990645144,0.0024090721257041766,0.0038292096146232734,0.005493183737487884,-2.386442792182021,0.032532990001650226,0.049100333999376744
A,quadratic,N1,normalized_sgd,F2,2,4000,1,83,60,1,-0.37445098567299057,0.0025994662764162384,0.004302836546699468,0.006440822862027535,-2.358375270384356,0.02522547968612598,0.048821165997651406
A,quadratic,N1,normalized_sgd,F2,3,4000,1,67,56,1,0.009389602346117862,0.002704333308346622,0.003976836174040082,0.0061268335873058515,-2.3560439703484257,0.0290151588917372,0.04868420799903106
A,quadratic,N1,normalized_sgd,F2,4,4000,1,150,69,1,0.13659035565764052,0.002590504013960993,0.004087064844724786,0.005755558281826305,-2.361342941883333,0.03289261610983022,0.04952512500312878
A,quadratic,N1,normalized_sgd,F2,5,4000,1,101,101,1,-0.18346294684524578,0.002626753376365834,0.003971529395476717,0.006083923197786773,-2.368813745030777,0.03918164798799692,0.055990458000451326
A,quadratic,N1,normalized_sgd,F2,6,4000,1,82,80,1,0.4565955795192002,0.0031498949217603337,0.004353190220243723,0.006180308987527582,-2.3536510751073934,0.04270842132439518,0.049472041995613836
A,quadratic,N1,normalized_sgd,F2,7,4000,1,140,81,1,-0.013707281099192122,0.0025320709652291397,0.0041776381219729986,0.006928934123536258,-2.335804843707352,0.033655394259829774,0.049445500000729226
A,quadratic,N1,normalized_sgd,F3,0,4000,1,60,51,1,6.8694218578385335,0.0007787168908079398,0.001243793895478279,0.00780236457179426,-3.073912278776976,0.07744219301167286,0.03676058299606666
A,quadratic,N1,normalized_sgd,F3,1,4000,1,61,54,1,5.881284140990277,0.000605959155868974,0.0010697927732914577,0.01133825025481818,-3.0551247047745873,0.07125706476724228,0.040289458993356675
A,quadratic,N1,normalized_sgd,F3,2,4000,1,58,51,1,3.986150869191181,0.0006236221232306426,0.0008845746393478411,0.005709980921847873,-3.0597478042010127,0.06870837908006328,0.03683012499823235
A,quadratic,N1,normalized_sgd,F3,3,4000,1,62,54,1,5.799701919016758,0.0005104818870839234,0.001156180451402956,0.010639302456147052,-3.078389351213613,0.07032993326278128,0.037087332995724864
A,quadratic,N1,normalized_sgd,F3,4,4000,1,74,66,1,5.763407253770577,0.0004232250380823969,0.0008625710367934371,0.007227701384442515,-3.042443688544784,0.05578564091291559,0.036846082999545615
A,quadratic,N1,normalized_sgd,F3,5,4000,1,99,98,1,6.2267493281642325,0.00046924921146362876,0.0008120541625631801,0.009668602447669337,-3.0553343414711067,0.061600939505125206,0.036766124998393934
A,quadratic,N1,normalized_sgd,F3,6,4000,1,80,78,1,5.423999450948447,0.0008005118320769291,0.0010850102452596483,0.004891857355930912,-3.0700079692585334,0.052555486748571016,0.03600525000365451
A,quadratic,N1,normalized_sgd,F3,7,4000,1,85,77,1,4.791022817698666,0.0007612254519001725,0.0010587809586870887,0.009671717604024408,-3.0677933366572523,0.07875489130198424,0.036279792002460454
A,quadratic,N1,normalized_sgd,F4,0,4000,0,4000,87,1,0.13422487717604298,0.006599009496422863,0.009856556322726837,0.01445478623998529,-1.9996059158732997,0.05457192417705581,0.6349942089946126
A,quadratic,N1,normalized_sgd,F4,1,4000,1,332,101,1,-0.05223733450188241,0.005600025804245863,0.008910209464981004,0.015235493890483778,-2.026400230541269,0.041342017113023405,0.6463268750012503
A,quadratic,N1,normalized_sgd,F4,2,4000,1,157,77,1,-0.30148586639006725,0.005743422173610624,0.00903480019197249,0.013950576702781313,-2.009304835232525,0.039458008134221144,0.671154875002685
A,quadratic,N1,normalized_sgd,F4,3,4000,1,441,78,1,-0.059131949551407395,0.005813285682817072,0.009317408805816368,0.014723854824249786,-2.0030700869349833,0.03264909522607257,0.6375898330006748
A,quadratic,N1,normalized_sgd,F4,4,4000,1,1764,121,1,0.27708711804824193,0.0051183264370706,0.009331421922857228,0.014324900229934767,-2.0037386062503693,0.0512543503354616,0.6351441669976339
A,quadratic,N1,normalized_sgd,F4,5,4000,1,152,152,1,-0.12225716995999164,0.00569932550184413,0.008851217628117953,0.013711729892865131,-2.0138095864240917,0.0432194058935226,0.658285417004663
A,quadratic,N1,normalized_sgd,F4,6,4000,1,131,120,1,0.2803621969543347,0.006604002404851248,0.010207954462823049,0.014799720966062049,-1.9934403955368998,0.05508170834659183,0.7156057500033057
A,quadratic,N1,normalized_sgd,F4,7,4000,1,1264,125,1,0.3584588039661268,0.005937121435033288,0.009714487207013522,0.014854696833135995,-1.9868827033924186,0.048337876837818095,0.6157749589983723
A,quadratic,N2,sgd,F0,0,4000,0,4000,4000,0,-2.4243054467926624,0.060307519679740976,0.0794768943370445,0.12011549146705885,-0.8852367367150112,0.1562711823524793,0.07037329200102249
A,quadratic,N2,sgd,F0,1,4000,0,4000,4000,0,-2.0279971459638273,0.06703755604831155,0.11358957769454348,0.17325599915235687,-0.9272379752180595,0.177217454924971,0.07074383400322404
A,quadratic,N2,sgd,F0,2,4000,0,4000,4000,0,-1.071981796712847,0.08100687527592307,0.11116167905557449,0.13861866126725078,-0.9087154791519769,0.19280013108308858,0.07048950000171317
A,quadratic,N2,sgd,F0,3,4000,0,4000,4000,0,-1.985189461661163,0.08085200789238244,0.10374402525880355,0.15176738999468314,-0.9089920890412727,0.18415238193471767,0.07160320800176123
A,quadratic,N2,sgd,F0,4,4000,0,4000,4000,0,-1.2798171423551916,0.10026972664322607,0.12943047815805786,0.17035552138049634,-0.8970727189495656,0.17001599357142025,0.0733160419986234
A,quadratic,N2,sgd,F0,5,4000,0,4000,4000,0,-1.6571909712897628,0.11061858672480596,0.13220709637548483,0.15660373909200354,-0.8841502496047525,0.17044560863151959,0.07248245899972972
A,quadratic,N2,sgd,F0,6,4000,0,4000,4000,0,1.9363044268947762,0.10378539971932353,0.11755218814927601,0.18982950287559425,-0.9607582288550249,0.22013019994194846,0.0791099169946392
A,quadratic,N2,sgd,F0,7,4000,0,4000,4000,0,-0.2893658930077542,0.08927915400849748,0.15123687650069706,0.19989575684070146,-0.9049026970265429,0.17776000196791905,0.07237904200155754
A,quadratic,N2,sgd,F1,0,4000,0,4000,4000,0,-2.4319599673476717,0.06058135432782359,0.07884232792122037,0.12012462557284735,-0.8870512227458437,0.15847965812743467,0.07305033299780916
A,quadratic,N2,sgd,F1,1,4000,0,4000,4000,0,-2.0756785005053917,0.06682469302954765,0.11286781948581326,0.17246297437594563,-0.9293779575086007,0.17522618875037238,0.07392908299516421
A,quadratic,N2,sgd,F1,2,4000,0,4000,4000,0,-1.115048027227478,0.08070954210691603,0.11027390417830155,0.13693626236882742,-0.9108456083382359,0.191885249160682,0.07289045899960911
A,quadratic,N2,sgd,F1,3,4000,0,4000,4000,0,-2.0836144884657126,0.08046633975526671,0.10355853809488268,0.14949849524191305,-0.9114720865329325,0.1850320335211694,0.07281862499803538
A,quadratic,N2,sgd,F1,4,4000,0,4000,4000,0,-1.2750484662366215,0.0997586515823864,0.12786341738091977,0.17084742894840352,-0.8983669199434666,0.16785166788803846,0.0722457090014359
A,quadratic,N2,sgd,F1,5,4000,0,4000,4000,0,-1.663727043042773,0.10940825020873994,0.13221715920817262,0.15644807668290678,-0.8858283340515942,0.1680614877406453,0.07364024999696994
A,quadratic,N2,sgd,F1,6,4000,0,4000,4000,0,1.876221227953517,0.10210063510193396,0.11578864730157559,0.1872479617072011,-0.9637389858163726,0.21804068285106826,0.07433320800191723
A,quadratic,N2,sgd,F1,7,4000,0,4000,4000,0,-0.2737368399215334,0.09243883266789481,0.15094794647604892,0.19855168773956042,-0.9066513231010604,0.17277272700544494,0.08030508400406688
A,quadratic,N2,sgd,F2,0,4000,0,4000,4000,0,-2.507816915652608,0.05328126458316524,0.07048810160504806,0.11675904985775856,-0.9104778824569455,0.14904272923270281,0.09328212500258815
A,quadratic,N2,sgd,F2,1,4000,0,4000,4000,0,-2.175424748885568,0.06256058325517426,0.11230906312861068,0.15807156140790915,-0.953406818089765,0.1576976219830893,0.09447466699930374
A,quadratic,N2,sgd,F2,2,4000,0,4000,4000,0,-1.1621806137674346,0.08087866577091898,0.10171751007769578,0.12688333963777523,-0.9356950319624209,0.1824138800656991,0.09531616699678125
A,quadratic,N2,sgd,F2,3,4000,0,4000,4000,0,-2.3786203063421074,0.07988061245117375,0.09650201014900028,0.13072973739177904,-0.9363013170976233,0.1757001741278911,0.09808087500277907
A,quadratic,N2,sgd,F2,4,4000,0,4000,4000,0,-1.2866855203115384,0.09869010018091791,0.12519402915125488,0.15689091638198588,-0.919802137204825,0.16314455745284012,0.10143970799981616
A,quadratic,N2,sgd,F2,5,4000,0,4000,4000,0,-1.7247532050216474,0.10808679852207255,0.12670851216855683,0.1513831153541155,-0.907804809060186,0.16433929508931522,0.0931317919967114
A,quadratic,N2,sgd,F2,6,4000,0,4000,4000,0,1.6888236393865854,0.09410389324369928,0.10485862897368156,0.1725424875726665,-0.993347407206945,0.22393460635168558,0.10324395800125785
A,quadratic,N2,sgd,F2,7,4000,0,4000,4000,0,-0.21745238218952043,0.09556274200250964,0.14393529199777205,0.1877201755626349,-0.9303886191859921,0.16502831786232885,0.09342250000190688
A,quadratic,N2,sgd,F3,0,4000,0,4000,4000,0,-2.2543904815849745,0.045369004448739786,0.057883731138879325,0.10056848332966825,-0.9643237467278868,0.15657903879734641,0.07585295799799496
A,quadratic,N2,sgd,F3,1,4000,0,4000,4000,0,-2.159986333177239,0.0629787329035061,0.090508541608019,0.1351498746259638,-1.0039890461169632,0.16624542739807832,0.08031450000271434
A,quadratic,N2,sgd,F3,2,4000,0,4000,4000,0,-0.8540262938285654,0.06597452772751068,0.09116743411614153,0.11573004513817085,-0.9885521833006956,0.18761349043071096,0.08561462500074413
A,quadratic,N2,sgd,F3,3,4000,0,4000,4000,0,-1.8025045120256453,0.08290219505852897,0.09016055886567462,0.11399611984336319,-0.983655264742445,0.1685113613812176,0.07973024999955669
A,quadratic,N2,sgd,F3,4,4000,0,4000,4000,0,-1.268989684862217,0.09593905238237897,0.11343864144956403,0.12845529866316785,-0.9667622408718882,0.1654327368282302,0.07613895900431089
A,quadratic,N2,sgd,F3,5,4000,0,4000,4000,0,-1.7873504053684497,0.09651392883096267,0.1105329908653244,0.13748587649110378,-0.9462499161627463,0.17975036427994565,0.09130354099761462
A,quadratic,N2,sgd,F3,6,4000,0,4000,4000,0,2.297481948773677,0.08154198063957999,0.0928566349272229,0.15209423234448258,-1.0406186806536835,0.2248172324273256,0.08101466600055574
A,quadratic,N2,sgd,F3,7,4000,0,4000,4000,0,-0.31375698016681847,0.10194905500881768,0.12679297342911883,0.14831577073144905,-0.9810802661625684,0.19901270814768457,0.07776883299811743
A,quadratic,N2,sgd,F4,0,4000,0,4000,4000,0,-2.346335066878585,0.06020715318511007,0.08080501235396335,0.12055730956198722,-0.8843791584155176,0.15549162720566878,0.7488415409970912
A,quadratic,N2,sgd,F4,1,4000,0,4000,4000,0,-2.1020330470914694,0.06778992713144369,0.10892422020789454,0.17075433253043135,-0.9328257461773608,0.17459184697843108,0.6658069999975851
A,quadratic,N2,sgd,F4,2,4000,0,4000,4000,0,-0.9541378916290274,0.08361764511327856,0.11214806738108665,0.1396845038171458,-0.9052829695326797,0.19023245566927394,0.6793429169993033
A,quadratic,N2,sgd,F4,3,4000,0,4000,4000,0,-1.9607413300048637,0.08127164509654013,0.10424731411237212,0.1546014543686376,-0.9112915197994739,0.1829760112589046,0.6839188749945606
A,quadratic,N2,sgd,F4,4,4000,0,4000,4000,0,-1.3157767347600027,0.09878687921635979,0.1344805969909913,0.1714196835532689,-0.8957621995085399,0.17178674326527543,0.7186329579999438
A,quadratic,N2,sgd,F4,5,4000,0,4000,4000,0,-1.6791655237727101,0.1082092893932046,0.13317102161273353,0.15868344259034084,-0.8855958781863398,0.17177298693286838,0.6846568339969963
A,quadratic,N2,sgd,F4,6,4000,0,4000,4000,0,2.0239045235644264,0.10242754826492181,0.11744932737308653,0.18831968117557052,-0.96169598694143,0.2212104385520189,0.6757819589984138
A,quadratic,N2,sgd,F4,7,4000,0,4000,4000,0,-0.30138855153904615,0.09062877985846315,0.15045691631720506,0.19934791731777377,-0.9072577587709647,0.1748140128631134,0.6671675830002641
A,quadratic,N2,clipped_sgd,F0,0,4000,0,4000,4000,0,-2.4243054467926624,0.060307519679740976,0.0794768943370445,0.12011549146705885,-0.8852367367150112,0.1562711823524793,0.08856637500139186
A,quadratic,N2,clipped_sgd,F0,1,4000,0,4000,4000,0,-2.0279971459638273,0.06703755604831155,0.11358957769454348,0.17325599915235687,-0.9272379752180595,0.177217454924971,0.07866229199862573
A,quadratic,N2,clipped_sgd,F0,2,4000,0,4000,4000,0,-1.071981796712847,0.08100687527592307,0.11116167905557449,0.13861866126725078,-0.9087154791519769,0.19280013108308858,0.07948516600299627
A,quadratic,N2,clipped_sgd,F0,3,4000,0,4000,4000,0,-1.985189461661163,0.08085200789238244,0.10374402525880355,0.15176738999468314,-0.9089920890412727,0.18415238193471767,0.07796612500533229
A,quadratic,N2,clipped_sgd,F0,4,4000,0,4000,4000,0,-1.2798171423551916,0.10026972664322607,0.12943047815805786,0.17035552138049634,-0.8970727189495656,0.17001599357142025,0.07492683300370118
A,quadratic,N2,clipped_sgd,F0,5,4000,0,4000,4000,0,-1.6571909712897628,0.11061858672480596,0.13220709637548483,0.15660373909200354,-0.8841502496047525,0.17044560863151959,0.07457037499989383
A,quadratic,N2,clipped_sgd,F0,6,4000,0,4000,4000,0,1.9363044268947762,0.10378539971932353,0.11755218814927601,0.18982950287559425,-0.9607582288550249,0.22013019994194846,0.07741404199623503
A,quadratic,N2,clipped_sgd,F0,7,4000,0,4000,4000,0,-0.2893658930077542,0.08927915400849748,0.15123687650069706,0.19989575684070146,-0.9049026970265429,0.17776000196791905,0.13134420799906366
A,quadratic,N2,clipped_sgd,F1,0,4000,0,4000,4000,0,-2.4319599673476717,0.06058135432782359,0.07884232792122037,0.12012462557284735,-0.8870512227458437,0.15847965812743467,0.0815113749995362
A,quadratic,N2,clipped_sgd,F1,1,4000,0,4000,4000,0,-2.0756785005053917,0.06682469302954765,0.11286781948581326,0.17246297437594563,-0.9293779575086007,0.17522618875037238,0.12965287499537226
A,quadratic,N2,clipped_sgd,F1,2,4000,0,4000,4000,0,-1.115048027227478,0.08070954210691603,0.11027390417830155,0.13693626236882742,-0.9108456083382359,0.191885249160682,0.08028320899757091
A,quadratic,N2,clipped_sgd,F1,3,4000,0,4000,4000,0,-2.0836144884657126,0.08046633975526671,0.10355853809488268,0.14949849524191305,-0.9114720865329325,0.1850320335211694,0.07970720800221898
A,quadratic,N2,clipped_sgd,F1,4,4000,0,4000,4000,0,-1.2750484662366215,0.0997586515823864,0.12786341738091977,0.17084742894840352,-0.8983669199434666,0.16785166788803846,0.07888391600135947
A,quadratic,N2,clipped_sgd,F1,5,4000,0,4000,4000,0,-1.663727043042773,0.10940825020873994,0.13221715920817262,0.15644807668290678,-0.8858283340515942,0.1680614877406453,0.13235529200028395
A,quadratic,N2,clipped_sgd,F1,6,4000,0,4000,4000,0,1.876221227953517,0.10210063510193396,0.11578864730157559,0.1872479617072011,-0.9637389858163726,0.21804068285106826,0.0783651249948889
A,quadratic,N2,clipped_sgd,F1,7,4000,0,4000,4000,0,-0.2737368399215334,0.09243883266789481,0.15094794647604892,0.19855168773956042,-0.9066513231010604,0.17277272700544494,0.0777853750041686
A,quadratic,N2,clipped_sgd,F2,0,4000,0,4000,4000,0,-2.507816915652608,0.05328126458316524,0.07048810160504806,0.11675904985775856,-0.9104778824569455,0.14904272923270281,0.15025891700497596
A,quadratic,N2,clipped_sgd,F2,1,4000,0,4000,4000,0,-2.175424748885568,0.06256058325517426,0.11230906312861068,0.15807156140790915,-0.953406818089765,0.1576976219830893,0.09605945899966173
A,quadratic,N2,clipped_sgd,F2,2,4000,0,4000,4000,0,-1.1621806137674346,0.08087866577091898,0.10171751007769578,0.12688333963777523,-0.9356950319624209,0.1824138800656991,0.09336395800346509
A,quadratic,N2,clipped_sgd,F2,3,4000,0,4000,4000,0,-2.3786203063421074,0.07988061245117375,0.09650201014900028,0.13072973739177904,-0.9363013170976233,0.1757001741278911,0.10102833300334169
A,quadratic,N2,clipped_sgd,F2,4,4000,0,4000,4000,0,-1.2866855203115384,0.09869010018091791,0.12519402915125488,0.15689091638198588,-0.919802137204825,0.16314455745284012,0.09190416699857451
A,quadratic,N2,clipped_sgd,F2,5,4000,0,4000,4000,0,-1.7247532050216474,0.10808679852207255,0.12670851216855683,0.1513831153541155,-0.907804809060186,0.16433929508931522,0.09194825000304263
A,quadratic,N2,clipped_sgd,F2,6,4000,0,4000,4000,0,1.6888236393865854,0.09410389324369928,0.10485862897368156,0.1725424875726665,-0.993347407206945,0.22393460635168558,0.09217870900465641
A,quadratic,N2,clipped_sgd,F2,7,4000,0,4000,4000,0,-0.21745238218952043,0.09556274200250964,0.14393529199777205,0.1877201755626349,-0.9303886191859921,0.16502831786232885,0.09298283299722243
A,quadratic,N2,clipped_sgd,F3,0,4000,0,4000,4000,0,-2.2543904815849745,0.045369004448739786,0.057883731138879325,0.10056848332966825,-0.9643237467278868,0.15657903879734641,0.08260416699340567
A,quadratic,N2,clipped_sgd,F3,1,4000,0,4000,4000,0,-2.159986333177239,0.0629787329035061,0.090508541608019,0.1351498746259638,-1.0039890461169632,0.16624542739807832,0.08206220899592154
A,quadratic,N2,clipped_sgd,F3,2,4000,0,4000,4000,0,-0.8540262938285654,0.06597452772751068,0.09116743411614153,0.11573004513817085,-0.9885521833006956,0.18761349043071096,0.07948708299954887
A,quadratic,N2,clipped_sgd,F3,3,4000,0,4000,4000,0,-1.8025045120256453,0.08290219505852897,0.09016055886567462,0.11399611984336319,-0.983655264742445,0.1685113613812176,0.08008116600103676
A,quadratic,N2,clipped_sgd,F3,4,4000,0,4000,4000,0,-1.268989684862217,0.09593905238237897,0.11343864144956403,0.12845529866316785,-0.9667622408718882,0.1654327368282302,0.0825838750024559
A,quadratic,N2,clipped_sgd,F3,5,4000,0,4000,4000,0,-1.7873504053684497,0.09651392883096267,0.1105329908653244,0.13748587649110378,-0.9462499161627463,0.17975036427994565,0.08832087500195485
A,quadratic,N2,clipped_sgd,F3,6,4000,0,4000,4000,0,2.297481948773677,0.08154198063957999,0.0928566349272229,0.15209423234448258,-1.0406186806536835,0.2248172324273256,0.07997820800665068
A,quadratic,N2,clipped_sgd,F3,7,4000,0,4000,4000,0,-0.31375698016681847,0.10194905500881768,0.12679297342911883,0.14831577073144905,-0.9810802661625684,0.19901270814768457,0.08262666699738475
A,quadratic,N2,clipped_sgd,F4,0,4000,0,4000,4000,0,-2.346335066878585,0.06020715318511007,0.08080501235396335,0.12055730956198722,-0.8843791584155176,0.15549162720566878,0.6589898750025895
A,quadratic,N2,clipped_sgd,F4,1,4000,0,4000,4000,0,-2.1020330470914694,0.06778992713144369,0.10892422020789454,0.17075433253043135,-0.9328257461773608,0.17459184697843108,0.6677166250010487
A,quadratic,N2,clipped_sgd,F4,2,4000,0,4000,4000,0,-0.9541378916290274,0.08361764511327856,0.11214806738108665,0.1396845038171458,-0.9052829695326797,0.19023245566927394,0.6698408330048551
A,quadratic,N2,clipped_sgd,F4,3,4000,0,4000,4000,0,-1.9607413300048637,0.08127164509654013,0.10424731411237212,0.1546014543686376,-0.9112915197994739,0.1829760112589046,0.6541904580008122
A,quadratic,N2,clipped_sgd,F4,4,4000,0,4000,4000,0,-1.3157767347600027,0.09878687921635979,0.1344805969909913,0.1714196835532689,-0.8957621995085399,0.17178674326527543,0.6626634999993257
A,quadratic,N2,clipped_sgd,F4,5,4000,0,4000,4000,0,-1.6791655237727101,0.1082092893932046,0.13317102161273353,0.15868344259034084,-0.8855958781863398,0.17177298693286838,0.6729089170039515
A,quadratic,N2,clipped_sgd,F4,6,4000,0,4000,4000,0,2.0239045235644264,0.10242754826492181,0.11744932737308653,0.18831968117557052,-0.96169598694143,0.2212104385520189,0.6650275409992901
A,quadratic,N2,clipped_sgd,F4,7,4000,0,4000,4000,0,-0.30138855153904615,0.09062877985846315,0.15045691631720506,0.19934791731777377,-0.9072577587709647,0.1748140128631134,0.6837833749959827
A,quadratic,N2,normalized_sgd,F0,0,4000,0,4000,4000,0,-2.2692012575375884,0.0735516996801225,0.10077936923288905,0.14160500841869958,-0.824888104666359,0.1721698380496804,0.07769637500314275
A,quadratic,N2,normalized_sgd,F0,1,4000,0,4000,4000,0,-1.8523940387709483,0.08266492347556681,0.12672666562334717,0.2030369210795849,-0.8716417622191331,0.20407066631058549,0.07817349999822909
A,quadratic,N2,normalized_sgd,F0,2,4000,0,4000,4000,0,-1.008202939477818,0.09481702489500182,0.1251543493067474,0.16790099971724778,-0.8533902828923555,0.2076898442015365,0.07706862500344869
A,quadratic,N2,normalized_sgd,F0,3,4000,0,4000,4000,0,-1.5718054047867207,0.0892542602753072,0.1210061913449074,0.18804503111398949,-0.8532425061601613,0.20449518880582512,0.07793050000327639
A,quadratic,N2,normalized_sgd,F0,4,4000,0,4000,4000,0,-1.1810845733751505,0.10846576160002638,0.1511870310900607,0.19975841913917153,-0.8437355917167039,0.18505142141636957,0.07697895800083643
A,quadratic,N2,normalized_sgd,F0,5,4000,0,4000,4000,0,-1.4991806807432193,0.11933498306236762,0.1439396031721493,0.17422432860638865,-0.8348960256807227,0.1904258882732919,0.07985141700191889
A,quadratic,N2,normalized_sgd,F0,6,4000,0,4000,4000,0,1.8629857994385157,0.1222443707586698,0.146261891666289,0.2147339835711761,-0.8966431495592552,0.22179030559217397,0.07744870899477974
A,quadratic,N2,normalized_sgd,F0,7,4000,0,4000,4000,0,-0.3285458043461084,0.10099139892947946,0.17031963001533262,0.23224144706580083,-0.8486473534094492,0.1974776829398335,0.07836308400146663
A,quadratic,N2,normalized_sgd,F1,0,4000,0,4000,4000,0,-2.043336268053698,0.08763358792345792,0.13285929251358608,0.18525482628156045,-0.7427427790291327,0.20548033096222298,0.0779329159995541
A,quadratic,N2,normalized_sgd,F1,1,4000,0,4000,4000,0,-1.6291461723959288,0.09079696115309985,0.1476603219143798,0.25384924464220815,-0.7911092640658917,0.2503609007326116,0.07714095799747156
A,quadratic,N2,normalized_sgd,F1,2,4000,0,4000,4000,0,-0.8694159832729891,0.11652087967950693,0.15719777161403736,0.22336847531204818,-0.7692916110054262,0.229212248925055,0.07709600000089267
A,quadratic,N2,normalized_sgd,F1,3,4000,0,4000,4000,0,-1.1285687622682452,0.10660840181220353,0.15066841253258914,0.24217222707574468,-0.7731750642180514,0.23799810322982953,0.07701758300390793
A,quadratic,N2,normalized_sgd,F1,4,4000,0,4000,4000,0,-1.1103533323354953,0.12046950617299526,0.17793972242314926,0.24179092560745793,-0.7650366580803258,0.1998753919670915,0.0854282090003835
A,quadratic,N2,normalized_sgd,F1,5,4000,0,4000,4000,0,-1.2514981590199556,0.13050880369008347,0.16384384881007158,0.21870308815315379,-0.7653242975969743,0.22071662147592366,0.0800904999996419
A,quadratic,N2,normalized_sgd,F1,6,4000,0,4000,4000,0,1.6293164646551337,0.1410268702619564,0.19336017491385887,0.25141246677635615,-0.809908919082245,0.21798512562016983,0.0787274160029483
A,quadratic,N2,normalized_sgd,F1,7,4000,0,4000,4000,0,-0.19580575287877977,0.12448956860101695,0.19426109088323942,0.28359036357416795,-0.7700933851821659,0.2329814410605324,0.0795044170008623
A,quadratic,N2,normalized_sgd,F2,0,4000,0,4000,4000,0,-2.214462927723574,0.08656494252384381,0.11935078372897726,0.17404120117102323,-0.7675152675422118,0.20614615810754666,0.09397908300161362
A,quadratic,N2,normalized_sgd,F2,1,4000,0,4000,4000,0,-1.6957723854526077,0.09134630254459082,0.14467198706570852,0.23035478606805543,-0.815978751282343,0.25628251254897766,0.09329408300254727
A,quadratic,N2,normalized_sgd,F2,2,4000,0,4000,4000,0,-0.7024821297152183,0.1179376386702139,0.1452697429448394,0.20473398859023043,-0.7934375063316216,0.21814388416526664,0.09344862499710871
A,quadratic,N2,normalized_sgd,F2,3,4000,0,4000,4000,0,-1.1670091872101434,0.10228264382494452,0.14058698725794125,0.22302428021692053,-0.7958030305974964,0.2338940759320765,0.09996637499716599
A,quadratic,N2,normalized_sgd,F2,4,4000,0,4000,4000,0,-1.1244091233402753,0.12689602326564492,0.1715750712342395,0.2174447382466443,-0.786425109457976,0.2115788719779903,0.09435958399990341
A,quadratic,N2,normalized_sgd,F2,5,4000,0,4000,4000,0,-1.3675519267234277,0.12786448629099773,0.15804880561415263,0.2075275726583601,-0.7902962611284949,0.23511643002348198,0.09400979099882534
A,quadratic,N2,normalized_sgd,F2,6,4000,0,4000,4000,0,1.563922338021966,0.12725331275946045,0.18189206497318933,0.23717998438808965,-0.8418259863799039,0.21513385683490688,0.09346966700104531
A,quadratic,N2,normalized_sgd,F2,7,4000,0,4000,4000,0,-0.2968050015056381,0.11934693692927732,0.17923898041754116,0.2747930571973762,-0.7891056025723548,0.25591776108137865,0.10342154100362677
A,quadratic,N2,normalized_sgd,F3,0,4000,0,4000,4000,0,-1.6064869685575913,0.06187221002909297,0.09509936288906103,0.13187722524969334,-0.863597694586291,0.1935792589401587,0.08314062499994179
A,quadratic,N2,normalized_sgd,F3,1,4000,0,4000,4000,0,-1.6885299565525616,0.07250367418361855,0.10742046906069727,0.17238208919034476,-0.9129047372832487,0.22981317917625066,0.08247941699664807
A,quadratic,N2,normalized_sgd,F3,2,4000,0,4000,4000,0,-0.5654975735323055,0.08755811183800782,0.11344566739769348,0.15818987141992152,-0.8989094078757123,0.232626404845286,0.08224362500186544
A,quadratic,N2,normalized_sgd,F3,3,4000,0,4000,4000,0,-0.7031237828110789,0.08884637627190903,0.11884250124072443,0.16980918859278957,-0.8902013085162455,0.22725750543886958,0.08234091699705459
A,quadratic,N2,normalized_sgd,F3,4,4000,0,4000,4000,0,-0.891597153864714,0.10712930874553893,0.13980266106510014,0.17369037348480734,-0.8797884873889633,0.2600547859966358,0.08131095799762988
A,quadratic,N2,normalized_sgd,F3,5,4000,0,4000,4000,0,-1.1997964162897394,0.10683955560131708,0.13332285766057494,0.16482043456971482,-0.8735662157995855,0.26493244850760234,0.08177612500003306
A,quadratic,N2,normalized_sgd,F3,6,4000,0,4000,4000,0,2.4273453273317367,0.09451718818569724,0.14727449149359456,0.21581166371295393,-0.9451730667891661,0.28643013271073764,0.08069916699605528
A,quadratic,N2,normalized_sgd,F3,7,4000,0,4000,4000,0,0.20623279207152126,0.11190878909469738,0.15947183751892863,0.20500339823885275,-0.8807506806523517,0.3232437346714631,0.08122945800278103
A,quadratic,N2,normalized_sgd,F4,0,4000,0,4000,4000,0,-2.022037467948686,0.08181807919823109,0.12511249520746953,0.17759445984792188,-0.7651672170897392,0.19104261411079226,0.6729107909995946
A,quadratic,N2,normalized_sgd,F4,1,4000,0,4000,4000,0,-1.786484253626006,0.08829784303807711,0.1401026237593434,0.23935205640152538,-0.815997724304342,0.23558022071481785,0.6681747080001514
A,quadratic,N2,normalized_sgd,F4,2,4000,0,4000,4000,0,-0.7988141137024483,0.11009915745328919,0.14943011469940393,0.20566236665848212,-0.7908289925992912,0.21353245147458047,0.6727362500023446
A,quadratic,N2,normalized_sgd,F4,3,4000,0,4000,4000,0,-1.1793679176233758,0.10065255785082636,0.1399784445559895,0.23138162191517483,-0.7966657129067128,0.2289312963067928,0.6882641659976798
A,quadratic,N2,normalized_sgd,F4,4,4000,0,4000,4000,0,-1.182557563322976,0.11981763969270755,0.17627998413413273,0.22868373420046217,-0.786072765772271,0.20530970240478635,0.7051756250002654
A,quadratic,N2,normalized_sgd,F4,5,4000,0,4000,4000,0,-1.3205937550856106,0.1248350875151929,0.15858023603627538,0.2081832721683883,-0.7865445295569026,0.21366693681486978,0.7130818750010803
A,quadratic,N2,normalized_sgd,F4,6,4000,0,4000,4000,0,1.8026419104653952,0.13800936131998157,0.18086509479817492,0.24320419989432993,-0.8324802459350042,0.23140588037970156,0.6940885419971892
A,quadratic,N2,normalized_sgd,F4,7,4000,0,4000,4000,0,-0.2373743904917023,0.12232781526967093,0.18794424753290817,0.2650781937003443,-0.7924536110284887,0.22105050267738752,0.6897525000022142
A,quadratic,N3,sgd,F0,0,4000,0,4000,4000,0,-4.672117846170891,0.14635345730230354,0.28017174789418364,1.9395032949345428,0.02456343903896267,0.31366693775472193,0.04111320799711393
A,quadratic,N3,sgd,F0,1,4000,0,4000,4000,0,-11.682432614105123,0.1759645736178404,0.4830454469404606,1.4815756795919583,-0.08450312526764328,0.2533387359954089,0.03775541700451868
A,quadratic,N3,sgd,F0,2,4000,0,4000,4000,0,2.8084956403463606,0.10713071949959996,0.29379951559218254,2.2344996617318293,-0.4041801608869631,0.22489190941394743,0.03899870900204405
A,quadratic,N3,sgd,F0,3,4000,0,4000,4000,0,2.0294933817499783,0.20771292770674354,0.6898471668082777,2.6960839623782964,-0.34147573552124866,0.29175759111161426,0.036871333002636675
A,quadratic,N3,sgd,F0,4,4000,0,4000,4000,0,-4.022732474844236,0.11430453458780457,0.40353574725674723,2.838460873008401,-0.17141486927532343,0.18656468932392917,0.03762191699934192
A,quadratic,N3,sgd,F0,5,4000,0,4000,4000,0,-4.166593868045857,0.1762975463724106,0.5968829994289514,3.0259640587128063,-0.3952128694334461,0.8807444645289404,0.03879416600102559
A,quadratic,N3,sgd,F0,6,4000,0,4000,4000,0,-3.2435522150613902,0.11231295073788117,0.7601764143882725,7.466884518932433,-0.31705821673631146,0.17161934579330185,0.03654850000020815
A,quadratic,N3,sgd,F0,7,4000,0,4000,4000,0,0.6042674531654969,0.28369788694656206,1.1624291214782918,5.302369927372154,-0.12592471536512542,0.833930178381153,0.037470082999789156
A,quadratic,N3,sgd,F1,0,4000,0,4000,4000,0,-5.168382436586152,0.14123990161343808,0.2735048837093541,1.684704427307511,0.018808409344895267,0.24548422983686155,0.03713858400442405
A,quadratic,N3,sgd,F1,1,4000,0,4000,4000,0,-11.83234079974109,0.17369800387552534,0.4729938029244872,1.4847368016162947,-0.09272979470127955,0.23460162758515382,0.03682420899713179
A,quadratic,N3,sgd,F1,2,4000,0,4000,4000,0,2.8347654138113794,0.10432887279058654,0.2801831478050181,2.1984964772176223,-0.413597518950794,0.23845033746148317,0.036823458001890685
A,quadratic,N3,sgd,F1,3,4000,0,4000,4000,0,2.1398772014236043,0.20366096823113572,0.698745781889807,2.378085303276927,-0.35705883246748726,0.30989985772008877,0.03697091700450983
A,quadratic,N3,sgd,F1,4,4000,0,4000,4000,0,-4.1272206886713505,0.11746671486237126,0.41392806941924076,2.7030098980262522,-0.18114903898632406,0.164840288955555,0.04595174999849405
A,quadratic,N3,sgd,F1,5,4000,0,4000,4000,0,-4.531597955611191,0.17382717081553267,0.5646747503948237,2.7821581478841124,-0.4171611477597172,0.5373124706755514,0.03771808299643453
A,quadratic,N3,sgd,F1,6,4000,0,4000,4000,0,-2.9739040196633484,0.10296406865433007,0.7427644409125669,7.2450607048906095,-0.3286635929443227,0.15367736807900495,0.038088708999566734
A,quadratic,N3,sgd,F1,7,4000,0,4000,4000,0,0.6061120882210304,0.28302536174119625,1.1958609501850805,5.038649273935789,-0.13678378716161316,0.8743031323662228,0.03729762500006473
A,quadratic,N3,sgd,F2,0,4000,0,4000,4000,0,-6.354289044487568,0.14046475012998982,0.28188795753414414,1.615124687317339,0.03708504394355828,0.23191312700325464,0.05347370800154749
A,quadratic,N3,sgd,F2,1,4000,0,4000,4000,0,-12.665348966908756,0.15813400821064713,0.39269692104622833,2.2044591744955686,-0.1218899202117095,0.2387448418924784,0.055337957994197495
A,quadratic,N3,sgd,F2,2,4000,0,4000,4000,0,3.1533164741825015,0.11185243435285304,0.1974347532928401,2.0137614368324246,-0.4657729616737815,0.2721360793655736,0.055922790998010896
A,quadratic,N3,sgd,F2,3,4000,0,4000,4000,0,2.2958323307273627,0.21418465071317427,0.6150976817221079,1.4100943552835041,-0.42077056889857734,0.34751182222901655,0.05375741700117942
A,quadratic,N3,sgd,F2,4,4000,0,4000,4000,0,-4.028761133058862,0.08745757837635189,0.3829524777492793,1.9316474293710497,-0.2290220215016568,0.13018525080755217,0.06009729099605465
A,quadratic,N3,sgd,F2,5,4000,0,4000,4000,0,-5.0906289052023865,0.17184953084153876,0.4750628192861234,1.8012106198588314,-0.49166790694396173,0.5729162799670297,0.0567524579964811
A,quadratic,N3,sgd,F2,6,4000,0,4000,4000,0,-2.0216419636826313,0.08986409865089719,0.729494584103054,6.407785236924975,-0.3718379911816712,0.12998317699629564,0.05335654199734563
A,quadratic,N3,sgd,F2,7,4000,0,4000,4000,0,0.18607241063705413,0.34119064060002813,1.0037080835715106,5.5502031948815,-0.1978855190089312,1.016754507280937,0.05652387499867473
A,quadratic,N3,sgd,F3,0,4000,0,4000,4000,0,-5.592484056124747,0.06638879285583374,0.18537294503946758,1.3914290870710788,-0.07514158297015777,0.28547841707228766,0.044655666999460664
A,quadratic,N3,sgd,F3,1,4000,0,4000,4000,0,-12.793716587246744,0.1266069112029526,0.33496213060080593,1.2556240489846464,-0.19497680538137532,0.2869662178219541,0.04253179099760018
A,quadratic,N3,sgd,F3,2,4000,0,4000,4000,0,3.2788709455719394,0.06023052254869834,0.18870327340007179,1.84546751945234,-0.5905851463940387,0.20167448837811358,0.04821575000096345
A,quadratic,N3,sgd,F3,3,4000,0,4000,4000,0,2.5047998829438027,0.15474244396464445,0.4899753482339913,2.169435117700152,-0.5032424742643026,0.2580313952503505,0.04303466599958483
A,quadratic,N3,sgd,F3,4,4000,0,4000,4000,0,-4.737570009710533,0.05061351887104957,0.2673966444429682,2.330945665742878,-0.291825206766538,0.1290596525518391,0.04161200000089593
A,quadratic,N3,sgd,F3,5,4000,0,4000,4000,0,-4.742352823092897,0.10643357276080223,0.354579187786046,2.3080554705042564,-0.5584030780270347,0.9324648927524319,0.048059834000014234
A,quadratic,N3,sgd,F3,6,4000,0,4000,4000,0,-3.283223906787565,0.0860227840135264,0.5245542483085963,6.367901134275911,-0.45866993854326027,0.1438883899699801,0.04342491600255016
A,quadratic,N3,sgd,F3,7,4000,0,4000,4000,0,0.7299876414404237,0.22621099839271466,0.8625010157027669,4.798103407312628,-0.25828714190743585,0.8193905982300669,0.042803667005500756
A,quadratic,N3,sgd,F4,0,4000,1,809,224,1,-0.9047729139023526,0.002593512892557359,0.004500480614044419,0.00609698860946221,-2.2461972183242462,0.03038781131622519,0.6346197500024573
A,quadratic,N3,sgd,F4,1,4000,1,368,222,1,0.1960140486800787,0.0034348295144918067,0.00497542648071971,0.006536255434682097,-2.255622419728279,0.04104099488996183,0.6171603330003563
A,quadratic,N3,sgd,F4,2,4000,1,434,232,1,0.00407064583072416,0.003117039653789363,0.004378815414864489,0.006300248182412842,-2.2691488052180886,0.030748433609586772,0.6166867079955409
A,quadratic,N3,sgd,F4,3,4000,1,492,328,1,0.7912270051583185,0.0033724884328962253,0.005357040199672472,0.007911326823915973,-2.2214903022842063,0.025782130438127344,0.61759179100045
A,quadratic,N3,sgd,F4,4,4000,1,459,261,1,0.5897078833519953,0.0022059308845697656,0.0043960692829112386,0.00733687974204775,-2.288559799736329,0.03355746821345842,0.6418542499959585
A,quadratic,N3,sgd,F4,5,4000,1,331,283,1,0.6158517242073674,0.003423070553795783,0.0054783310278273736,0.0073286940676210105,-2.2122951642745856,0.03763170426371571,0.6414982499991311
A,quadratic,N3,sgd,F4,6,4000,1,284,281,1,0.18383440888322658,0.0030545733168848067,0.005601983434598131,0.008882946259298953,-2.27318876603439,0.04027493394016077,0.6246837500002584
A,quadratic,N3,sgd,F4,7,4000,1,398,333,1,0.5147487607368744,0.0030752457746071396,0.004999183662816751,0.007407142848205757,-2.240338604626907,0.03534613326541944,0.6178038340003695
A,quadratic,N3,clipped_sgd,F0,0,4000,0,4000,679,1,-0.228175449384624,0.011679476889629064,0.01813925488989325,0.029168984954751294,-1.6610582134573832,0.06743951995492212,0.04332387500471668
A,quadratic,N3,clipped_sgd,F0,1,4000,0,4000,855,1,-1.9409669070237603,0.009761218630785436,0.017975838462817008,0.029573274980565778,-1.6672124770340337,0.06972303718376242,0.044634166995820124
A,quadratic,N3,clipped_sgd,F0,2,4000,0,4000,490,1,-0.15317531652271427,0.011761527430884905,0.01927103127780195,0.028451111308517008,-1.6619599221130943,0.08133676891945066,0.05171200000040699
A,quadratic,N3,clipped_sgd,F0,3,4000,1,1634,1041,1,0.5383346486429745,0.013157557617572596,0.020815694631298735,0.041570664014810466,-1.6559946205510603,0.06068853942073117,0.04104466699936893
A,quadratic,N3,clipped_sgd,F0,4,4000,0,4000,336,1,0.3648208169936122,0.011491319119734417,0.01744450842067549,0.027228338626060767,-1.7103142725601603,0.07744255449265211,0.04252033300144831
A,quadratic,N3,clipped_sgd,F0,5,4000,1,606,605,1,0.661200449929553,0.011548199138335928,0.01987929997053614,0.035010542901595706,-1.64879748217283,0.07172708969005666,0.045656500005861744
A,quadratic,N3,clipped_sgd,F0,6,4000,1,468,465,1,1.098022285730363,0.011653858211667636,0.020179691564809598,0.029852432159016253,-1.6660073713060708,0.06018643240334648,0.050453916999686044
A,quadratic,N3,clipped_sgd,F0,7,4000,0,4000,1358,1,0.9731221979654133,0.0118403979073731,0.021594299739516168,0.032452167584016686,-1.6171986089202532,0.054814147384418206,0.040922624997620005
A,quadratic,N3,clipped_sgd,F1,0,4000,0,4000,4000,0,-0.1933864732120143,0.08251419862698499,0.12565200919025654,0.25183477143655886,-0.7856955764369555,0.1777271971616019,0.04143666700110771
A,quadratic,N3,clipped_sgd,F1,1,4000,0,4000,4000,0,-1.8355822412727187,0.0970105675055871,0.17195229379807392,0.3119640784469302,-0.7318464186148167,0.18011417796910698,0.04092700000182958
A,quadratic,N3,clipped_sgd,F1,2,4000,0,4000,4000,0,-1.2266356987259508,0.07803553123109386,0.16165683203738718,0.2773134924031656,-0.8225683850464455,0.21971575698446835,0.040768583996396046
A,quadratic,N3,clipped_sgd,F1,3,4000,0,4000,4000,0,-0.04725395422710773,0.08174437264184167,0.1802906915344133,0.36463995870161026,-0.8110485708573111,0.15157554619823208,0.04104508400632767
A,quadratic,N3,clipped_sgd,F1,4,4000,0,4000,4000,0,-3.7328410687592553,0.07179916666972533,0.1349519032945984,0.2505725330217612,-0.7818402834910566,0.16796208404500687,0.04158508300315589
A,quadratic,N3,clipped_sgd,F1,5,4000,0,4000,4000,0,-0.26274905918963415,0.09880123750650495,0.19956058661927215,0.36125378498007565,-0.7945632459170465,0.15447127340065625,0.0411777500048629
A,quadratic,N3,clipped_sgd,F1,6,4000,0,4000,4000,0,-1.7214663602554783,0.07705701788486596,0.18311692032332047,0.369824107917228,-0.773256092734776,0.15306601588713198,0.04097137499775272
A,quadratic,N3,clipped_sgd,F1,7,4000,0,4000,4000,0,0.38793274814107603,0.09484451703243192,0.20435948138616156,0.3494994504819669,-0.7017447929520508,0.14076023611291838,0.04120975000114413
A,quadratic,N3,clipped_sgd,F2,0,4000,0,4000,4000,0,-3.388918156518859,0.11972956088144716,0.2334964971807032,0.6894199682404779,-0.33626580124559163,0.23015280525355092,0.059617165999952704
A,quadratic,N3,clipped_sgd,F2,1,4000,0,4000,4000,0,-6.68523722939052,0.14543042635417433,0.3199530743069353,0.9197437123513231,-0.3644316440377642,0.229219764161788,0.059488791004696395
A,quadratic,N3,clipped_sgd,F2,2,4000,0,4000,4000,0,1.8591101037842186,0.11157710958365973,0.19515657010039336,1.0621948717813192,-0.5627383885604065,0.2157572345745156,0.06186041599721648
A,quadratic,N3,clipped_sgd,F2,3,4000,0,4000,4000,0,1.3020446927492568,0.19499863069964507,0.4973563225523546,0.9899519970096256,-0.5093604242104305,0.3138359342832216,0.057492667001497466
A,quadratic,N3,clipped_sgd,F2,4,4000,0,4000,4000,0,-4.364424539853919,0.08929266186803851,0.32322146844378163,1.19920836059918,-0.40000422146784526,0.1293319907484569,0.0609227919994737
A,quadratic,N3,clipped_sgd,F2,5,4000,0,4000,4000,0,-2.6460073278188143,0.1580250154661259,0.4193713797555323,1.1042536133161327,-0.5653168594549122,0.4403559054829549,0.05942420900100842
A,quadratic,N3,clipped_sgd,F2,6,4000,0,4000,4000,0,-2.0545967089962733,0.08693357284210447,0.45541364385999705,1.7971318612268652,-0.49665885138693194,0.1260006994622522,0.05721529200673103
A,quadratic,N3,clipped_sgd,F2,7,4000,0,4000,4000,0,0.7271843020930066,0.30048984540911555,0.7802692244286826,1.2505036865437889,-0.3390363012021179,0.518517308550715,0.05724545800330816
A,quadratic,N3,clipped_sgd,F3,0,4000,0,4000,4000,0,-0.2843457599239657,0.022284899055219718,0.03594240435403073,0.05402343293418537,-1.4027559446552782,0.07161318007376896,0.04715612500149291
A,quadratic,N3,clipped_sgd,F3,1,4000,0,4000,4000,0,0.23503325524217664,0.023789579780839377,0.03672530282609754,0.061641827210593025,-1.3507953049089638,0.13399578309768842,0.04661329200462205
A,quadratic,N3,clipped_sgd,F3,2,4000,0,4000,904,1,1.3962459671097234,0.02291531000957487,0.03573063673010667,0.058314494870239826,-1.4530351750480233,0.11417626248851176,0.046230041996750515
A,quadratic,N3,clipped_sgd,F3,3,4000,0,4000,1849,1,2.775659563841253,0.0236646825558656,0.04038110616547674,0.08349260163217759,-1.4289179931160463,0.12393667883618369,0.05007183399720816
A,quadratic,N3,clipped_sgd,F3,4,4000,0,4000,4000,0,-1.5649510648162366,0.019427579571723193,0.030918619668992987,0.051100774361677766,-1.4034809144757676,0.07255772691797799,0.04499812499852851
A,quadratic,N3,clipped_sgd,F3,5,4000,1,2951,2950,1,1.8881218385171032,0.03579147674466668,0.04715736234286119,0.08955057546520606,-1.3995061236772222,0.15015354328283823,0.045711874998232815
A,quadratic,N3,clipped_sgd,F3,6,4000,0,4000,4000,0,0.346167416353004,0.020897373633303906,0.03468904069990025,0.056986201692863864,-1.391561199111645,0.08426153088291849,0.045103499993274454
A,quadratic,N3,clipped_sgd,F3,7,4000,0,4000,1557,1,1.9549996026327476,0.028704065209773887,0.04817860447049019,0.07056902755442213,-1.3895187729435192,0.13400261757289011,0.045168165997893084
A,quadratic,N3,clipped_sgd,F4,0,4000,1,809,226,1,-0.9047729129050978,0.002593512892826113,0.004500480614498375,0.006096988609370045,-2.2452017657005725,0.030387811316480374,0.6269175840061507
A,quadratic,N3,clipped_sgd,F4,1,4000,1,370,229,1,0.19601405108279504,0.003434829514569104,0.004975426481349558,0.006536255435655146,-2.2549876075398334,0.04104099488937635,0.6162773749965709
A,quadratic,N3,clipped_sgd,F4,2,4000,1,434,232,1,0.00407064583072416,0.003117039653789363,0.004378815414864489,0.006300248182412842,-2.2691488052180886,0.030748433609586772,0.6161538329979521
A,quadratic,N3,clipped_sgd,F4,3,4000,1,492,328,1,0.791227008658286,0.003372488432896462,0.005357040199769562,0.007911326823450316,-2.221253317107898,0.025782130437499,0.7352130840008613
A,quadratic,N3,clipped_sgd,F4,4,4000,1,457,265,1,0.5897078534659547,0.00220593088377052,0.0043960692832358,0.007336879741651652,-2.2859965025631728,0.0335574682134377,0.6525827919977019
A,quadratic,N3,clipped_sgd,F4,5,4000,1,331,283,1,0.6158517240946676,0.0034230705538059775,0.005478331027890481,0.007328694067632777,-2.2122322937630696,0.03763170426387254,0.6337930000008782
A,quadratic,N3,clipped_sgd,F4,6,4000,1,284,281,1,0.1838344134651306,0.003054573316775874,0.005601983434527057,0.00888294626085906,-2.2730963382928895,0.04027493393924656,0.6671179580007447
A,quadratic,N3,clipped_sgd,F4,7,4000,1,398,333,1,0.5147487607368744,0.0030752457746071396,0.004999183662816751,0.007407142848205757,-2.240338604626907,0.03534613326541944,0.6965472079973551
A,quadratic,N3,normalized_sgd,F0,0,4000,1,867,524,1,-1.1554282529600208,0.006217926067670014,0.008772016321395626,0.013245529067473748,-1.919923949609092,0.05367080301214482,0.04315425000095274
A,quadratic,N3,normalized_sgd,F0,1,4000,1,1161,513,1,-1.6042040255542194,0.0056749746220490635,0.010026500019022378,0.015305478700279025,-1.9230319108787346,0.05458594469669029,0.04196795800089603
A,quadratic,N3,normalized_sgd,F0,2,4000,1,1208,481,1,-0.27634711976771653,0.005510497567982057,0.009155062460852594,0.013392569677685066,-1.9200720213559057,0.052580452544320457,0.04138124999735737
A,quadratic,N3,normalized_sgd,F0,3,4000,1,1070,493,1,-0.17010022022965177,0.005946582175940899,0.009156781950410068,0.0181163004706672,-1.9142968084929768,0.0383235116297169,0.04346558399993228
A,quadratic,N3,normalized_sgd,F0,4,4000,1,849,379,1,0.3482658365311773,0.005388647076108913,0.00882285950580455,0.012728704259892393,-1.9626534243112674,0.052867315239528666,0.041646582998509984
A,quadratic,N3,normalized_sgd,F0,5,4000,1,584,584,1,0.9069952685074784,0.00691742505395909,0.010306448514671846,0.0180434938010341,-1.8740351541273954,0.05180106055391903,0.04162920900125755
A,quadratic,N3,normalized_sgd,F0,6,4000,1,485,465,1,1.536533563334358,0.006048080769135398,0.010901237606389901,0.015796122571459983,-1.9091847868589529,0.042860504663093525,0.04142154200235382
A,quadratic,N3,normalized_sgd,F0,7,4000,1,1895,747,1,1.42142300359352,0.005701282245731765,0.010720043084282791,0.017075748230677448,-1.8668792961451977,0.038388350302487904,0.0413704999955371
A,quadratic,N3,normalized_sgd,F1,0,4000,0,4000,4000,0,0.5149609811854852,0.05752949188302948,0.09471721285001342,0.1417536147341696,-1.0275462852371546,0.15451660343880436,0.042813542000658344
A,quadratic,N3,normalized_sgd,F1,1,4000,0,4000,4000,0,-1.87132455260579,0.04589081302795521,0.08641204887628248,0.1360272901494502,-1.0192650725765144,0.1393344945736415,0.043366749996494036
A,quadratic,N3,normalized_sgd,F1,2,4000,0,4000,4000,0,-1.2789770096717787,0.04759279788544246,0.08443638524674632,0.13288255411971145,-1.0421199214415702,0.18004488012725386,0.04257112499908544
A,quadratic,N3,normalized_sgd,F1,3,4000,0,4000,4000,0,-0.32263319218107056,0.05524128749028352,0.0915717981312289,0.16745770496937548,-1.051912054034724,0.1094796978073524,0.043234792006842326
A,quadratic,N3,normalized_sgd,F1,4,4000,0,4000,4000,0,-2.4500926386826256,0.04277912792438826,0.073044106215747,0.11581025879998588,-1.0621761520896054,0.1446164742949261,0.04203425000014249
A,quadratic,N3,normalized_sgd,F1,5,4000,0,4000,4000,0,0.07866018013940836,0.05861154094988602,0.10262560052273756,0.1662868047932255,-1.046653489175734,0.11193605478364828,0.04214620900165755
A,quadratic,N3,normalized_sgd,F1,6,4000,0,4000,4000,0,-0.391680046160515,0.062327271387512394,0.09816763792573345,0.15660008384437737,-1.015471905115064,0.13824072454038533,0.0424061250014347
A,quadratic,N3,normalized_sgd,F1,7,4000,0,4000,4000,0,0.8515587457001584,0.05218154636316768,0.1031518233815801,0.174000459645313,-0.9851050575466043,0.11133982675626881,0.04330574999767123
A,quadratic,N3,normalized_sgd,F2,0,4000,0,4000,4000,0,-1.9993394085674958,0.11047099138248327,0.20076000275924535,0.40276186926650165,-0.5259705811294038,0.23059773114392643,0.06628633299987996
A,quadratic,N3,normalized_sgd,F2,1,4000,0,4000,4000,0,-4.573424683390293,0.137012660266481,0.21862916007177619,0.5409189234457598,-0.5168379942963383,0.2271275785873678,0.059232500003417954
A,quadratic,N3,normalized_sgd,F2,2,4000,0,4000,4000,0,0.01945066862009395,0.09510921489689636,0.2010445977035588,0.4492002340053437,-0.6560999245744188,0.2306588298360088,0.06027675000223098
A,quadratic,N3,normalized_sgd,F2,3,4000,0,4000,4000,0,0.9110963221203329,0.14394103753588966,0.31984642843084077,0.5204917113449319,-0.6370016252186349,0.2528040614686987,0.06306941699585877
A,quadratic,N3,normalized_sgd,F2,4,4000,0,4000,4000,0,-3.685341589938955,0.10337181302612276,0.24767088505416524,0.6718691921853658,-0.5632581024732606,0.18540778294655497,0.06525300000066636
A,quadratic,N3,normalized_sgd,F2,5,4000,0,4000,4000,0,-1.817923732491092,0.1232279983522402,0.31016576740397317,0.6176823804726842,-0.6535887188956704,0.2877503174709308,0.06537441699765623
A,quadratic,N3,normalized_sgd,F2,6,4000,0,4000,4000,0,-1.1141624320325154,0.09972448011939491,0.30160604638953115,0.838163611078805,-0.6206144311823143,0.1986351399727696,0.06184170900087338
A,quadratic,N3,normalized_sgd,F2,7,4000,0,4000,4000,0,0.5508680480709353,0.19066088606035042,0.4798510182033835,0.6986893848003342,-0.4938968845988832,0.3628001508541842,0.0596342079952592
A,quadratic,N3,normalized_sgd,F3,0,4000,0,4000,4000,0,-0.5192415394664067,0.021938046476762334,0.03279544531613836,0.05462548350165577,-1.3887321544953826,0.07957689369081845,0.048804958001710474
A,quadratic,N3,normalized_sgd,F3,1,4000,0,4000,4000,0,0.44509040093280006,0.024027594319445796,0.03841696822167364,0.06064469266748435,-1.3390944001770098,0.14031615348838547,0.04746845799672883
A,quadratic,N3,normalized_sgd,F3,2,4000,0,4000,905,1,0.8343771751367255,0.02512217947697408,0.04029206726067135,0.06441161345138914,-1.4104764863697408,0.12667109130900392,0.048854249995201826
A,quadratic,N3,normalized_sgd,F3,3,4000,0,4000,3087,1,2.46345118591855,0.02552807344125557,0.04655790161115844,0.08558234581033812,-1.3970828636502934,0.13152938340565867,0.0466413750036736
A,quadratic,N3,normalized_sgd,F3,4,4000,0,4000,4000,0,-0.8994521499113896,0.021102125844749495,0.03300910459362383,0.05090853860613175,-1.3830860034654797,0.08512160439285701,0.049442749994341284
A,quadratic,N3,normalized_sgd,F3,5,4000,0,4000,2953,1,1.694590127416061,0.03595978353784912,0.05103209841771131,0.09074780713388497,-1.3753329064850195,0.14409543422030235,0.04867058300442295
A,quadratic,N3,normalized_sgd,F3,6,4000,0,4000,4000,0,0.2584123376267413,0.02149544713524729,0.03424668012240659,0.060480739411629236,-1.3610689281061368,0.09374082834032181,0.04691512499994133
A,quadratic,N3,normalized_sgd,F3,7,4000,0,4000,4000,0,1.85573674011534,0.03335863799636914,0.049466449952524645,0.07387767229201789,-1.3695362491474339,0.14266016539002485,0.046818790993711445
A,quadratic,N3,normalized_sgd,F4,0,4000,0,4000,179,1,-0.38615115105432674,0.00751064982788361,0.013387319821857592,0.020554868668445286,-1.8275893373487138,0.05441500242996862,0.6403037499985658
A,quadratic,N3,normalized_sgd,F4,1,4000,1,167,163,1,0.3781669362450589,0.0102535395918157,0.014655559540220565,0.021187886625059788,-1.8459057435199457,0.06345634441494816,0.7264018749992829
A,quadratic,N3,normalized_sgd,F4,2,4000,0,4000,126,1,-0.4759197605965934,0.008902116930088168,0.013490310718683125,0.020474726579938103,-1.8418327323161263,0.05776670116612387,0.6430052089999663
A,quadratic,N3,normalized_sgd,F4,3,4000,0,4000,360,1,0.5963094205927923,0.009501926489113079,0.015227932846226446,0.021547964068641737,-1.8268834315265383,0.04161515849450061,0.6747704580047866
A,quadratic,N3,normalized_sgd,F4,4,4000,0,4000,164,1,0.6296040212929098,0.008492926863448044,0.014312184083952257,0.0219218115665276,-1.8576686581913848,0.06332689730510417,0.6213696250051726
A,quadratic,N3,normalized_sgd,F4,5,4000,1,208,207,1,0.39838242819170344,0.008935313083895165,0.015061223342340897,0.023549672015457664,-1.8109455377945824,0.05415249168076745,0.6932065840010182
A,quadratic,N3,normalized_sgd,F4,6,4000,1,223,155,1,-0.0929849086006117,0.009179969471898817,0.01591313420430719,0.024874722365142998,-1.8364148128407964,0.06158807459780304,0.6871311669965507
A,quadratic,N3,normalized_sgd,F4,7,4000,1,550,147,1,0.4725660598809666,0.009771539145084707,0.014720805097265564,0.02268524657994778,-1.830018097816424,0.07211698642596454,0.6779546250036219
A,quadratic,N4,sgd,F0,0,4000,0,4000,4000,0,-5.015240050938693,132.80934436102524,212.9040434478453,353.12892426772004,2.3487596030877764,8.088295345839349,0.08751216600649059
A,quadratic,N4,sgd,F0,1,4000,0,4000,4000,0,2.7646579416297015,31.721478662237466,93.60389957065806,430.5910383193915,2.1707136406206353,5.4059173248790815,0.08976391699980013
A,quadratic,N4,sgd,F0,2,4000,0,4000,4000,0,9.294795232447782,28.91598009005722,367.7839793497678,555.135084160576,1.8020808173636647,10.329737994463445,0.08513445899734506
A,quadratic,N4,sgd,F0,3,4000,0,4000,4000,0,-9.379456783110385,331.10132792865335,424.051442381087,1031.5489661931222,2.138055553407561,10.043137650654785,0.08543312500114553
A,quadratic,N4,sgd,F0,4,4000,0,4000,4000,0,-3.466702761585572,1080.9740477924886,1745.6319350595272,5226.975848820991,2.5894899056934917,13.13521702303379,0.08934600000065984
A,quadratic,N4,sgd,F0,5,4000,0,4000,4000,0,5.402234791066428,60.328439150550416,304.92039528218794,1175.0759461001817,2.018336557125453,10.243160640952466,0.0873039579964825
A,quadratic,N4,sgd,F0,6,4000,0,4000,4000,0,0.6434636558019979,92.8615428001621,159.90499730913479,305.9518296419806,1.7994387153536646,5.454401862146091,0.08770520800317172
A,quadratic,N4,sgd,F0,7,4000,0,4000,4000,0,0.5315536657380983,62.49560784459753,146.17807953001432,458.0920669380741,2.035577836402524,6.6356981416307095,0.09017558400228154
A,quadratic,N4,sgd,F1,0,4000,0,4000,4000,0,-4.798068961282557,132.3794635998715,212.14805214471988,365.951092767241,2.3481575645505535,8.152336982271265,0.09110083300038241
A,quadratic,N4,sgd,F1,1,4000,0,4000,4000,0,2.7432855279210946,31.508594930980266,93.48033118834095,427.4504181570084,2.170490108975399,5.507779047448265,0.08765154199500103
A,quadratic,N4,sgd,F1,2,4000,0,4000,4000,0,9.249199832583185,28.76158933801564,366.9029701034978,552.0030185067407,1.799754005686611,10.499815978562497,0.08980670800519874
A,quadratic,N4,sgd,F1,3,4000,0,4000,4000,0,-9.5195138852346,331.42205959928606,425.3542542591543,1049.7993557062268,2.1346692816976955,10.091508934421633,0.09735224999894854
A,quadratic,N4,sgd,F1,4,4000,0,4000,4000,0,-3.184808414917,1085.812463187137,1767.3693814740764,5188.6520785289,2.588143628501033,13.18290165026236,0.08825545799481915
A,quadratic,N4,sgd,F1,5,4000,0,4000,4000,0,5.400008306658407,62.99299340134768,303.67962025188683,1165.5508797957318,2.014087248148775,10.291620237948697,0.09478745899832575
A,quadratic,N4,sgd,F1,6,4000,0,4000,4000,0,0.9368340994391978,94.88953497043143,161.5554604030483,319.2301435261613,1.7980530499352763,5.500336627309978,0.09249199999612756
A,quadratic,N4,sgd,F1,7,4000,0,4000,4000,0,0.6262952396475954,63.165313239055045,144.77440799610054,456.2231037396722,2.034613064270583,4.36628707766295,0.10225462500238791
A,quadratic,N4,sgd,F2,0,4000,0,4000,4000,0,-4.472839285749515,135.1094440785881,205.41908769036158,413.6015734144835,2.3460992323991223,8.190329367728925,0.11110158300289186
A,quadratic,N4,sgd,F2,1,4000,0,4000,4000,0,2.7788954444938745,31.01697177114626,99.03049131469812,381.65539762584785,2.1675543703627262,5.704349682364973,0.10470641600113595
A,quadratic,N4,sgd,F2,2,4000,0,4000,4000,0,8.712738194283386,29.0995420862063,317.50671392141646,479.0623383569937,1.780947284707425,10.770528069716086,0.11294229100167286
A,quadratic,N4,sgd,F2,3,4000,0,4000,4000,0,-9.909187447549124,325.4757148951203,442.3174813382577,1111.788075190736,2.11618689102017,10.006249503487613,0.12824254199949792
A,quadratic,N4,sgd,F2,4,4000,0,4000,4000,0,-2.466899609095273,1156.885311467805,1869.7294356751754,4596.636426459088,2.585302321603971,13.443331547084261,0.11788729199906811
A,quadratic,N4,sgd,F2,5,4000,0,4000,4000,0,5.409747960355963,67.73017061372816,321.110558665751,1015.4211690500963,1.9949957933387334,10.665737514243421,0.10370008300378686
A,quadratic,N4,sgd,F2,6,4000,0,4000,4000,0,1.7623726477571842,99.94833674299873,158.696567336131,381.1477372524049,1.7856662060327513,5.8514321228970285,0.14001066600030754
A,quadratic,N4,sgd,F2,7,4000,0,4000,4000,0,1.1002099539472288,65.33877098501118,129.6665502270539,418.62815746510665,2.023802816211711,4.4253274856189835,0.11629012499906821
A,quadratic,N4,sgd,F3,0,4000,0,4000,4000,0,-4.998580631800136,133.1015796313097,211.0847646874529,351.8471821636021,2.3459988570753243,8.065064135650026,0.09994787500181701
A,quadratic,N4,sgd,F3,1,4000,0,4000,4000,0,2.824164562363277,31.05131912872691,95.12094322470557,427.1650122352159,2.166184439376923,5.378690199437205,0.09174141700350447
A,quadratic,N4,sgd,F3,2,4000,0,4000,4000,0,9.258102485067672,28.3005600622783,365.7659747304085,548.629847418678,1.795443807572589,10.329972402434727,0.11473629100510152
A,quadratic,N4,sgd,F3,3,4000,0,4000,4000,0,-9.387117129144336,328.36329341900523,423.6067164739843,1026.0929539374588,2.1308261494706913,9.984106397365226,0.10482770900125615
A,quadratic,N4,sgd,F3,4,4000,0,4000,4000,0,-3.4595377852057494,1082.333817272232,1743.6805115161696,5217.526961085296,2.586803748588112,13.100002892920246,0.11708270799863385
A,quadratic,N4,sgd,F3,5,4000,0,4000,4000,0,5.469321072175824,61.29169078897825,304.82694965413475,1170.7229039112449,2.0131054853108807,10.289472836965082,0.10878662500181235
A,quadratic,N4,sgd,F3,6,4000,0,4000,4000,0,0.6777415814116914,92.65688649685404,157.86778996486555,305.6002760205279,1.7920447339543253,5.484868126565666,0.10177608300000429
A,quadratic,N4,sgd,F3,7,4000,0,4000,4000,0,0.5515486499554852,61.91669809139891,144.426729117852,455.1795390064106,2.0309069684254277,6.684455366671046,0.11076941699866438
A,quadratic,N4,sgd,F4,0,4000,0,4000,4000,0,-4.324192098505131,127.99909791747837,199.26259248447633,350.4075429879942,2.3052042188986843,7.669276041055507,0.6984847089988762
A,quadratic,N4,sgd,F4,1,4000,0,4000,4000,0,2.5995774830433165,27.987320317853378,88.11510114090339,323.8582355678919,2.1288084735401034,5.305304847099238,0.6833738330024062
A,quadratic,N4,sgd,F4,2,4000,0,4000,4000,0,8.696875852212361,26.647796975286308,296.0445564213849,412.7665739161645,1.7372614755554827,9.687341745238413,0.6645887080012471
A,quadratic,N4,sgd,F4,3,4000,0,4000,4000,0,-9.099723746281148,317.89196625541865,424.93081658323746,1017.4013283578869,2.0762535485845564,9.894184159827839,0.6825702080022893
A,quadratic,N4,sgd,F4,4,4000,0,4000,4000,0,-2.6993663553370113,1064.590876119546,1688.4501374091137,4117.533452585234,2.542651145241841,13.084447738921837,0.7072884159933892
A,quadratic,N4,sgd,F4,5,4000,0,4000,4000,0,5.431788707199982,56.69847126931663,284.30337838013145,884.2431591855567,1.94550015521985,9.87125678716141,0.6933073340042029
A,quadratic,N4,sgd,F4,6,4000,0,4000,4000,0,1.504260007733137,91.26410208752073,143.86729537928153,299.1358689500521,1.7445419491656566,5.436097890240399,0.6636972920023254
A,quadratic,N4,sgd,F4,7,4000,0,4000,4000,0,0.9210251746518059,60.78149940711817,121.58780314324216,353.95862883980385,1.9788084179777685,4.190719095370914,0.6769326659996295
A,quadratic,N4,clipped_sgd,F0,0,4000,0,4000,4000,0,4.94099605718792,97.8154933736466,122.32862935492959,131.90531329728262,1.9054222478928453,5.480004678292524,0.11674970900639892
A,quadratic,N4,clipped_sgd,F0,1,4000,0,4000,4000,0,-2.1356297009172893,23.099186659516505,32.7772670285246,56.11564272402424,1.7976078127248825,4.123980013349239,0.10274933300388511
A,quadratic,N4,clipped_sgd,F0,2,4000,0,4000,4000,0,2.5575163534465672,24.08256017550461,43.070981955542,63.349132684714775,1.427492660450253,3.992714683476051,0.09893279200332472
A,quadratic,N4,clipped_sgd,F0,3,4000,0,4000,4000,0,3.1726229798691477,233.76136482855125,268.7633888688192,273.97599230949515,1.5691288549012365,8.302123848563177,0.09298858300462598
A,quadratic,N4,clipped_sgd,F0,4,4000,0,4000,4000,0,3.7709513734029634,301.0112271890641,429.92274546160996,620.1076572602733,1.9427844662101938,10.201719165919862,0.09374637499422533
A,quadratic,N4,clipped_sgd,F0,5,4000,0,4000,4000,0,0.793060140237324,38.50077926712144,53.49709865505205,96.84290586916757,1.5695079764444018,4.651964748618934,0.09093179200135637
A,quadratic,N4,clipped_sgd,F0,6,4000,0,4000,4000,0,5.676078221483064,55.83865967547646,70.06628624764268,80.80604646053047,1.407320646569342,4.690780054520793,0.0903447920063627
A,quadratic,N4,clipped_sgd,F0,7,4000,0,4000,4000,0,0.562742024143705,43.67562317991477,50.24906164248931,59.946850958387074,1.6544025575646937,3.983658364232538,0.0948963749979157
A,quadratic,N4,clipped_sgd,F1,0,4000,0,4000,4000,0,4.975140693055081,103.09453981496762,126.99665255821535,138.61324257654968,1.9193938833656077,5.594838657795853,0.0996433749969583
A,quadratic,N4,clipped_sgd,F1,1,4000,0,4000,4000,0,-1.9770803832827777,23.97928990548547,33.68781990711457,59.7254407200567,1.8156484049476511,4.257573914418065,0.0984753329976229
A,quadratic,N4,clipped_sgd,F1,2,4000,0,4000,4000,0,2.5334943662080116,25.998228729446108,45.892405735076466,66.45552440696095,1.4585959212444555,4.074204802752858,0.09818724999786355
A,quadratic,N4,clipped_sgd,F1,3,4000,0,4000,4000,0,3.045766007075959,240.30816032740236,272.53207174219324,278.1218253040798,1.6012443690993845,8.430235449881252,0.09593870800017612
A,quadratic,N4,clipped_sgd,F1,4,4000,0,4000,4000,0,3.6960979325975996,311.15061589737763,441.7467933582562,632.7883210387445,1.9633308312101856,10.347531511366666,0.09105433399963658
A,quadratic,N4,clipped_sgd,F1,5,4000,0,4000,4000,0,0.6112679197126191,39.12913168189688,55.292221416838785,98.53225688874925,1.5979872115314249,4.709039670617077,0.09913904099812498
A,quadratic,N4,clipped_sgd,F1,6,4000,0,4000,4000,0,5.798089847099731,58.82646443740618,73.35020265672682,85.09159115875069,1.4380854122615991,4.826009945653047,0.0949982079982874
A,quadratic,N4,clipped_sgd,F1,7,4000,0,4000,4000,0,0.5313622648476918,45.30596844973564,51.96861942340787,63.05538424147491,1.6781072514749693,4.045891592312489,0.12722379099432146
A,quadratic,N4,clipped_sgd,F2,0,4000,0,4000,4000,0,5.0086876532327915,109.22323460108684,135.37070718640115,150.25319789804203,1.9456803710157355,5.820468374671008,0.10865416600427125
A,quadratic,N4,clipped_sgd,F2,1,4000,0,4000,4000,0,-1.796299930128128,25.438210452129493,35.6605488506492,67.70781342964283,1.848540554378932,4.484186811366074,0.12542062500142492
A,quadratic,N4,clipped_sgd,F2,2,4000,0,4000,4000,0,2.683318235604769,27.737504359043047,50.99411645989339,76.64755183106186,1.5038179460175765,4.3086926487829365,0.1251300829972024
A,quadratic,N4,clipped_sgd,F2,3,4000,0,4000,4000,0,2.8908306859343935,253.4380545352438,284.76595956807097,297.06408039535665,1.658344451931502,8.691619031042167,0.10768670800462132
A,quadratic,N4,clipped_sgd,F2,4,4000,0,4000,4000,0,3.5840993986541125,328.8826756419053,463.6515678539082,653.7838880440531,1.9990311340287201,10.518478314879378,0.10947774999658577
A,quadratic,N4,clipped_sgd,F2,5,4000,0,4000,4000,0,0.21749960015401285,42.92405249471515,60.899195681007996,105.0675625571646,1.6495689466678196,4.912398886924139,0.12606058299570577
A,quadratic,N4,clipped_sgd,F2,6,4000,0,4000,4000,0,5.907083940284203,63.446057266168246,78.80432283997223,92.75716377544249,1.4843976785698956,5.127271348720119,0.11109670799487503
A,quadratic,N4,clipped_sgd,F2,7,4000,0,4000,4000,0,0.3339772498608407,51.581135054770144,55.65215588097178,68.02647475881568,1.7268290134322701,4.115068570461185,0.10950400000001537
A,quadratic,N4,clipped_sgd,F3,0,4000,0,4000,4000,0,5.102402206740505,101.33766144336977,125.31454751502451,137.6631012891779,1.910294292524318,5.574590837133867,0.13376187500398373
A,quadratic,N4,clipped_sgd,F3,1,4000,0,4000,4000,0,-1.8371339008331058,22.549981269952685,31.806828213205158,59.176771569526956,1.805111719395029,4.192927970738554,0.09536620899598347
A,quadratic,N4,clipped_sgd,F3,2,4000,0,4000,4000,0,2.508346656532537,24.182929015317885,44.67813197196419,65.24800313099942,1.445905310257945,4.0566016768603905,0.09550045799551299
A,quadratic,N4,clipped_sgd,F3,3,4000,0,4000,4000,0,3.064605886161433,238.4482853988414,271.5415134150319,277.1650445762834,1.5928326101166885,8.42954960700018,0.09751779100042768
A,quadratic,N4,clipped_sgd,F3,4,4000,0,4000,4000,0,3.6789917021255265,311.406055029501,440.9173199528623,628.8191969921403,1.9567251522140696,10.328130186810423,0.09867020799720194
A,quadratic,N4,clipped_sgd,F3,5,4000,0,4000,4000,0,0.7862859738682207,38.69472942181579,53.99871493938049,98.74505217304115,1.5854673814447515,4.743040489509902,0.10075541600235738
A,quadratic,N4,clipped_sgd,F3,6,4000,0,4000,4000,0,5.898323732086652,56.813793674155534,72.00784573598497,83.7725666686564,1.4228641466823324,4.843595343318888,0.09642020799947204
A,quadratic,N4,clipped_sgd,F3,7,4000,0,4000,4000,0,0.501870315533765,44.42375757345262,50.826288434276094,62.10009954191926,1.6696584486793924,4.003789985785405,0.09802283300086856
A,quadratic,N4,clipped_sgd,F4,0,4000,0,4000,4000,0,5.146597692104086,102.49973469959819,125.75632004636762,138.65218633432303,1.9123918040880794,5.565724325127152,0.6833320419973461
A,quadratic,N4,clipped_sgd,F4,1,4000,0,4000,4000,0,-1.9736328931336624,21.866992139151012,31.51684555049032,59.31964534523321,1.8069257094457294,4.211123457494109,0.7061271669954294
A,quadratic,N4,clipped_sgd,F4,2,4000,0,4000,4000,0,2.6751180192007378,24.243052346232904,44.99522265036345,66.69454154625281,1.4417537361616672,4.082975419115741,0.6711295420027454
A,quadratic,N4,clipped_sgd,F4,3,4000,0,4000,4000,0,3.1384956413173644,237.7263856552562,274.03348844518507,280.4297898146089,1.592328311273528,8.525019828621067,0.7000228749966482
A,quadratic,N4,clipped_sgd,F4,4,4000,0,4000,4000,0,3.6350585485955413,313.364236078535,443.3937877092509,629.4464542861176,1.960943269568748,10.389992977696343,0.689039832999697
A,quadratic,N4,clipped_sgd,F4,5,4000,0,4000,4000,0,0.6807155201732449,37.73701051547986,53.50165435885377,97.32840877275623,1.5813415176936159,4.741238109060111,0.6932699169992702
A,quadratic,N4,clipped_sgd,F4,6,4000,0,4000,4000,0,5.962625411448979,58.4405052484613,73.24526686032817,84.51549419991888,1.4258521702644689,4.877949812449192,0.6860496250010328
A,quadratic,N4,clipped_sgd,F4,7,4000,0,4000,4000,0,0.5835494174680186,44.18163389742021,50.723708734792254,62.31084328475707,1.6697099807170972,4.002325722882162,0.6933559579993016
A,quadratic,N4,normalized_sgd,F0,0,4000,0,4000,4000,0,3.4131128212265924,37.96129739528268,64.67427093316095,76.86977917129944,1.670009391558245,4.004585648765014,0.09061300000030315
A,quadratic,N4,normalized_sgd,F0,1,4000,0,4000,4000,0,-3.933476685365252,25.768842167941585,31.325347417284874,42.53864270436263,1.6045611122114252,3.3772168342725863,0.09078195799520472
A,quadratic,N4,normalized_sgd,F0,2,4000,0,4000,4000,0,0.9033552796104658,19.449471594131126,22.47588527508539,31.230660664369378,1.2425983285398698,2.8016843530752955,0.09651604200189468
A,quadratic,N4,normalized_sgd,F0,3,4000,0,4000,4000,0,4.326317579803137,90.85971729725483,129.497244400184,159.81334188330027,1.2916289953950946,5.510964449420294,0.09153241699823411
A,quadratic,N4,normalized_sgd,F0,4,4000,0,4000,4000,0,3.83050313935691,110.89485684974447,163.2316859176712,260.0622718779375,1.6316979117653372,6.210823898322594,0.09280695800407557
A,quadratic,N4,normalized_sgd,F0,5,4000,0,4000,4000,0,0.048600503599178384,32.64347041469596,37.48777987103054,48.28882390293241,1.3922704085407323,3.089880240341901,0.09040658300364157
A,quadratic,N4,normalized_sgd,F0,6,4000,0,4000,4000,0,3.660437767198902,28.144493295375568,37.78922190382795,45.19522087776575,1.2037026964077802,3.0779502071921327,0.10236508299567504
A,quadratic,N4,normalized_sgd,F0,7,4000,0,4000,4000,0,-0.19593878826244826,31.78050384022552,35.82374027064508,36.58108246754751,1.4597920415390009,3.3042783996372123,0.10102029100380605
A,quadratic,N4,normalized_sgd,F1,0,4000,0,4000,4000,0,3.512453704673253,39.217156336277654,67.82151991031562,80.16156086463752,1.685287225338132,4.10959805156632,0.09998562499822583
A,quadratic,N4,normalized_sgd,F1,1,4000,0,4000,4000,0,-3.8132501617691466,26.42896537329014,32.552576071733796,43.39863775928846,1.623699705465163,3.4949829386574995,0.09511424999800511
A,quadratic,N4,normalized_sgd,F1,2,4000,0,4000,4000,0,0.8999831954308622,21.201455758991386,24.29963051702461,33.00032691753431,1.2768258028437784,2.8791567310931647,0.09938358300132677
A,quadratic,N4,normalized_sgd,F1,3,4000,0,4000,4000,0,4.24137713851076,94.17893700406158,133.52199710404437,165.19873938526524,1.3263857570687763,5.614724903821553,0.09686133299692301
A,quadratic,N4,normalized_sgd,F1,4,4000,0,4000,4000,0,3.7784959501959126,114.15247665417358,167.14680780938235,265.52799860960386,1.6529776504190787,6.294266322685028,0.09657079199678265
A,quadratic,N4,normalized_sgd,F1,5,4000,0,4000,4000,0,-0.06152379130791295,33.714325634364556,39.083544995648005,49.60379420236262,1.426213026463801,3.1391613705459265,0.10191458400367992
A,quadratic,N4,normalized_sgd,F1,6,4000,0,4000,4000,0,3.7599055640727306,29.67527147629637,39.951354700186926,48.118437724740744,1.2373855328211936,3.180670889753777,0.09320766699966043
A,quadratic,N4,normalized_sgd,F1,7,4000,0,4000,4000,0,-0.16071570993623546,32.98332723063765,37.41774321963414,38.64759523087,1.4844504132206688,3.409344325990081,0.09354783299932024
A,quadratic,N4,normalized_sgd,F2,0,4000,0,4000,4000,0,3.6235117713799414,41.09882683475571,73.36849122370411,87.00885214752802,1.7128842679693572,4.325872061390153,0.11378158399747917
A,quadratic,N4,normalized_sgd,F2,1,4000,0,4000,4000,0,-3.6883799493140375,27.489147409250528,34.51537663988664,45.042323643648096,1.6562759844411958,3.6424678388049823,0.1151687919991673
A,quadratic,N4,normalized_sgd,F2,2,4000,0,4000,4000,0,1.0039766003601203,23.68755936408434,27.03196155202596,37.6511111920842,1.3265354680271613,3.060281103033299,0.10910879199946066
A,quadratic,N4,normalized_sgd,F2,3,4000,0,4000,4000,0,4.147697960584881,99.79294405178881,143.21737405117813,175.26022517413432,1.3839742987697277,5.793233856012111,0.11046354199788766
A,quadratic,N4,normalized_sgd,F2,4,4000,0,4000,4000,0,3.661741347195319,120.02943544118855,174.28634184973495,274.53267859762144,1.6921788060442278,6.39081968990484,0.11384725000243634
A,quadratic,N4,normalized_sgd,F2,5,4000,0,4000,4000,0,-0.19210062475567508,37.4302715071942,43.883824240830535,54.03966824912711,1.480983934557738,3.307749218352831,0.11010887500015087
A,quadratic,N4,normalized_sgd,F2,6,4000,0,4000,4000,0,3.9126904584119506,31.574841625930386,43.626510530043475,52.73279401488517,1.287240353941958,3.388354562904015,0.11021329199866159
A,quadratic,N4,normalized_sgd,F2,7,4000,0,4000,4000,0,-0.19425607905366835,36.63257837557222,40.98932207257671,41.99528918974898,1.5324922108574253,3.572498755977749,0.1079154999970342
A,quadratic,N4,normalized_sgd,F3,0,4000,0,4000,4000,0,3.6580937712266124,38.334608585884205,66.77366531364868,80.00049967175134,1.6766099674870603,4.103588169494181,0.09740829200018197
A,quadratic,N4,normalized_sgd,F3,1,4000,0,4000,4000,0,-3.774821827446698,25.282460656748103,31.22995576864936,41.024553170417725,1.6179121416188236,3.448212226794547,0.09670783299952745
A,quadratic,N4,normalized_sgd,F3,2,4000,0,4000,4000,0,0.8581694705691252,20.393092308393957,23.78458238414334,32.56487719483623,1.2712409372643054,2.88241117298375,0.10023770800034981
A,quadratic,N4,normalized_sgd,F3,3,4000,0,4000,4000,0,4.212084681670219,93.7868917428127,132.52580205894054,163.27824224814302,1.3228841776000722,5.589205246085353,0.10313141699589323
A,quadratic,N4,normalized_sgd,F3,4,4000,0,4000,4000,0,3.7743760228377994,113.78637765239462,166.55244554453952,264.062883286972,1.6505922361922676,6.2823786202487355,0.10175383400201099
A,quadratic,N4,normalized_sgd,F3,5,4000,0,4000,4000,0,0.047637341821798455,33.624705744794916,38.81933248351829,49.79636336889248,1.4209175648915682,3.1530034713216892,0.09790341599727981
A,quadratic,N4,normalized_sgd,F3,6,4000,0,4000,4000,0,3.881942515948788,28.689435812253407,39.45473976471269,47.45424599451178,1.2287396465136513,3.2008015558516982,0.10325891700631473
A,quadratic,N4,normalized_sgd,F3,7,4000,0,4000,4000,0,-0.14891573061364632,32.94812308687142,36.99676781594229,38.252644167362746,1.481824260859485,3.3908147756415983,0.09725162500399165
A,quadratic,N4,normalized_sgd,F4,0,4000,0,4000,4000,0,3.755842502194167,38.03227455307012,68.09299959410643,80.95539392978418,1.6837093660080062,4.14224567563842,0.7046259169947007
A,quadratic,N4,normalized_sgd,F4,1,4000,0,4000,4000,0,-3.8732744173481852,24.897158477013498,31.248072579466125,41.52635560786255,1.6240464772731749,3.4680352545905415,0.7036508329983917
A,quadratic,N4,normalized_sgd,F4,2,4000,0,4000,4000,0,0.9927200853939688,20.422448368769043,23.781239707818948,33.27699743426248,1.2698750110721635,2.900327927862424,0.676410833002592
A,quadratic,N4,normalized_sgd,F4,3,4000,0,4000,4000,0,4.270767246217337,93.97666378916749,134.71645833403537,166.4807091992201,1.32455977949646,5.668848471436314,0.6989443339989521
A,quadratic,N4,normalized_sgd,F4,4,4000,0,4000,4000,0,3.7152006282823287,115.31880279068999,167.9100845793668,265.0422001870967,1.659283951847335,6.324099514387454,0.6839868750030291
A,quadratic,N4,normalized_sgd,F4,5,4000,0,4000,4000,0,-0.013998033592887508,33.12706000122514,38.6096952654581,49.19690335069245,1.4191985052130498,3.1568591022119388,0.7014064579998376
A,quadratic,N4,normalized_sgd,F4,6,4000,0,4000,4000,0,3.951594492612391,28.921434977475382,40.13287526164033,48.29542362739793,1.2338880696446923,3.2538167519475056,0.7241172499998356
A,quadratic,N4,normalized_sgd,F4,7,4000,0,4000,4000,0,-0.06502840484298948,32.721182316907075,36.96089894620177,38.59935191433451,1.485577263872072,3.4120513266856496,0.6761791660028393
A,logistic,N1,sgd,F0,0,3000,1,1046,1607,1,-1.9034002814829498,0.00020962052839365583,0.00027234965632997417,0.00031973359172573,-2.975258944907992,0.8726666666666667,0.5103349170021829
A,logistic,N1,sgd,F0,1,3000,1,1150,1884,1,-1.3638907301359198,0.00018383514119547383,0.00025594515676739945,0.0003612434406051058,-2.9575307363069703,0.8673333333333333,0.4976064160000533
A,logistic,N1,sgd,F0,2,3000,1,1093,1900,1,-0.4161434822559799,0.0002491909042220213,0.0003056949574558209,0.0003526992334259703,-2.938999502267751,0.892,0.4946769169982872
A,logistic,N1,sgd,F0,3,3000,1,986,1577,1,-0.8155879520178766,0.00019230802893554027,0.00023600712134088384,0.00030665808393997717,-3.0115988331972017,0.866,0.4927201669997885
A,logistic,N1,sgd,F0,4,3000,1,1077,1682,1,-1.7580487309557087,0.00020477338455869207,0.00028400638664584734,0.0003573056046913554,-2.972799702648059,0.8693333333333333,0.49439866700413404
A,logistic,N1,sgd,F0,5,3000,1,1039,1674,1,-1.1366200488073464,0.00021441400335303786,0.0002483830005718771,0.0003061705750155902,-2.979259711713625,0.8673333333333333,0.5068654999995488
A,logistic,N1,sgd,F0,6,3000,1,946,1849,1,-0.21645742055491968,0.00023453408441481764,0.00026674822744853497,0.00030782686912672293,-2.9956430589913428,0.876,0.5054837499992573
A,logistic,N1,sgd,F0,7,3000,1,942,1540,1,-0.7664162080189694,0.0002495382350243026,0.00030869894126410577,0.0003841109737390332,-2.9862661102670742,0.884,0.5032600419945084
A,logistic,N1,sgd,F1,0,3000,1,1046,1609,1,-1.9412418930594657,0.00020389386915910143,0.0002705713501914717,0.0003179575497760053,-2.977667508726025,0.8726666666666667,0.4965222079990781
A,logistic,N1,sgd,F1,1,3000,1,1147,1892,1,-1.3784819448925718,0.00018236662714363013,0.0002539974765871963,0.0003566321891374528,-2.9581715387849545,0.8673333333333333,0.5044078330029151
A,logistic,N1,sgd,F1,2,3000,1,1102,1900,1,-0.4104207050777525,0.00024438008447122856,0.00029802168691013976,0.00035217870516665296,-2.9400071574127806,0.8913333333333333,0.5079822499974398
A,logistic,N1,sgd,F1,3,3000,1,989,1587,1,-0.7822348334970037,0.0001904340206475708,0.00023715808059555335,0.0003041371135038009,-3.0119761555957356,0.8653333333333333,0.49305550000281073
A,logistic,N1,sgd,F1,4,3000,1,1078,1683,1,-1.7392313928024654,0.00020655313814667612,0.0002810769274597018,0.0003568734841588914,-2.9749148451382945,0.87,0.510458958997333
A,logistic,N1,sgd,F1,5,3000,1,1056,1687,1,-1.1261776970480455,0.00021284730344728063,0.0002489887213854704,0.0003095609249883933,-2.9796703958421276,0.868,0.5133436670002993
A,logistic,N1,sgd,F1,6,3000,1,948,1857,1,-0.23206883704990489,0.0002357872600680646,0.0002647382272729002,0.0002968070396602894,-2.9979556210805858,0.8746666666666667,0.5080980420025298
A,logistic,N1,sgd,F1,7,3000,1,936,1552,1,-0.6990964494072965,0.000251226274263037,0.0003095111969966397,0.0003748696483828664,-2.987516042786041,0.8853333333333333,0.5177621670009103
A,logistic,N1,sgd,F2,0,3000,1,1045,1609,1,-2.0141167909702222,0.00020320444321697388,0.00026464065689913677,0.0003102455208305013,-2.9875118285854976,0.8726666666666667,0.5049517919978825
A,logistic,N1,sgd,F2,1,3000,1,1148,1894,1,-1.3907183667496104,0.00017997063369936436,0.00025766146874222083,0.00035526041695762184,-2.9602140214847155,0.8673333333333333,0.5179058329958934
A,logistic,N1,sgd,F2,2,3000,1,1068,1707,1,-0.47699558117588997,0.00025077407726783985,0.0002832154527081221,0.000336421421477459,-2.945942434143161,0.89,0.5046576250024373
A,logistic,N1,sgd,F2,3,3000,1,968,1608,1,-0.7107444076295244,0.000190617820292511,0.00023876738703895077,0.00029044039171575043,-3.0182685046625113,0.868,0.5151371660031145
A,logistic,N1,sgd,F2,4,3000,1,1003,1630,1,-1.7088670937847992,0.0002063345494911638,0.00027228790204424964,0.00033573431992128377,-2.9840680576609344,0.87,0.5050561660027597
A,logistic,N1,sgd,F2,5,3000,1,1060,1696,1,-1.2030066160067392,0.00020973312293252072,0.0002424457619358244,0.0002951291398398064,-2.98258932960282,0.868,0.5116579579989775
A,logistic,N1,sgd,F2,6,3000,1,948,1877,1,-0.33604396855373725,0.00022711475522047033,0.00025120862490416904,0.0002779547082174031,-3.007468104736494,0.874,0.5036966670013499
A,logistic,N1,sgd,F2,7,3000,1,935,1544,1,-0.560162637385262,0.0002419857371711873,0.00029769101877155126,0.00035469996840877156,-2.995151071176745,0.886,0.5138013749965467
A,logistic,N1,sgd,F3,0,3000,1,1033,1596,1,-1.8123985371776337,0.00020676112027927747,0.0002568345879849029,0.0003112736442501778,-2.9950599623218817,0.8773333333333333,0.5098343330028001
A,logistic,N1,sgd,F3,1,3000,1,1132,1877,1,-0.9075577248949783,0.0001872989648308391,0.00026064310185408036,0.0002929453963860458,-2.967004535764004,0.8673333333333333,0.4992606249943492
A,logistic,N1,sgd,F3,2,3000,1,1060,1797,1,0.22016398160914918,0.00024266023011064615,0.0002819664606301457,0.00039707001899873755,-2.9482097316501763,0.8853333333333333,0.5129831670055864
A,logistic,N1,sgd,F3,3,3000,1,960,1558,1,-1.0069371509548144,0.00017630796308992812,0.00021968006049263476,0.0002470329553703847,-3.030914584099634,0.87,0.5091147920029471
A,logistic,N1,sgd,F3,4,3000,1,999,1682,1,-1.3111184635959736,0.0002169655836830448,0.00027136584539025517,0.00032781718032960286,-2.9843614952695026,0.8686666666666667,0.5098280840029474
A,logistic,N1,sgd,F3,5,3000,1,1004,1701,1,-1.2845048376996655,0.0002112017911750878,0.00023469739550514466,0.00029478080578931187,-2.9889139069474604,0.8693333333333333,0.49797729199781315
A,logistic,N1,sgd,F3,6,3000,1,944,1837,1,0.5799389679344619,0.00021622162425655433,0.0002723000283393226,0.0003264622886881074,-3.006489366553033,0.872,0.4990213330020197
A,logistic,N1,sgd,F3,7,3000,1,940,1554,1,-0.28980327826091784,0.00026741660204579123,0.00029893253329925135,0.00033976383017296827,-2.9979197205852737,0.8846666666666667,0.4954240410006605
A,logistic,N1,sgd,F4,0,3000,1,1092,1650,1,-1.8816285038226683,0.0002498086745016398,0.0003410854654451355,0.0004108626605687189,-2.9179777858736253,0.8766666666666667,0.8371100840013241
A,logistic,N1,sgd,F4,1,3000,1,1221,2086,1,-1.2971793162114587,0.00022479713264901444,0.0003533122490468683,0.0005265030701341148,-2.89839996301396,0.8673333333333333,0.8255973749983241
A,logistic,N1,sgd,F4,2,3000,1,1105,1886,1,-0.8471372390011118,0.00023357694834085058,0.0002814344677209656,0.0003501220904545696,-2.93751780483793,0.8886666666666667,0.8372719580002013
A,logistic,N1,sgd,F4,3,3000,1,1019,1601,1,-1.201300605867106,0.0001755237879646645,0.00025473979443152005,0.0003675651988671314,-2.9832943623078414,0.8653333333333333,0.8377469590050168
A,logistic,N1,sgd,F4,4,3000,1,1086,1835,1,-1.3458639299898756,0.0002465029231850612,0.0003355724855983713,0.000433347045635985,-2.94157065845143,0.8686666666666667,0.8538735839974834
A,logistic,N1,sgd,F4,5,3000,1,1043,1663,1,-1.322599250301652,0.0002394391602347398,0.00028401577193134126,0.0003195845071150186,-2.956802233407905,0.8666666666666667,0.8274751249991823
A,logistic,N1,sgd,F4,6,3000,1,944,1861,1,-1.674591564478723,0.0002403900449646353,0.00028756234318314574,0.00032711194249670627,-2.9618724130282983,0.8713333333333333,0.8324363749998156
A,logistic,N1,sgd,F4,7,3000,1,963,1638,1,-0.287316101157847,0.00023193484022243987,0.0002981420385962624,0.00039957459600167795,-2.9794663743388785,0.8853333333333333,0.8398290409968467
A,logistic,N1,clipped_sgd,F0,0,3000,1,1046,1607,1,-1.9034002814829498,0.00020962052839365583,0.00027234965632997417,0.00031973359172573,-2.975258944907992,0.8726666666666667,0.5021660409984179
A,logistic,N1,clipped_sgd,F0,1,3000,1,1150,1884,1,-1.3638907301359198,0.00018383514119547383,0.00025594515676739945,0.0003612434406051058,-2.9575307363069703,0.8673333333333333,0.5079733340025996
A,logistic,N1,clipped_sgd,F0,2,3000,1,1093,1900,1,-0.4161434822559799,0.0002491909042220213,0.0003056949574558209,0.0003526992334259703,-2.938999502267751,0.892,0.5092546249943553
A,logistic,N1,clipped_sgd,F0,3,3000,1,986,1577,1,-0.8155879520178766,0.00019230802893554027,0.00023600712134088384,0.00030665808393997717,-3.0115988331972017,0.866,0.5043634169996949
A,logistic,N1,clipped_sgd,F0,4,3000,1,1077,1682,1,-1.7580487309557087,0.00020477338455869207,0.00028400638664584734,0.0003573056046913554,-2.972799702648059,0.8693333333333333,0.4960051249945536
A,logistic,N1,clipped_sgd,F0,5,3000,1,1039,1674,1,-1.1366200488073464,0.00021441400335303786,0.0002483830005718771,0.0003061705750155902,-2.979259711713625,0.8673333333333333,0.4956227500006207
A,logistic,N1,clipped_sgd,F0,6,3000,1,946,1849,1,-0.21645742055491968,0.00023453408441481764,0.00026674822744853497,0.00030782686912672293,-2.9956430589913428,0.876,0.5043502910048119
A,logistic,N1,clipped_sgd,F0,7,3000,1,942,1540,1,-0.7664162080189694,0.0002495382350243026,0.00030869894126410577,0.0003841109737390332,-2.9862661102670742,0.884,0.5068062919963268
A,logistic,N1,clipped_sgd,F1,0,3000,1,1046,1609,1,-1.9412418930594657,0.00020389386915910143,0.0002705713501914717,0.0003179575497760053,-2.977667508726025,0.8726666666666667,0.5027643749999697
A,logistic,N1,clipped_sgd,F1,1,3000,1,1147,1892,1,-1.3784819448925718,0.00018236662714363013,0.0002539974765871963,0.0003566321891374528,-2.9581715387849545,0.8673333333333333,0.5219512499970733
A,logistic,N1,clipped_sgd,F1,2,3000,1,1102,1900,1,-0.4104207050777525,0.00024438008447122856,0.00029802168691013976,0.00035217870516665296,-2.9400071574127806,0.8913333333333333,0.5147735840000678
A,logistic,N1,clipped_sgd,F1,3,3000,1,989,1587,1,-0.7822348334970037,0.0001904340206475708,0.00023715808059555335,0.0003041371135038009,-3.0119761555957356,0.8653333333333333,0.49654183300299337
A,logistic,N1,clipped_sgd,F1,4,3000,1,1078,1683,1,-1.7392313928024654,0.00020655313814667612,0.0002810769274597018,0.0003568734841588914,-2.9749148451382945,0.87,0.49888724999618717
A,logistic,N1,clipped_sgd,F1,5,3000,1,1056,1687,1,-1.1261776970480455,0.00021284730344728063,0.0002489887213854704,0.0003095609249883933,-2.9796703958421276,0.868,0.5364080829967861
A,logistic,N1,clipped_sgd,F1,6,3000,1,948,1857,1,-0.23206883704990489,0.0002357872600680646,0.0002647382272729002,0.0002968070396602894,-2.9979556210805858,0.8746666666666667,0.5233362919971114
A,logistic,N1,clipped_sgd,F1,7,3000,1,936,1552,1,-0.6990964494072965,0.000251226274263037,0.0003095111969966397,0.0003748696483828664,-2.987516042786041,0.8853333333333333,0.4989716670024791
A,logistic,N1,clipped_sgd,F2,0,3000,1,1045,1609,1,-2.0141167909702222,0.00020320444321697388,0.00026464065689913677,0.0003102455208305013,-2.9875118285854976,0.8726666666666667,0.5072631660004845
A,logistic,N1,clipped_sgd,F2,1,3000,1,1148,1894,1,-1.3907183667496104,0.00017997063369936436,0.00025766146874222083,0.00035526041695762184,-2.9602140214847155,0.8673333333333333,0.520386458003486
A,logistic,N1,clipped_sgd,F2,2,3000,1,1068,1707,1,-0.47699558117588997,0.00025077407726783985,0.0002832154527081221,0.000336421421477459,-2.945942434143161,0.89,0.5079489159979858
A,logistic,N1,clipped_sgd,F2,3,3000,1,968,1608,1,-0.7107444076295244,0.000190617820292511,0.00023876738703895077,0.00029044039171575043,-3.0182685046625113,0.868,0.5193249590010964
A,logistic,N1,clipped_sgd,F2,4,3000,1,1003,1630,1,-1.7088670937847992,0.0002063345494911638,0.00027228790204424964,0.00033573431992128377,-2.9840680576609344,0.87,0.5178650419984479
A,logistic,N1,clipped_sgd,F2,5,3000,1,1060,1696,1,-1.2030066160067392,0.00020973312293252072,0.0002424457619358244,0.0002951291398398064,-2.98258932960282,0.868,0.5231055409967666
A,logistic,N1,clipped_sgd,F2,6,3000,1,948,1877,1,-0.33604396855373725,0.00022711475522047033,0.00025120862490416904,0.0002779547082174031,-3.007468104736494,0.874,0.509159458000795
A,logistic,N1,clipped_sgd,F2,7,3000,1,935,1544,1,-0.560162637385262,0.0002419857371711873,0.00029769101877155126,0.00035469996840877156,-2.995151071176745,0.886,0.5086483330014744
A,logistic,N1,clipped_sgd,F3,0,3000,1,1033,1596,1,-1.8123985371776337,0.00020676112027927747,0.0002568345879849029,0.0003112736442501778,-2.9950599623218817,0.8773333333333333,0.5035940840025432
A,logistic,N1,clipped_sgd,F3,1,3000,1,1132,1877,1,-0.9075577248949783,0.0001872989648308391,0.00026064310185408036,0.0002929453963860458,-2.967004535764004,0.8673333333333333,0.5170181669964222
A,logistic,N1,clipped_sgd,F3,2,3000,1,1060,1797,1,0.22016398160914918,0.00024266023011064615,0.0002819664606301457,0.00039707001899873755,-2.9482097316501763,0.8853333333333333,0.5090540409946698
A,logistic,N1,clipped_sgd,F3,3,3000,1,960,1558,1,-1.0069371509548144,0.00017630796308992812,0.00021968006049263476,0.0002470329553703847,-3.030914584099634,0.87,0.519197665998945
A,logistic,N1,clipped_sgd,F3,4,3000,1,999,1682,1,-1.3111184635959736,0.0002169655836830448,0.00027136584539025517,0.00032781718032960286,-2.9843614952695026,0.8686666666666667,0.5041017499970621
A,logistic,N1,clipped_sgd,F3,5,3000,1,1004,1701,1,-1.2845048376996655,0.0002112017911750878,0.00023469739550514466,0.00029478080578931187,-2.9889139069474604,0.8693333333333333,0.5043666670026141
A,logistic,N1,clipped_sgd,F3,6,3000,1,944,1837,1,0.5799389679344619,0.00021622162425655433,0.0002723000283393226,0.0003264622886881074,-3.006489366553033,0.872,0.5086376249964815
A,logistic,N1,clipped_sgd,F3,7,3000,1,940,1554,1,-0.28980327826091784,0.00026741660204579123,0.00029893253329925135,0.00033976383017296827,-2.9979197205852737,0.8846666666666667,0.49724520900053903
A,logistic,N1,clipped_sgd,F4,0,3000,1,1092,1650,1,-1.8816285038226683,0.0002498086745016398,0.0003410854654451355,0.0004108626605687189,-2.9179777858736253,0.8766666666666667,0.8392034999997122
A,logistic,N1,clipped_sgd,F4,1,3000,1,1221,2086,1,-1.2971793162114587,0.00022479713264901444,0.0003533122490468683,0.0005265030701341148,-2.89839996301396,0.8673333333333333,0.8411518749999232
A,logistic,N1,clipped_sgd,F4,2,3000,1,1105,1886,1,-0.8471372390011118,0.00023357694834085058,0.0002814344677209656,0.0003501220904545696,-2.93751780483793,0.8886666666666667,0.847583583999949
A,logistic,N1,clipped_sgd,F4,3,3000,1,1019,1601,1,-1.201300605867106,0.0001755237879646645,0.00025473979443152005,0.0003675651988671314,-2.9832943623078414,0.8653333333333333,0.8254332500000601
A,logistic,N1,clipped_sgd,F4,4,3000,1,1086,1835,1,-1.3458639299898756,0.0002465029231850612,0.0003355724855983713,0.000433347045635985,-2.94157065845143,0.8686666666666667,0.8360427500010701
A,logistic,N1,clipped_sgd,F4,5,3000,1,1043,1663,1,-1.322599250301652,0.0002394391602347398,0.00028401577193134126,0.0003195845071150186,-2.956802233407905,0.8666666666666667,0.8447024999986752
A,logistic,N1,clipped_sgd,F4,6,3000,1,944,1861,1,-1.674591564478723,0.0002403900449646353,0.00028756234318314574,0.00032711194249670627,-2.9618724130282983,0.8713333333333333,0.8433769170005689
A,logistic,N1,clipped_sgd,F4,7,3000,1,963,1638,1,-0.287316101157847,0.00023193484022243987,0.0002981420385962624,0.00039957459600167795,-2.9794663743388785,0.8853333333333333,0.8403672499989625
A,logistic,N1,normalized_sgd,F0,0,3000,1,432,635,1,-1.5192071589077758,0.0002705925572592257,0.0004500089455589842,0.0006477671113367996,-3.1044036246257676,0.8746666666666667,0.5160288339975523
A,logistic,N1,normalized_sgd,F0,1,3000,1,434,870,1,0.27432641937657665,0.00021728294142285914,0.00036649635983160387,0.0007154773250919339,-3.148344074574777,0.8673333333333333,0.5391942089991062
A,logistic,N1,normalized_sgd,F0,2,3000,1,462,682,1,1.913452414613394,0.00032428686420462563,0.00044171215835261187,0.0005983241519679915,-3.13718996303712,0.89,0.5518572499931906
A,logistic,N1,normalized_sgd,F0,3,3000,1,353,827,1,0.4809271744313382,0.00023156623875246411,0.0004015625959901169,0.000685787544791999,-3.1926697952219367,0.864,0.510466624997207
A,logistic,N1,normalized_sgd,F0,4,3000,1,408,648,1,-1.8914119706052344,0.00021580369022771538,0.00037795067279447996,0.0006286311304209844,-3.1676113310070906,0.8733333333333333,0.5274909579966334
A,logistic,N1,normalized_sgd,F0,5,3000,1,435,850,1,1.4334237847292108,0.00028761690280483776,0.0003989285530149105,0.0005340312117653155,-3.158904530672851,0.868,0.5561885830029496
A,logistic,N1,normalized_sgd,F0,6,3000,1,395,635,1,0.43128020557168023,0.0002909295888881955,0.0004002687420112001,0.0005439766436321651,-3.178019955508497,0.8726666666666667,0.5410049580023042
A,logistic,N1,normalized_sgd,F0,7,3000,1,432,874,1,0.8925477201007631,0.0002609493687332076,0.0004425717620005886,0.0007609456562027975,-3.134221610639013,0.8833333333333333,0.574333459000627
A,logistic,N1,normalized_sgd,F1,0,3000,1,361,458,1,-1.2910934462942438,0.00037321883236746524,0.0007325342717317072,0.0011130670625719246,-2.9989885716940323,0.876,0.499492041002668
A,logistic,N1,normalized_sgd,F1,1,3000,1,297,858,1,0.03492930285291104,0.0002847380774354318,0.0005642314835205696,0.0011994850231093908,-3.0677584391246637,0.8666666666666667,0.507115791006072
A,logistic,N1,normalized_sgd,F1,2,3000,1,330,670,1,1.9831469998120848,0.0005134094642341771,0.000754164442900465,0.0010721886518296375,-3.028338180730943,0.888,0.5017838339990703
A,logistic,N1,normalized_sgd,F1,3,3000,1,267,683,1,0.5365943097433499,0.00043581197263571414,0.0006910297523265729,0.0012064763310694591,-3.0872243788809017,0.8633333333333333,0.5044539999944391
A,logistic,N1,normalized_sgd,F1,4,3000,1,297,567,1,-2.0055618613723634,0.00031802010557197664,0.0006064024672757635,0.0010295607078430846,-3.0603660617330815,0.872,0.5079001670019352
A,logistic,N1,normalized_sgd,F1,5,3000,1,253,726,1,1.0435478606491897,0.0004630568015498773,0.0006356542701609368,0.0008632100286213621,-3.071726991032027,0.8693333333333333,0.5062384169941652
A,logistic,N1,normalized_sgd,F1,6,3000,1,309,626,1,0.7543598803788302,0.0004455630769162336,0.0006948754373733352,0.0009471823045887113,-3.0737955900362706,0.8733333333333333,0.497275207999337
A,logistic,N1,normalized_sgd,F1,7,3000,1,296,1060,1,0.3929480791478012,0.0003910195681305896,0.0006715917905941809,0.001141205129066723,-3.026842851857395,0.8853333333333333,0.49439812500349944
A,logistic,N1,normalized_sgd,F2,0,3000,1,259,456,1,-1.735723661336975,0.0003373408844179075,0.0006617835169793012,0.0010666306102543616,-3.0446914485526806,0.8713333333333333,0.5051986249964102
A,logistic,N1,normalized_sgd,F2,1,3000,1,285,880,1,0.30856810148457264,0.00030507799583599673,0.0005036175229961431,0.0009976783179201309,-3.108836827760707,0.8666666666666667,0.5154482499929145
A,logistic,N1,normalized_sgd,F2,2,3000,1,331,691,1,2.605994278750426,0.0004748616761415359,0.0006652802112820748,0.0009881190638353636,-3.0813969359723146,0.8886666666666667,0.5337236249979469
A,logistic,N1,normalized_sgd,F2,3,3000,1,243,401,1,0.9342050162014188,0.00040406749740399785,0.0006342373716439803,0.0011155358795546528,-3.1273617637516007,0.8706666666666667,0.5174551250020158
A,logistic,N1,normalized_sgd,F2,4,3000,1,265,568,1,-1.9947585785171347,0.00030514653120658616,0.0005851275770529233,0.0009137518678304448,-3.109111075282849,0.868,0.5100465420036926
A,logistic,N1,normalized_sgd,F2,5,3000,1,245,764,1,1.0030165588314384,0.0003878904579077388,0.0005671682195487803,0.0007585254987006006,-3.1046961466243483,0.8686666666666667,0.5048570829967503
A,logistic,N1,normalized_sgd,F2,6,3000,1,279,438,1,0.7072323397237401,0.0004196968785183598,0.0006043893057295511,0.0007751167312483376,-3.1283326269274423,0.8753333333333333,0.5168294579998474
A,logistic,N1,normalized_sgd,F2,7,3000,1,295,451,1,0.9890191316900436,0.00036121427694317873,0.0005993413112121808,0.0010517612115108102,-3.071186773364584,0.8826666666666667,0.5137903340000776
A,logistic,N1,normalized_sgd,F3,0,3000,1,242,454,1,-0.6429345438570438,0.00036955875728613677,0.0005969333696476324,0.0009870876087550232,-3.1290931448246933,0.8773333333333333,0.499148167000385
A,logistic,N1,normalized_sgd,F3,1,3000,1,270,780,1,2.296344226843109,0.0003384285337930934,0.0004821121917054017,0.0007021784053544144,-3.1769994844473226,0.8646666666666667,0.5062641670010635
A,logistic,N1,normalized_sgd,F3,2,3000,1,315,514,1,4.9384254651431485,0.0003258731633717207,0.0005314842334639682,0.0011560360445404564,-3.1738433385048266,0.882,0.49764708400471136
A,logistic,N1,normalized_sgd,F3,3,3000,1,228,399,1,0.1929613918174379,0.0002903270154509476,0.00045504500004270017,0.0006082014072945637,-3.2214877166181535,0.868,0.4929032919972087
A,logistic,N1,normalized_sgd,F3,4,3000,1,267,487,1,-1.4481728856835452,0.00029636392686285395,0.0005309646279661124,0.0009266874500574323,-3.1796235433233995,0.8646666666666667,0.5063585420066374
A,logistic,N1,normalized_sgd,F3,5,3000,1,267,484,1,0.5450345266634969,0.0003287639582029331,0.0004867036538001525,0.0006863096064784707,-3.173965202798932,0.868,0.4960392499997397
A,logistic,N1,normalized_sgd,F3,6,3000,1,243,541,1,2.7928088366907566,0.0004259227016054064,0.0005706254055726868,0.0014872593730707647,-3.1873283183993384,0.8726666666666667,0.5067453329975251
A,logistic,N1,normalized_sgd,F3,7,3000,1,243,449,1,1.9230297310885007,0.0004083970499643468,0.0005775286687814997,0.0008294938378156091,-3.1326339578218256,0.884,0.5016297080001095
A,logistic,N1,normalized_sgd,F4,0,3000,1,416,641,1,-1.2115785605680456,0.0004444793353621336,0.0007820218702755787,0.0012543564242379604,-2.938414135243598,0.878,0.8853523340003449
A,logistic,N1,normalized_sgd,F4,1,3000,1,319,847,1,-0.09228361123495113,0.00038339036568817744,0.0005932377251922822,0.001426682515357354,-3.00897073185998,0.8646666666666667,0.9912570410015178
A,logistic,N1,normalized_sgd,F4,2,3000,1,355,680,1,0.7090792391535518,0.0005168737579016189,0.0007224632774793022,0.0009616702755873242,-2.994627662326442,0.886,0.9424245419941144
A,logistic,N1,normalized_sgd,F4,3,3000,1,295,822,1,1.1603382961406261,0.0005106819638667727,0.0007964941013332712,0.001358280575928832,-3.0291321056633462,0.864,0.9954278340010205
A,logistic,N1,normalized_sgd,F4,4,3000,1,399,653,1,-0.5439249541173015,0.0005144773509057453,0.0007102365172164728,0.0013410484968428532,-2.9859080161006726,0.87,0.9518963340015034
A,logistic,N1,normalized_sgd,F4,5,3000,1,310,1385,1,1.2469100179840553,0.0005764684052601857,0.0007250091150791651,0.0009368626208765851,-3.015700722294608,0.8686666666666667,0.880657790999976
A,logistic,N1,normalized_sgd,F4,6,3000,1,329,626,1,-1.2851029758092218,0.00046548104706301317,0.0006999432790289702,0.0009324850996991998,-3.0131222861354416,0.876,0.981597416997829
A,logistic,N1,normalized_sgd,F4,7,3000,1,296,891,1,1.1669450265829617,0.0003144195307574843,0.0007277121097385811,0.0014307754764908002,-2.990485332837332,0.8806666666666667,0.9432738340037758
A,logistic,N2,sgd,F0,0,3000,0,3000,3000,0,0.04624781626217901,0.025743464162224738,0.030118705656001134,0.032067419742544664,-1.5686746528599824,0.8173333333333334,0.6174543749948498
A,logistic,N2,sgd,F0,1,3000,0,3000,3000,0,2.7546885304610966,0.020558540614032738,0.028364962898349846,0.03100155514492352,-1.6320506558681847,0.7926666666666666,0.5842015420057578
A,logistic,N2,sgd,F0,2,3000,0,3000,3000,0,2.199115383803365,0.019432697314322605,0.027378623523169974,0.02906891689917638,-1.664664547160543,0.818,0.6598723330025678
A,logistic,N2,sgd,F0,3,3000,0,3000,3000,0,-1.598816991688284,0.011423836243697198,0.014545552088429498,0.019019496213816336,-1.7871803020847676,0.8366666666666667,0.601049459000933
A,logistic,N2,sgd,F0,4,3000,0,3000,3000,0,-1.37010378980419,0.014349410756699533,0.016588445921254285,0.024431211877139983,-1.6083366470248166,0.8353333333333334,0.6241527909951401
A,logistic,N2,sgd,F0,5,3000,0,3000,3000,0,0.9278554513504097,0.01205397692697156,0.014178793327448432,0.018598193431310618,-1.7496755875144328,0.8246666666666667,0.6264205830011633
A,logistic,N2,sgd,F0,6,3000,0,3000,3000,0,-1.1858106383245797,0.011048659009374786,0.01448653359872748,0.015744398846392227,-1.643103130106909,0.8366666666666667,0.5813367079972522
A,logistic,N2,sgd,F0,7,3000,0,3000,3000,0,1.527919962052249,0.009423441784411212,0.015662490333846913,0.01796408292919398,-1.7694291956697235,0.8433333333333334,0.5776051249995362
A,logistic,N2,sgd,F1,0,3000,0,3000,3000,0,0.05085975044073899,0.025706261537563554,0.030214923395513762,0.03216381672905254,-1.570165103832989,0.8166666666666667,0.558913124994433
A,logistic,N2,sgd,F1,1,3000,0,3000,3000,0,2.755384628552323,0.02042071875199364,0.02812136577617313,0.030780074923787832,-1.632467701223162,0.7933333333333333,0.5526282920036465
A,logistic,N2,sgd,F1,2,3000,0,3000,3000,0,2.1813584186507575,0.01931057059096727,0.027341582834945772,0.029009822568929543,-1.6658572860733056,0.8226666666666667,0.5525202080025338
A,logistic,N2,sgd,F1,3,3000,0,3000,3000,0,-1.6030699982937067,0.011320339214768908,0.014573633106647046,0.01946317049169656,-1.7874221444377048,0.8386666666666667,0.5305866669950774
A,logistic,N2,sgd,F1,4,3000,0,3000,3000,0,-1.3690781363280213,0.014366448950131182,0.016601669810227836,0.0247759262251891,-1.6078733928168178,0.8353333333333334,0.5424258749990258
A,logistic,N2,sgd,F1,5,3000,0,3000,3000,0,0.9181205007191618,0.012029251269912408,0.014128341875782553,0.01851101176631556,-1.7502077827999283,0.8246666666666667,0.5522598750030738
A,logistic,N2,sgd,F1,6,3000,0,3000,3000,0,-1.2145530765559391,0.010975535594144138,0.014460334078372473,0.015746986329832603,-1.6426464916086125,0.836,0.5384972089959774
A,logistic,N2,sgd,F1,7,3000,0,3000,3000,0,1.4979203982599776,0.00940712300286445,0.015150550093526637,0.01797402550594539,-1.769574799180137,0.8426666666666667,0.5493184580045636
A,logistic,N2,sgd,F2,0,3000,0,3000,3000,0,0.052685415040805636,0.02578442950948866,0.03007638954295333,0.03164779804551567,-1.5801290826510739,0.8153333333333334,0.5520536669937428
A,logistic,N2,sgd,F2,1,3000,0,3000,3000,0,2.7726568023762947,0.019854612711393035,0.02793584139376818,0.030146393459924717,-1.6359159755522714,0.7946666666666666,0.5549022920022253
A,logistic,N2,sgd,F2,2,3000,0,3000,3000,0,2.1061383590484932,0.01899500462836027,0.026952551201568233,0.028841075860360183,-1.6721973408746087,0.8246666666666667,0.5519110840032226
A,logistic,N2,sgd,F2,3,3000,0,3000,3000,0,-1.6252006618096717,0.01088336497370224,0.01426012288001272,0.02011843106061788,-1.7918587568109297,0.8386666666666667,0.5668810420029331
A,logistic,N2,sgd,F2,4,3000,0,3000,3000,0,-1.3895798889811062,0.014425176715416878,0.01649330486369546,0.025496541448103375,-1.6089392094225168,0.8333333333333334,0.5745405409979867
A,logistic,N2,sgd,F2,5,3000,0,3000,3000,0,0.8762399836757218,0.012033712932890217,0.013823526514856355,0.01830443023911526,-1.7550557870660104,0.8253333333333334,0.5785742499938351
A,logistic,N2,sgd,F2,6,3000,0,3000,3000,0,-1.3046754576901445,0.011130401918528128,0.014171248465943776,0.015920534139247933,-1.6432545697762826,0.836,0.570343833998777
A,logistic,N2,sgd,F2,7,3000,0,3000,3000,0,1.4378356509159447,0.009414831601681661,0.013390721869575805,0.01778272235929341,-1.7736483832099559,0.842,0.5678350000016508
A,logistic,N2,sgd,F3,0,3000,0,3000,3000,0,0.015254489593205795,0.026278416393196398,0.029372826340822188,0.030597171959457468,-1.578148144850103,0.818,0.5791234170028474
A,logistic,N2,sgd,F3,1,3000,0,3000,3000,0,2.762149215317156,0.020326084372981064,0.028292301656178027,0.030145820029721472,-1.6361006965617613,0.7913333333333333,0.6173289169964846
A,logistic,N2,sgd,F3,2,3000,0,3000,3000,0,2.2045455129533953,0.020348690405910894,0.026984207135348895,0.029037741736862625,-1.6700204698126053,0.8186666666666667,0.5684144580009161
A,logistic,N2,sgd,F3,3,3000,0,3000,3000,0,-1.6618684061803823,0.010720544507842574,0.01397698650971075,0.019678788150960917,-1.7962289349220748,0.8353333333333334,0.5768046250013867
A,logistic,N2,sgd,F3,4,3000,0,3000,3000,0,-1.3813931687886987,0.014389636016033165,0.016122839914350064,0.02404124441426945,-1.6139949094660158,0.83,0.6025836249973509
A,logistic,N2,sgd,F3,5,3000,0,3000,3000,0,0.9295166358967569,0.01213592343681343,0.014398562925038844,0.01889479086270822,-1.752190454104289,0.824,0.5767500000001746
A,logistic,N2,sgd,F3,6,3000,0,3000,3000,0,-1.211162367664871,0.011846051474180773,0.013876603837103518,0.014945356727733488,-1.6485268164791578,0.8386666666666667,0.5619957500020973
A,logistic,N2,sgd,F3,7,3000,0,3000,3000,0,1.6053899065453037,0.010038568616161982,0.015531595943704719,0.017551650341043737,-1.7794079218786343,0.844,0.5639657909996458
A,logistic,N2,sgd,F4,0,3000,0,3000,3000,0,0.09926834080259414,0.025705734598053198,0.03015793142992545,0.03254985716651271,-1.568339912156877,0.8166666666666667,0.8844182909961091
A,logistic,N2,sgd,F4,1,3000,0,3000,3000,0,2.6738178383454114,0.020103906701089823,0.0270651232608128,0.030233976595854466,-1.6346983338559415,0.792,0.8743903329959721
A,logistic,N2,sgd,F4,2,3000,0,3000,3000,0,2.2605075430144552,0.019095970840516122,0.02762357493671152,0.02938408096340548,-1.6628382073720185,0.822,0.8832688330003293
A,logistic,N2,sgd,F4,3,3000,0,3000,3000,0,-1.5185052750515309,0.011480778775592547,0.014846574056312192,0.01917568234502635,-1.7831194433747042,0.836,0.8589539579988923
A,logistic,N2,sgd,F4,4,3000,0,3000,3000,0,-1.3368407628637267,0.014415910732471823,0.0165658691175999,0.02462101744791076,-1.6089805862537943,0.8366666666666667,0.8586690830052248
A,logistic,N2,sgd,F4,5,3000,0,3000,3000,0,0.866211096110935,0.012200153593811186,0.01417608231227188,0.01843669268686195,-1.7482672980701948,0.8233333333333334,0.8808365419972688
A,logistic,N2,sgd,F4,6,3000,0,3000,3000,0,-1.270753939697819,0.011086941472837982,0.014476332718737155,0.015827639479653374,-1.6407596919578202,0.8366666666666667,0.8689071249973495
A,logistic,N2,sgd,F4,7,3000,0,3000,3000,0,1.459836900294577,0.00958587523844601,0.015299939233060798,0.01758863269515013,-1.7712915279094223,0.846,0.8755831669986947
A,logistic,N2,clipped_sgd,F0,0,3000,0,3000,3000,0,0.04624781626217901,0.025743464162224738,0.030118705656001134,0.032067419742544664,-1.5686746528599824,0.8173333333333334,0.5395044169999892
A,logistic,N2,clipped_sgd,F0,1,3000,0,3000,3000,0,2.7546885304610966,0.020558540614032738,0.028364962898349846,0.03100155514492352,-1.6320506558681847,0.7926666666666666,0.5381426250023651
A,logistic,N2,clipped_sgd,F0,2,3000,0,3000,3000,0,2.199115383803365,0.019432697314322605,0.027378623523169974,0.02906891689917638,-1.664664547160543,0.818,0.5307660420003231
A,logistic,N2,clipped_sgd,F0,3,3000,0,3000,3000,0,-1.598816991688284,0.011423836243697198,0.014545552088429498,0.019019496213816336,-1.7871803020847676,0.8366666666666667,0.5362139999997453
A,logistic,N2,clipped_sgd,F0,4,3000,0,3000,3000,0,-1.37010378980419,0.014349410756699533,0.016588445921254285,0.024431211877139983,-1.6083366470248166,0.8353333333333334,0.5353421659965534
A,logistic,N2,clipped_sgd,F0,5,3000,0,3000,3000,0,0.9278554513504097,0.01205397692697156,0.014178793327448432,0.018598193431310618,-1.7496755875144328,0.8246666666666667,0.528023791994201
A,logistic,N2,clipped_sgd,F0,6,3000,0,3000,3000,0,-1.1858106383245797,0.011048659009374786,0.01448653359872748,0.015744398846392227,-1.643103130106909,0.8366666666666667,0.5378042500014999
A,logistic,N2,clipped_sgd,F0,7,3000,0,3000,3000,0,1.527919962052249,0.009423441784411212,0.015662490333846913,0.01796408292919398,-1.7694291956697235,0.8433333333333334,0.5383616249964689
A,logistic,N2,clipped_sgd,F1,0,3000,0,3000,3000,0,0.05085975044073899,0.025706261537563554,0.030214923395513762,0.03216381672905254,-1.570165103832989,0.8166666666666667,0.5437349999992875
A,logistic,N2,clipped_sgd,F1,1,3000,0,3000,3000,0,2.755384628552323,0.02042071875199364,0.02812136577617313,0.030780074923787832,-1.632467701223162,0.7933333333333333,0.5542447910047485
A,logistic,N2,clipped_sgd,F1,2,3000,0,3000,3000,0,2.1813584186507575,0.01931057059096727,0.027341582834945772,0.029009822568929543,-1.6658572860733056,0.8226666666666667,0.5345040000029257
A,logistic,N2,clipped_sgd,F1,3,3000,0,3000,3000,0,-1.6030699982937067,0.011320339214768908,0.014573633106647046,0.01946317049169656,-1.7874221444377048,0.8386666666666667,0.5301381669996772
A,logistic,N2,clipped_sgd,F1,4,3000,0,3000,3000,0,-1.3690781363280213,0.014366448950131182,0.016601669810227836,0.0247759262251891,-1.6078733928168178,0.8353333333333334,0.5397545829982846
A,logistic,N2,clipped_sgd,F1,5,3000,0,3000,3000,0,0.9181205007191618,0.012029251269912408,0.014128341875782553,0.01851101176631556,-1.7502077827999283,0.8246666666666667,0.5296507079983712
A,logistic,N2,clipped_sgd,F1,6,3000,0,3000,3000,0,-1.2145530765559391,0.010975535594144138,0.014460334078372473,0.015746986329832603,-1.6426464916086125,0.836,0.5402803749966552
A,logistic,N2,clipped_sgd,F1,7,3000,0,3000,3000,0,1.4979203982599776,0.00940712300286445,0.015150550093526637,0.01797402550594539,-1.769574799180137,0.8426666666666667,0.5417434580012923
A,logistic,N2,clipped_sgd,F2,0,3000,0,3000,3000,0,0.052685415040805636,0.02578442950948866,0.03007638954295333,0.03164779804551567,-1.5801290826510739,0.8153333333333334,0.5507412910010316
A,logistic,N2,clipped_sgd,F2,1,3000,0,3000,3000,0,2.7726568023762947,0.019854612711393035,0.02793584139376818,0.030146393459924717,-1.6359159755522714,0.7946666666666666,0.5552590410006815
A,logistic,N2,clipped_sgd,F2,2,3000,0,3000,3000,0,2.1061383590484932,0.01899500462836027,0.026952551201568233,0.028841075860360183,-1.6721973408746087,0.8246666666666667,0.5389572500062059
A,logistic,N2,clipped_sgd,F2,3,3000,0,3000,3000,0,-1.6252006618096717,0.01088336497370224,0.01426012288001272,0.02011843106061788,-1.7918587568109297,0.8386666666666667,0.5549824160043499
A,logistic,N2,clipped_sgd,F2,4,3000,0,3000,3000,0,-1.3895798889811062,0.014425176715416878,0.01649330486369546,0.025496541448103375,-1.6089392094225168,0.8333333333333334,0.539839541001129
A,logistic,N2,clipped_sgd,F2,5,3000,0,3000,3000,0,0.8762399836757218,0.012033712932890217,0.013823526514856355,0.01830443023911526,-1.7550557870660104,0.8253333333333334,0.5578519999980927
A,logistic,N2,clipped_sgd,F2,6,3000,0,3000,3000,0,-1.3046754576901445,0.011130401918528128,0.014171248465943776,0.015920534139247933,-1.6432545697762826,0.836,0.5476012919971254
A,logistic,N2,clipped_sgd,F2,7,3000,0,3000,3000,0,1.4378356509159447,0.009414831601681661,0.013390721869575805,0.01778272235929341,-1.7736483832099559,0.842,0.5433124999981374
A,logistic,N2,clipped_sgd,F3,0,3000,0,3000,3000,0,0.015254489593205795,0.026278416393196398,0.029372826340822188,0.030597171959457468,-1.578148144850103,0.818,0.5454982079972979
A,logistic,N2,clipped_sgd,F3,1,3000,0,3000,3000,0,2.762149215317156,0.020326084372981064,0.028292301656178027,0.030145820029721472,-1.6361006965617613,0.7913333333333333,0.5417057919985382
A,logistic,N2,clipped_sgd,F3,2,3000,0,3000,3000,0,2.2045455129533953,0.020348690405910894,0.026984207135348895,0.029037741736862625,-1.6700204698126053,0.8186666666666667,0.5471913750006934
A,logistic,N2,clipped_sgd,F3,3,3000,0,3000,3000,0,-1.6618684061803823,0.010720544507842574,0.01397698650971075,0.019678788150960917,-1.7962289349220748,0.8353333333333334,0.5475471660029143
A,logistic,N2,clipped_sgd,F3,4,3000,0,3000,3000,0,-1.3813931687886987,0.014389636016033165,0.016122839914350064,0.02404124441426945,-1.6139949094660158,0.83,0.5514574170010746
A,logistic,N2,clipped_sgd,F3,5,3000,0,3000,3000,0,0.9295166358967569,0.01213592343681343,0.014398562925038844,0.01889479086270822,-1.752190454104289,0.824,0.5295092079977621
A,logistic,N2,clipped_sgd,F3,6,3000,0,3000,3000,0,-1.211162367664871,0.011846051474180773,0.013876603837103518,0.014945356727733488,-1.6485268164791578,0.8386666666666667,0.5439754170001834
A,logistic,N2,clipped_sgd,F3,7,3000,0,3000,3000,0,1.6053899065453037,0.010038568616161982,0.015531595943704719,0.017551650341043737,-1.7794079218786343,0.844,0.5373000830004457
A,logistic,N2,clipped_sgd,F4,0,3000,0,3000,3000,0,0.09926834080259414,0.025705734598053198,0.03015793142992545,0.03254985716651271,-1.568339912156877,0.8166666666666667,0.8790812920051394
A,logistic,N2,clipped_sgd,F4,1,3000,0,3000,3000,0,2.6738178383454114,0.020103906701089823,0.0270651232608128,0.030233976595854466,-1.6346983338559415,0.792,0.8709723339998163
A,logistic,N2,clipped_sgd,F4,2,3000,0,3000,3000,0,2.2605075430144552,0.019095970840516122,0.02762357493671152,0.02938408096340548,-1.6628382073720185,0.822,0.8612295420025475
A,logistic,N2,clipped_sgd,F4,3,3000,0,3000,3000,0,-1.5185052750515309,0.011480778775592547,0.014846574056312192,0.01917568234502635,-1.7831194433747042,0.836,0.8679487920016982
A,logistic,N2,clipped_sgd,F4,4,3000,0,3000,3000,0,-1.3368407628637267,0.014415910732471823,0.0165658691175999,0.02462101744791076,-1.6089805862537943,0.8366666666666667,0.8822589170013089
A,logistic,N2,clipped_sgd,F4,5,3000,0,3000,3000,0,0.866211096110935,0.012200153593811186,0.01417608231227188,0.01843669268686195,-1.7482672980701948,0.8233333333333334,0.879430290995515
A,logistic,N2,clipped_sgd,F4,6,3000,0,3000,3000,0,-1.270753939697819,0.011086941472837982,0.014476332718737155,0.015827639479653374,-1.6407596919578202,0.8366666666666667,0.8756015830003889
A,logistic,N2,clipped_sgd,F4,7,3000,0,3000,3000,0,1.459836900294577,0.00958587523844601,0.015299939233060798,0.01758863269515013,-1.7712915279094223,0.846,0.8674982500015176
A,logistic,N2,normalized_sgd,F0,0,3000,0,3000,3000,0,-0.0867678937525126,0.028421611043707905,0.03538260932122406,0.03857708496792117,-1.5054414729511154,0.8166666666666667,0.5475672090033186
A,logistic,N2,normalized_sgd,F0,1,3000,0,3000,3000,0,2.9834206456323518,0.03070893151068149,0.037747876058614335,0.042503518474274964,-1.56472147961925,0.7813333333333333,0.5405553330056136
A,logistic,N2,normalized_sgd,F0,2,3000,0,3000,3000,0,2.013754181479097,0.025128931721083155,0.03365019040547702,0.03695568750849473,-1.594157897448673,0.818,0.5326539160014363
A,logistic,N2,normalized_sgd,F0,3,3000,0,3000,3000,0,-1.4980765974480839,0.012774615517527947,0.019494288184318163,0.02259859841414645,-1.723095146879276,0.8326666666666667,0.5274095830027363
A,logistic,N2,normalized_sgd,F0,4,3000,0,3000,3000,0,-1.3425729113646265,0.015485983349628217,0.01952821852244971,0.029886876233516695,-1.5539463276133534,0.8346666666666667,0.5270999999993364
A,logistic,N2,normalized_sgd,F0,5,3000,0,3000,3000,0,0.9333287370673472,0.01355229199971965,0.016103813777263398,0.022544566708307418,-1.7039510146571826,0.8166666666666667,0.5281533750021481
A,logistic,N2,normalized_sgd,F0,6,3000,0,3000,3000,0,-1.065077038528459,0.010894190899076962,0.015196027484220661,0.017483009419304273,-1.6098940797624348,0.8346666666666667,0.5391951249985141
A,logistic,N2,normalized_sgd,F0,7,3000,0,3000,3000,0,2.0491160332152987,0.011999245783133244,0.02184154516066284,0.02706860945620044,-1.6885120925465114,0.8326666666666667,0.5260647089962731
A,logistic,N2,normalized_sgd,F1,0,3000,0,3000,3000,0,-0.13330317747973694,0.02964438596184801,0.03764754448446414,0.04096734641782754,-1.477175149115419,0.8153333333333334,0.547426709003048
A,logistic,N2,normalized_sgd,F1,1,3000,0,3000,3000,0,2.8867679408431375,0.03424353022500371,0.04085121649080188,0.04698624297333614,-1.5305616860575888,0.7786666666666666,0.555040083003405
A,logistic,N2,normalized_sgd,F1,2,3000,0,3000,3000,0,2.019553427033323,0.026827103535554113,0.035387408151276376,0.04046832626872691,-1.5718619056371272,0.814,0.5668285420033499
A,logistic,N2,normalized_sgd,F1,3,3000,0,3000,3000,0,-1.4857334396073791,0.01313801359916143,0.020358119634349227,0.024627994530416183,-1.6937704270762308,0.828,0.5563939579951693
A,logistic,N2,normalized_sgd,F1,4,3000,0,3000,3000,0,-1.2879430193678352,0.015815610141873337,0.020644420760300028,0.032477285719676875,-1.5300929411913322,0.826,0.5291466250055237
A,logistic,N2,normalized_sgd,F1,5,3000,0,3000,3000,0,0.947691615267919,0.014586902579939316,0.017051024957126643,0.024333441803729847,-1.6801722428804338,0.8126666666666666,0.5730410000032862
A,logistic,N2,normalized_sgd,F1,6,3000,0,3000,3000,0,-1.0365809173013787,0.010843518980066875,0.015437412220678778,0.018114644275673254,-1.5926976272186706,0.8333333333333334,0.5662385420000646
A,logistic,N2,normalized_sgd,F1,7,3000,0,3000,3000,0,2.067142229352496,0.013639316748777247,0.024100183101051595,0.030540810135849753,-1.6550792225850604,0.8253333333333334,0.5403620409997529
A,logistic,N2,normalized_sgd,F2,0,3000,0,3000,3000,0,-0.19377808656980186,0.030636088781322363,0.038449082312263363,0.041061867387875844,-1.4778565377855748,0.81,0.5461177500037593
A,logistic,N2,normalized_sgd,F2,1,3000,0,3000,3000,0,3.0106049159141004,0.03636986716495756,0.04272542526664072,0.04784370712046663,-1.5236687004111718,0.7813333333333333,0.5433960000009392
A,logistic,N2,normalized_sgd,F2,2,3000,0,3000,3000,0,1.9372727912534755,0.027170369617464628,0.03628379713822281,0.04129212795285344,-1.5659765214625623,0.8126666666666666,0.5454249589965912
A,logistic,N2,normalized_sgd,F2,3,3000,0,3000,3000,0,-1.6718063789942708,0.013174741146933622,0.020475599719905407,0.02671296688425825,-1.687881678242828,0.8266666666666667,0.5390898750047199
A,logistic,N2,normalized_sgd,F2,4,3000,0,3000,3000,0,-1.3030588966500825,0.016586865698100858,0.022072830581316653,0.035211961194284186,-1.5199968750058914,0.8226666666666667,0.5388446670040139
A,logistic,N2,normalized_sgd,F2,5,3000,0,3000,3000,0,0.8932702414420063,0.015016478753095946,0.017064749381711663,0.024370201692165156,-1.6727996025717544,0.812,0.5552570419968106
A,logistic,N2,normalized_sgd,F2,6,3000,0,3000,3000,0,-1.153539248475895,0.011099577113488319,0.01553290893677563,0.01843750017214916,-1.586034950332707,0.8313333333333334,0.5610800830036169
A,logistic,N2,normalized_sgd,F2,7,3000,0,3000,3000,0,2.037581334676044,0.013670446761965663,0.024732251247451164,0.0311999814435773,-1.6440489546790877,0.82,0.5448222080012783
A,logistic,N2,normalized_sgd,F3,0,3000,0,3000,3000,0,-0.23034166963990704,0.031737792558294155,0.03706456335286015,0.04065008166209224,-1.4861290848694928,0.812,0.5360605410023709
A,logistic,N2,normalized_sgd,F3,1,3000,0,3000,3000,0,2.7188807568767333,0.03567649861682218,0.04201037582675982,0.048299633501546285,-1.5290645704066013,0.7846666666666666,0.5427096669955063
A,logistic,N2,normalized_sgd,F3,2,3000,0,3000,3000,0,2.04012382234155,0.029711511665332396,0.03676432562464404,0.039997038293375406,-1.5617925431865394,0.808,0.5293697079978301
A,logistic,N2,normalized_sgd,F3,3,3000,0,3000,3000,0,-1.5391470031009804,0.013844727939548489,0.019460857379165544,0.026686828139121363,-1.6981578845715448,0.8206666666666667,0.5297619169941754
A,logistic,N2,normalized_sgd,F3,4,3000,0,3000,3000,0,-1.2802713900336078,0.01747163283671992,0.02220101844853297,0.03303621472892514,-1.5235482970481697,0.8253333333333334,0.5432357079989742
A,logistic,N2,normalized_sgd,F3,5,3000,0,3000,3000,0,0.9407721300963106,0.01513555254219751,0.018035841754509667,0.025624321313458737,-1.6687101782245355,0.8066666666666666,0.5469587499974295
A,logistic,N2,normalized_sgd,F3,6,3000,0,3000,3000,0,-1.000342824350667,0.012031594138276397,0.014789250692659024,0.017920571355917934,-1.5959539242490473,0.832,0.5421345409995411
A,logistic,N2,normalized_sgd,F3,7,3000,0,3000,3000,0,2.1537555118784075,0.014870859554983112,0.026591607527864495,0.03117200191731338,-1.6505373271627142,0.8233333333333334,0.5324732919980306
A,logistic,N2,normalized_sgd,F4,0,3000,0,3000,3000,0,-0.08595192874681507,0.02933161082960264,0.037017195702845535,0.04072040333661656,-1.483024192216355,0.8146666666666667,0.8660561669967137
A,logistic,N2,normalized_sgd,F4,1,3000,0,3000,3000,0,2.7754335047156973,0.03234512949360942,0.03904323142979836,0.04513701382166581,-1.539032682040976,0.7786666666666666,0.9071927920012968
A,logistic,N2,normalized_sgd,F4,2,3000,0,3000,3000,0,2.13283217539763,0.026263210192401003,0.03560631996805616,0.04049228742262386,-1.5749527531185556,0.8166666666666667,0.8815820830059238
A,logistic,N2,normalized_sgd,F4,3,3000,0,3000,3000,0,-1.3873889333956708,0.013116391780832648,0.019849108641773274,0.023867551130407488,-1.6982033656097046,0.8266666666666667,0.9173782090001623
A,logistic,N2,normalized_sgd,F4,4,3000,0,3000,3000,0,-1.3463992079467826,0.015849925854433792,0.020351679246572975,0.031875453220614164,-1.538432364633537,0.83,0.8742197080064216
A,logistic,N2,normalized_sgd,F4,5,3000,0,3000,3000,0,0.8988501445611158,0.014666237602666634,0.016966432001783605,0.023773315233913118,-1.6824473774776614,0.8113333333333334,0.8948034170025494
A,logistic,N2,normalized_sgd,F4,6,3000,0,3000,3000,0,-1.1331146941701118,0.011025395976687115,0.015426000547249897,0.017898977350951136,-1.5945529172672608,0.834,0.8838491249989602
A,logistic,N2,normalized_sgd,F4,7,3000,0,3000,3000,0,1.9886101248644372,0.013490884496501097,0.023272460537829342,0.029220439328767202,-1.6645693959613108,0.8266666666666667,0.9054996670020046
A,logistic,N3,sgd,F0,0,3000,0,3000,3000,0,-0.4615365606469979,0.2426801596022003,0.2530142642464662,0.264563939042354,-0.5219167408625911,0.572,0.5918754999947851
A,logistic,N3,sgd,F0,1,3000,0,3000,3000,0,1.1996831099823964,0.04337297782953997,0.05666840242209578,0.07029626520233934,-1.161357160514336,0.558,0.5410747920032009
A,logistic,N3,sgd,F0,2,3000,0,3000,3000,0,2.7534394438323044,0.05886549271288203,0.08351369222759245,0.15644033694545093,-1.2230848622982704,0.7093333333333334,0.528200167005707
A,logistic,N3,sgd,F0,3,3000,0,3000,3000,0,2.1773056456704283,0.016562717267951898,0.02583031775028838,0.04701948135020888,-1.4455206119079236,0.792,0.501239125005668
A,logistic,N3,sgd,F0,4,3000,0,3000,3000,0,-1.5487425011746034,0.053851796507875103,0.07487298054253944,0.08379744439921981,-0.984321278743981,0.7673333333333333,0.5743415420001838
A,logistic,N3,sgd,F0,5,3000,0,3000,3000,0,3.022100956284314,0.0130637273443468,0.017079051696795702,0.022252275112936058,-1.7477384655427162,0.8386666666666667,0.5103080830012914
A,logistic,N3,sgd,F0,6,3000,0,3000,3000,0,1.6242345431742617,0.015710202749078455,0.031508690421952146,0.06710107696688274,-1.4956591721873862,0.7613333333333333,0.5167395829994348
A,logistic,N3,sgd,F0,7,3000,0,3000,3000,0,3.1586016115618976,0.3047513655171551,0.3161812057603253,0.3330288559700435,-0.9722026097134929,0.5193333333333333,0.5357315829969593
A,logistic,N3,sgd,F1,0,3000,0,3000,3000,0,-0.4634429979393362,0.24290965973426468,0.25268537826663445,0.2640887429558212,-0.521862156722913,0.572,0.5513906669948483
A,logistic,N3,sgd,F1,1,3000,0,3000,3000,0,1.0260841812960677,0.04349451469588603,0.05654110712288954,0.07014440784714583,-1.1643508973924663,0.56,0.5684204169956502
A,logistic,N3,sgd,F1,2,3000,0,3000,3000,0,2.8052608895513274,0.05913338928036863,0.0827203724429419,0.1545691622919436,-1.2268924200751035,0.7086666666666667,0.5106615830009105
A,logistic,N3,sgd,F1,3,3000,0,3000,3000,0,2.164505895491226,0.016614997300187638,0.025592712674399908,0.04578478969013056,-1.448684362601857,0.792,0.5025133330054814
A,logistic,N3,sgd,F1,4,3000,0,3000,3000,0,-1.5333977782238655,0.05498731092172572,0.07542312937343461,0.08371089957140776,-0.9845347018265075,0.7686666666666667,0.5483015840000007
A,logistic,N3,sgd,F1,5,3000,0,3000,3000,0,3.2796617154181655,0.013008082931587164,0.017175207117871138,0.02185526537296343,-1.7518079180617812,0.8386666666666667,0.4965278750023572
A,logistic,N3,sgd,F1,6,3000,0,3000,3000,0,1.5444365258111221,0.01711061139272855,0.030714080277831443,0.06684766416848194,-1.4990849847819663,0.7586666666666667,0.519770333004999
A,logistic,N3,sgd,F1,7,3000,0,3000,3000,0,3.173154145803105,0.3043217516871379,0.31583627935975556,0.33265398142609576,-0.9768764255673483,0.518,0.5277493329995195
A,logistic,N3,sgd,F2,0,3000,0,3000,3000,0,-0.4690186161883176,0.24338363633597668,0.2521664146430097,0.26245325379742873,-0.51577051164277,0.5693333333333334,0.5577929580031196
A,logistic,N3,sgd,F2,1,3000,0,3000,3000,0,0.5751246023726795,0.044378626806364625,0.056412122161850625,0.06672510968285658,-1.1727531735146115,0.6013333333333334,0.5529301669957931
A,logistic,N3,sgd,F2,2,3000,0,3000,3000,0,2.949668711871859,0.060562675429468,0.0779744468928242,0.1470706061762951,-1.2409545733956742,0.7066666666666667,0.5227037920049042
A,logistic,N3,sgd,F2,3,3000,0,3000,3000,0,2.3124650819437744,0.017285777405388454,0.026400408374836523,0.040915557444360505,-1.4616089705443833,0.8093333333333333,0.523407041997416
A,logistic,N3,sgd,F2,4,3000,0,3000,3000,0,-1.4749272206794362,0.0579669589889857,0.07621813951487619,0.08471936734459026,-0.9805472234064252,0.766,0.5655764170005568
A,logistic,N3,sgd,F2,5,3000,0,3000,3000,0,4.184089010875566,0.01265037230295825,0.016946539709342526,0.020526796450029416,-1.7713815586778583,0.84,0.5335742919996846
A,logistic,N3,sgd,F2,6,3000,0,3000,3000,0,1.1645017198998762,0.018121508656364506,0.028867959533933344,0.06359769311129555,-1.513007407555347,0.7506666666666667,0.552897708999808
A,logistic,N3,sgd,F2,7,3000,0,3000,3000,0,3.207125823094564,0.3041697790647827,0.31512179783811034,0.3287121635247148,-0.9969739685887474,0.5173333333333333,0.5669115830023657
A,logistic,N3,sgd,F3,0,3000,0,3000,3000,0,-0.4632353161520101,0.24282774016215058,0.2527125470878365,0.2638133532710915,-0.5185475898499314,0.574,0.5570886659988901
A,logistic,N3,sgd,F3,1,3000,0,3000,3000,0,1.162165735513376,0.0422885262536611,0.057934416389760685,0.06888127356717956,-1.172291715620028,0.56,0.5573619999995572
A,logistic,N3,sgd,F3,2,3000,0,3000,3000,0,2.80724583897712,0.06148225587636627,0.08268447651792452,0.15624946551335425,-1.2323690646667123,0.7093333333333334,0.5266376660001697
A,logistic,N3,sgd,F3,3,3000,0,3000,3000,0,2.443483112725517,0.016844057825995393,0.024645196346561732,0.04377756774817309,-1.4664621787867975,0.7946666666666666,0.5196558339957846
A,logistic,N3,sgd,F3,4,3000,0,3000,3000,0,-1.5209296652219666,0.054752562161017294,0.07400765424774391,0.08473718280210742,-0.9831178229321346,0.768,0.5458646670012968
A,logistic,N3,sgd,F3,5,3000,0,3000,3000,0,3.0817398606934434,0.01282069674256413,0.01668742457970339,0.02157654981427441,-1.774919901046419,0.8426666666666667,0.5307251669946709
A,logistic,N3,sgd,F3,6,3000,0,3000,3000,0,1.6565040809502785,0.017665944013760766,0.03064570308096831,0.0620493007921265,-1.5145933125863245,0.7546666666666667,0.5266793330010842
A,logistic,N3,sgd,F3,7,3000,0,3000,3000,0,3.1561873988867637,0.30477336888612677,0.3168564846908707,0.3332983944044228,-0.9822800471344684,0.5186666666666667,0.5420515000005253
A,logistic,N3,sgd,F4,0,3000,1,1119,1802,1,1.761157324061365,0.0003568314723555654,0.0005301548411300173,0.0006287143954690815,-2.866551341985945,0.8753333333333333,0.8507111660001101
A,logistic,N3,sgd,F4,1,3000,1,1189,1999,1,-1.0607042299624623,0.000322874805028648,0.0004219944813140127,0.000561514045632604,-2.8624054739362714,0.866,0.8560898330033524
A,logistic,N3,sgd,F4,2,3000,1,908,2403,1,-0.28754215433698044,0.0005210229336602186,0.0006117447516988569,0.0007097592852750291,-2.784339060939228,0.8866666666666667,0.8486078339992673
A,logistic,N3,sgd,F4,3,3000,1,1117,2421,1,-3.3922271553256054,0.0002650860339318068,0.0004604601399735099,0.0006257769228964144,-2.8178483005074026,0.868,0.8645258329997887
A,logistic,N3,sgd,F4,4,3000,1,999,1762,1,-0.6894303628038252,0.00048014363233725725,0.000607875350718339,0.0007396089939039834,-2.850363107151254,0.8646666666666667,0.8507332919980399
A,logistic,N3,sgd,F4,5,3000,1,1086,1932,1,0.4631346824669053,0.0005244900163735381,0.000612248424141855,0.0006873644097959606,-2.8195679666031257,0.8666666666666667,0.870047959004296
A,logistic,N3,sgd,F4,6,3000,1,1163,1809,1,0.6175655186946463,0.0002815816473441889,0.00042172269968061545,0.0006308049021582815,-2.88121737655116,0.87,0.855172625000705
A,logistic,N3,sgd,F4,7,3000,1,1368,2085,1,0.33795494269151133,0.00028372108597482976,0.0003694506111727341,0.0005935387603596655,-2.8661040482263918,0.8826666666666667,0.8420231249983772
A,logistic,N3,clipped_sgd,F0,0,3000,1,1892,3000,0,0.6055352165621476,0.0011221052978989054,0.0014002411430542017,0.0017277513878459013,-2.487502624768701,0.87,0.5214444169978378
A,logistic,N3,clipped_sgd,F0,1,3000,0,3000,3000,0,0.9960637685050661,0.0018150481574837145,0.002572657380316006,0.003443890592390494,-2.3965505234409163,0.866,0.5301595829951111
A,logistic,N3,clipped_sgd,F0,2,3000,1,1898,3000,0,0.38240446500186387,0.001570885025059573,0.002049220724639908,0.0023961084235052683,-2.449466739420995,0.88,0.5103094170044642
A,logistic,N3,clipped_sgd,F0,3,3000,1,1414,3000,0,0.4841658135082215,0.0019002447571811187,0.0024610869364216146,0.0030638736929483007,-2.483465016714866,0.8613333333333333,0.511565958004212
A,logistic,N3,clipped_sgd,F0,4,3000,1,1613,3000,0,-2.4093635090702366,0.0013095731624991212,0.002384879434881565,0.0034636033434656283,-2.4328901798798017,0.868,0.5123113750014454
A,logistic,N3,clipped_sgd,F0,5,3000,1,1897,3000,0,1.2537715609352935,0.0014993226303198026,0.0020277501522123717,0.0027171857183037004,-2.453766665701385,0.8673333333333333,0.5121987079983228
A,logistic,N3,clipped_sgd,F0,6,3000,1,2176,3000,0,0.785427928831146,0.000796529827724858,0.0014499093221117558,0.002108492266104317,-2.491507148333814,0.8686666666666667,0.5242661250013043
A,logistic,N3,clipped_sgd,F0,7,3000,1,2082,3000,0,-0.9673851206248006,0.0008888141905978639,0.001327625321333991,0.0017754416131830568,-2.46601049580308,0.8813333333333333,0.5216022500026156
A,logistic,N3,clipped_sgd,F1,0,3000,0,3000,3000,0,-1.1600622035284598,0.009793007087492643,0.013215844173636068,0.018275516937326944,-1.6791293764752275,0.838,0.5305541660054587
A,logistic,N3,clipped_sgd,F1,1,3000,0,3000,3000,0,-1.0866617135825156,0.008098139271916927,0.014163757531365586,0.020945212295055582,-1.6864894719103773,0.7953333333333333,0.5204511659976561
A,logistic,N3,clipped_sgd,F1,2,3000,0,3000,3000,0,2.255516218017832,0.004823970647818769,0.01383331388402784,0.024327945121202222,-1.8386273930449006,0.8306666666666667,0.517365041996527
A,logistic,N3,clipped_sgd,F1,3,3000,0,3000,3000,0,1.8070483796983103,0.009718048556894957,0.014384528656194027,0.025374351080140477,-1.8669237516094244,0.8253333333333334,0.5238585839979351
A,logistic,N3,clipped_sgd,F1,4,3000,0,3000,3000,0,-2.1069215248281274,0.010593882445456768,0.015004569361290254,0.022355007938350102,-1.6887441385986697,0.8466666666666667,0.5149243749983725
A,logistic,N3,clipped_sgd,F1,5,3000,0,3000,3000,0,2.6044560745060163,0.007646882855871881,0.0113127677660581,0.015580159444627095,-1.9299199868615127,0.848,0.5126755420060363
A,logistic,N3,clipped_sgd,F1,6,3000,0,3000,3000,0,0.8693534615276729,0.010099621320713762,0.015826342068344205,0.020474419197367175,-1.762481111386415,0.8426666666666667,0.522868665997521
A,logistic,N3,clipped_sgd,F1,7,3000,0,3000,3000,0,-0.9000531743709336,0.005126016411409712,0.008337367544204315,0.01747225275691652,-1.8172314771920635,0.87,0.5293880829995032
A,logistic,N3,clipped_sgd,F2,0,3000,0,3000,3000,0,-3.03256804148862,0.0353440117374964,0.06186537055582372,0.0678345746226961,-1.0361321960090044,0.8166666666666667,0.5475288750021718
A,logistic,N3,clipped_sgd,F2,1,3000,0,3000,3000,0,-0.258073971844203,0.029488300996043337,0.03687080828764174,0.06145409770476842,-1.4457101464487523,0.7506666666666667,0.517103792000853
A,logistic,N3,clipped_sgd,F2,2,3000,0,3000,3000,0,4.943489906033374,0.03600080653472916,0.05471668665071666,0.10551855625517147,-1.4789100796139492,0.7373333333333333,0.5368129999988014
A,logistic,N3,clipped_sgd,F2,3,3000,0,3000,3000,0,2.5529023328069855,0.01528059034159033,0.024717077991320873,0.04046267054538254,-1.5812330209359438,0.8133333333333334,0.548444041996845
A,logistic,N3,clipped_sgd,F2,4,3000,0,3000,3000,0,-2.452643851662481,0.01865086099128524,0.03455857122841398,0.04233627804213754,-1.2581272151080178,0.834,0.5145537499993225
A,logistic,N3,clipped_sgd,F2,5,3000,0,3000,3000,0,4.132124158149934,0.012643579437557152,0.017232402239583097,0.02098393784732041,-1.789449337284864,0.8386666666666667,0.5419190409957082
A,logistic,N3,clipped_sgd,F2,6,3000,0,3000,3000,0,1.323693963804203,0.016109807773271954,0.02773668837135504,0.05490203190834156,-1.5471508810704813,0.762,0.5319485839936533
A,logistic,N3,clipped_sgd,F2,7,3000,0,3000,3000,0,0.671150672311715,0.04830362277864151,0.08667751147083433,0.13611380782773957,-1.2985394417639526,0.7866666666666666,0.5364414580035373
A,logistic,N3,clipped_sgd,F3,0,3000,0,3000,3000,0,0.032939866887716954,0.0019461353749446503,0.0022892899166170374,0.003611739335188764,-2.2887671581431333,0.868,0.5160733340017032
A,logistic,N3,clipped_sgd,F3,1,3000,0,3000,3000,0,1.5393602523417478,0.003652196304027141,0.004571846084062498,0.0070957561428433395,-2.238523834652133,0.8533333333333334,0.5351282909978181
A,logistic,N3,clipped_sgd,F3,2,3000,0,3000,3000,0,-0.47444916134763365,0.002169178546924832,0.003063688562062709,0.00392058071269382,-2.3147576308731166,0.8813333333333333,0.5145730000003823
A,logistic,N3,clipped_sgd,F3,3,3000,0,3000,3000,0,0.38917003547797013,0.003447012635813967,0.003952746039290833,0.004944616570416849,-2.327218088174182,0.8553333333333333,0.5147787499954575
A,logistic,N3,clipped_sgd,F3,4,3000,0,3000,3000,0,-2.462889854170793,0.0022576534028788,0.0039687849125379475,0.005878883445964451,-2.221343228050553,0.8586666666666667,0.537821416000952
A,logistic,N3,clipped_sgd,F3,5,3000,1,1866,3000,0,1.5933114086519737,0.0028835078575613895,0.0038658971298426914,0.004483515705002747,-2.3158445528632488,0.866,0.5292464169979212
A,logistic,N3,clipped_sgd,F3,6,3000,1,2333,3000,0,0.13755935659925916,0.001575993920035479,0.002645454741460702,0.0034436426436002757,-2.306022051902505,0.87,0.5274054999972577
A,logistic,N3,clipped_sgd,F3,7,3000,1,2692,3000,0,-1.7039306784619408,0.001216255415563864,0.0021808255079548123,0.0029140371012335905,-2.2948263906091553,0.8746666666666667,0.5747812080007861
A,logistic,N3,clipped_sgd,F4,0,3000,1,1141,1802,1,1.766194113905871,0.0003563401562976005,0.000529659114714667,0.0006281957934195754,-2.8700909028925077,0.8753333333333333,0.9095135830066283
A,logistic,N3,clipped_sgd,F4,1,3000,1,1189,1999,1,-1.0607042299624623,0.000322874805028648,0.0004219944813140127,0.000561514045632604,-2.8624054739362714,0.866,0.9821057090011891
A,logistic,N3,clipped_sgd,F4,2,3000,1,908,2403,1,-0.2877162954839136,0.0005210445758559225,0.0006117737189843941,0.0007097896097929558,-2.78417242789166,0.8866666666666667,0.962428708000516
A,logistic,N3,clipped_sgd,F4,3,3000,1,1117,2421,1,-3.3922271553256054,0.0002650860339318068,0.0004604601399735099,0.0006257769228964144,-2.8178483005074026,0.868,0.9713816250005038
A,logistic,N3,clipped_sgd,F4,4,3000,1,1003,1762,1,-0.6879330843048316,0.00048000147936826836,0.0006076498784941349,0.0007393193097470529,-2.8524183376996906,0.8646666666666667,0.9963179999977001
A,logistic,N3,clipped_sgd,F4,5,3000,1,1086,1932,1,0.4631346824669053,0.0005244900163735381,0.000612248424141855,0.0006873644097959606,-2.8195679666031257,0.8666666666666667,0.9891461669976707
A,logistic,N3,clipped_sgd,F4,6,3000,1,1130,1809,1,0.614955411992106,0.00028179261871008306,0.00042204237061511864,0.0006310643936523273,-2.879262153519086,0.87,0.9644042910003918
A,logistic,N3,clipped_sgd,F4,7,3000,1,1368,2085,1,0.3379104475694345,0.00028372610195396376,0.0003694560097718077,0.0005935431988114123,-2.8660771897377053,0.8826666666666667,0.9740055419970304
A,logistic,N3,normalized_sgd,F0,0,3000,1,1532,3000,0,1.9390096636747562,0.0009357912837120638,0.0012060300945402086,0.0018192812676283451,-2.607421590058744,0.8706666666666667,0.559081083003548
A,logistic,N3,normalized_sgd,F0,1,3000,1,1283,3000,0,0.7162768740260236,0.001132105791194163,0.0016711375445646061,0.0023511728658283907,-2.5702358492402504,0.8673333333333333,0.5412549170068814
A,logistic,N3,normalized_sgd,F0,2,3000,1,1826,3000,0,-0.5656988831732688,0.0010544126881273847,0.0013709377734576825,0.0016856536085116114,-2.581621848155283,0.8853333333333333,0.5405934160007746
A,logistic,N3,normalized_sgd,F0,3,3000,1,1071,3000,0,0.46373237846645854,0.0014083224619499222,0.0018923776626471704,0.002710100503362714,-2.596262887768101,0.8653333333333333,0.5573243329999968
A,logistic,N3,normalized_sgd,F0,4,3000,1,1038,2989,1,-2.678960603010775,0.0008841156686862077,0.0017189649636694506,0.002440883040882891,-2.6038016679099636,0.868,0.5327771669981303
A,logistic,N3,normalized_sgd,F0,5,3000,1,1388,3000,0,0.38854505795738226,0.0011552657298546625,0.0014303648732004212,0.002086173642001176,-2.599739358781566,0.8666666666666667,0.5347166249994189
A,logistic,N3,normalized_sgd,F0,6,3000,1,891,2271,1,2.2284163735936464,0.0005962950414108436,0.0010302009992289888,0.0017957659117085992,-2.656375685647998,0.8693333333333333,0.5538710420005373
A,logistic,N3,normalized_sgd,F0,7,3000,1,1575,3000,0,0.16318105442061906,0.000721146275472051,0.0010755333850173644,0.0015336920209859542,-2.622550890411431,0.876,0.5262239590010722
A,logistic,N3,normalized_sgd,F1,0,3000,0,3000,3000,0,-0.05554630574706015,0.005509603956477036,0.008786531128404867,0.011998709548364699,-1.9345651280936254,0.846,0.525207082995621
A,logistic,N3,normalized_sgd,F1,1,3000,0,3000,3000,0,0.7059248491560225,0.007215333293415423,0.01020908418087086,0.01875915079657683,-1.8688894788853165,0.8173333333333334,0.5368033749982715
A,logistic,N3,normalized_sgd,F1,2,3000,0,3000,3000,0,1.5163696267102607,0.004479663042078553,0.007884997271434633,0.0141578327548364,-1.993588342198421,0.848,0.5423548750040936
A,logistic,N3,normalized_sgd,F1,3,3000,0,3000,3000,0,0.6892807090094885,0.006525498009141724,0.010349415464132712,0.017475566095296796,-2.047597003949091,0.8313333333333334,0.5198259160024463
A,logistic,N3,normalized_sgd,F1,4,3000,0,3000,3000,0,-3.0158166764690533,0.006161467743563174,0.008225817454982649,0.013955781104289126,-1.9142349052771304,0.8593333333333333,0.5409704580015386
A,logistic,N3,normalized_sgd,F1,5,3000,0,3000,3000,0,0.4697991747098238,0.005124845018068129,0.008272785013457015,0.01133618379654265,-2.0360662277422077,0.8506666666666667,0.5158428330032621
A,logistic,N3,normalized_sgd,F1,6,3000,0,3000,3000,0,0.9891687860782535,0.004792313709597418,0.008542443531567512,0.014485827670483368,-1.954395139628401,0.8546666666666667,0.5457286669989116
A,logistic,N3,normalized_sgd,F1,7,3000,0,3000,3000,0,-0.8339108105806196,0.00398538447503761,0.007156260276873677,0.014768113027562839,-1.9486968796363635,0.8713333333333333,0.5632661249983357
A,logistic,N3,normalized_sgd,F2,0,3000,0,3000,3000,0,-3.9733567213651195,0.02134412047949232,0.034621458145316635,0.04883225814333792,-1.2396473155781025,0.8233333333333334,0.6392842080022092
A,logistic,N3,normalized_sgd,F2,1,3000,0,3000,3000,0,-0.9490487912947416,0.015336856027439895,0.029843119638566777,0.04959618842669497,-1.5141739477437028,0.7633333333333333,0.601552084001014
A,logistic,N3,normalized_sgd,F2,2,3000,0,3000,3000,0,3.919737282798338,0.019573189828952675,0.042939664271905986,0.06363748102405156,-1.607020760742503,0.7766666666666666,0.598429292003857
A,logistic,N3,normalized_sgd,F2,3,3000,0,3000,3000,0,1.0730390692555338,0.015978180069619374,0.020759517180804363,0.03749690024672766,-1.6883015034152014,0.8206666666666667,0.6604363329970511
A,logistic,N3,normalized_sgd,F2,4,3000,0,3000,3000,0,-2.1830179062804507,0.014988619744607468,0.026884958282383558,0.03401627930392474,-1.4116332467447215,0.8426666666666667,0.5853254579997156
A,logistic,N3,normalized_sgd,F2,5,3000,0,3000,3000,0,2.2805234987709966,0.012798032567475377,0.02024981130409638,0.025469536753557093,-1.766677286878515,0.8413333333333334,0.5656588749989169
A,logistic,N3,normalized_sgd,F2,6,3000,0,3000,3000,0,1.1944320833407522,0.013859702826582143,0.025447649873184947,0.03822614180930676,-1.5858708170043416,0.79,0.5946873749999213
A,logistic,N3,normalized_sgd,F2,7,3000,0,3000,3000,0,-0.5684550411313049,0.01833747502726989,0.04489967070148966,0.10057931280168209,-1.4415056902038916,0.836,0.5755772079937742
A,logistic,N3,normalized_sgd,F3,0,3000,0,3000,3000,0,1.2133634227616141,0.0027318470572456136,0.0040792685571272545,0.007877848246859293,-2.179202478364487,0.8513333333333334,0.523409207999066
A,logistic,N3,normalized_sgd,F3,1,3000,0,3000,3000,0,0.7655368430106676,0.00528190003608772,0.007119901257125044,0.010085226850109801,-2.1617490919364264,0.8486666666666667,0.5437862499966286
A,logistic,N3,normalized_sgd,F3,2,3000,0,3000,3000,0,-0.5001942508331139,0.0028728513677284736,0.0036322861258973813,0.005201782137042458,-2.284456702909054,0.8653333333333333,0.5190191250003409
A,logistic,N3,normalized_sgd,F3,3,3000,0,3000,3000,0,0.6775178791008639,0.0037289401262668733,0.005212315082491273,0.007692215337148079,-2.3088098220517512,0.8506666666666667,0.533849374995043
A,logistic,N3,normalized_sgd,F3,4,3000,0,3000,3000,0,-3.375387880621567,0.002647033794437176,0.004938846049906174,0.007422853974797317,-2.1638484719817463,0.8626666666666667,0.5372651669968036
A,logistic,N3,normalized_sgd,F3,5,3000,0,3000,3000,0,0.7264421598394475,0.0032228644760646545,0.005304507412366079,0.006844601728064275,-2.2690635726735993,0.8626666666666667,0.5146061249979539
A,logistic,N3,normalized_sgd,F3,6,3000,1,2246,3000,0,2.0399106388306203,0.0029223472165713265,0.0041314178086882605,0.005456230669546636,-2.2407778037487307,0.8613333333333333,0.5393401659966912
A,logistic,N3,normalized_sgd,F3,7,3000,1,2710,3000,0,-1.5209894089289988,0.0014713561215203466,0.003148294872592266,0.005401919963011849,-2.1914475633908723,0.858,0.516187291003007
A,logistic,N3,normalized_sgd,F4,0,3000,1,386,3000,0,1.4705913309899639,0.0008637108422623713,0.0014757677910210748,0.0019688484013916287,-2.78374030267788,0.8753333333333333,0.8338289579987759
A,logistic,N3,normalized_sgd,F4,1,3000,1,633,864,1,-1.4764703355564324,0.0006319194528743653,0.0011631760042990623,0.0016100463051325212,-2.826080297505871,0.8646666666666667,0.8578255000029458
A,logistic,N3,normalized_sgd,F4,2,3000,1,411,613,1,-0.2230332202213588,0.000854207451394169,0.0012773034021161774,0.0019231089293758072,-2.780384305221932,0.8913333333333333,0.8453059169987682
A,logistic,N3,normalized_sgd,F4,3,3000,1,431,1347,1,-2.0930620662690123,0.0005853072923565635,0.0010470673514896465,0.0015473822317747022,-2.7928481334025275,0.8706666666666667,0.8419604579976294
A,logistic,N3,normalized_sgd,F4,4,3000,1,635,2092,1,-0.2731461593164331,0.0007925276094629421,0.0013004083753698809,0.002329105120163585,-2.8237625760169562,0.8653333333333333,0.8568923330021789
A,logistic,N3,normalized_sgd,F4,5,3000,1,614,844,1,1.1377382877119622,0.0010967962308317692,0.0015107830582042066,0.0019032740528152664,-2.804339708968899,0.8746666666666667,0.8583516250000685
A,logistic,N3,normalized_sgd,F4,6,3000,1,369,745,1,2.3928351247576205,0.0006207574799120167,0.0010370954018823256,0.0019197225161813208,-2.856380940121886,0.8646666666666667,0.8500951660025748
A,logistic,N3,normalized_sgd,F4,7,3000,1,415,2075,1,2.7302750986226583,0.0005710032867295578,0.0011385999648325608,0.00197147556584012,-2.82926767181743,0.88,0.8316555839992361
A,logistic,N4,sgd,F0,0,3000,0,3000,3000,0,-0.010068669733671109,0.30104194686741637,0.3026311701238193,0.30420151387725164,-0.5163371530018428,0.532,0.5140083329970366
A,logistic,N4,sgd,F0,1,3000,0,3000,3000,0,0.011405483879039197,0.38382630008389246,0.3847562436285511,0.3852000760083854,-0.5017364804450566,0.3893333333333333,0.5615917079994688
A,logistic,N4,sgd,F0,2,3000,0,3000,3000,0,-0.10855931644816148,0.3516135901751618,0.35488994615601105,0.35769783666792804,-0.4811355916872212,0.4653333333333333,0.5056271249995916
A,logistic,N4,sgd,F0,3,3000,0,3000,3000,0,0.46343680799761955,0.3969374959008872,0.42016299352833486,0.43146051257780765,-0.446703380904798,0.37533333333333335,0.5208354999995208
A,logistic,N4,sgd,F0,4,3000,0,3000,3000,0,0.0429061318013619,0.16367155306548495,0.16616268400986622,0.16843627264183636,-0.7488334558882167,0.6426666666666667,0.5090895409957739
A,logistic,N4,sgd,F0,5,3000,0,3000,3000,0,0.2026264361868378,0.3201553572494845,0.3231859979749304,0.3257842504153676,-0.5350045646143985,0.474,0.5484493340045447
A,logistic,N4,sgd,F0,6,3000,0,3000,3000,0,-0.3837614116412523,0.3096605375709582,0.32119282412224165,0.32882414596904785,-0.4815721013158158,0.5066666666666667,0.5549333750022925
A,logistic,N4,sgd,F0,7,3000,0,3000,3000,0,-0.4103490768016847,0.3352863397627413,0.3480811480315523,0.3656288527303246,-0.44046092354818134,0.474,0.5326567090014578
A,logistic,N4,sgd,F1,0,3000,0,3000,3000,0,-0.011197187853497142,0.3011495437163008,0.3025261210460286,0.3037311485585353,-0.5173178189966406,0.5326666666666666,0.5388048750028247
A,logistic,N4,sgd,F1,1,3000,0,3000,3000,0,0.012091326343916617,0.38371733061274116,0.38465129109024715,0.38515330777881546,-0.5021684922263695,0.39,0.5196942090042285
A,logistic,N4,sgd,F1,2,3000,0,3000,3000,0,-0.10836208640405512,0.3516087568587121,0.35477673818645106,0.3575375930103229,-0.48337864085659354,0.4646666666666667,0.5235144170001149
A,logistic,N4,sgd,F1,3,3000,0,3000,3000,0,0.4732879861852807,0.39637353356639166,0.4200787614627186,0.43122074765960483,-0.4472734677030329,0.376,0.5292319580039475
A,logistic,N4,sgd,F1,4,3000,0,3000,3000,0,0.04787581966974834,0.16381535392072788,0.16631827221839213,0.1685365225798418,-0.7481962261056135,0.6426666666666667,0.5191589169990038
A,logistic,N4,sgd,F1,5,3000,0,3000,3000,0,0.21413830937690415,0.32009683338657763,0.3230445449432207,0.3255849289616517,-0.5360948434986669,0.474,0.5455174590024399
A,logistic,N4,sgd,F1,6,3000,0,3000,3000,0,-0.3842981690600023,0.3090165789195453,0.32125106289970606,0.3287146233064989,-0.48374782100839975,0.506,0.545801209002093
A,logistic,N4,sgd,F1,7,3000,0,3000,3000,0,-0.4086956267280027,0.3356732655632241,0.34817226218068165,0.36613867516441717,-0.44065900962233734,0.474,0.548807040999236
A,logistic,N4,sgd,F2,0,3000,0,3000,3000,0,-0.020460048951630366,0.30016039906260694,0.30231026086615154,0.30279640920246015,-0.519351765166891,0.532,0.5445278749975841
A,logistic,N4,sgd,F2,1,3000,0,3000,3000,0,0.017124803167834365,0.38371567766724246,0.3841665996100896,0.3849036581548228,-0.5028534730529686,0.39,0.5549951249995502
A,logistic,N4,sgd,F2,2,3000,0,3000,3000,0,-0.11305893185836081,0.350375263235024,0.35418984362608275,0.357166224117377,-0.4875474116679362,0.4653333333333333,0.5314499589949264
A,logistic,N4,sgd,F2,3,3000,0,3000,3000,0,0.5034513078691177,0.3940500427930365,0.41906599854258736,0.4297480408661479,-0.44942113292811875,0.37933333333333336,0.5483675840005162
A,logistic,N4,sgd,F2,4,3000,0,3000,3000,0,0.04920807941470011,0.16413957302307186,0.1663251669038692,0.1676949421121533,-0.7469924578420026,0.644,0.5180949999994482
A,logistic,N4,sgd,F2,5,3000,0,3000,3000,0,0.24956327150469107,0.3198927794581495,0.3227729328572004,0.3250283032612935,-0.5387638844588317,0.47733333333333333,0.5623467080004048
A,logistic,N4,sgd,F2,6,3000,0,3000,3000,0,-0.3771983266363215,0.3082242535799838,0.322077738982288,0.3276182018365559,-0.4893599287177439,0.504,0.5762507500039646
A,logistic,N4,sgd,F2,7,3000,0,3000,3000,0,-0.3976862973717885,0.33700953445103277,0.3503926964207623,0.36988205335844504,-0.4408081334749481,0.4726666666666667,0.53458083300211
A,logistic,N4,sgd,F3,0,3000,0,3000,3000,0,-0.010342675275149702,0.3010617866897381,0.3026581444270877,0.3042533718945355,-0.5162622895023531,0.532,0.6700916249974398
A,logistic,N4,sgd,F3,1,3000,0,3000,3000,0,0.011119143672229383,0.3839232114965097,0.38478938970158866,0.3851604971835962,-0.5016008088639442,0.3893333333333333,0.6355549170039012
A,logistic,N4,sgd,F3,2,3000,0,3000,3000,0,-0.1089571025843034,0.3517696499881018,0.35489707981599844,0.35771674103629636,-0.48088597759692525,0.4653333333333333,0.6688016659973073
A,logistic,N4,sgd,F3,3,3000,0,3000,3000,0,0.46557931645171347,0.3970067712173655,0.42011082955989343,0.43171102406387807,-0.4466495056682252,0.37533333333333335,0.6349128750007367
A,logistic,N4,sgd,F3,4,3000,0,3000,3000,0,0.04141357755164465,0.16371527342678358,0.16607233565396734,0.16838489636039444,-0.7489934955118052,0.6426666666666667,0.608200708993536
A,logistic,N4,sgd,F3,5,3000,0,3000,3000,0,0.20148243449418415,0.3200378535433062,0.32326741941798814,0.3256450734721878,-0.5344275853630156,0.474,0.7087318339981721
A,logistic,N4,sgd,F3,6,3000,0,3000,3000,0,-0.3821566964784981,0.3096103201293156,0.32112693377090873,0.3287255183096152,-0.4819177587777793,0.5073333333333333,0.631915541998751
A,logistic,N4,sgd,F3,7,3000,0,3000,3000,0,-0.41023046730670426,0.3352354670899822,0.34806101732036393,0.36564628976356905,-0.44048972585072066,0.474,0.6553742500036606
A,logistic,N4,sgd,F4,0,3000,0,3000,3000,0,-0.01828279879783525,0.2991599633855816,0.3012483338397855,0.30240142207445014,-0.5194561342183835,0.5313333333333333,0.880359499999031
A,logistic,N4,sgd,F4,1,3000,0,3000,3000,0,0.0202764531271,0.38349969549891316,0.3840467562393417,0.3846827113156924,-0.5049472942456942,0.3893333333333333,0.8471176250022836
A,logistic,N4,sgd,F4,2,3000,0,3000,3000,0,-0.12020746297288527,0.3497596071294036,0.3550472142973167,0.3574372695275932,-0.4830468104993184,0.4666666666666667,0.8434639999977662
A,logistic,N4,sgd,F4,3,3000,0,3000,3000,0,0.48072794860125495,0.39242753194745933,0.41592572001092354,0.42796342418777394,-0.4510807221062684,0.38,0.8977817080012755
A,logistic,N4,sgd,F4,4,3000,0,3000,3000,0,0.03126127217203423,0.16408380653599716,0.16539103170439307,0.16715768985894666,-0.7479638496424899,0.646,0.84730750000017
A,logistic,N4,sgd,F4,5,3000,0,3000,3000,0,0.24209871161034516,0.31722128198809635,0.3214163311451413,0.3225121698050542,-0.5405891947626801,0.478,0.8614268749952316
A,logistic,N4,sgd,F4,6,3000,0,3000,3000,0,-0.3808519650214258,0.3078946484472282,0.3209217084537247,0.32757396488071555,-0.4850576703618065,0.5073333333333333,0.8710295830023824
A,logistic,N4,sgd,F4,7,3000,0,3000,3000,0,-0.3906160704795153,0.33733753229630825,0.3492682012822024,0.36814819725340653,-0.44167480040856616,0.474,0.8716144999998505
A,logistic,N4,clipped_sgd,F0,0,3000,0,3000,3000,0,-0.08498267840388202,0.28757824247742714,0.2960473199091505,0.30079862077847713,-0.5298414120808763,0.5453333333333333,0.5687328330022865
A,logistic,N4,clipped_sgd,F0,1,3000,0,3000,3000,0,0.09858683915620609,0.35635732986658375,0.3592363782045659,0.36262775262620167,-0.5636745457876203,0.404,0.60265904199332
A,logistic,N4,clipped_sgd,F0,2,3000,0,3000,3000,0,-0.27819874972415215,0.3251377719897298,0.34186539864807747,0.34787617163935736,-0.5052588086631093,0.48533333333333334,0.5631661250008619
A,logistic,N4,clipped_sgd,F0,3,3000,0,3000,3000,0,0.4688108748057555,0.3751028538889206,0.39759201960912993,0.41171533577984704,-0.4592672156823656,0.3933333333333333,0.6024484999943525
A,logistic,N4,clipped_sgd,F0,4,3000,0,3000,3000,0,0.021325317759268873,0.1531497451928679,0.15549532086065757,0.15921741171245762,-0.7612917079054066,0.6533333333333333,0.5857975000035367
A,logistic,N4,clipped_sgd,F0,5,3000,0,3000,3000,0,0.12126336775604367,0.29449728915836637,0.29775474799495916,0.30120032005998343,-0.5574287498127669,0.512,0.5888634160000947
A,logistic,N4,clipped_sgd,F0,6,3000,0,3000,3000,0,-0.10598674180700164,0.32755456714109676,0.3283212752854523,0.3325364134750037,-0.48673167210532803,0.49133333333333334,0.5732694160033134
A,logistic,N4,clipped_sgd,F0,7,3000,0,3000,3000,0,-0.4675261279355855,0.3147244355802603,0.32957843799232034,0.35272705576252694,-0.476396770398022,0.5073333333333333,0.5488490839998121
A,logistic,N4,clipped_sgd,F1,0,3000,0,3000,3000,0,-0.0979675173445095,0.28773799036056874,0.2964767168062196,0.3017329501947085,-0.5287823506644824,0.5453333333333333,0.5681087080010911
A,logistic,N4,clipped_sgd,F1,1,3000,0,3000,3000,0,0.09712480641413843,0.3555675778354382,0.35841966953430104,0.3616965554087863,-0.5636178819032783,0.404,0.5645989170006942
A,logistic,N4,clipped_sgd,F1,2,3000,0,3000,3000,0,-0.28829019855378357,0.32267430115991574,0.33999209264673513,0.34605767486351147,-0.5074760616976883,0.48733333333333334,0.5803254170023138
A,logistic,N4,clipped_sgd,F1,3,3000,0,3000,3000,0,0.4623890694310019,0.3751459893525942,0.3977053157677368,0.41156201665114484,-0.4574004763434852,0.3953333333333333,0.5726132080017123
A,logistic,N4,clipped_sgd,F1,4,3000,0,3000,3000,0,0.06441697126981212,0.15244432765828075,0.1558339909375631,0.15989069518204013,-0.7625879262427879,0.656,0.5748682910052594
A,logistic,N4,clipped_sgd,F1,5,3000,0,3000,3000,0,0.10666957735484876,0.29569677878715944,0.2979400029257948,0.30122194846854383,-0.5541537655389781,0.5153333333333333,0.5877253340004245
A,logistic,N4,clipped_sgd,F1,6,3000,0,3000,3000,0,-0.10000976751143505,0.327858489367218,0.328984792118175,0.33253062767943287,-0.48616805992259765,0.49266666666666664,0.568621834005171
A,logistic,N4,clipped_sgd,F1,7,3000,0,3000,3000,0,-0.46661657077841356,0.3144017451121019,0.32921692375079287,0.3523491105130078,-0.47624664580563636,0.508,0.5465561249948223
A,logistic,N4,clipped_sgd,F2,0,3000,0,3000,3000,0,-0.08506195110092525,0.29106315109249636,0.29846281177039835,0.3034316888352631,-0.5270955954243425,0.5433333333333333,0.5603789580054581
A,logistic,N4,clipped_sgd,F2,1,3000,0,3000,3000,0,0.10161213360672208,0.3564100977318283,0.3585306801210526,0.3615785257864588,-0.5607986838514945,0.4,0.6074137920004432
A,logistic,N4,clipped_sgd,F2,2,3000,0,3000,3000,0,-0.28398249788766844,0.3210881810884904,0.33767499687020053,0.34516808333780646,-0.5101499509463064,0.4866666666666667,0.5969986659983988
A,logistic,N4,clipped_sgd,F2,3,3000,0,3000,3000,0,0.46091224091480565,0.38015315984176556,0.40303676666090055,0.4160772519793752,-0.4551488271889066,0.3953333333333333,0.5781577919988194
A,logistic,N4,clipped_sgd,F2,4,3000,0,3000,3000,0,0.09103522463510005,0.15217866834788893,0.1550519002234319,0.16030361284303052,-0.7629891494338414,0.6566666666666666,0.5884110839979257
A,logistic,N4,clipped_sgd,F2,5,3000,0,3000,3000,0,0.09139490218165175,0.2935775230459598,0.2946366534409948,0.29739000123089987,-0.5573365940998334,0.518,0.6165476660025888
A,logistic,N4,clipped_sgd,F2,6,3000,0,3000,3000,0,-0.1088993307273037,0.3274247795230273,0.328467728029803,0.3328415528820544,-0.48861558528933413,0.49333333333333335,0.5979293749987846
A,logistic,N4,clipped_sgd,F2,7,3000,0,3000,3000,0,-0.4513424460176683,0.31568130397206057,0.32925925318660565,0.3520489409319664,-0.4751224277478166,0.5073333333333333,0.5718323750043055
A,logistic,N4,clipped_sgd,F3,0,3000,0,3000,3000,0,-0.09186143597600009,0.28709383329671445,0.29597365792785907,0.30082810596752163,-0.5297850051549311,0.5446666666666666,0.6456765000039013
A,logistic,N4,clipped_sgd,F3,1,3000,0,3000,3000,0,0.09561680484827902,0.3558769826156036,0.35847885097096877,0.3619124712466101,-0.5639252748734171,0.4046666666666667,0.6110604159985087
A,logistic,N4,clipped_sgd,F3,2,3000,0,3000,3000,0,-0.2849905702341307,0.3242766594223759,0.3414548753116582,0.3473851444189939,-0.5051508620297621,0.4866666666666667,0.6046422919971519
A,logistic,N4,clipped_sgd,F3,3,3000,0,3000,3000,0,0.455882831684963,0.37608955871164484,0.3978457433031456,0.412015911712796,-0.4566662616445862,0.39666666666666667,0.6511676250011078
A,logistic,N4,clipped_sgd,F3,4,3000,0,3000,3000,0,0.037968915601013946,0.15272221497803784,0.15505780430256122,0.15882799692901792,-0.7621371107563761,0.654,0.6678721249991213
A,logistic,N4,clipped_sgd,F3,5,3000,0,3000,3000,0,0.10811004160833536,0.2934699673321464,0.2960558769015714,0.29856504812580287,-0.5566687586061791,0.5173333333333333,0.6349703329979093
A,logistic,N4,clipped_sgd,F3,6,3000,0,3000,3000,0,-0.10413551717189957,0.32668829289578055,0.32787079562557864,0.3322822049615469,-0.4871647224710984,0.49266666666666664,0.6167277080021449
A,logistic,N4,clipped_sgd,F3,7,3000,0,3000,3000,0,-0.4691553160007721,0.31432787104994414,0.32932238351441384,0.3525236322442017,-0.4764850962708239,0.5073333333333333,0.6042282090056688
A,logistic,N4,clipped_sgd,F4,0,3000,0,3000,3000,0,-0.0816614933100071,0.28722472843561797,0.2958428894540328,0.30066814377709805,-0.5304956841062435,0.5446666666666666,0.9588687920040684
A,logistic,N4,clipped_sgd,F4,1,3000,0,3000,3000,0,0.09982391086957308,0.355777467119441,0.3582667467379723,0.36180549926535854,-0.5649261186672374,0.4046666666666667,0.937537167003029
A,logistic,N4,clipped_sgd,F4,2,3000,0,3000,3000,0,-0.28375122176522805,0.3235598003770723,0.3410411942374104,0.34696872785465493,-0.5054088311724964,0.4866666666666667,0.9085746670025401
A,logistic,N4,clipped_sgd,F4,3,3000,0,3000,3000,0,0.4658995512947848,0.374405878972542,0.39612437025581254,0.410253012790174,-0.4604189894986636,0.39866666666666667,0.9395957499946235
A,logistic,N4,clipped_sgd,F4,4,3000,0,3000,3000,0,0.02940761335453431,0.1526108615618154,0.15500829911842356,0.15886241016706434,-0.7616256452557582,0.6533333333333333,0.9099332909972873
A,logistic,N4,clipped_sgd,F4,5,3000,0,3000,3000,0,0.11267103195368099,0.2917667422722601,0.2943701944444047,0.2968383228823951,-0.5596164349447498,0.5193333333333333,0.913978208998742
A,logistic,N4,clipped_sgd,F4,6,3000,0,3000,3000,0,-0.10781177947374194,0.32632842826114006,0.32759782089225753,0.3325064625266396,-0.48748106860166884,0.494,0.9314475830033189
A,logistic,N4,clipped_sgd,F4,7,3000,0,3000,3000,0,-0.46586525572793136,0.31485823095241827,0.32960424368041014,0.35288768561474376,-0.4775012130020206,0.5066666666666667,0.8945707910024794
A,logistic,N4,normalized_sgd,F0,0,3000,0,3000,3000,0,-0.08659808927376007,0.28758481383053486,0.2959860779305458,0.30053479270464273,-0.5317052753267663,0.5453333333333333,0.5809108749963343
A,logistic,N4,normalized_sgd,F0,1,3000,0,3000,3000,0,0.09979914037388042,0.3562363869080692,0.3591751326288001,0.36261981953777805,-0.5656857346464442,0.404,0.5679141669970704
A,logistic,N4,normalized_sgd,F0,2,3000,0,3000,3000,0,-0.27633102451413205,0.3250721655714302,0.34169945698577425,0.34784620095249763,-0.5074173438871483,0.48533333333333334,0.5896040829975391
A,logistic,N4,normalized_sgd,F0,3,3000,0,3000,3000,0,0.4672298077738981,0.3750776937005412,0.3975064984113441,0.4112219922177327,-0.4618715668484684,0.3933333333333333,0.603683417000866
A,logistic,N4,normalized_sgd,F0,4,3000,0,3000,3000,0,0.026211585075738807,0.1530381101316877,0.15542431697394085,0.15915315264243143,-0.7632519765109258,0.6533333333333333,0.5837496249951073
A,logistic,N4,normalized_sgd,F0,5,3000,0,3000,3000,0,0.12159721863962591,0.29434362021230515,0.29735808077790393,0.30075843936377666,-0.5607065465539671,0.5133333333333333,0.57235770799889
A,logistic,N4,normalized_sgd,F0,6,3000,0,3000,3000,0,-0.10849941841385793,0.32726841362368986,0.32797048692965247,0.3325775610736811,-0.48898260149972944,0.492,0.5739878750027856
A,logistic,N4,normalized_sgd,F0,7,3000,0,3000,3000,0,-0.468282784164363,0.31447517083475857,0.32960767107002337,0.3525564053334423,-0.4782689924620539,0.5073333333333333,0.5529804590041749
A,logistic,N4,normalized_sgd,F1,0,3000,0,3000,3000,0,-0.09863170286618302,0.28773008665521016,0.29646353149055904,0.30149761002441483,-0.5306035414636391,0.5453333333333333,0.5936062910041073
A,logistic,N4,normalized_sgd,F1,1,3000,0,3000,3000,0,0.09898015856742008,0.3554391879159585,0.3583393935496338,0.3617471543051327,-0.5655703801372869,0.404,0.5716289580013836
A,logistic,N4,normalized_sgd,F1,2,3000,0,3000,3000,0,-0.28642698397444477,0.32270261127843464,0.33977316254917966,0.3458885970489265,-0.5094678096052787,0.48733333333333334,0.5927662910034996
A,logistic,N4,normalized_sgd,F1,3,3000,0,3000,3000,0,0.4608668941963165,0.37513800124593555,0.39760705173396826,0.41109542413587213,-0.45979191708170053,0.3953333333333333,0.6011205000031623
A,logistic,N4,normalized_sgd,F1,4,3000,0,3000,3000,0,0.06824742153510083,0.15236408561375905,0.1558397606379161,0.15991248554322715,-0.7645232647775768,0.656,0.5889139999999315
A,logistic,N4,normalized_sgd,F1,5,3000,0,3000,3000,0,0.10767390472966158,0.2955726775872965,0.29766507981532186,0.3009796073814256,-0.5570250497820868,0.5153333333333333,0.5755970000027446
A,logistic,N4,normalized_sgd,F1,6,3000,0,3000,3000,0,-0.10093997011809243,0.3277190020043874,0.32878063452743367,0.3325733689283566,-0.48825472808354925,0.49266666666666664,0.5728298329995596
A,logistic,N4,normalized_sgd,F1,7,3000,0,3000,3000,0,-0.4672641447418495,0.31416591520854126,0.32921212044289694,0.3521660670241055,-0.4780978074678666,0.508,0.5569344169998658
A,logistic,N4,normalized_sgd,F2,0,3000,0,3000,3000,0,-0.08551612735150979,0.29095813176417284,0.29855854414981897,0.30329432589363875,-0.528828138245412,0.544,0.6581650000007357
A,logistic,N4,normalized_sgd,F2,1,3000,0,3000,3000,0,0.10366781030680404,0.3561071864066499,0.35849371764786686,0.36165538855317897,-0.5627112751422414,0.4,0.6452216670004418
A,logistic,N4,normalized_sgd,F2,2,3000,0,3000,3000,0,-0.2829625579562645,0.321191633241609,0.3375055609560508,0.3449861615201929,-0.5121053259006777,0.48733333333333334,0.6719550829948275
A,logistic,N4,normalized_sgd,F2,3,3000,0,3000,3000,0,0.46038778597060886,0.3801156096207536,0.4029145423694079,0.4156435998843528,-0.4572483464518191,0.3953333333333333,0.6855383330039331
A,logistic,N4,normalized_sgd,F2,4,3000,0,3000,3000,0,0.09327340401167532,0.15212165958192392,0.15511823525050217,0.16028747964441353,-0.7648473703062373,0.6566666666666666,0.615197499995702
A,logistic,N4,normalized_sgd,F2,5,3000,0,3000,3000,0,0.09322393926416374,0.2934472306774393,0.2944273974668494,0.2971364814671789,-0.5597327245098439,0.518,0.6664698329987004
A,logistic,N4,normalized_sgd,F2,6,3000,0,3000,3000,0,-0.11007595455771743,0.3273892581200774,0.3282672619647624,0.3328434837234971,-0.4905317609138469,0.494,0.6876622089985176
A,logistic,N4,normalized_sgd,F2,7,3000,0,3000,3000,0,-0.4517989688875722,0.31541977106331676,0.3292720222931449,0.3518460615806391,-0.47693101312563796,0.5073333333333333,0.72041495799931
A,logistic,N4,normalized_sgd,F3,0,3000,0,3000,3000,0,-0.09323233446050491,0.2870847169044448,0.29588709109436234,0.3005680263286649,-0.5316401812593584,0.5446666666666666,0.5869118749978952
A,logistic,N4,normalized_sgd,F3,1,3000,0,3000,3000,0,0.0974073381042966,0.35574296893589286,0.3584500538538705,0.36190312312741935,-0.56586890486919,0.404,0.6055415420050849
A,logistic,N4,normalized_sgd,F3,2,3000,0,3000,3000,0,-0.2833311625482327,0.3241745412996704,0.34125323559210113,0.3473707592714971,-0.5072023566222406,0.4866666666666667,0.6276171249992331
A,logistic,N4,normalized_sgd,F3,3,3000,0,3000,3000,0,0.4543782815925226,0.37605068080573933,0.3978006651575159,0.41157751797213993,-0.45899716670749074,0.39666666666666667,0.6328745409991825
A,logistic,N4,normalized_sgd,F3,4,3000,0,3000,3000,0,0.04257005565006023,0.15258834769532495,0.15507406203655588,0.15883494778531448,-0.7640524341926594,0.654,0.6118170839981758
A,logistic,N4,normalized_sgd,F3,5,3000,0,3000,3000,0,0.10859412049064676,0.2933516579961984,0.2957360918785376,0.29827176510778947,-0.5595141567939318,0.5173333333333333,0.5993949589974363
A,logistic,N4,normalized_sgd,F3,6,3000,0,3000,3000,0,-0.10578686445361897,0.32653198027040903,0.32765643539623535,0.33229464843715845,-0.48924306021741015,0.49333333333333335,0.6397245420012041
A,logistic,N4,normalized_sgd,F3,7,3000,0,3000,3000,0,-0.4697326340709864,0.31411685012344903,0.3293542398154457,0.3523651284806072,-0.4783376439937275,0.5073333333333333,0.5838418329949491
A,logistic,N4,normalized_sgd,F4,0,3000,0,3000,3000,0,-0.08315990797788528,0.2872230778153013,0.2957654635001955,0.30035578421999487,-0.5323341269165962,0.5446666666666666,1.02512983300403
A,logistic,N4,normalized_sgd,F4,1,3000,0,3000,3000,0,0.10164260195284602,0.3555892843261376,0.3582349498911195,0.36182280415011947,-0.5668393994461745,0.4046666666666667,0.9936193750036182
A,logistic,N4,normalized_sgd,F4,2,3000,0,3000,3000,0,-0.28222879222634534,0.32350282714950673,0.3408409916587829,0.3469295597879475,-0.5074382172859792,0.4866666666666667,0.9965315829977044
A,logistic,N4,normalized_sgd,F4,3,3000,0,3000,3000,0,0.46408026207736475,0.37433519011507005,0.3960781156823915,0.4098749793627069,-0.4627054866328758,0.39866666666666667,1.0005384579999372
A,logistic,N4,normalized_sgd,F4,4,3000,0,3000,3000,0,0.03388872129867683,0.15252516326945673,0.15492672420143205,0.15887291831787495,-0.7635154773429657,0.6533333333333333,1.025768125000468
A,logistic,N4,normalized_sgd,F4,5,3000,0,3000,3000,0,0.1139738318197214,0.2915817937470988,0.29412237354432635,0.2965713875647447,-0.5624046527833179,0.52,0.9993493750007474
A,logistic,N4,normalized_sgd,F4,6,3000,0,3000,3000,0,-0.10928058661658108,0.3262285097435126,0.3274078256625898,0.33248576758311343,-0.4895044316881473,0.494,1.0176944159975392
A,logistic,N4,normalized_sgd,F4,7,3000,0,3000,3000,0,-0.4661111657666708,0.31466211695238233,0.32962366439509094,0.3527333575460767,-0.47931723552837774,0.5066666666666667,0.9856150829946273
A,ar,N1,sgd,F0,0,3000,1,69,361,1,1.4704820094793252,0.00030073515712511695,0.0009355753407299368,0.00262061927924942,-2.9418678257679027,0.9459482415032617,0.09540983400074765
A,ar,N1,sgd,F0,1,3000,1,79,332,1,-1.0113808369584274,0.0002987559522570534,0.000783510949788811,0.001734982609386342,-2.9876695823700494,1.0621894235997495,0.09057937499892432
A,ar,N1,sgd,F0,2,3000,1,66,676,1,0.17210130953063302,0.00033769387578587196,0.0011149531340007587,0.002353174314056602,-2.9532301526894393,0.9770596687190868,0.08890766600234201
A,ar,N1,sgd,F0,3,3000,1,74,450,1,-1.0431099221234699,0.00035644307912000863,0.0009235832266782306,0.0023314112902701025,-2.958759633113771,1.0054051146997973,0.09004362500127172
A,ar,N1,sgd,F0,4,3000,1,74,320,1,0.40900756324903004,0.00034141370022605817,0.000995866493556843,0.002374743891991606,-2.9724397089918178,1.0227324544260614,0.09202708300290396
A,ar,N1,sgd,F0,5,3000,1,80,746,1,-0.02623562656838106,0.0002971071341259369,0.000987941670512311,0.0022582610277342595,-2.9853275249441613,0.9874127308954732,0.09094329200161155
A,ar,N1,sgd,F0,6,3000,1,78,427,1,1.9881908933151486,0.00038281088808268105,0.0010928096809345472,0.0025887986657943908,-2.948014359574436,0.99072387120177,0.09069483300118009
A,ar,N1,sgd,F0,7,3000,1,85,363,1,0.5035610244882052,0.000352228555726102,0.0011161080042559157,0.0026978064545959443,-2.9344449357701134,1.0070132316364786,0.09185433400125476
A,ar,N1,sgd,F1,0,3000,1,69,354,1,1.83151917076136,0.0002228354072845829,0.0007050977863870315,0.002028207509465919,-3.066264300777263,0.9458013905589528,0.09188704199914355
A,ar,N1,sgd,F1,1,3000,1,79,912,1,-1.668955574430324,0.00015763797805880413,0.0005219300950575058,0.0011109086567123903,-3.1315457997746163,1.062144035251079,0.09265925000363495
A,ar,N1,sgd,F1,2,3000,1,63,412,1,0.7668096252651495,0.0003046604308300689,0.000829073828549409,0.0015332295593766432,-3.089918181234087,0.9758753919897081,0.09159812500001863
A,ar,N1,sgd,F1,3,3000,1,74,369,1,-1.561678331683553,0.00025628745819214884,0.000705198509343236,0.0015769390599053633,-3.10013204719181,1.0051750301353248,0.09197212499566376
A,ar,N1,sgd,F1,4,3000,1,73,368,1,0.8116580569140193,0.0002975654160627609,0.0008048945504623593,0.0015740394184494127,-3.097785102899487,1.022660044436017,0.09248220900190063
A,ar,N1,sgd,F1,5,3000,1,80,748,1,0.1583607856988599,0.0002337807082053816,0.0007328440266365067,0.0015705369742847494,-3.127932583485892,0.9876407719381973,0.09286324999993667
A,ar,N1,sgd,F1,6,3000,1,79,420,1,2.138768031088708,0.00026640183792975817,0.0008181493573890476,0.001979726845704961,-3.0800704424120933,0.9904404910314959,0.10428341700026067
A,ar,N1,sgd,F1,7,3000,1,85,1460,1,0.6813821193150604,0.0002452291076865362,0.0008274543686861734,0.0017094850385714364,-3.0687245742572826,1.007188719299462,0.10603708300186554
A,ar,N1,sgd,F2,0,3000,1,67,354,1,1.6946337903224717,9.584377837733601e-05,0.0002725143922948732,0.0011115133709562208,-3.379110248882118,0.9456854818650858,0.10970679099409608
A,ar,N1,sgd,F2,1,3000,1,78,912,1,-2.1873885327498765,9.461756614030932e-05,0.00018788071610119342,0.0005321064939823605,-3.4511644707992017,1.061563725653534,0.11960458300018217
A,ar,N1,sgd,F2,2,3000,1,63,415,1,2.971386972920683,0.00017836474443968042,0.00040721415368993825,0.0007179171004728931,-3.386779155488953,0.975962492219339,0.1185181660039234
A,ar,N1,sgd,F2,3,3000,1,71,1056,1,-0.17971023376485767,0.00016380087765104347,0.000364311853380104,0.0006303824719898122,-3.437617235521866,1.0053511779572877,0.11651412500214064
A,ar,N1,sgd,F2,4,3000,1,67,374,1,0.2554617778408327,0.0001382225485307933,0.0003831484548817632,0.0006688785473337944,-3.411754467176473,1.0227442141565222,0.12707016700005624
A,ar,N1,sgd,F2,5,3000,1,78,319,1,0.47151465569105583,0.00010423155110581619,0.00031522243980217426,0.0007320761299584849,-3.4681753068275523,0.9871974496425847,0.14908604200172704
A,ar,N1,sgd,F2,6,3000,1,75,289,1,2.4312619525314627,0.00015045267963193417,0.00044743587278615676,0.0010934581880103862,-3.377716631383434,0.9905983443220543,0.1191867910019937
A,ar,N1,sgd,F2,7,3000,1,85,1073,1,0.3588672203377546,8.696123061416199e-05,0.0003092577400614041,0.0005766898207972556,-3.4061037081104866,1.0068799371215327,0.13406491599744186
A,ar,N1,sgd,F3,0,3000,1,71,397,1,3.7558818303372328,0.00010893065710604834,0.0001524377636260939,0.0007831188532827733,-3.7295102131598203,0.9463680465694367,0.11733462499978486
A,ar,N1,sgd,F3,1,3000,1,77,815,1,2.015380747291788,2.2753582182637298e-05,6.941272581788242e-05,0.00014804906950681166,-3.8104158139863755,1.0596747207296222,0.1307023340050364
A,ar,N1,sgd,F3,2,3000,1,63,186,1,9.495690820900393,5.7313498107420035e-05,0.00028710690138934053,0.0008654834092198918,-3.697773805904657,0.9791973304781604,0.11603604200354312
A,ar,N1,sgd,F3,3,3000,1,73,656,1,1.9731908494284711,2.9494083135733055e-05,0.00012213281447376358,0.0007352563660360586,-3.8317873102496556,1.0058941462005253,0.13288399999873945
A,ar,N1,sgd,F3,4,3000,1,70,279,1,0.8851670307962471,7.853051485929815e-05,0.00013642401377553847,0.00035446225879722117,-3.7019254511450037,1.0230791077325299,0.1120961670021643
A,ar,N1,sgd,F3,5,3000,1,73,452,1,2.2348350529535828,5.303861756926734e-05,8.434513097841089e-05,0.00030565535787720503,-3.790258277938659,0.9870251829417755,0.11722379199636634
A,ar,N1,sgd,F3,6,3000,1,78,231,1,6.432548078860627,0.00010061885028931108,0.00020345761886665734,0.00047281895506956717,-3.7822181154579106,0.9917490422424515,0.12346412500482984
A,ar,N1,sgd,F3,7,3000,1,84,258,1,1.3599979014417987,4.640642401337252e-05,0.00011866424504343606,0.00030714540465705655,-3.7506520159664336,1.0074401352205555,0.13295337500312598
A,ar,N1,sgd,F4,0,3000,1,69,350,1,0.6969594696272853,0.0003359996083327701,0.0010811047065291792,0.002300448435994093,-2.923698529384972,0.9458191393734341,0.2574220829992555
A,ar,N1,sgd,F4,1,3000,1,77,528,1,-0.3335486822302675,0.0003810185433264629,0.000982213772641717,0.0022728068238771298,-2.9518465955030253,1.0612671904909292,0.2413426659986726
A,ar,N1,sgd,F4,2,3000,1,65,697,1,1.406295314073671,0.0004399597324209053,0.0013057193005274166,0.0029961709898332642,-2.920871479940922,0.9744992439129123,0.24848041700170143
A,ar,N1,sgd,F4,3,3000,1,74,375,1,-1.0699756904413358,0.0003342588282617088,0.0010126389817083712,0.0021971599933577352,-2.9243748527515017,1.0059319062653977,0.26613441700465046
A,ar,N1,sgd,F4,4,3000,1,76,683,1,1.443826382125967,0.00046001546458826015,0.00124676051065179,0.0025260487583932145,-2.9572030414427752,1.0227188658409592,0.2501851670022006
A,ar,N1,sgd,F4,5,3000,1,82,190,1,0.6537709553921145,0.00026387593648763945,0.0009582915055237331,0.0022996020989575383,-3.0071678966676183,0.9870544106383029,0.24071954200189793
A,ar,N1,sgd,F4,6,3000,1,80,332,1,1.1239869953415136,0.000343416247741077,0.0009918905937953023,0.0030593790586402932,-2.934859040443937,0.9906232655110642,0.23870954199810512
A,ar,N1,sgd,F4,7,3000,1,85,889,1,0.5068141239581831,0.00038016686808330536,0.0011459689326514602,0.002370992566906189,-2.9048927561418534,1.007401851148993,0.2532157090026885
A,ar,N1,clipped_sgd,F0,0,3000,1,69,361,1,1.4704820094793252,0.00030073515712511695,0.0009355753407299368,0.00262061927924942,-2.941860558728024,0.9459482415032617,0.12058170799718937
A,ar,N1,clipped_sgd,F0,1,3000,1,79,332,1,-1.0113808369584274,0.0002987559522570534,0.000783510949788811,0.001734982609386342,-2.9876695823700494,1.0621894235997495,0.11445137499686098
A,ar,N1,clipped_sgd,F0,2,3000,1,66,676,1,0.17210130953063144,0.00033769387578587196,0.0011149531340007587,0.002353174314056602,-2.953155145985058,0.9770596687190868,0.11472758300078567
A,ar,N1,clipped_sgd,F0,3,3000,1,74,450,1,-1.0431099221234712,0.00035644307912000863,0.0009235832266782306,0.0023314112902701025,-2.958701097645063,1.0054051146997973,0.11492916700080968
A,ar,N1,clipped_sgd,F0,4,3000,1,74,320,1,0.40900756324903004,0.00034141370022605817,0.000995866493556843,0.002374743891991606,-2.9724397089918178,1.0227324544260614,0.12045450000005076
A,ar,N1,clipped_sgd,F0,5,3000,1,80,746,1,-0.02623562656838106,0.0002971071341259369,0.000987941670512311,0.0022582610277342595,-2.9853275249441613,0.9874127308954732,0.12201924999681069
A,ar,N1,clipped_sgd,F0,6,3000,1,78,427,1,1.9881908933151486,0.00038281088808268105,0.0010928096809345472,0.0025887986657943908,-2.948014359574436,0.99072387120177,0.12472308299766155
A,ar,N1,clipped_sgd,F0,7,3000,1,85,363,1,0.5035610244882052,0.000352228555726102,0.0011161080042559157,0.0026978064545959443,-2.9344449357701134,1.0070132316364786,0.11895349999394966
A,ar,N1,clipped_sgd,F1,0,3000,1,69,354,1,1.83151917076136,0.0002228354072845829,0.0007050977863870315,0.002028207509465919,-3.066264300777263,0.9458013905589528,0.11926879200473195
A,ar,N1,clipped_sgd,F1,1,3000,1,79,912,1,-1.668955574430324,0.00015763797805880413,0.0005219300950575058,0.0011109086567123903,-3.1315457997746163,1.062144035251079,0.11414091599726817
A,ar,N1,clipped_sgd,F1,2,3000,1,63,412,1,0.7668096252651495,0.0003046604308300689,0.000829073828549409,0.0015332295593766432,-3.089918181234087,0.9758753919897081,0.11478633400110994
A,ar,N1,clipped_sgd,F1,3,3000,1,74,369,1,-1.561678331683553,0.00025628745819214884,0.000705198509343236,0.0015769390599053633,-3.10013204719181,1.0051750301353248,0.11133629200048745
A,ar,N1,clipped_sgd,F1,4,3000,1,73,368,1,0.8116580569140193,0.0002975654160627609,0.0008048945504623593,0.0015740394184494127,-3.097785102899487,1.022660044436017,0.10486304199730512
A,ar,N1,clipped_sgd,F1,5,3000,1,80,748,1,0.1583607856988599,0.0002337807082053816,0.0007328440266365067,0.0015705369742847494,-3.127932583485892,0.9876407719381973,0.10840883299533743
A,ar,N1,clipped_sgd,F1,6,3000,1,79,420,1,2.138768031088708,0.00026640183792975817,0.0008181493573890476,0.001979726845704961,-3.0800704424120933,0.9904404910314959,0.1127104999977746
A,ar,N1,clipped_sgd,F1,7,3000,1,85,1460,1,0.6813821193150604,0.0002452291076865362,0.0008274543686861734,0.0017094850385714364,-3.0687245742572826,1.007188719299462,0.10471045799931744
A,ar,N1,clipped_sgd,F2,0,3000,1,67,354,1,1.6946337903224722,9.584377837733601e-05,0.0002725143922948732,0.0011115133709562208,-3.379101694462814,0.9456854818650858,0.11723795800207881
A,ar,N1,clipped_sgd,F2,1,3000,1,78,912,1,-2.1873885327498765,9.461756614030932e-05,0.00018788071610119342,0.0005321064939823605,-3.4511644707992017,1.061563725653534,0.1199023750014021
A,ar,N1,clipped_sgd,F2,2,3000,1,63,415,1,2.9713869729206857,0.00017836474443968042,0.00040721415368993825,0.0007179171004728931,-3.38668830825857,0.975962492219339,0.11750558299536351
A,ar,N1,clipped_sgd,F2,3,3000,1,71,1056,1,-0.17971023376485878,0.00016380087765104347,0.000364311853380104,0.0006303824719898122,-3.4375491129668068,1.0053511779572877,0.13987174999783747
A,ar,N1,clipped_sgd,F2,4,3000,1,67,374,1,0.2554617778408327,0.0001382225485307933,0.0003831484548817632,0.0006688785473337944,-3.411754467176473,1.0227442141565222,0.14217725000344217
A,ar,N1,clipped_sgd,F2,5,3000,1,78,319,1,0.47151465569105583,0.00010423155110581619,0.00031522243980217426,0.0007320761299584849,-3.4681753068275523,0.9871974496425847,0.1303364170016721
A,ar,N1,clipped_sgd,F2,6,3000,1,75,289,1,2.4312619525314627,0.00015045267963193417,0.00044743587278615676,0.0010934581880103862,-3.377716631383434,0.9905983443220543,0.12143066599674057
A,ar,N1,clipped_sgd,F2,7,3000,1,85,1073,1,0.3588672203377546,8.696123061416199e-05,0.0003092577400614041,0.0005766898207972556,-3.4061037081104866,1.0068799371215327,0.12998312499985332
A,ar,N1,clipped_sgd,F3,0,3000,1,71,397,1,3.7558818303372328,0.00010893065710604834,0.0001524377636260939,0.0007831188532827733,-3.7295102131598203,0.9463680465694367,0.11682699999801116
A,ar,N1,clipped_sgd,F3,1,3000,1,77,815,1,2.015380747291788,2.2753582182637298e-05,6.941272581788242e-05,0.00014804906950681166,-3.8104158139863755,1.0596747207296222,0.11794962499698158
A,ar,N1,clipped_sgd,F3,2,3000,1,63,186,1,9.495690820900393,5.7313498107420035e-05,0.00028710690138934053,0.0008654834092198918,-3.697773805904657,0.9791973304781604,0.12207641599525232
A,ar,N1,clipped_sgd,F3,3,3000,1,73,656,1,1.9731908494284711,2.9494083135733055e-05,0.00012213281447376358,0.0007352563660360586,-3.8317873102496556,1.0058941462005253,0.116784165998979
A,ar,N1,clipped_sgd,F3,4,3000,1,70,279,1,0.8851670307962471,7.853051485929815e-05,0.00013642401377553847,0.00035446225879722117,-3.7019254511450037,1.0230791077325299,0.12083720800001174
A,ar,N1,clipped_sgd,F3,5,3000,1,73,452,1,2.2348350529535828,5.303861756926734e-05,8.434513097841089e-05,0.00030565535787720503,-3.790258277938659,0.9870251829417755,0.12343362500541843
A,ar,N1,clipped_sgd,F3,6,3000,1,78,231,1,6.432548078860627,0.00010061885028931108,0.00020345761886665734,0.00047281895506956717,-3.7822181154579106,0.9917490422424515,0.11580291699647205
A,ar,N1,clipped_sgd,F3,7,3000,1,84,258,1,1.3599979014417987,4.640642401337252e-05,0.00011866424504343606,0.00030714540465705655,-3.7506520159664336,1.0074401352205555,0.1046665829999256
A,ar,N1,clipped_sgd,F4,0,3000,1,69,350,1,0.6969594696272853,0.0003359996083327701,0.0010811047065291792,0.002300448435994093,-2.9236911910642323,0.9458191393734341,0.24514783299673581
A,ar,N1,clipped_sgd,F4,1,3000,1,77,528,1,-0.3335486822302675,0.0003810185433264629,0.000982213772641717,0.0022728068238771298,-2.9518465955030253,1.0612671904909292,0.2358094169976539
A,ar,N1,clipped_sgd,F4,2,3000,1,64,697,1,1.4062953140736694,0.0004399597324209053,0.0013057193005274166,0.002996170989833264,-2.920796577095024,0.9744992439129123,0.23832470799970906
A,ar,N1,clipped_sgd,F4,3,3000,1,74,375,1,-1.0699756904413376,0.0003342588282617088,0.0010126389817083712,0.0021971599933577352,-2.924317881692463,1.0059319062653977,0.23876654200284975
A,ar,N1,clipped_sgd,F4,4,3000,1,76,683,1,1.443826382125967,0.00046001546458826015,0.00124676051065179,0.0025260487583932145,-2.9572030414427752,1.0227188658409592,0.24277512499975273
A,ar,N1,clipped_sgd,F4,5,3000,1,82,190,1,0.6537709553921145,0.00026387593648763945,0.0009582915055237331,0.0022996020989575383,-3.0071678966676183,0.9870544106383029,0.24428787499346072
A,ar,N1,clipped_sgd,F4,6,3000,1,80,332,1,1.1239869953415136,0.000343416247741077,0.0009918905937953023,0.0030593790586402932,-2.934859040443937,0.9906232655110642,0.24243416600074852
A,ar,N1,clipped_sgd,F4,7,3000,1,85,889,1,0.5068141239581831,0.00038016686808330536,0.0011459689326514602,0.002370992566906189,-2.9048927561418534,1.007401851148993,0.24241791600070428
A,ar,N1,normalized_sgd,F0,0,3000,1,34,3000,0,-0.03435421251296302,0.001661606298864277,0.005561702139433182,0.012661713986476463,-2.2764681105375786,0.9463966123361702,0.118040542001836
A,ar,N1,normalized_sgd,F0,1,3000,1,37,1337,1,0.14875466959137026,0.0018234532832514378,0.005089050731041466,0.012695785997696583,-2.2798663804629027,1.0630716884644043,0.11944866699923296
A,ar,N1,normalized_sgd,F0,2,3000,1,36,3000,0,-0.29496240268023455,0.001730885653415468,0.005560720415499074,0.013062438328474887,-2.252351402965084,0.9795375682248909,0.12061674999858951
A,ar,N1,normalized_sgd,F0,3,3000,1,37,386,1,-0.2505862569220119,0.0017351204102821,0.005900056970719247,0.013873430681050142,-2.2450778118727417,1.0060394506004358,0.11680487500416348
A,ar,N1,normalized_sgd,F0,4,3000,1,34,1590,1,-0.15982751829235206,0.0017235714517132488,0.00516716004896378,0.014096429463635787,-2.281103481173419,1.0231971872502437,0.13714345899643376
A,ar,N1,normalized_sgd,F0,5,3000,1,38,3000,0,-0.39785657732135626,0.001815023054643206,0.0054502182535771425,0.013232495144910154,-2.2699389559112277,0.9876801220312756,0.1295664580029552
A,ar,N1,normalized_sgd,F0,6,3000,1,37,252,1,0.49746725661157376,0.0018442426532429496,0.005709058546855683,0.012959958905510388,-2.2700510675682786,0.993383350396652,0.1250913329931791
A,ar,N1,normalized_sgd,F0,7,3000,1,40,1168,1,-0.006624854937485997,0.0019361353413102945,0.006277873106490641,0.014834899455583438,-2.2490687303010377,1.0063469123358832,0.13674429099773988
A,ar,N1,normalized_sgd,F1,0,3000,1,30,1848,1,0.25146100903874163,0.0017177133886775743,0.0038301543537246456,0.007796142462309097,-2.4053346587003284,0.9464179002465157,0.1197541670044302
A,ar,N1,normalized_sgd,F1,1,3000,1,31,3000,0,-0.33857142027724024,0.0014516612588319484,0.003548660065829187,0.00714531707786505,-2.4303283908174143,1.0664822855453797,0.11759720800182549
A,ar,N1,normalized_sgd,F1,2,3000,1,30,3000,0,-0.15158948057111243,0.0019545470317219498,0.004536900820219448,0.008717351133432194,-2.3671842056179107,0.97914988706546,0.1368219170035445
A,ar,N1,normalized_sgd,F1,3,3000,1,32,3000,0,-0.3837281081558289,0.001891841768311574,0.0042831859076315005,0.007363108959060405,-2.3798940465270175,1.0047133133306054,0.13228370799333788
A,ar,N1,normalized_sgd,F1,4,3000,1,30,2524,1,-0.04525706530716349,0.0013895011994375834,0.003495234243144386,0.007514016678867574,-2.4308001530826284,1.0237092454536005,0.1116431249974994
A,ar,N1,normalized_sgd,F1,5,3000,1,31,3000,0,0.00355382148056776,0.0019248854073774747,0.004406728426227012,0.007856358872765236,-2.3924319593331185,0.987088099695225,0.10259904100530548
A,ar,N1,normalized_sgd,F1,6,3000,1,30,3000,0,1.2575216839202268,0.0017348306341882745,0.0044117909946422935,0.008454822392775433,-2.3956374679531844,0.9901666449932258,0.1036970420027501
A,ar,N1,normalized_sgd,F1,7,3000,1,33,996,1,-0.14810295432457457,0.0016509823054378049,0.004134597723720098,0.008862347545840754,-2.39616448537318,1.0079280671193738,0.11336754199874122
A,ar,N1,normalized_sgd,F2,0,3000,1,29,3000,0,0.4029786802583685,0.0018299169855829798,0.0026651617375291034,0.003773854004130208,-2.5563671138012674,0.9460244462446948,0.11765050000394695
A,ar,N1,normalized_sgd,F2,1,3000,1,31,3000,0,-0.3198516317646546,0.0017637134050257047,0.002547559578174072,0.0035034875359783346,-2.570504827187079,1.063662745063844,0.11881575000006706
A,ar,N1,normalized_sgd,F2,2,3000,1,29,3000,0,-0.11110853977817818,0.0018781759970094123,0.0031817106154419356,0.005068425707911057,-2.484684892645081,0.9782237719488174,0.1255555829993682
A,ar,N1,normalized_sgd,F2,3,3000,1,31,3000,0,0.0634345344794734,0.0021415543006882516,0.003048685929572371,0.0042463879748268745,-2.5105086690829834,1.004708778222172,0.12607508300425252
A,ar,N1,normalized_sgd,F2,4,3000,1,30,3000,0,0.25518302558980105,0.0016024192285666952,0.0024951044215210045,0.0037151648807380905,-2.5870865539520493,1.022979687034632,0.13227766699856147
A,ar,N1,normalized_sgd,F2,5,3000,1,31,3000,0,0.1995244136616131,0.0020075726770624343,0.003015964157267078,0.0042282529973708665,-2.5268931056837993,0.9861048902360733,0.12435104200267233
A,ar,N1,normalized_sgd,F2,6,3000,1,30,3000,0,0.8001925804171897,0.001579278455645273,0.002986138117150663,0.004769307154230355,-2.5451300268127666,0.9913178554905816,0.12347341600252548
A,ar,N1,normalized_sgd,F2,7,3000,1,32,3000,0,-0.21027646884847284,0.0015312438797773183,0.0028529042255032713,0.0040385357631313665,-2.5405444011782183,1.008173934229413,0.1365828749985667
A,ar,N1,normalized_sgd,F3,0,3000,1,29,3000,0,0.8152183382984965,0.001568341290813049,0.002943517682433619,0.0034893701830113594,-2.6220908922419,0.9469528201885037,0.11774499999592081
A,ar,N1,normalized_sgd,F3,1,3000,1,31,3000,0,0.10921259942352773,0.0015829997875819416,0.002961646160592382,0.003008671348728007,-2.6253728904485154,1.0583548555302735,0.11839687499741558
A,ar,N1,normalized_sgd,F3,2,3000,1,29,3000,0,0.9201743377691395,0.002368428382725079,0.0033033537302370845,0.003939467232866591,-2.5174492048631527,0.9834928355476923,0.12576891700155102
A,ar,N1,normalized_sgd,F3,3,3000,1,31,3000,0,0.4423478128554522,0.001947084419489891,0.0032156574185924977,0.003778753983166946,-2.5594025996261185,1.0052620032666768,0.12373162500443868
A,ar,N1,normalized_sgd,F3,4,3000,1,30,3000,0,0.1693806542055001,0.0015201011861652148,0.002424730398553659,0.003201609799239291,-2.6475833032454203,1.0237101647330338,0.1229982500008191
A,ar,N1,normalized_sgd,F3,5,3000,1,30,3000,0,0.36051123517259975,0.002234381913612585,0.0028169822656756317,0.0030019595541649307,-2.5693178209240264,0.985938304957985,0.12256162500125356
A,ar,N1,normalized_sgd,F3,6,3000,1,30,3000,0,0.9830495436129341,0.000691764227783237,0.003756552772112626,0.005699596144190123,-2.705938705092796,0.9921316767018894,0.11985737500071991
A,ar,N1,normalized_sgd,F3,7,3000,1,32,3000,0,0.27085524039025716,0.0020793324403960774,0.002670233395671534,0.0028266978462755557,-2.582278481720278,1.011530842970961,0.11495062499307096
A,ar,N1,normalized_sgd,F4,0,3000,1,29,3000,0,0.1649445524703551,0.002330147789122052,0.006139181956476329,0.012299266807236305,-2.233972671321296,0.9455947372979493,0.2373147499965853
A,ar,N1,normalized_sgd,F4,1,3000,1,32,3000,0,0.25016252049037685,0.0022325079869072676,0.005289025709062921,0.01123806662510349,-2.2601964006548703,1.0681927931678954,0.2387800829965272
A,ar,N1,normalized_sgd,F4,2,3000,1,30,3000,0,0.07928419070918565,0.0024587851646821865,0.006032494757256976,0.013664917648431427,-2.2386951713071674,0.977801024412396,0.22390254099445883
A,ar,N1,normalized_sgd,F4,3,3000,1,32,1052,1,-0.40236672292153963,0.002087702550072705,0.005826133287213031,0.01316312111827843,-2.216952518726208,1.0100726902844552,0.22914845799823524
A,ar,N1,normalized_sgd,F4,4,3000,1,31,3000,0,0.3880442996511956,0.002302741085669998,0.006045451497030286,0.012670251537219472,-2.2565093280892796,1.0247935068871852,0.24311004199989839
A,ar,N1,normalized_sgd,F4,5,3000,1,36,237,1,-0.02825721651067289,0.0021141392439520887,0.00629319954212997,0.013340503996089721,-2.2516443522012164,0.984794662423317,0.22648924999521114
A,ar,N1,normalized_sgd,F4,6,3000,1,31,3000,0,0.9118822950711201,0.0021762419180988823,0.006061703392434593,0.013408595336807577,-2.254903223389331,0.9917747688964142,0.23123499999928754
A,ar,N1,normalized_sgd,F4,7,3000,1,33,3000,0,-0.03827940984743553,0.0019605930048426333,0.006099259633026341,0.013851560675307087,-2.250911435677255,1.00600389026879,0.2502590840012999
A,ar,N2,sgd,F0,0,3000,1,56,3000,0,1.8876136472641825,0.008196872600415506,0.03125387694183144,0.07786701501407726,-1.6162028135398725,0.9590828878592678,0.12955420899379533
A,ar,N2,sgd,F0,1,3000,1,65,3000,0,0.22472322266030115,0.011785378615076548,0.02297005363792068,0.044119565629092056,-1.7383275485273764,1.0701158949636602,0.1245920000001206
A,ar,N2,sgd,F0,2,3000,1,82,3000,0,3.4141846661075457,0.007782117787700939,0.03541094134273719,0.07643777299347908,-1.5854172606603127,0.9965359827975806,0.13389829199877568
A,ar,N2,sgd,F0,3,3000,1,95,3000,0,0.35185194336303754,0.006325241054114109,0.018997046507283784,0.04589462611246346,-1.6312769231451165,1.0061953411879325,0.12207266699988395
A,ar,N2,sgd,F0,4,3000,1,194,3000,0,-0.6180692867209244,0.006096511038075763,0.01747372314801352,0.03522483538032077,-1.6298481272337637,1.0249897921708095,0.12242924999736715
A,ar,N2,sgd,F0,5,3000,1,89,3000,0,0.04877473458946722,0.013284795449633334,0.02703688863959552,0.04886498771516473,-1.562118528123098,1.0040231929284682,0.12293754200072726
A,ar,N2,sgd,F0,6,3000,1,175,3000,0,1.2995434741886194,0.007649167183423909,0.021442482856802017,0.03703727056462438,-1.653804879905061,0.9999713437997977,0.13662075000320328
A,ar,N2,sgd,F0,7,3000,1,86,3000,0,0.4145420348658761,0.010310080165844025,0.023109580872703588,0.04124908144178872,-1.6817679504906324,1.0074841027098096,0.11985791700135451
A,ar,N2,sgd,F1,0,3000,1,60,3000,0,1.7837446153739696,0.007509882022995084,0.0313744176156805,0.07627089205684709,-1.6299664160967025,0.9609149273146512,0.11429279200092424
A,ar,N2,sgd,F1,1,3000,1,69,3000,0,0.11469633489682249,0.011313159292115516,0.02297637121367234,0.04131398131304907,-1.7584048222148494,1.0682324784880382,0.11472691599919926
A,ar,N2,sgd,F1,2,3000,1,86,3000,0,3.386575830760526,0.008711052502826019,0.034601933899139625,0.07430091574077105,-1.6009809883302315,0.9956557180747185,0.11187783400237095
A,ar,N2,sgd,F1,3,3000,1,102,3000,0,0.3365907787860625,0.0057699296813871915,0.017760640133689914,0.042628616729672636,-1.6486302106910495,1.0073927472617572,0.11067362500034506
A,ar,N2,sgd,F1,4,3000,1,200,3000,0,-0.6590178827469728,0.006021634524042178,0.016688790134063512,0.03406671095597381,-1.641824695644781,1.0253751588916282,0.11449800000264077
A,ar,N2,sgd,F1,5,3000,1,94,3000,0,0.11385067594199975,0.012835191253556547,0.02622061067131594,0.045053033548573235,-1.5748547813970524,1.0068004923340912,0.1136032909998903
A,ar,N2,sgd,F1,6,3000,1,334,3000,0,1.4011082252087355,0.00737497028026882,0.01907486889327203,0.03420548299727533,-1.6713889320037851,1.0002146036381874,0.11458837499958463
A,ar,N2,sgd,F1,7,3000,1,64,3000,0,0.5490792986469926,0.01068116672765761,0.022233843092040087,0.040723109739341894,-1.6991025053726423,1.0087193389511115,0.13157683300232748
A,ar,N2,sgd,F2,0,3000,1,76,3000,0,1.3246140962724375,0.005794138932444595,0.026256430386660146,0.06156493965783444,-1.6957118023754036,0.9608583116354584,0.12532170800113818
A,ar,N2,sgd,F2,1,3000,1,75,3000,0,0.2547169026779783,0.01345123906242099,0.022172257872789765,0.030644884737373757,-1.8410302043642517,1.0651689105037807,0.1346374589993502
A,ar,N2,sgd,F2,2,3000,1,82,3000,0,3.168268171402956,0.00493865710705171,0.029299042675462267,0.05751523851359346,-1.6631421767812304,0.9918967005504544,0.12933695800165879
A,ar,N2,sgd,F2,3,3000,1,102,3000,0,-0.06936822206335982,0.004277457542147144,0.012482855646193145,0.035702283814349096,-1.7424650534833797,1.0065775953070302,0.12876787500135833
A,ar,N2,sgd,F2,4,3000,1,314,3000,0,-0.9324333902525239,0.006636913385247673,0.015423074695231924,0.028111822166803087,-1.6975964424981136,1.0252050522445941,0.1371021250015474
A,ar,N2,sgd,F2,5,3000,1,97,3000,0,-0.025155422025162737,0.00915159725511973,0.022068346851888708,0.03158217846743099,-1.6362595494891756,1.008636413200013,0.13202066699886927
A,ar,N2,sgd,F2,6,3000,1,333,3000,0,1.4200051432001894,0.005427353522331577,0.014097111671608504,0.025115224836717392,-1.7518444490872398,0.9963993717210944,0.12783054099418223
A,ar,N2,sgd,F2,7,3000,1,86,3000,0,1.0708796261408235,0.00533436029541354,0.018588361632484424,0.03244687837840677,-1.800326942461412,1.0074220400079414,0.1299764579962357
A,ar,N2,sgd,F3,0,3000,1,88,3000,0,1.688113809673026,0.01123072907765048,0.024239478902682014,0.04221196284672931,-1.7249095755101158,0.9598438952179107,0.1238565829989966
A,ar,N2,sgd,F3,1,3000,1,67,3000,0,0.6470685535855906,0.01682946791045106,0.02125472178881428,0.025221976859887797,-1.8772980861433743,1.0659751724713233,0.12951874999998836
A,ar,N2,sgd,F3,2,3000,1,482,3000,0,3.925468399920501,0.006988376458451456,0.030774020368303498,0.048815457540622324,-1.6737813833791464,0.9923785444050875,0.1296772499990766
A,ar,N2,sgd,F3,3,3000,1,100,3000,0,-0.8684670755615486,0.0026014502304145537,0.008962308631278433,0.034072751007327394,-1.8079154198144036,1.005288232103767,0.1237922090003849
A,ar,N2,sgd,F3,4,3000,1,291,3000,0,-1.8950238840930047,0.006105297158458847,0.014117305640840386,0.02361465361009381,-1.7396986841679984,1.0245183775335156,0.12826966699503828
A,ar,N2,sgd,F3,5,3000,1,84,3000,0,-0.0013643258027951066,0.007478580638070653,0.021670935068309853,0.028125851883825614,-1.6623474669074825,1.005872773917122,0.12299345799692674
A,ar,N2,sgd,F3,6,3000,1,223,3000,0,2.599946278578707,0.005380370577351379,0.012551454865789355,0.016687752049218546,-1.808319189216209,0.9953716433294042,0.12284233300306369
A,ar,N2,sgd,F3,7,3000,1,103,3000,0,1.4021095028803214,0.006134125182331754,0.017156976197088607,0.02859656915936139,-1.844676342096207,1.0072692286958103,0.11696483300329419
A,ar,N2,sgd,F4,0,3000,1,60,3000,0,2.202571171688448,0.008884886574550865,0.03183894606208214,0.08130601210999971,-1.6224894683638442,0.9612066971459522,0.2530072909939918
A,ar,N2,sgd,F4,1,3000,1,68,3000,0,-0.04977148534366673,0.010122648311547302,0.022189253050091798,0.04149300130992771,-1.745940438165721,1.0688365943828446,0.2446095410050475
A,ar,N2,sgd,F4,2,3000,1,83,3000,0,3.3284871620738605,0.008653354528344091,0.035528948694626465,0.07263455190721323,-1.5878107085034783,0.996639320158429,0.24322054199728882
A,ar,N2,sgd,F4,3,3000,1,98,3000,0,0.5060859256162452,0.007552486763930382,0.019063767875495456,0.04541247568227156,-1.6301656557561783,1.0071808633399837,0.2503939580055885
A,ar,N2,sgd,F4,4,3000,1,196,3000,0,-0.8557898977545458,0.006382796514327555,0.016614302759574477,0.03409865322697075,-1.6352261764909162,1.0259867777635268,0.2423361660039518
A,ar,N2,sgd,F4,5,3000,1,92,3000,0,-0.10642525273083067,0.012482911592579849,0.02679009205013425,0.046036152038894,-1.5618237438486609,1.0064200437560693,0.2522214169948711
A,ar,N2,sgd,F4,6,3000,1,332,3000,0,1.2425115928675525,0.007252007714407167,0.020826336994351387,0.037255772752039215,-1.662065540724016,1.0003702715423768,0.2616881249996368
A,ar,N2,sgd,F4,7,3000,1,113,3000,0,0.5717915998637078,0.010791991799365179,0.02194048162803583,0.03904024770203311,-1.6934528382076115,1.0076843659099328,0.27718695899966406
A,ar,N2,clipped_sgd,F0,0,3000,1,56,3000,0,1.8876136472641825,0.008196872600415506,0.03125387694183144,0.07786701501407726,-1.6162028135398725,0.9590828878592678,0.13791554199997336
A,ar,N2,clipped_sgd,F0,1,3000,1,65,3000,0,0.22472322266030115,0.011785378615076548,0.02297005363792068,0.044119565629092056,-1.7383275485273764,1.0701158949636602,0.126750000003085
A,ar,N2,clipped_sgd,F0,2,3000,1,82,3000,0,3.4141846661075457,0.007782117787700939,0.03541094134273719,0.07643777299347908,-1.5854172606603127,0.9965359827975806,0.12784554200334242
A,ar,N2,clipped_sgd,F0,3,3000,1,95,3000,0,0.35185194336303754,0.006325241054114109,0.018997046507283784,0.04589462611246346,-1.6312769231451165,1.0061953411879325,0.1310602910016314
A,ar,N2,clipped_sgd,F0,4,3000,1,194,3000,0,-0.6180692867209231,0.006096511038075763,0.01747372314801352,0.03522483538032077,-1.6298248412690222,1.0249897921708095,0.14299183299590368
A,ar,N2,clipped_sgd,F0,5,3000,1,89,3000,0,0.04877473458946722,0.013284795449633334,0.02703688863959552,0.04886498771516473,-1.562118528123098,1.0040231929284682,0.13080295899999328
A,ar,N2,clipped_sgd,F0,6,3000,1,175,3000,0,1.2995434741886194,0.007649167183423909,0.021442482856802017,0.03703727056462438,-1.653804879905061,0.9999713437997977,0.12486224999884143
A,ar,N2,clipped_sgd,F0,7,3000,1,86,3000,0,0.4145420348658761,0.010310080165844025,0.023109580872703588,0.04124908144178872,-1.6817679504906324,1.0074841027098096,0.11130920900177443
A,ar,N2,clipped_sgd,F1,0,3000,1,60,3000,0,1.7837446153739696,0.007509882022995084,0.0313744176156805,0.07627089205684709,-1.6299664160967025,0.9609149273146512,0.11187866600084817
A,ar,N2,clipped_sgd,F1,1,3000,1,69,3000,0,0.11469633489682249,0.011313159292115516,0.02297637121367234,0.04131398131304907,-1.7584048222148494,1.0682324784880382,0.11614108299545478
A,ar,N2,clipped_sgd,F1,2,3000,1,86,3000,0,3.386575830760526,0.008711052502826019,0.034601933899139625,0.07430091574077105,-1.6009809883302315,0.9956557180747185,0.10949762500240467
A,ar,N2,clipped_sgd,F1,3,3000,1,102,3000,0,0.3365907787860625,0.0057699296813871915,0.017760640133689914,0.042628616729672636,-1.6486302106910495,1.0073927472617572,0.11272966699470999
A,ar,N2,clipped_sgd,F1,4,3000,1,200,3000,0,-0.6590178827469728,0.006021634524042178,0.016688790134063512,0.03406671095597381,-1.641824695644781,1.0253751588916282,0.10344212500058347
A,ar,N2,clipped_sgd,F1,5,3000,1,94,3000,0,0.11385067594199975,0.012835191253556547,0.02622061067131594,0.045053033548573235,-1.5748547813970524,1.0068004923340912,0.10582191700086696
A,ar,N2,clipped_sgd,F1,6,3000,1,334,3000,0,1.4011082252087355,0.00737497028026882,0.01907486889327203,0.03420548299727533,-1.6713889320037851,1.0002146036381874,0.10651320799661335
A,ar,N2,clipped_sgd,F1,7,3000,1,64,3000,0,0.5490792986469926,0.01068116672765761,0.022233843092040087,0.040723109739341894,-1.6991025053726423,1.0087193389511115,0.10343470799853094
A,ar,N2,clipped_sgd,F2,0,3000,1,76,3000,0,1.3246140962724375,0.005794138932444595,0.026256430386660146,0.06156493965783444,-1.6957118023754036,0.9608583116354584,0.11180970800342038
A,ar,N2,clipped_sgd,F2,1,3000,1,75,3000,0,0.2547169026779783,0.01345123906242099,0.022172257872789765,0.030644884737373757,-1.8410302043642517,1.0651689105037807,0.1214923750012531
A,ar,N2,clipped_sgd,F2,2,3000,1,82,3000,0,3.168268171402956,0.00493865710705171,0.029299042675462267,0.05751523851359346,-1.6631421767812304,0.9918967005504544,0.12250983299600193
A,ar,N2,clipped_sgd,F2,3,3000,1,102,3000,0,-0.06936822206335982,0.004277457542147144,0.012482855646193145,0.035702283814349096,-1.7424650534833797,1.0065775953070302,0.1280882919963915
A,ar,N2,clipped_sgd,F2,4,3000,1,314,3000,0,-0.9324333902525245,0.006636913385247673,0.015423074695231924,0.028111822166803087,-1.6975729116005522,1.0252050522445941,0.12126304200501181
A,ar,N2,clipped_sgd,F2,5,3000,1,97,3000,0,-0.025155422025162737,0.00915159725511973,0.022068346851888708,0.03158217846743099,-1.6362595494891756,1.008636413200013,0.1298846659992705
A,ar,N2,clipped_sgd,F2,6,3000,1,333,3000,0,1.4200051432001894,0.005427353522331577,0.014097111671608504,0.025115224836717392,-1.7518444490872398,0.9963993717210944,0.13047458300570725
A,ar,N2,clipped_sgd,F2,7,3000,1,86,3000,0,1.0708796261408235,0.00533436029541354,0.018588361632484424,0.03244687837840677,-1.800326942461412,1.0074220400079414,0.1336114580044523
A,ar,N2,clipped_sgd,F3,0,3000,1,88,3000,0,1.688113809673026,0.01123072907765048,0.024239478902682014,0.04221196284672931,-1.7249095755101158,0.9598438952179107,0.15152654200210236
A,ar,N2,clipped_sgd,F3,1,3000,1,67,3000,0,0.6470685535855906,0.01682946791045106,0.02125472178881428,0.025221976859887797,-1.8772980861433743,1.0659751724713233,0.14146783299656818
A,ar,N2,clipped_sgd,F3,2,3000,1,482,3000,0,3.925468399920501,0.006988376458451456,0.030774020368303498,0.048815457540622324,-1.6737813833791464,0.9923785444050875,0.14969241699873237
A,ar,N2,clipped_sgd,F3,3,3000,1,100,3000,0,-0.8684670755615486,0.0026014502304145537,0.008962308631278433,0.034072751007327394,-1.8079154198144036,1.005288232103767,0.12983145900216186
A,ar,N2,clipped_sgd,F3,4,3000,1,291,3000,0,-1.8950238840930047,0.006105297158458847,0.014117305640840386,0.02361465361009381,-1.7396986841679984,1.0245183775335156,0.12997116599581204
A,ar,N2,clipped_sgd,F3,5,3000,1,84,3000,0,-0.0013643258027951066,0.007478580638070653,0.021670935068309853,0.028125851883825614,-1.6623474669074825,1.005872773917122,0.13578420799603919
A,ar,N2,clipped_sgd,F3,6,3000,1,223,3000,0,2.599946278578707,0.005380370577351379,0.012551454865789355,0.016687752049218546,-1.808319189216209,0.9953716433294042,0.12932399999408517
A,ar,N2,clipped_sgd,F3,7,3000,1,103,3000,0,1.4021095028803214,0.006134125182331754,0.017156976197088607,0.02859656915936139,-1.844676342096207,1.0072692286958103,0.12466329200105974
A,ar,N2,clipped_sgd,F4,0,3000,1,60,3000,0,2.202571171688448,0.008884886574550865,0.03183894606208214,0.08130601210999971,-1.6224894683638442,0.9612066971459522,0.24308479100000113
A,ar,N2,clipped_sgd,F4,1,3000,1,68,3000,0,-0.04977148534366673,0.010122648311547302,0.022189253050091798,0.04149300130992771,-1.745940438165721,1.0688365943828446,0.2600021670004935
A,ar,N2,clipped_sgd,F4,2,3000,1,83,3000,0,3.3284871620738605,0.008653354528344091,0.035528948694626465,0.07263455190721323,-1.5878107085034783,0.996639320158429,0.253059624999878
A,ar,N2,clipped_sgd,F4,3,3000,1,98,3000,0,0.5060859256162452,0.007552486763930382,0.019063767875495456,0.04541247568227156,-1.6301656557561783,1.0071808633399837,0.2531024999989313
A,ar,N2,clipped_sgd,F4,4,3000,1,196,3000,0,-0.8557898977545462,0.006382796514327555,0.016614302759574477,0.03409865322697075,-1.6352027111896084,1.0259867777635268,0.2562115420005284
A,ar,N2,clipped_sgd,F4,5,3000,1,92,3000,0,-0.10642525273083067,0.012482911592579849,0.02679009205013425,0.046036152038894,-1.5618237438486609,1.0064200437560693,0.24485312499746215
A,ar,N2,clipped_sgd,F4,6,3000,1,332,3000,0,1.2425115928675525,0.007252007714407167,0.020826336994351387,0.037255772752039215,-1.662065540724016,1.0003702715423768,0.24509737500193296
A,ar,N2,clipped_sgd,F4,7,3000,1,113,3000,0,0.5717915998637078,0.010791991799365179,0.02194048162803583,0.03904024770203311,-1.6934528382076115,1.0076843659099328,0.2489079170045443
A,ar,N2,normalized_sgd,F0,0,3000,1,40,3000,0,1.6008195087055392,0.015942952043764533,0.03976099868688018,0.10194637331909602,-1.4510430468482534,0.9546151488149668,0.12799687499500578
A,ar,N2,normalized_sgd,F0,1,3000,1,36,3000,0,-0.12317512483771392,0.013499059864368642,0.03409815510608322,0.06799956734335687,-1.5257343992467463,1.0822812960589048,0.12928616600402165
A,ar,N2,normalized_sgd,F0,2,3000,1,39,3000,0,2.838388072809002,0.016899438201230372,0.0532221510539158,0.10367035514859518,-1.4206564612903156,1.0065111321963174,0.1303013330034446
A,ar,N2,normalized_sgd,F0,3,3000,1,80,3000,0,0.46478936418225286,0.010473630328563042,0.03332196093698642,0.07513099961857667,-1.4589126023081946,1.0099045455560969,0.12834195800678572
A,ar,N2,normalized_sgd,F0,4,3000,1,137,3000,0,-0.5526738639965298,0.0102658560878675,0.027993941897749605,0.05761428903381557,-1.4710713951259557,1.0250979201063934,0.12849941700551426
A,ar,N2,normalized_sgd,F0,5,3000,1,31,3000,0,0.18285663524222298,0.016180749375116973,0.04020075687328448,0.08383007472331537,-1.4100382876596345,0.9998728643749982,0.1296035830018809
A,ar,N2,normalized_sgd,F0,6,3000,1,143,3000,0,0.8119878039791428,0.012467339491527936,0.038349566648493795,0.06947335253496491,-1.4577153436545234,1.0040673811353462,0.1272058750037104
A,ar,N2,normalized_sgd,F0,7,3000,1,47,3000,0,0.10371637228978148,0.015352799538495207,0.035713838498878915,0.06716331330099494,-1.4920142701792056,1.0083675713830214,0.12254466599551961
A,ar,N2,normalized_sgd,F1,0,3000,1,36,3000,0,1.601149507804988,0.015581770950766512,0.03829062315941205,0.09776555872559926,-1.4870168626484828,0.9566056811082941,0.11673308299941709
A,ar,N2,normalized_sgd,F1,1,3000,1,38,3000,0,-0.1467532413039539,0.01223616298238295,0.03377722012336974,0.06223804959950942,-1.5624128271395263,1.0935360067340882,0.11688479100121185
A,ar,N2,normalized_sgd,F1,2,3000,1,32,3000,0,2.925674099927667,0.012068949673675684,0.048784016965181254,0.09972864199140877,-1.4538210716096986,1.0140043610580765,0.11544537499867147
A,ar,N2,normalized_sgd,F1,3,3000,1,32,3000,0,0.6180174485672738,0.010655995381688068,0.03085175003875039,0.06588920501193507,-1.4949019380797077,1.0111378837903477,0.11263391600368777
A,ar,N2,normalized_sgd,F1,4,3000,1,41,3000,0,-0.9157855165618715,0.008190761043420767,0.0265173895822492,0.05526661161197828,-1.5084543623568067,1.028212799229782,0.11014879199501593
A,ar,N2,normalized_sgd,F1,5,3000,1,33,3000,0,-0.03655277665697973,0.015197712913267932,0.0384856462788519,0.0742808799593501,-1.435297222719368,1.0051316506775665,0.10763179200148443
A,ar,N2,normalized_sgd,F1,6,3000,1,295,3000,0,0.8604618393919772,0.010848197089063259,0.032491678072708044,0.06285488151171628,-1.500424088391355,1.0098291764358673,0.10621262500353623
A,ar,N2,normalized_sgd,F1,7,3000,1,35,3000,0,0.20906784547608875,0.015525816582368275,0.0328784433382798,0.05831412808585916,-1.5346717523935938,1.006481528884364,0.10641345800104318
A,ar,N2,normalized_sgd,F2,0,3000,1,73,3000,0,1.298306750484279,0.013375837537897393,0.030123369130998414,0.07381892533879257,-1.6184062589900434,0.9586364960861453,0.11106412500521401
A,ar,N2,normalized_sgd,F2,1,3000,1,37,3000,0,0.29532922068612666,0.009752641018984168,0.02487637206345273,0.04557421077675781,-1.755332760444507,1.0767171218037046,0.11082083400106058
A,ar,N2,normalized_sgd,F2,2,3000,1,32,3000,0,3.465350804077643,0.008494077890959571,0.03727055313741911,0.07081745010063932,-1.5984196600312592,0.9982857813019923,0.12279291699815076
A,ar,N2,normalized_sgd,F2,3,3000,1,32,3000,0,0.5994344016962132,0.0057324192763865914,0.018192970888413575,0.04266431912417546,-1.6640249195549035,1.0070073591441362,0.11580975000106264
A,ar,N2,normalized_sgd,F2,4,3000,1,117,3000,0,-0.8448556313387128,0.008399931824290276,0.017645674830112874,0.03559821842399665,-1.6480146413784693,1.025016461265668,0.1124329590020352
A,ar,N2,normalized_sgd,F2,5,3000,1,91,3000,0,0.3621996585514746,0.013838562010998149,0.02916638676129983,0.042082797737780474,-1.5604282373603113,1.0063872356880892,0.12282562500331551
A,ar,N2,normalized_sgd,F2,6,3000,1,299,3000,0,1.1270366148212119,0.008752590816781541,0.01925973575418924,0.038429274998338,-1.6545815280873355,1.001024485651097,0.11381695800082525
A,ar,N2,normalized_sgd,F2,7,3000,1,35,3000,0,0.6172910722778555,0.010461711265409467,0.02309987370063865,0.0377440479422223,-1.7119021534136967,1.005242070772268,0.11364041599881602
A,ar,N2,normalized_sgd,F3,0,3000,1,34,3000,0,1.3415078642736775,0.015328196681494018,0.027069327195888178,0.04982715471819072,-1.6629520022489397,0.9556084567383749,0.11074641600134782
A,ar,N2,normalized_sgd,F3,1,3000,1,31,3000,0,1.1367389135472143,0.010195412052656005,0.024773476586876432,0.03905088973891289,-1.8044893325073807,1.0734846859372993,0.11531979099527234
A,ar,N2,normalized_sgd,F3,2,3000,1,31,3000,0,4.251931260668409,0.010463206862000076,0.037089006609878086,0.06460562244863165,-1.6252967369657236,0.9889694442221728,0.12326100000063889
A,ar,N2,normalized_sgd,F3,3,3000,1,33,3000,0,0.15730142934549307,0.003999584564465191,0.01241425389501987,0.03951684085120149,-1.724361826125832,1.0078994527322032,0.11203445799765177
A,ar,N2,normalized_sgd,F3,4,3000,1,95,3000,0,-1.8430734278558685,0.005918176285761557,0.015848194716358087,0.02917858767437982,-1.703124996716048,1.0243178106801156,0.11245604199939407
A,ar,N2,normalized_sgd,F3,5,3000,1,31,3000,0,0.725923195141154,0.01555305094202885,0.026900235569034783,0.035781476114556225,-1.5991895180988238,1.000132567990671,0.1080020000008517
A,ar,N2,normalized_sgd,F3,6,3000,1,133,3000,0,2.509049765025589,0.007958225262442465,0.01733302863624461,0.027657909310313065,-1.7228872159693123,1.0005852107658522,0.11152349999611033
A,ar,N2,normalized_sgd,F3,7,3000,1,35,3000,0,1.128149832882397,0.009262555874892813,0.019252632508841475,0.03578641643525498,-1.761890101415192,1.0098781155923224,0.1082222080003703
A,ar,N2,normalized_sgd,F4,0,3000,1,36,3000,0,1.8162146821904268,0.016135946125659273,0.041600128990469026,0.1033150365972895,-1.446127303583766,0.9551820820235185,0.22175191700080177
A,ar,N2,normalized_sgd,F4,1,3000,1,37,3000,0,-0.3201118696342739,0.014237010024476334,0.03330409667720467,0.06669484895971037,-1.509653574883847,1.0972653528253717,0.22644925000349758
A,ar,N2,normalized_sgd,F4,2,3000,1,32,3000,0,2.6519838007396026,0.01683434603016092,0.05449486423024795,0.10093722361421902,-1.410531699540546,1.0115267173610478,0.22356474999833154
A,ar,N2,normalized_sgd,F4,3,3000,1,35,3000,0,0.5762354861856057,0.013284623627027547,0.03306631759601385,0.07310016425304339,-1.4509813569372425,1.0112753964908436,0.22560208399954718
A,ar,N2,normalized_sgd,F4,4,3000,1,35,3000,0,-0.8327027590827296,0.010168732494312443,0.029098839468717937,0.061145108494488475,-1.4653706435619545,1.0250680777613261,0.224887457996374
A,ar,N2,normalized_sgd,F4,5,3000,1,33,3000,0,-0.10364770512173567,0.016309430265375565,0.04201093140352667,0.07987306430147295,-1.3943423219574957,1.0090581326502923,0.2245426250010496
A,ar,N2,normalized_sgd,F4,6,3000,1,34,3000,0,0.7658878803899763,0.012334692595897938,0.038621614918173265,0.07109912061274774,-1.4563720548015584,1.0035648973034852,0.22364833299798192
A,ar,N2,normalized_sgd,F4,7,3000,1,41,3000,0,0.15614879722736347,0.015137758791903313,0.034141287711141964,0.06679350055840387,-1.4951126797861127,1.0083506058439204,0.2246433749969583
A,ar,N3,sgd,F0,0,3000,1,298,3000,0,3.0163599408545947,0.006201454365879783,0.0409303829377165,0.30875628542849415,-1.2931674457444922,1.0021170978050629,0.11141758300072979
A,ar,N3,sgd,F0,1,3000,1,93,3000,0,-2.8992304132690716,0.00856872865071735,0.03945601214037222,0.4657320359059199,-1.0544200340840946,1.0775694116891852,0.10969774999830406
A,ar,N3,sgd,F0,2,3000,1,77,3000,0,-6.638797942644435,0.008780571061018656,0.046722805024379595,0.32331525516051857,-0.9856613005828668,1.0006295417848572,0.11351141700288281
A,ar,N3,sgd,F0,3,3000,1,179,3000,0,-2.6669942760000493,0.009781413992622279,0.040274346176219236,0.21779406014057287,-1.0659310510471431,1.0124392549288779,0.1208039170014672
A,ar,N3,sgd,F0,4,3000,1,103,3000,0,-8.825377709481975,0.006603185953833389,0.03128973890245027,0.1915151859486854,-1.1908384140338009,1.0232630757783157,0.12507133400504244
A,ar,N3,sgd,F0,5,3000,1,98,3000,0,2.655939573307659,0.009301164529426927,0.04318492895282338,0.9195392972812193,-1.0268547429504364,1.2015378287411025,0.12380079199647298
A,ar,N3,sgd,F0,6,3000,1,114,3000,0,-0.30974130638237335,0.00977758502265058,0.07284579490526169,7.589566266107062,-1.1903424993023797,1.149771416622039,0.12467308299528668
A,ar,N3,sgd,F0,7,3000,1,196,3000,0,5.721360041809029,0.012253923630932969,0.0496452610955876,0.4357011991227505,-1.1613110296267481,1.0154021435000462,0.12557966700114775
A,ar,N3,sgd,F1,0,3000,1,393,3000,0,3.1462253478599926,0.008021770444053541,0.030817710471639337,0.3738420301254766,-1.340615946985306,1.04755022398124,0.12108212500606896
A,ar,N3,sgd,F1,1,3000,1,88,3000,0,-3.200860359020312,0.006789054379118179,0.03893359293883915,0.5192637729051459,-1.07475610808758,1.081067130883151,0.11437616599869216
A,ar,N3,sgd,F1,2,3000,1,69,3000,0,-7.037072266070755,0.009890663270291417,0.042498820442087346,0.218360686456555,-1.0055760483244665,1.0159732082556299,0.11360404099832522
A,ar,N3,sgd,F1,3,3000,1,184,3000,0,-2.4432456408673784,0.010405231174623135,0.04190206322189308,0.12949432998135685,-1.0913486141858955,1.0134167083798131,0.11462975000176812
A,ar,N3,sgd,F1,4,3000,1,111,3000,0,-9.427215695637162,0.006402506942885331,0.028106208184207032,0.16978735548516904,-1.2304477247097534,1.0232012612574644,0.12229908299923409
A,ar,N3,sgd,F1,5,3000,1,459,3000,0,2.974340239352545,0.008732917907078362,0.040568131624662544,0.7136370948870325,-1.0320163522168995,1.2572943539318835,0.11359783299849369
A,ar,N3,sgd,F1,6,3000,1,139,3000,0,-0.7667403014020249,0.008874239409915264,0.06567857612370054,9.65326396614872,-1.2294643960680733,1.0715262162927213,0.1162859159958316
A,ar,N3,sgd,F1,7,3000,1,264,3000,0,6.308509443565713,0.012934053052799356,0.04966280788834018,0.303439585424967,-1.2081363900689213,1.0194055064432612,0.12025958400045056
A,ar,N3,sgd,F2,0,3000,1,539,3000,0,2.699605894449459,0.005186958705957267,0.017951407823252327,0.1161923808187997,-1.5284978087495884,0.9860134630473697,0.1188005419971887
A,ar,N3,sgd,F2,1,3000,1,87,3000,0,-1.300665753716095,0.00769879001522274,0.05722701900329887,0.3080789037332672,-1.1712277255454595,1.0879408868150569,0.111440542001219
A,ar,N3,sgd,F2,2,3000,1,69,3000,0,-8.332377328577675,0.00770359069776231,0.024763421114343993,0.18931846463470844,-1.082744721662121,1.006581129366814,0.11027474999718834
A,ar,N3,sgd,F2,3,3000,1,203,3000,0,-3.1051507886600453,0.006107715976265873,0.01833140509330395,0.06802187955567493,-1.2405912919364128,1.0081500706916136,0.11044487500475952
A,ar,N3,sgd,F2,4,3000,1,121,3000,0,-9.654050215899817,0.005528377199441023,0.023041849833403683,0.10532802122793307,-1.3145694762500604,1.0239436518672995,0.11337066700070864
A,ar,N3,sgd,F2,5,3000,1,133,3000,0,2.3270104020870903,0.0074464748578362125,0.03258699610861675,1.6762852025408734,-1.146783360381361,1.4505485024404603,0.10848824999993667
A,ar,N3,sgd,F2,6,3000,1,144,3000,0,0.8746033600109718,0.008995877785525888,0.035902798469190846,21.56027147560369,-1.358474383468737,1.0033291964726443,0.11745474999770522
A,ar,N3,sgd,F2,7,3000,1,96,3000,0,7.252833679405823,0.006613621795937412,0.03760701710981131,0.18181146976847257,-1.3893266667617488,1.0194249189447282,0.12761829100054456
A,ar,N3,sgd,F3,0,3000,1,316,3000,0,3.5939976310439863,0.0035191380458924363,0.011031395561513575,0.12063457434596718,-1.6209668674395337,0.9763680976204975,0.12855433299409924
A,ar,N3,sgd,F3,1,3000,1,124,3000,0,-1.056415533662375,0.008421359884826325,0.03938919162487371,0.275143129939039,-1.2008848879568639,1.0872653746252483,0.12557345800451003
A,ar,N3,sgd,F3,2,3000,1,312,3000,0,-8.97897885596768,0.0056285141303211925,0.02369276239203028,0.14040734167059024,-1.1663129664464502,0.9872316356077875,0.12736729199968977
A,ar,N3,sgd,F3,3,3000,1,133,3000,0,-5.040366207318094,0.0030735430645408225,0.012353626419002636,0.05836282989698389,-1.3711529430511242,1.0092154663382156,0.12444949999917299
A,ar,N3,sgd,F3,4,3000,1,557,3000,0,-9.580312834865877,0.004743820917763678,0.015718721668146588,0.06747709599127552,-1.4171470607570984,1.0245935983582009,0.12168591700174147
A,ar,N3,sgd,F3,5,3000,1,94,3000,0,4.180254759443193,0.010130695776492902,0.02941626283870568,0.6932013447864168,-1.1987718778452636,1.2165753350139663,0.12943329100380652
A,ar,N3,sgd,F3,6,3000,1,116,3000,0,1.6672764346790323,0.012406095893149812,0.037571381014854716,7.863369997735348,-1.3688144332472203,1.0889873764428468,0.11953625000023749
A,ar,N3,sgd,F3,7,3000,1,86,3000,0,8.03936727741427,0.006131395697264803,0.02373764568855815,0.21698265926402477,-1.4055714950482532,1.0186650814662113,0.11905295799806481
A,ar,N3,sgd,F4,0,3000,1,74,1186,1,1.4394744080359352,0.0008527640818207217,0.002303100287238384,0.00577774226115095,-2.636917354426234,0.9469577811647248,0.2310542089981027
A,ar,N3,sgd,F4,1,3000,1,77,2165,1,-0.6858651990632337,0.0007285592991884259,0.0018659865680591774,0.0049113961683011605,-2.599266007525528,1.0621597880387876,0.2314969579965691
A,ar,N3,sgd,F4,2,3000,1,59,1581,1,-0.3160132866011779,0.00077849351369436,0.002957270914139258,0.00569568522791641,-2.5790087784249893,0.9747069120788732,0.228753333001805
A,ar,N3,sgd,F4,3,3000,1,74,2295,1,0.6690603812664392,0.0007013933976633253,0.0017780553135747297,0.004909545283251838,-2.612412346968674,1.0057809379350358,0.22875120800017612
A,ar,N3,sgd,F4,4,3000,1,75,2211,1,-0.48373049126884093,0.0005041119626389932,0.002002678447750687,0.0058971508787814255,-2.664160762777031,1.0230472729536826,0.22672774999955436
A,ar,N3,sgd,F4,5,3000,1,78,2209,1,0.7892059584149166,0.0010436493647854508,0.002294140034043826,0.00526421483445912,-2.5801045937099203,0.9887536259164339,0.2246720839975751
A,ar,N3,sgd,F4,6,3000,1,95,1053,1,-0.03579584902746856,0.00065086516345192,0.0018212563630326997,0.0035449522124548823,-2.6755092341264004,0.9916767010370116,0.22122449999733362
A,ar,N3,sgd,F4,7,3000,1,73,403,1,-0.9096990728052305,0.0009891830282317386,0.0023910325172976287,0.005707292627510895,-2.631779951680174,1.0044529999936538,0.21956541699910304
A,ar,N3,clipped_sgd,F0,0,3000,1,75,3000,0,0.02991252270039149,0.0035218646707484385,0.01145718260457643,0.027007347481853426,-1.925259488278287,0.950705508085247,0.09586412500357255
A,ar,N3,clipped_sgd,F0,1,3000,1,93,3000,0,-1.0721130999919823,0.0023791431149761022,0.008862946404910966,0.024285783349449395,-1.912718238995686,1.065586324561721,0.10259670799860032
A,ar,N3,clipped_sgd,F0,2,3000,1,67,3000,0,-0.18987125189691995,0.004205577456206988,0.011698473302768301,0.029536754692340832,-1.9226492844018594,0.9783802703595592,0.09650195799622452
A,ar,N3,clipped_sgd,F0,3,3000,1,87,3000,0,0.05209715249543114,0.003313196048404287,0.012362411659449749,0.032068224806581,-1.8882584483294214,1.007910251507365,0.11077500000101281
A,ar,N3,clipped_sgd,F0,4,3000,1,77,3000,0,-0.8886545374658236,0.0035730364734600246,0.01168945237607038,0.030928472271297903,-1.9562892670428265,1.022853936761064,0.10344241699931445
A,ar,N3,clipped_sgd,F0,5,3000,1,94,3000,0,-1.4459439335038908,0.0031676131278363796,0.010514845411589792,0.02650519108236729,-1.8942971210257697,0.9882577876021705,0.10477600000012899
A,ar,N3,clipped_sgd,F0,6,3000,1,84,3000,0,0.1960592621426775,0.003453344456799563,0.008433890662376264,0.0228316043496047,-1.9726432718291087,0.9927897628273473,0.09990525000466732
A,ar,N3,clipped_sgd,F0,7,3000,1,81,3000,0,0.352228529613506,0.004080887355023907,0.011998250963642647,0.029710382657460576,-1.9300720142551557,1.008714507511002,0.10315670899581164
A,ar,N3,clipped_sgd,F1,0,3000,1,279,3000,0,3.0508900749990624,0.008256036068288663,0.031035735103202997,0.32233986654993857,-1.4016224455361086,0.9934056964556335,0.09933050000108778
A,ar,N3,clipped_sgd,F1,1,3000,1,88,3000,0,-6.017322476445729,0.004476468140996804,0.02324107273761297,0.29830484377003313,-1.2790059438557668,1.0701107401770706,0.10057058299571509
A,ar,N3,clipped_sgd,F1,2,3000,1,69,3000,0,-5.410839616202072,0.009273421887757835,0.034384152157503074,0.18436316222818408,-1.3365220840053695,1.0159774133923423,0.10057695900468389
A,ar,N3,clipped_sgd,F1,3,3000,1,189,3000,0,-2.4432458223758657,0.010405231173329728,0.04190206321705303,0.1294943299296923,-1.1911701267119736,1.01341670837983,0.09887858400179539
A,ar,N3,clipped_sgd,F1,4,3000,1,111,3000,0,-4.732722470121494,0.005985124677389424,0.027600952308276163,0.1695850479133912,-1.451856941317767,1.0231914017138741,0.10160808300133795
A,ar,N3,clipped_sgd,F1,5,3000,1,243,3000,0,-0.8680149859013804,0.008341416480155177,0.03019368624355743,0.2696108695248817,-1.2857578699130598,0.9876086747991223,0.09899887500068871
A,ar,N3,clipped_sgd,F1,6,3000,1,139,3000,0,-1.8554613262696296,0.006108795705690043,0.02089347586299494,0.09599144899482638,-1.4720086145428144,1.0553743523396093,0.10072200000286102
A,ar,N3,clipped_sgd,F1,7,3000,1,264,3000,0,5.986165827282222,0.013077928599545078,0.04633542324102239,0.2753206916761545,-1.2927579216559257,1.0193551311501814,0.09902941700420342
A,ar,N3,clipped_sgd,F2,0,3000,1,503,3000,0,2.6996059127120726,0.005186958705812023,0.017951407823253586,0.1161923808187999,-1.5293500504106268,0.9860134630473686,0.10207133299991256
A,ar,N3,clipped_sgd,F2,1,3000,1,87,3000,0,-1.3300346921624477,0.007695842094627731,0.056565350153391036,0.3025933066424343,-1.2084310143466284,1.087516493809812,0.10502079199795844
A,ar,N3,clipped_sgd,F2,2,3000,1,69,3000,0,-8.26421725983381,0.0076774599785706475,0.02444035453609566,0.18479939839926665,-1.2057781386209387,1.0065812821253675,0.10486595799739007
A,ar,N3,clipped_sgd,F2,3,3000,1,202,3000,0,-3.1051507779521486,0.006107715976263479,0.01833140509331363,0.06802187955578459,-1.2587182629180604,1.008150070691612,0.10693962500226917
A,ar,N3,clipped_sgd,F2,4,3000,1,120,3000,0,-8.252631101433632,0.0054155954940811706,0.023010146719429428,0.1053558300216109,-1.4322291263606226,1.0239437303666732,0.1032170840044273
A,ar,N3,clipped_sgd,F2,5,3000,1,133,3000,0,1.6420968828836517,0.007441434933094511,0.03258786579665506,1.0048434598925733,-1.1839003294248989,1.276030276984534,0.10596537499804981
A,ar,N3,clipped_sgd,F2,6,3000,1,144,3000,0,-0.22635352830171346,0.008008484866602104,0.02770002121097756,4.4202093665432365,-1.4435419514340546,1.0030813475864433,0.10459229199477704
A,ar,N3,clipped_sgd,F2,7,3000,1,96,3000,0,7.252907683203479,0.006613628708310163,0.03760701735689287,0.18181146978752039,-1.4013577943875597,1.0194249189429319,0.10428929199406411
A,ar,N3,clipped_sgd,F3,0,3000,1,106,3000,0,2.084357711539099,0.0033350897483635325,0.008204441558379728,0.03276543831021399,-2.001807948053811,0.9500733675378259,0.10130983300041407
A,ar,N3,clipped_sgd,F3,1,3000,1,114,2219,1,1.2766535403113295,0.006949927968674521,0.0181585886020753,0.0450111322864294,-1.7756969861909777,1.0698898178751752,0.10085141700255917
A,ar,N3,clipped_sgd,F3,2,3000,1,88,3000,0,-4.53137091755578,0.0033666734276371073,0.009946454206583058,0.02260875402775936,-1.8835184319477443,0.975958170352683,0.10103791700385045
A,ar,N3,clipped_sgd,F3,3,3000,1,133,3000,0,-2.467484697356048,0.0023846093105651966,0.006782259952860239,0.020017930826680904,-1.8916328046393158,1.0124517688588077,0.1029788749947329
A,ar,N3,clipped_sgd,F3,4,3000,1,221,3000,0,-1.8878404119424117,0.003772938718718383,0.012027797108109074,0.028994754342521713,-1.91337612517957,1.0243855311584777,0.09972341699904064
A,ar,N3,clipped_sgd,F3,5,3000,1,100,3000,0,-0.009850403098305031,0.00787923782788581,0.015405344090176352,0.036015780330794674,-1.8101791287579945,0.9882972355065599,0.10125791600148659
A,ar,N3,clipped_sgd,F3,6,3000,1,115,3000,0,-0.09490974889667801,0.0024161123696798724,0.010600466056721845,0.027964098762142935,-1.8984785823951364,1.0014034171563264,0.10230391599907307
A,ar,N3,clipped_sgd,F3,7,3000,1,85,3000,0,4.388831071835435,0.0037005051418813285,0.011344934338584238,0.0280665158651103,-1.9059177199603228,1.0142426545306134,0.10233912499825237
A,ar,N3,clipped_sgd,F4,0,3000,1,74,1186,1,1.43947440803594,0.0008527640818207217,0.002303100287238384,0.00577774226115095,-2.6368582219554253,0.9469577811647248,0.23056270800589118
A,ar,N3,clipped_sgd,F4,1,3000,1,76,2165,1,-0.6858651990632632,0.0007285592991884259,0.0018659865680591774,0.0049113961683011536,-2.5992208397802528,1.0621597880387876,0.23064083300414495
A,ar,N3,clipped_sgd,F4,2,3000,1,59,1581,1,-0.3160132866011779,0.00077849351369436,0.002957270914139258,0.00569568522791641,-2.5790087784249893,0.9747069120788732,0.23352799999702256
A,ar,N3,clipped_sgd,F4,3,3000,1,73,2295,1,0.6690603812664302,0.0007013933976633253,0.0017780553135747297,0.004909545283251838,-2.612218166465265,1.0057809379350358,0.2351652080033091
A,ar,N3,clipped_sgd,F4,4,3000,1,75,2211,1,-0.48373049126884093,0.0005041119626389932,0.002002678447750687,0.0058971508787814255,-2.664160762777031,1.0230472729536826,0.23837779199675424
A,ar,N3,clipped_sgd,F4,5,3000,1,78,2209,1,0.7892059584149181,0.0010436493647854508,0.002294140034043826,0.00526421483445912,-2.5800347560080303,0.9887536259164339,0.23828695900010644
A,ar,N3,clipped_sgd,F4,6,3000,1,94,1053,1,-0.03579584902758394,0.0006508651634519231,0.0018212563630326955,0.0035449522124548793,-2.6754301886998344,0.9916767010370116,0.24040987499756739
A,ar,N3,clipped_sgd,F4,7,3000,1,73,403,1,-0.9096990728052305,0.0009891830282317386,0.0023910325172976287,0.005707292627510895,-2.631779951680174,1.0044529999936538,0.24991920899628894
A,ar,N3,normalized_sgd,F0,0,3000,1,50,3000,0,0.25325901998511663,0.003267868953582697,0.010005604129395343,0.023595948993781177,-1.995826484236874,0.9492041532839902,0.11930154199944809
A,ar,N3,normalized_sgd,F0,1,3000,1,63,3000,0,-0.10319996348081158,0.002778716080927747,0.008409156848802054,0.02211669696043037,-2.009060555412155,1.0616792774765769,0.1192588749981951
A,ar,N3,normalized_sgd,F0,2,3000,1,40,3000,0,-1.0883726931607884,0.0033463698925114615,0.011575344819681175,0.029204482285814466,-1.9534615562724242,0.9766992630161629,0.12152666699694237
A,ar,N3,normalized_sgd,F0,3,3000,1,53,3000,0,0.8542003829378183,0.0034225356001793836,0.010861300851280174,0.02950155933996692,-1.955393489981512,1.0078856612750697,0.1210399170013261
A,ar,N3,normalized_sgd,F0,4,3000,1,46,3000,0,-0.7842285007096725,0.0029688604948604753,0.009928706791336922,0.025638082910310545,-2.013125237151384,1.0237546088913223,0.12212679100048263
A,ar,N3,normalized_sgd,F0,5,3000,1,55,3000,0,-1.155713521161245,0.0033398730795233954,0.008737424852728534,0.023335172949079535,-1.9728414341724325,0.9891909983340602,0.11894345799373696
A,ar,N3,normalized_sgd,F0,6,3000,1,61,3000,0,0.7551070900500557,0.003681477224733349,0.009845460049527407,0.02159238350405465,-2.0053603181350574,0.9962720561363052,0.11955599999782862
A,ar,N3,normalized_sgd,F0,7,3000,1,50,3000,0,-0.4865239529818269,0.003284563620417308,0.009510338471854628,0.02487672828516119,-1.9824332853322564,1.0078902171522985,0.12403716600238113
A,ar,N3,normalized_sgd,F1,0,3000,1,50,3000,0,1.5292263291507162,0.017324535143580868,0.0524889185054493,0.2566329828218383,-1.2431161832449007,0.9616390209267711,0.11768712499906542
A,ar,N3,normalized_sgd,F1,1,3000,1,34,3000,0,-2.646056127026496,0.008474458448906475,0.039092692459064576,0.3154880495857981,-1.2259450225694661,1.065476578687343,0.11387558299611555
A,ar,N3,normalized_sgd,F1,2,3000,1,67,3000,0,-3.1738265733403597,0.011927920990764847,0.045698349111099504,0.2323470351628869,-1.2580962989674889,0.9890672002286389,0.11813850000180537
A,ar,N3,normalized_sgd,F1,3,3000,1,37,3000,0,-1.464407915038243,0.0161295969726871,0.06519155720583122,0.1939228831522061,-1.1251038921088288,1.021993917694787,0.11769425000238698
A,ar,N3,normalized_sgd,F1,4,3000,1,39,3000,0,-3.0181965038780354,0.012462341973180309,0.03845343822800852,0.22526675096779392,-1.2813791836966466,1.0264979291969298,0.11785345899988897
A,ar,N3,normalized_sgd,F1,5,3000,1,95,3000,0,-1.0216417541112255,0.008011203257054851,0.035778914591686146,0.3501324737156299,-1.240568947619847,0.9905146660939865,0.1182910829957109
A,ar,N3,normalized_sgd,F1,6,3000,1,43,3000,0,-1.6151586842228995,0.00907307477577368,0.04004038208138784,0.17065241732534905,-1.2989768922812714,1.0252301594055422,0.1206694169959519
A,ar,N3,normalized_sgd,F1,7,3000,1,44,3000,0,2.518157003068,0.017576711964074922,0.04946712046102571,0.3074435886806808,-1.1799570243650053,1.0140217066005566,0.12479233300109627
A,ar,N3,normalized_sgd,F2,0,3000,1,52,3000,0,3.1413670075778,0.007990368110990822,0.0275606287863312,0.15885079720603631,-1.4707084568866173,1.005092572672885,0.12470216699875891
A,ar,N3,normalized_sgd,F2,1,3000,1,32,3000,0,-2.55297342567009,0.0075986396612163255,0.03745630194547747,0.2714095381265343,-1.281594171865962,1.0702958404964438,0.12897950000478886
A,ar,N3,normalized_sgd,F2,2,3000,1,67,3000,0,-6.462157866103434,0.009551184191147342,0.029036341446424443,0.13896644337677677,-1.241758163198006,1.01436680345335,0.1301942079953733
A,ar,N3,normalized_sgd,F2,3,3000,1,38,3000,0,-2.6761114929318452,0.009213315640303909,0.026683403169416336,0.08959224866484333,-1.256045623530639,1.0082868754101304,0.13439016599295428
A,ar,N3,normalized_sgd,F2,4,3000,1,101,3000,0,-6.952110381264639,0.005810494258104476,0.022459400663582478,0.1273414772068174,-1.4218124245880568,1.0231565262217117,0.13870025000505848
A,ar,N3,normalized_sgd,F2,5,3000,1,134,3000,0,2.3140911607465067,0.006600514354711356,0.040555074435771374,0.4439858048962051,-1.2356678782513746,1.0606695276400369,0.12505424999835668
A,ar,N3,normalized_sgd,F2,6,3000,1,68,3000,0,-2.384883038679296,0.004872944202732669,0.024304512978296056,2.438056688174122,-1.4404721898443877,1.01535310798195,0.12661550000484567
A,ar,N3,normalized_sgd,F2,7,3000,1,40,3000,0,6.339727617380521,0.009214012169853954,0.0426297771438459,0.17141085256392724,-1.376771658550884,1.0170570179744327,0.12349958300183062
A,ar,N3,normalized_sgd,F3,0,3000,1,50,3000,0,1.7071218489041249,0.00538482689475316,0.020414891524964195,0.07346643330312276,-1.6985014731676364,0.9535954631730805,0.12145070900442079
A,ar,N3,normalized_sgd,F3,1,3000,1,31,3000,0,-0.06318625825552,0.009680111366290087,0.029407880329155228,0.07944659301699109,-1.5520572190999191,1.0668329377970163,0.12058595800044714
A,ar,N3,normalized_sgd,F3,2,3000,1,45,3000,0,-3.5925931361835968,0.006083263098825644,0.02092224150171767,0.053611853918781094,-1.6045011972238914,0.9823050539097846,0.12334662500506965
A,ar,N3,normalized_sgd,F3,3,3000,1,33,3000,0,-1.32221281609654,0.00407693815663576,0.016034522800728118,0.0539932615697993,-1.6112932528674142,1.0181438647362275,0.117224833004002
A,ar,N3,normalized_sgd,F3,4,3000,1,206,3000,0,-3.02921832618183,0.005876332269953836,0.018609087273944523,0.047935220716078884,-1.6489872110978885,1.0257020305082263,0.11635825000121258
A,ar,N3,normalized_sgd,F3,5,3000,1,52,3000,0,0.21861455598721852,0.010866100890871939,0.028833701450653785,0.07456717667181385,-1.5620277133220013,1.004805743055866,0.11541608299739892
A,ar,N3,normalized_sgd,F3,6,3000,1,53,3000,0,-0.13165235210770357,0.005439698919131651,0.021299786706317297,0.05723298486715473,-1.6450139593194304,1.0170384476473533,0.11727575000259094
A,ar,N3,normalized_sgd,F3,7,3000,1,39,3000,0,4.124448355246483,0.008460444321144872,0.02510648176988276,0.06306957240502511,-1.616400449821526,1.0252948362128826,0.10656604099494871
A,ar,N3,normalized_sgd,F4,0,3000,1,31,3000,0,0.8618089511568008,0.003988844251884339,0.010063552294871964,0.023902055950658127,-2.0314732298588534,0.9522100263629588,0.22282887500477955
A,ar,N3,normalized_sgd,F4,1,3000,1,31,3000,0,-0.8591465568470071,0.003001444358195687,0.008645160304535167,0.021995218208243576,-2.0313584904322948,1.055841680489241,0.2322590420008055
A,ar,N3,normalized_sgd,F4,2,3000,1,32,3000,0,-0.4144482736165168,0.0032068827408779635,0.00946257988713469,0.022811951183639722,-2.0159003915950517,0.972335542859625,0.24714858399966033
A,ar,N3,normalized_sgd,F4,3,3000,1,34,3000,0,0.03381173508527699,0.0029769491572473397,0.009089855530315813,0.02350430886237279,-1.9928868328595442,1.006595917898191,0.24044720800156938
A,ar,N3,normalized_sgd,F4,4,3000,1,34,3000,0,0.11431416028284372,0.0033807693544331795,0.010343772850580357,0.022609689887603177,-2.030190100093012,1.0262112001612476,0.24769783299416304
A,ar,N3,normalized_sgd,F4,5,3000,1,31,3000,0,-0.4731724565317698,0.0030151409734245106,0.008684542748322753,0.019569933903757154,-2.0284494128084196,0.9917752117325541,0.24922604099992895
A,ar,N3,normalized_sgd,F4,6,3000,1,34,3000,0,-0.02033180530050912,0.0034097577605414504,0.00917683466725126,0.01964382116251734,-2.0410627215465804,0.9987687058275958,0.25827591699635377
A,ar,N3,normalized_sgd,F4,7,3000,1,33,3000,0,-0.09231942213675441,0.003553486855365112,0.009697362931917688,0.021941010283803505,-2.029668411092122,1.0109399272228226,0.24005016700539272
A,ar,N4,sgd,F0,0,3000,0,3000,3000,0,3.728575802180145,8.241894664139286,30.319480011363197,133.50465512760843,0.7532776008454783,6.723756091478448,0.13041591700311983
A,ar,N4,sgd,F0,1,3000,0,3000,3000,0,-2.0372258625972113,9.61191422278186,20.530215384692177,23.546724669547956,1.5757137011354907,11.691265714187255,0.1356414580004639
A,ar,N4,sgd,F0,2,3000,0,3000,3000,0,8.698906962912154,1.0918159937668717,2.5223617054639664,170328.11368514234,1.219565032444837,45437.16956177083,0.1274104170006467
A,ar,N4,sgd,F0,3,3000,0,3000,3000,0,-3.7090304017912556,1.8381516398411888,3.7643516128262853,8.217548961453826,0.5841684463241058,1.5181331703285899,0.12760291599988705
A,ar,N4,sgd,F0,4,3000,0,3000,3000,0,-3.9238360913643833,1.5481691060032934,2.4019425062346693,3.8885637617381126,0.8165030709318211,1.5468257479489438,0.1353670000025886
A,ar,N4,sgd,F0,5,3000,0,3000,3000,0,18.25488039947043,2.153624680483799,144.92470207167955,909.7592747278028,1.0949196916075399,90.36714340513299,0.1318313749943627
A,ar,N4,sgd,F0,6,3000,0,3000,3000,0,-2.183203816351238,8.487738241941504,16.299457841088742,74.58435643896732,1.5338075838724763,20.976419297653877,0.12225400000170339
A,ar,N4,sgd,F0,7,3000,0,3000,3000,0,5.86711819354071,488.7371620565886,846.127104640964,2437.099503779049,1.3019404544475015,174.61987651434842,0.1306604170022183
A,ar,N4,sgd,F1,0,3000,0,3000,3000,0,3.7945764802468243,8.056272015363637,30.556177515382227,136.72472954244734,0.7421176780298163,6.915487733883495,0.12756679199810605
A,ar,N4,sgd,F1,1,3000,0,3000,3000,0,-1.9089104425044423,9.561638517785498,20.380661484238992,23.335548362679017,1.5750489966804664,12.002338895229872,0.11308095900312765
A,ar,N4,sgd,F1,2,3000,0,3000,3000,0,8.312411590384075,1.1268817993363618,2.5842112625705234,173915.00881363568,1.2151514325470758,49177.52835878316,0.11752995799906785
A,ar,N4,sgd,F1,3,3000,0,3000,3000,0,-3.865698370964454,1.7977168191995172,3.738224476881397,7.965137033469433,0.5808824654594272,1.5442845836798156,0.12081058300100267
A,ar,N4,sgd,F1,4,3000,0,3000,3000,0,-3.9203710174411928,1.5758090667722215,2.340415011047001,3.697006052957754,0.8162344881910465,1.5568140557642887,0.13146679200144717
A,ar,N4,sgd,F1,5,3000,0,3000,3000,0,18.185649515737868,2.113353649070863,148.67960747521906,845.7270995150664,1.0945197814610013,94.99881841277282,0.12904374999925494
A,ar,N4,sgd,F1,6,3000,0,3000,3000,0,-2.251682349064718,8.493634644478535,16.604207490485898,73.45573862013288,1.5318147899151657,21.537908943152654,0.1310280000034254
A,ar,N4,sgd,F1,7,3000,0,3000,3000,0,5.9759052335505745,492.6358541464556,866.9183324018368,2549.234181992087,1.3012507708708947,176.7272770241944,0.13193320800201036
A,ar,N4,sgd,F2,0,3000,0,3000,3000,0,3.531045289775852,7.474753058322846,37.83803452116857,133.15670467911866,0.6837825932466323,9.052537589590765,0.1384634999994887
A,ar,N4,sgd,F2,1,3000,0,3000,3000,0,-1.5422242509850324,7.901647695864031,18.99144458985556,22.12421546705267,1.5681549445645924,13.653288294145854,0.13638204200105974
A,ar,N4,sgd,F2,2,3000,0,3000,3000,0,7.024318412426764,1.1729321580277174,2.3328384552525483,175211.03886735626,1.1917699482390272,51315.4599315396,0.1334689579962287
A,ar,N4,sgd,F2,3,3000,0,3000,3000,0,-3.8229615073402208,1.8897650581904513,3.523302632973141,6.213845763435103,0.5640182967311445,1.5064803078783113,0.13877033299650066
A,ar,N4,sgd,F2,4,3000,0,3000,3000,0,-4.580647557880574,1.6291839336406233,2.18221203132735,3.15044974338779,0.8120704220204767,1.607543572633547,0.13003179200313753
A,ar,N4,sgd,F2,5,3000,0,3000,3000,0,18.15078063952763,2.0475898962177896,180.2214868293019,588.4243308188798,1.0867971342788567,117.41976529920505,0.13515408300008858
A,ar,N4,sgd,F2,6,3000,0,3000,3000,0,-2.5198410249231635,8.271250687738288,15.914166848543541,71.63813188022498,1.5266933232327398,24.241875831290404,0.13660612500098068
A,ar,N4,sgd,F2,7,3000,0,3000,3000,0,6.475820204918803,514.5109196291585,941.2485130730537,3069.838697819251,1.3028832752955684,184.1580960319718,0.1308360420007375
A,ar,N4,sgd,F3,0,3000,0,3000,3000,0,3.6855891238837213,7.830528851362249,29.64290925265815,131.24701395125177,0.7184531779694372,6.5994760398578896,0.13027712500479538
A,ar,N4,sgd,F3,1,3000,0,3000,3000,0,-2.0171808292529456,9.649887848162052,19.771237963898844,22.802186707616073,1.5703348886749173,11.946087793087532,0.12460100000316743
A,ar,N4,sgd,F3,2,3000,0,3000,3000,0,8.538165624925117,0.998991468194031,2.4621212142068276,170252.8864503938,1.2018587114895096,45440.14466917925,0.11970779199327808
A,ar,N4,sgd,F3,3,3000,0,3000,3000,0,-3.740803589431689,1.8049751345755995,3.5699063865060516,7.474706569297528,0.5664301588115521,1.456748239881416,0.11849349999829428
A,ar,N4,sgd,F3,4,3000,0,3000,3000,0,-4.205492225495847,1.4765287530909372,2.1676220646476727,3.558820521942412,0.803694450620837,1.5304581394725203,0.11393425000278512
A,ar,N4,sgd,F3,5,3000,0,3000,3000,0,18.4318411620408,2.085085163160509,145.46424204783742,899.8190889714034,1.0881340491321643,90.92598485464562,0.11167337500228314
A,ar,N4,sgd,F3,6,3000,0,3000,3000,0,-2.228336082290824,8.63542016653488,15.755954331909297,73.7243601690879,1.5296062781234763,20.62033742926385,0.10836283300159266
A,ar,N4,sgd,F3,7,3000,0,3000,3000,0,5.875512158389242,489.17811460366414,848.4406644822388,2440.0149270604434,1.293009084928599,174.36418693159376,0.10527862500021001
A,ar,N4,sgd,F4,0,3000,0,3000,3000,0,3.5225550482342767,7.614567844768048,27.960528030673757,97.2953964827447,0.6735915145212896,6.427857690073406,0.21116433299903292
A,ar,N4,sgd,F4,1,3000,0,3000,3000,0,-2.305051832447689,10.65137778627249,20.54248489302205,23.743835448747447,1.55101199159622,12.624524159985677,0.21617820800020127
A,ar,N4,sgd,F4,2,3000,0,3000,3000,0,7.358556577724731,1.1193743300597654,2.323975066180589,138758.40783255993,1.1605501600228696,38850.407163930504,0.21527449999848614
A,ar,N4,sgd,F4,3,3000,0,3000,3000,0,-3.570603061995727,1.760818619105421,3.3575546792391915,6.276876406580566,0.5251020039703015,1.5524789536049264,0.21120762500504497
A,ar,N4,sgd,F4,4,3000,0,3000,3000,0,-3.8830343256776434,1.4959117914858238,2.0691366691719772,3.2501649047821797,0.7717451178567436,1.49726644827515,0.21915370799979428
A,ar,N4,sgd,F4,5,3000,0,3000,3000,0,17.93475809699905,1.957152063951584,134.8789159108909,610.2259989255708,1.048309260429257,88.86991113980403,0.21822291600255994
A,ar,N4,sgd,F4,6,3000,0,3000,3000,0,-2.507461945638981,8.033700627450907,15.440784782432772,59.192787377380725,1.493821085379291,18.793737953678814,0.23315854200336616
A,ar,N4,sgd,F4,7,3000,0,3000,3000,0,6.8889728655614935,490.6544634712288,853.7506518340299,2416.053282464856,1.257891797338819,175.36416188807613,0.2318347079999512
A,ar,N4,clipped_sgd,F0,0,3000,0,3000,3000,0,3.706448547700805,8.267414772810065,22.728400881826133,40.3504308833474,0.5680288746177178,5.810252800781311,0.13940362500579795
A,ar,N4,clipped_sgd,F0,1,3000,0,3000,3000,0,-3.8353506618591067,15.096287048140223,20.823843248172942,26.765234368689043,1.3967748372624134,12.646298724045606,0.13176704199577216
A,ar,N4,clipped_sgd,F0,2,3000,0,3000,3000,0,-5.238707036851311,0.9102648723516387,1.9615464367523034,7.096427669481736,0.9448742664531272,8.597322955302879,0.15017379100027028
A,ar,N4,clipped_sgd,F0,3,3000,0,3000,3000,0,-2.797352010604462,1.815145619091488,3.4305534061061875,5.53126562807804,0.4878678211712003,1.529173851289237,0.13826108299690532
A,ar,N4,clipped_sgd,F0,4,3000,0,3000,3000,0,-1.8979603938695884,1.5042346447334394,2.0320934461579796,3.1946000159156616,0.6913807108246978,1.5274725759661774,0.14629237500048475
A,ar,N4,clipped_sgd,F0,5,3000,0,3000,3000,0,9.91718425971533,1.9658609443704345,5.131078261085686,49.17758544939321,0.8841510596842415,20.502741769126835,0.13943766599550145
A,ar,N4,clipped_sgd,F0,6,3000,0,3000,3000,0,-4.636666091595988,6.305167179509481,11.134900567196146,36.53134318969901,1.3292849158084072,9.660415634077578,0.13298070800374262
A,ar,N4,clipped_sgd,F0,7,3000,0,3000,3000,0,15.403569129199893,433.946409058217,529.8269899663527,635.8500145323062,1.0610420909349305,154.24291505303543,0.13132162499823608
A,ar,N4,clipped_sgd,F1,0,3000,0,3000,3000,0,3.981975204804923,8.801356155332737,23.820036648589735,42.699726125963586,0.6160644103391028,5.945311543438637,0.13328520800132537
A,ar,N4,clipped_sgd,F1,1,3000,0,3000,3000,0,-3.678438899346757,13.609102522487339,21.036045514201533,25.497391780669833,1.4077979813837138,12.363491931915288,0.13237295800354332
A,ar,N4,clipped_sgd,F1,2,3000,0,3000,3000,0,-5.55830470331651,1.03104832776735,2.0279677478322,6.897541166466023,0.9633276649215586,8.56215043138794,0.13666962499701185
A,ar,N4,clipped_sgd,F1,3,3000,0,3000,3000,0,-2.992301658840367,1.7981408273210975,3.6170661552252397,6.552453646069064,0.5360890059464977,1.5444281229733443,0.13876408299984178
A,ar,N4,clipped_sgd,F1,4,3000,0,3000,3000,0,-1.6375475794885965,1.5493261381640706,2.2142166916189883,3.555348820160516,0.7195223050755791,1.544073195815264,0.13335566699970514
A,ar,N4,clipped_sgd,F1,5,3000,0,3000,3000,0,9.655482040130753,2.1127794954413748,6.401957382883111,50.402135928930754,0.9106858091847143,20.365513585174174,0.12920858299912652
A,ar,N4,clipped_sgd,F1,6,3000,0,3000,3000,0,-4.547184129779918,6.468869621791982,11.98139160029902,38.03434027732302,1.3422280966336004,10.400182435129619,0.12365933299588505
A,ar,N4,clipped_sgd,F1,7,3000,0,3000,3000,0,15.296753366950059,439.28549140984023,537.7343474874071,647.1273934952856,1.0890448388527583,157.06161251426317,0.12192329200479435
A,ar,N4,clipped_sgd,F2,0,3000,0,3000,3000,0,3.990727130417992,8.10671333984655,27.878352359553624,53.00617731054455,0.6127543149715499,7.845498747892478,0.1284694580026553
A,ar,N4,clipped_sgd,F2,1,3000,0,3000,3000,0,-3.2781663384288224,9.725945287693701,19.485685958657424,22.288443557769753,1.4202557970946703,13.660156135600893,0.1209450409951387
A,ar,N4,clipped_sgd,F2,2,3000,0,3000,3000,0,-5.296553145282519,1.0931733054236243,2.2780156294923657,8.656155192630544,0.9916642383572273,8.946441719542516,0.1366589169992949
A,ar,N4,clipped_sgd,F2,3,3000,0,3000,3000,0,-3.73284795065072,1.8897642228976559,3.522020358595584,6.21346694884056,0.556303773972817,1.5064800278245427,0.13424541700078407
A,ar,N4,clipped_sgd,F2,4,3000,0,3000,3000,0,-2.8085090893907925,1.6291975855567307,2.1826571816099465,3.0802126397432184,0.7507569106420151,1.607555086422501,0.10900945799949113
A,ar,N4,clipped_sgd,F2,5,3000,0,3000,3000,0,9.905600980932427,1.989353782196856,4.772262095876994,62.406239708933754,0.9400530471206433,22.209757043740797,0.10970970799826318
A,ar,N4,clipped_sgd,F2,6,3000,0,3000,3000,0,-4.406685753123507,7.501841821169092,13.683202426482573,47.20869089116952,1.3802079809398444,11.608472866818378,0.13514895799744409
A,ar,N4,clipped_sgd,F2,7,3000,0,3000,3000,0,15.36032103241188,450.2648888499409,569.6126658247024,692.2428513792881,1.1052229386127654,160.9280951074944,0.1546019579982385
A,ar,N4,clipped_sgd,F3,0,3000,0,3000,3000,0,3.71709822399289,8.176046509451739,22.24431231463867,41.591091304663536,0.5534418289753772,5.7371032429302335,0.13674799999716925
A,ar,N4,clipped_sgd,F3,1,3000,0,3000,3000,0,-3.7975341093732267,14.841879050376965,20.422016926968205,25.927490982166077,1.3949857674104396,12.590695028175233,0.1309942090010736
A,ar,N4,clipped_sgd,F3,2,3000,0,3000,3000,0,-5.266809226944809,0.9400047785042207,1.9664543101971526,7.579283066477869,0.9362479670278954,8.790922340035006,0.13216245800140314
A,ar,N4,clipped_sgd,F3,3,3000,0,3000,3000,0,-2.852178831106184,1.8217378895247829,3.376742702875189,5.306559660571042,0.48843200129924397,1.4678406173808063,0.1448539580014767
A,ar,N4,clipped_sgd,F3,4,3000,0,3000,3000,0,-2.1206353716748896,1.3726897000776295,1.9136396238482583,3.1125423817049054,0.6888712220335019,1.515326128774975,0.1532969999971101
A,ar,N4,clipped_sgd,F3,5,3000,0,3000,3000,0,10.046102406194796,1.9969289568560753,4.742050150111918,49.898807936054695,0.8860789012276548,20.803798652573892,0.15221524999651592
A,ar,N4,clipped_sgd,F3,6,3000,0,3000,3000,0,-4.612056637619235,6.372407135663195,11.087382225369517,36.36436498944401,1.3296184121329218,10.07355675691617,0.13535841699922457
A,ar,N4,clipped_sgd,F3,7,3000,0,3000,3000,0,15.346662776983788,436.23345018850574,530.4040463728226,637.5123422176503,1.0657166375818652,155.50102892853027,0.13330620800115867
A,ar,N4,clipped_sgd,F4,0,3000,0,3000,3000,0,3.7784406685915406,8.368210868521158,23.14946965836339,40.77854887821381,0.5634057911579433,5.728803859960863,0.25843533300212584
A,ar,N4,clipped_sgd,F4,1,3000,0,3000,3000,0,-3.8256921291895725,14.857690951818393,21.21357981734711,26.74183891065106,1.3972902352785874,12.862316401285112,0.2594086659955792
A,ar,N4,clipped_sgd,F4,2,3000,0,3000,3000,0,-5.559283622002445,0.977985244828243,1.8689400017908906,6.54432056935531,0.9402442912206893,7.856169441477463,0.24562629099818878
A,ar,N4,clipped_sgd,F4,3,3000,0,3000,3000,0,-2.899058629276328,1.7638636420056046,3.276338413742078,5.487698460649686,0.4866454109528393,1.5539423915692263,0.24093216699839104
A,ar,N4,clipped_sgd,F4,4,3000,0,3000,3000,0,-1.777885948876028,1.482820880527429,2.016201007458661,3.112231120376586,0.6892851064415524,1.5017759215060953,0.23846495900215814
A,ar,N4,clipped_sgd,F4,5,3000,0,3000,3000,0,9.95140043504666,1.9584636060421343,4.879869016876553,50.79341657809663,0.8825441329710967,20.783509969767017,0.239473249996081
A,ar,N4,clipped_sgd,F4,6,3000,0,3000,3000,0,-4.6482527210750915,6.43380992258599,10.88188910784444,37.30860905762209,1.3271688457603472,9.809101472086802,0.23129583300033119
A,ar,N4,clipped_sgd,F4,7,3000,0,3000,3000,0,15.62739074630073,436.31915321517283,529.4114531631564,638.9571720814122,1.0566428856497971,155.7756011227615,0.23087425000267103
A,ar,N4,normalized_sgd,F0,0,3000,0,3000,3000,0,3.8035743266347555,8.54754080530686,18.811890147772623,29.853524806820573,0.5122123583240845,5.544671753182977,0.10800483300408814
A,ar,N4,normalized_sgd,F0,1,3000,0,3000,3000,0,-3.3476038617593193,17.14372700799527,21.01994544919265,27.552273925617857,1.3394376408435682,13.288728022405632,0.10852362500008894
A,ar,N4,normalized_sgd,F0,2,3000,0,3000,3000,0,-6.43921695890897,0.8410428105777874,1.8997814088937621,6.062659929353262,0.8946173598042088,4.299569796328252,0.11060395799722755
A,ar,N4,normalized_sgd,F0,3,3000,0,3000,3000,0,-2.557422236652185,1.73286275923464,3.212053151667082,5.1581229177830155,0.4533896861245468,1.5234702325714649,0.11131595800543437
A,ar,N4,normalized_sgd,F0,4,3000,0,3000,3000,0,-1.3982360664426194,1.4202249101927862,1.9873243360770245,3.088996361827789,0.64787172105086,1.5286067620951913,0.11229370799992466
A,ar,N4,normalized_sgd,F0,5,3000,0,3000,3000,0,7.9843715088501535,1.7557338515458722,4.412103066682523,28.954308718743313,0.8287231951057661,9.616792857733696,0.1140557910039206
A,ar,N4,normalized_sgd,F0,6,3000,0,3000,3000,0,-5.035056696900147,6.022524489270292,10.239379230968343,37.10983112444584,1.2871231160709333,6.011465519157734,0.12090316700050607
A,ar,N4,normalized_sgd,F0,7,3000,0,3000,3000,0,16.18348078017692,248.38239834666683,415.67825895594467,482.41845365898376,0.9908014091365382,95.40381726709514,0.12215729099989403
A,ar,N4,normalized_sgd,F1,0,3000,0,3000,3000,0,4.021788944163959,8.557922862190681,18.90737724990261,31.45465327393473,0.5631192529862004,5.722307209843765,0.12486837500182446
A,ar,N4,normalized_sgd,F1,1,3000,0,3000,3000,0,-3.1718055026320124,15.936153428552801,21.278837579352512,26.694346041657166,1.347146366983955,13.724141170601667,0.13383095899916952
A,ar,N4,normalized_sgd,F1,2,3000,0,3000,3000,0,-6.810741888060692,0.7748073983487215,2.0364928470724815,6.104224316847045,0.90857667387522,4.174571820460889,0.13392991699947743
A,ar,N4,normalized_sgd,F1,3,3000,0,3000,3000,0,-2.4298621478117144,1.8006981130122766,3.3764452867456987,5.924092306775283,0.49657389226856813,1.5629850858545222,0.13472433300194098
A,ar,N4,normalized_sgd,F1,4,3000,0,3000,3000,0,-1.3592495864204253,1.4238584772683018,2.1547147424397495,3.3734371825638094,0.6692218582480891,1.5146559337062078,0.1461762920007459
A,ar,N4,normalized_sgd,F1,5,3000,0,3000,3000,0,7.763427032533553,2.0673987731419396,5.181927755767667,28.736303590349586,0.8502349241030269,9.184166233211956,0.137358583000605
A,ar,N4,normalized_sgd,F1,6,3000,0,3000,3000,0,-4.9382153802382955,5.92813623485786,10.902586317690165,38.26616191860585,1.2928338695860369,6.32869522827618,0.13700820800295332
A,ar,N4,normalized_sgd,F1,7,3000,0,3000,3000,0,16.007716098372068,249.84430887463847,422.35047136359975,490.296326395725,1.0184698856906864,96.34119174393376,0.1352947499981383
A,ar,N4,normalized_sgd,F2,0,3000,0,3000,3000,0,4.178070929341844,8.645235126357143,21.953511107911662,37.954930553692066,0.584591309002517,7.397072098194133,0.1384105830002227
A,ar,N4,normalized_sgd,F2,1,3000,0,3000,3000,0,-2.8871545231785687,13.076109020407918,20.970710484814287,23.65649686917081,1.367119515712885,13.556764653046585,0.14062287499837112
A,ar,N4,normalized_sgd,F2,2,3000,0,3000,3000,0,-6.6109658139038014,0.9065594541143726,2.2087243210583445,6.304659993680767,0.9360543121495934,4.471687471289338,0.1445365000035963
A,ar,N4,normalized_sgd,F2,3,3000,0,3000,3000,0,-3.326542019588028,1.6623583657670673,3.2204326919744526,6.611915513168594,0.5239481333141117,1.5073412306070781,0.13669600000139326
A,ar,N4,normalized_sgd,F2,4,3000,0,3000,3000,0,-1.5653803900065688,1.57883923440107,2.2198721241804638,3.209038633747191,0.7041202764961769,1.6024259088127086,0.14496137500100303
A,ar,N4,normalized_sgd,F2,5,3000,0,3000,3000,0,7.704188859832233,1.8159067259098767,5.01808037356355,31.442734244704226,0.8755321469167232,9.44559999681522,0.14068150000093738
A,ar,N4,normalized_sgd,F2,6,3000,0,3000,3000,0,-4.805904277221225,6.911177737437688,11.867534211528707,47.145193391854555,1.3264272404638902,6.705357748088115,0.1341054169970448
A,ar,N4,normalized_sgd,F2,7,3000,0,3000,3000,0,15.987738191283297,258.58166759992764,445.0881471283949,516.11286127927,1.0401296751484077,97.8251266793398,0.1318867500012857
A,ar,N4,normalized_sgd,F3,0,3000,0,3000,3000,0,3.717059833971327,7.872208224307459,18.571332850197884,30.47179263752256,0.5054226460000407,5.4931262660851194,0.12804483299987623
A,ar,N4,normalized_sgd,F3,1,3000,0,3000,3000,0,-3.3089774379555554,16.710603388842127,20.722960297013593,26.479505040470787,1.3366338951824352,13.631337895868455,0.13220845800242387
A,ar,N4,normalized_sgd,F3,2,3000,0,3000,3000,0,-6.3587947059976075,0.798145375601314,1.8780367496992225,6.1131873458745405,0.8838049850542166,4.434168003028775,0.11704483300127322
A,ar,N4,normalized_sgd,F3,3,3000,0,3000,3000,0,-2.6304843808406626,1.7202953518676471,3.1323957774417837,5.115374052057993,0.4504088094407965,1.3386847402362205,0.11753020899777766
A,ar,N4,normalized_sgd,F3,4,3000,0,3000,3000,0,-1.7015794781047466,1.2139100482653196,1.882238795392713,3.0822512758864287,0.6403394823615551,1.5237982173141686,0.1258569580022595
A,ar,N4,normalized_sgd,F3,5,3000,0,3000,3000,0,8.304075512642,1.905294521674252,4.617547911330838,28.3926702815373,0.827062902256224,9.251567002944848,0.1258508340033586
A,ar,N4,normalized_sgd,F3,6,3000,0,3000,3000,0,-4.993425084330946,5.956361690624355,9.917417776088806,36.75885252172138,1.283256889597504,6.429241006702853,0.13095141600206262
A,ar,N4,normalized_sgd,F3,7,3000,0,3000,3000,0,15.989060437171883,251.6357104384737,417.4441587348611,484.52641206586264,0.9999432686953366,96.54857887179028,0.13236283299920615
A,ar,N4,normalized_sgd,F4,0,3000,0,3000,3000,0,3.8012546911038196,8.182488694291505,18.68063370249086,30.47677790179356,0.5187195709128288,5.35572253493462,0.26143470800161595
A,ar,N4,normalized_sgd,F4,1,3000,0,3000,3000,0,-3.279697093904697,16.781468646652314,21.472771261635685,27.331729035827717,1.3388523367835068,14.115717052882426,0.2855265420002979
A,ar,N4,normalized_sgd,F4,2,3000,0,3000,3000,0,-6.511873839717278,0.8731907507683736,1.9508115585540629,5.987548022226455,0.8953896976812717,3.975568156056315,0.2650644579989603
A,ar,N4,normalized_sgd,F4,3,3000,0,3000,3000,0,-2.5339159567820655,1.695076362266196,3.0958943099474836,5.388180651592785,0.45021502283953047,1.5775505704269073,0.26412304200493963
A,ar,N4,normalized_sgd,F4,4,3000,0,3000,3000,0,-1.3990094506147066,1.364545771925743,2.0266158567222794,3.1322673479435545,0.6470820770219129,1.5261649063131981,0.2667883329995675
A,ar,N4,normalized_sgd,F4,5,3000,0,3000,3000,0,8.091820552021717,1.795807738234682,4.445880010063846,28.341591767834622,0.8274507353200218,9.406051387937682,0.257946792000439
A,ar,N4,normalized_sgd,F4,6,3000,0,3000,3000,0,-4.9952821177356395,6.100486957091184,10.095239494940987,37.2568190629196,1.2820291277635094,6.098032932141152,0.24420899999677204
A,ar,N4,normalized_sgd,F4,7,3000,0,3000,3000,0,16.314566312516664,244.4377878341901,418.2549698667499,484.73057906724546,0.9920048489880516,95.47629708973572,0.2502691670015338
B,quadratic,N2,adam,F0,0,8000,0,8000,1924,1,0.12223149425449589,0.16754805044838966,0.2456744021049842,0.3459881432861011,-0.6404323930844668,0.18351595533209636,0.16099016700172797
B,quadratic,N2,adam,F0,1,8000,0,8000,1005,1,0.7445830058851634,0.14500050172873744,0.22854553127336516,0.332409655048825,-0.6521473977537035,0.211118004453532,0.15940941599546932
B,quadratic,N2,adam,F0,2,8000,0,8000,519,1,-0.4563708189767671,0.15696577922216826,0.23905612465092035,0.3412677912814738,-0.6340607526246045,0.28096552819249754,0.16487524999683956
B,quadratic,N2,adam,F0,3,8000,0,8000,508,1,0.2659968879741175,0.15525710420238337,0.21393411191152265,0.3035405675292097,-0.6831373730494151,0.21746274625921844,0.16618283400021028
B,quadratic,N2,adam,F0,4,8000,0,8000,830,1,0.021862832840828402,0.18654916990724038,0.27081719636235585,0.39554907724283517,-0.6442513075445051,0.23469023061553868,0.16816499999549706
B,quadratic,N2,adam,F0,5,8000,0,8000,187,1,-0.48810624743239533,0.16614150085983195,0.2278803356370901,0.3478372799854667,-0.6310400297810331,0.23050224890724294,0.16239691699593095
B,quadratic,N2,adam,F0,6,8000,0,8000,605,1,-0.02302133160388443,0.13887455140085575,0.22491306517649273,0.3153773208118484,-0.6437304979706346,0.20701809182290562,0.16466816600586753
B,quadratic,N2,adam,F0,7,8000,0,8000,199,1,0.368692100365042,0.16047133769335578,0.24776654952250257,0.3698484611834697,-0.6340656676197018,0.30753076863443923,0.1636762499983888
B,quadratic,N2,adam,F1,0,8000,0,8000,2284,1,0.13886105762482687,0.19029315124012544,0.2800743734778223,0.3986925955220897,-0.5839572309432148,0.22860302151039497,0.16187770900432952
B,quadratic,N2,adam,F1,1,8000,0,8000,1048,1,0.612319969643114,0.16038411790575155,0.26188552689094524,0.3783149658097764,-0.5947706406696147,0.1892526609589609,0.16166479200182948
B,quadratic,N2,adam,F1,2,8000,0,8000,522,1,-0.4200425498513119,0.18222486244189667,0.2713727936282717,0.3909047984636071,-0.576453113114271,0.3070242141192716,0.1687813750031637
B,quadratic,N2,adam,F1,3,8000,0,8000,288,1,0.22624378659589522,0.1663434396941684,0.25044455584937325,0.3558411117238182,-0.6200780950495348,0.24497688985491534,0.1702205409965245
B,quadratic,N2,adam,F1,4,8000,0,8000,836,1,-0.05027537271097741,0.1994226553760679,0.2988922655848256,0.44593063905251706,-0.5891701831234877,0.28539377344518096,0.17616104199987603
B,quadratic,N2,adam,F1,5,8000,0,8000,2163,1,-0.44194092194801426,0.18558728256922036,0.25511611204915435,0.39007658624258784,-0.5759668248723734,0.24501056741200497,0.16593466599442763
B,quadratic,N2,adam,F1,6,8000,0,8000,602,1,-0.0014179931350025165,0.1611138332286723,0.25790557780607815,0.36233548280292716,-0.5872654849886167,0.23179559996015311,0.16881629200361203
B,quadratic,N2,adam,F1,7,8000,0,8000,211,1,0.3263274896393355,0.18468409818186446,0.28356710748783376,0.41289863770909185,-0.5786404356904042,0.36381887988564243,0.16400699999940116
B,quadratic,N2,adam,F2,0,8000,0,8000,130,1,0.16587760706128976,0.12438752550444729,0.18210681025902992,0.24101285328778876,-0.7782069400029877,0.15538455370561766,0.19850087499798974
B,quadratic,N2,adam,F2,1,8000,0,8000,1010,1,0.8474415658828943,0.10436436377151709,0.16645312422267083,0.2368294356839132,-0.7863831862018731,0.21258649310511668,0.19862825000018347
B,quadratic,N2,adam,F2,2,8000,0,8000,34,1,-0.6377772930490958,0.11226851732223832,0.1668770719888499,0.25488745555553677,-0.7679629288224827,0.2706274986147082,0.19887645800190512
B,quadratic,N2,adam,F2,3,8000,0,8000,114,1,0.47749803316286954,0.10547577638984512,0.15178922100086062,0.2043892878355359,-0.8330860905592654,0.20084913618615066,0.20741808399907313
B,quadratic,N2,adam,F2,4,8000,0,8000,151,1,0.0815130472493961,0.14948291209647693,0.21293168044172256,0.2829694811514694,-0.7811321467766956,0.21133600876507075,0.2055733329980285
B,quadratic,N2,adam,F2,5,8000,0,8000,1129,1,-0.7022251775838767,0.12416401555549354,0.17166798121448956,0.2272873667469168,-0.7684094351919274,0.21744013189568762,0.20176575000368757
B,quadratic,N2,adam,F2,6,8000,0,8000,595,1,-0.1165260015067664,0.10651935643363107,0.15990624064454897,0.2325777386919549,-0.7823403526559993,0.15911457650663047,0.20814683299977332
B,quadratic,N2,adam,F2,7,8000,0,8000,208,1,0.3589358712353225,0.11566153987698688,0.1836167554791356,0.27519371040987306,-0.7736509284891342,0.2614025191220713,0.19972962499741698
B,quadratic,N2,adam,F3,0,8000,0,8000,57,1,0.47002330684929866,0.09419173401950681,0.12587512927096123,0.1643411545198755,-0.9358455099528128,0.21488870969756926,0.17530895800155122
B,quadratic,N2,adam,F3,1,8000,0,8000,150,1,1.5448093589614373,0.07476681546540376,0.11517723172816915,0.17233226792566073,-0.9395474977232472,0.2823450337418213,0.17103645899624098
B,quadratic,N2,adam,F3,2,8000,0,8000,19,1,-0.4261317728729858,0.08589654047358888,0.12133646292930812,0.17775990081656148,-0.9096789533875359,0.27370840862670287,0.17046091699739918
B,quadratic,N2,adam,F3,3,8000,0,8000,25,1,0.7129659523308297,0.06979289559895062,0.10564064642001256,0.14176901861994337,-1.0046771982111036,0.2719256361113072,0.17310316699877148
B,quadratic,N2,adam,F3,4,8000,0,8000,88,1,0.08265893662488602,0.11532454554201757,0.14930124596847005,0.20160120885426977,-0.9347346889217706,0.22290332209108973,0.16996320799808018
B,quadratic,N2,adam,F3,5,8000,0,8000,51,1,-0.980421225978125,0.09022569976797044,0.11771481600003506,0.15932890318514076,-0.9125741386746852,0.20458384720339126,0.16913516600470757
B,quadratic,N2,adam,F3,6,8000,0,8000,22,1,-0.11106402115178222,0.08505474033072205,0.11200943929706007,0.16473818266041051,-0.9349868997324402,0.2392126120884039,0.1695543340028962
B,quadratic,N2,adam,F3,7,8000,0,8000,49,1,0.4509645680668014,0.09293393834670435,0.13460738639840036,0.20358350762436653,-0.9194302157109843,0.2833044225534616,0.1724428329980583
B,quadratic,N2,adam,F4,0,8000,0,8000,2284,1,0.14432018692928555,0.18777745686680963,0.27426208332600166,0.39966260324707553,-0.5875497221874386,0.21244053695935547,1.4532647089945385
B,quadratic,N2,adam,F4,1,8000,0,8000,1049,1,0.6249936011730396,0.1623638155271817,0.2603621351225772,0.37393481431831277,-0.5979158201481806,0.19124665093091442,1.4766930839978158
B,quadratic,N2,adam,F4,2,8000,0,8000,521,1,-0.4527074847302644,0.17323976482177061,0.2721206431406726,0.38993107019646,-0.5794381358924725,0.3039965719510367,1.468704124999931
B,quadratic,N2,adam,F4,3,8000,0,8000,286,1,0.19293298241776072,0.16186516815147997,0.24793086101498557,0.3552496849255597,-0.6220081635586054,0.2460633127469113,1.468118292003055
B,quadratic,N2,adam,F4,4,8000,0,8000,832,1,-0.10048253392204437,0.20317513092554296,0.29872607147154684,0.4477100378998776,-0.5893290078786261,0.26000790528290546,1.486423084003036
B,quadratic,N2,adam,F4,5,8000,0,8000,187,1,-0.4594258827094789,0.17964892153821024,0.2561077878556314,0.3943038632966724,-0.5783744748241066,0.23388373171433002,1.4815778749980382
B,quadratic,N2,adam,F4,6,8000,0,8000,598,1,-0.022783909133702505,0.16149886002778116,0.25621147991077187,0.3657426684375321,-0.5895377518091754,0.22692835622299176,1.4949871660064673
B,quadratic,N2,adam,F4,7,8000,0,8000,210,1,0.30887463738075555,0.1833018974632822,0.27459694889574193,0.4136095651215272,-0.5822090762456443,0.3403742262393589,1.4469158339998103
B,quadratic,N2,adamw,F0,0,8000,0,8000,1924,1,0.1222170357106256,0.16754738208606546,0.24567200516683385,0.34598461735115155,-0.6404370369416464,0.18351316559251257,0.16636695800116286
B,quadratic,N2,adamw,F0,1,8000,0,8000,1005,1,0.7445771366087709,0.14499821540132732,0.22854268574289527,0.3324039654543467,-0.6521531043398674,0.21111601954219,0.18350708399520954
B,quadratic,N2,adamw,F0,2,8000,0,8000,519,1,-0.45637515194858097,0.15696359540574084,0.23905199801581678,0.3412615913245286,-0.6340668457151598,0.2809609574814153,0.1923577089983155
B,quadratic,N2,adamw,F0,3,8000,0,8000,508,1,0.26598370790239473,0.1552557800128686,0.21393096012808985,0.303537134335374,-0.6831429033968609,0.21746158706931154,0.19706399999995483
B,quadratic,N2,adamw,F0,4,8000,0,8000,830,1,0.02189941649545284,0.18654719443300805,0.27081085024738205,0.39554508782511016,-0.6442586925553523,0.23468686778313894,0.20068745799653698
B,quadratic,N2,adamw,F0,5,8000,0,8000,187,1,-0.4881204813894684,0.16614022791901076,0.2278791809059741,0.3478333931456755,-0.6310439368879001,0.23050120395379284,0.1990090839972254
B,quadratic,N2,adamw,F0,6,8000,0,8000,605,1,-0.02302783499750711,0.13887311803315677,0.2249111285025785,0.31537257246026956,-0.643736025325565,0.20701821395427678,0.21089224999741418
B,quadratic,N2,adamw,F0,7,8000,0,8000,199,1,0.3686828970243848,0.16046723341583302,0.24776293841745817,0.36984425069588306,-0.6340715444047625,0.3075260894149172,0.20612445800361456
B,quadratic,N2,adamw,F1,0,8000,0,8000,2284,1,0.13885495303335843,0.1902921746615864,0.28007238132007123,0.39869049185447236,-0.583959796798993,0.22860129449077476,0.2143776670054649
B,quadratic,N2,adamw,F1,1,8000,0,8000,1048,1,0.6123175201599085,0.16038345337820994,0.2618844775098593,0.3783117924960945,-0.5947737281403925,0.18925187748430794,0.2032876250013942
B,quadratic,N2,adamw,F1,2,8000,0,8000,522,1,-0.42004441314742236,0.18222409207053436,0.27137053784565085,0.390901162299576,-0.5764564004543761,0.30702147107957817,0.20506879199820105
B,quadratic,N2,adamw,F1,3,8000,0,8000,288,1,0.22623878895866412,0.16634230750811166,0.2504438944998222,0.35583866960178445,-0.6200811087520877,0.24497634506080476,0.19615312500536675
B,quadratic,N2,adamw,F1,4,8000,0,8000,836,1,-0.050258339311980094,0.19942026590261966,0.2988890439890003,0.4459264071485464,-0.5891740006422865,0.2853917523096733,0.1980465419983375
B,quadratic,N2,adamw,F1,5,8000,0,8000,2163,1,-0.44194863003603824,0.18558673469745648,0.2551149618590153,0.3900753419527771,-0.5759690409812638,0.24501005468195716,0.18781687500450062
B,quadratic,N2,adamw,F1,6,8000,0,8000,602,1,-0.0014203444467613521,0.1611125257529968,0.2579027385284156,0.36233180571291007,-0.5872684896759451,0.23179571602527996,0.19119516600039788
B,quadratic,N2,adamw,F1,7,8000,0,8000,211,1,0.326324612146556,0.1846818997801766,0.2835651891694688,0.41289632226080364,-0.5786435769658494,0.36381581384931766,0.1830154169947491
B,quadratic,N2,adamw,F2,0,8000,0,8000,130,1,0.16587560048555466,0.12438728144389588,0.18210645356206587,0.24101238379791096,-0.7782075800613947,0.15538432581579012,0.21935974999360042
B,quadratic,N2,adamw,F2,1,8000,0,8000,1010,1,0.8474413305222394,0.10436420726775225,0.16645283381841797,0.23682906401645654,-0.7863843147516539,0.21258631145447307,0.21640779100562213
B,quadratic,N2,adamw,F2,2,8000,0,8000,34,1,-0.6377781011528408,0.11226817771581009,0.16687677837388643,0.25488694976828685,-0.7679639981688429,0.27062690718673493,0.2317292079969775
B,quadratic,N2,adamw,F2,3,8000,0,8000,114,1,0.4774965023834214,0.10547567396768541,0.15178910405328266,0.20438899434379887,-0.833086980041972,0.2008490039420206,0.2250162919954164
B,quadratic,N2,adamw,F2,4,8000,0,8000,151,1,0.08151869851145688,0.14948274656461202,0.21293154638021583,0.28296862766019926,-0.7811333689696546,0.21133556964235606,0.24312808299873723
B,quadratic,N2,adamw,F2,5,8000,0,8000,1129,1,-0.7022279168523936,0.1241639644312405,0.17166769461487605,0.22728696252884978,-0.7684098974051414,0.21744022614410488,0.23446645800140686
B,quadratic,N2,adamw,F2,6,8000,0,8000,595,1,-0.11652667342018336,0.10651908734543107,0.15990592579849233,0.23257715579080898,-0.7823412435862166,0.15911463960873962,0.23772633299813606
B,quadratic,N2,adamw,F2,7,8000,0,8000,208,1,0.35893483999095377,0.11566131963396242,0.18361660069967373,0.27519322638068383,-0.7736519286429484,0.26140197155082495,0.2513667919993168
B,quadratic,N2,adamw,F3,0,8000,0,8000,57,1,0.4700213536428226,0.094191383268932,0.1258749588259588,0.16434098501150893,-0.935845987649021,0.21488835374802365,0.22516295799869113
B,quadratic,N2,adamw,F3,1,8000,0,8000,150,1,1.5448101586195464,0.07476659493727125,0.11517713985027694,0.17233207710298992,-0.9395484821822616,0.28234497665041514,0.2103257909984677
B,quadratic,N2,adamw,F3,2,8000,0,8000,19,1,-0.42613349406856466,0.08589634121372848,0.12133641162401068,0.17775953723999816,-0.9096799302775203,0.27370797601893,0.2103156669982127
B,quadratic,N2,adamw,F3,3,8000,0,8000,25,1,0.7129645708831593,0.06979277817572377,0.1056404102057527,0.14176868644666374,-1.0046779477215713,0.2719254056362878,0.20260299999790732
B,quadratic,N2,adamw,F3,4,8000,0,8000,88,1,0.08266541393184403,0.1153244087798692,0.1493009433262863,0.2016007065623901,-0.9347357654790924,0.22290295044656183,0.19547425000200747
B,quadratic,N2,adamw,F3,5,8000,0,8000,51,1,-0.9804243493575382,0.09022556379715509,0.1177147763250037,0.15932855341445618,-0.9125743599761241,0.2045836446151369,0.1980547910061432
B,quadratic,N2,adamw,F3,6,8000,0,8000,22,1,-0.11106463049792754,0.08505446729996775,0.11200918290267169,0.16473784914022863,-0.9349877039723726,0.2392125921100857,0.1898829999990994
B,quadratic,N2,adamw,F3,7,8000,0,8000,49,1,0.450963076780346,0.092933847054082,0.13460728080201298,0.20358318820379273,-0.9194311685762699,0.28330400685351975,0.1915339170009247
B,quadratic,N2,adamw,F4,0,8000,0,8000,2284,1,0.14431207048050426,0.18777509533519485,0.27425981299375757,0.3996584037077668,-0.5875529311258051,0.21243850659774074,1.5002086669992423
B,quadratic,N2,adamw,F4,1,8000,0,8000,1049,1,0.6249903498995869,0.16236194627718092,0.26035897186026585,0.3739299597740278,-0.5979197076817498,0.1912453682303643,1.5322509999969043
B,quadratic,N2,adamw,F4,2,8000,0,8000,521,1,-0.4527095796224812,0.17323764659658303,0.2721171363402206,0.38992563442155753,-0.5794422484101653,0.30399313545876727,1.5637071249948349
B,quadratic,N2,adamw,F4,3,8000,0,8000,286,1,0.19292632543895344,0.16186354111485876,0.2479287893353944,0.3552459341835099,-0.6220119380110238,0.24606259357824134,1.488264291001542
B,quadratic,N2,adamw,F4,4,8000,0,8000,832,1,-0.10046060522385683,0.20317238672252239,0.2987221174721133,0.44770711108731703,-0.5893338425795237,0.26000550084320956,1.5392100419994676
B,quadratic,N2,adamw,F4,5,8000,0,8000,187,1,-0.45943437710263596,0.1796476016474125,0.25610541741591886,0.39430158989583086,-0.5783772217724704,0.23388321160640346,1.5249931250000373
B,quadratic,N2,adamw,F4,6,8000,0,8000,598,1,-0.022787615783188487,0.16149761541740168,0.2562091091939646,0.3657383595124643,-0.5895414944894516,0.22692845759738872,1.5022350830040523
B,quadratic,N2,adamw,F4,7,8000,0,8000,210,1,0.3088692241290965,0.1832991461420215,0.2745949231589879,0.4136066120772597,-0.5822130381951579,0.34037077987407593,1.6195749170001363
B,quadratic,N4,adam,F0,0,8000,0,8000,8000,0,0.10410625839226277,33.445980687329815,40.287142297734505,53.28554426373963,1.7235830401069003,3.9454549888752166,0.2947036250043311
B,quadratic,N4,adam,F0,1,8000,0,8000,8000,0,-1.2234013633821177,40.08205174155566,45.26465553630872,52.88160527430912,1.638541907909216,3.5541935009307304,0.25234466700203484
B,quadratic,N4,adam,F0,2,8000,0,8000,8000,0,0.1141755975383163,58.690093550650445,69.56569047601992,92.08416584701017,1.5727419363265673,5.655710828175021,0.2455229999977746
B,quadratic,N4,adam,F0,3,8000,0,8000,8000,0,-1.073626857673729,67.79624659491299,75.85994122857795,113.51196222204861,1.666401433656771,4.390121162468438,0.2527783749974333
B,quadratic,N4,adam,F0,4,8000,0,8000,8000,0,-3.4967073742112746,32.36973576802898,39.8644735746117,61.530148674343465,1.7809897073678564,3.1671543375883604,0.2656049169963808
B,quadratic,N4,adam,F0,5,8000,0,8000,8000,0,-2.143152176008689,28.167828933232798,35.594107623033246,64.40299732603276,1.6111540769424304,2.942558247811086,0.24876591600332176
B,quadratic,N4,adam,F0,6,8000,0,8000,8000,0,-1.4244430133758017,40.91685791514145,46.739293929424775,56.697365829074506,1.5257013787040692,4.717052214511531,0.25741862499853596
B,quadratic,N4,adam,F0,7,8000,0,8000,8000,0,2.993376376612368,70.79538649695307,85.619242115919,93.91182493537525,1.6717115586782265,4.864450795528611,0.20213008299469948
B,quadratic,N4,adam,F1,0,8000,0,8000,8000,0,0.5938247614998637,44.09789024145152,60.518975114358014,78.37596246569845,1.8589229294800602,5.252439296299459,0.2052342500028317
B,quadratic,N4,adam,F1,1,8000,0,8000,8000,0,-0.374926238144544,57.26174483049508,68.24721615339183,82.46016842723796,1.7991718205477887,4.708943426313341,0.22336337500019
B,quadratic,N4,adam,F1,2,8000,0,8000,8000,0,1.0123358090520505,98.2039530577644,130.44199629466056,163.83316632246007,1.7450699130961884,7.891128528294773,0.22991062499932013
B,quadratic,N4,adam,F1,3,8000,0,8000,8000,0,-1.4973024227869078,84.51769326978363,112.12181110374591,159.64024972394228,1.8302242711608492,5.299270097414322,0.22986016699724132
B,quadratic,N4,adam,F1,4,8000,0,8000,8000,0,-4.134325654390542,36.04185111348248,45.473515900277505,76.66758395028386,1.9331829743177762,3.131718153229638,0.25612741700024344
B,quadratic,N4,adam,F1,5,8000,0,8000,8000,0,-2.507410592809612,30.964875292961874,42.09463085583632,78.68824495069553,1.7430285408023047,3.162728085818018,0.26526804199966136
B,quadratic,N4,adam,F1,6,8000,0,8000,8000,0,-2.0871236777403728,56.205900207446255,70.18753769560993,84.11524876341764,1.7097291762387894,5.390896084667761,0.23729133300366811
B,quadratic,N4,adam,F1,7,8000,0,8000,8000,0,2.9775667430679005,121.13809444790712,136.27444112026336,142.78611300065427,1.8184402976514091,5.828552317090547,0.2781576249981299
B,quadratic,N4,adam,F2,0,8000,0,8000,8000,0,1.2461418368285893,54.83533731493728,82.56268488001662,103.53071778171216,1.964410296625301,6.663047923434036,0.3058131660000072
B,quadratic,N4,adam,F2,1,8000,0,8000,8000,0,0.1974466086048311,77.32280386125178,97.33752004771955,125.76320825744841,1.9209202228198075,5.8605388244165395,0.26602195799932815
B,quadratic,N4,adam,F2,2,8000,0,8000,8000,0,1.3762203866121119,147.14272597869552,198.0266369232093,242.37522011404573,1.8628742339978517,9.606717489305678,0.2890733750027721
B,quadratic,N4,adam,F2,3,8000,0,8000,8000,0,-1.4307200488853422,96.4493326611761,165.38398984749495,201.12202944618247,1.947982470233918,6.453254962372708,0.3230565000048955
B,quadratic,N4,adam,F2,4,8000,0,8000,8000,0,-4.5929436638358405,37.6367766936547,48.90034252847974,88.82816400397516,2.0428193397132794,3.0415243926756776,0.26428212499740766
B,quadratic,N4,adam,F2,5,8000,0,8000,8000,0,-2.7106535524902022,30.410689307244656,51.33752412982614,90.02023793099411,1.8327910951663002,3.3073845370096824,0.25846058299794095
B,quadratic,N4,adam,F2,6,8000,0,8000,8000,0,-2.583790600266104,66.01337140839978,92.67746711155787,111.3375601125619,1.831573689839463,5.7149777790138225,0.2599328340002103
B,quadratic,N4,adam,F2,7,8000,0,8000,8000,0,2.9629808317583777,171.29323671069568,192.8047825893293,207.724650773619,1.9301491449987735,6.767383951528257,0.2500942920014495
B,quadratic,N4,adam,F3,0,8000,0,8000,8000,0,0.11957688055754383,33.99603265379662,40.909757179493425,54.145702545535265,1.7283477987804419,3.990811446169748,0.23809754199464805
B,quadratic,N4,adam,F3,1,8000,0,8000,8000,0,-1.2923991031541935,39.56686255895176,44.97789390547378,52.828597574908834,1.643764196287017,3.5577017479025486,0.21429450000141514
B,quadratic,N4,adam,F3,2,8000,0,8000,8000,0,0.14853839175789174,58.793741087061974,70.21143764253017,93.06711400179165,1.5782100363971132,5.716071000586106,0.20896179199917242
B,quadratic,N4,adam,F3,3,8000,0,8000,8000,0,-1.1013677433353704,68.64808754804974,76.01099427149617,114.11182168541549,1.6746143911639528,4.41466046748224,0.22918154099897947
B,quadratic,N4,adam,F3,4,8000,0,8000,8000,0,-3.525285698931806,32.771995635613784,40.245010575954566,62.42728742447948,1.7891163410773274,3.191575621214268,0.23523454099631635
B,quadratic,N4,adam,F3,5,8000,0,8000,8000,0,-2.1632904061670697,28.06155897364417,35.29241991282663,64.19925905181015,1.6170292330238587,2.9533996312692796,0.20628687499993248
B,quadratic,N4,adam,F3,6,8000,0,8000,8000,0,-1.3924166439716743,41.51265988500556,48.17877999285267,57.585362185507314,1.5350335925287928,4.785767234401598,0.2510505840036785
B,quadratic,N4,adam,F3,7,8000,0,8000,8000,0,3.0018342496417767,71.52557242940237,86.94295025983305,94.66943373510888,1.67673737005622,4.875919349186071,0.24384416599787073
B,quadratic,N4,adam,F4,0,8000,0,8000,8000,0,0.8203625936156276,40.456862066411865,57.33025768998657,71.37517239433355,1.8380627894929793,5.343037019188414,1.5829345409947564
B,quadratic,N4,adam,F4,1,8000,0,8000,8000,0,-0.21374982826642352,58.11674402839117,68.5770152097463,80.45720558080257,1.7859405768963843,4.7696980576184025,1.5466014589983388
B,quadratic,N4,adam,F4,2,8000,0,8000,8000,0,1.3829065027130785,98.78451609799716,137.0007978408415,166.0720671760667,1.7263511773721694,8.077204565791185,1.542992625007173
B,quadratic,N4,adam,F4,3,8000,0,8000,8000,0,-1.5439911052160233,79.89969363593814,106.06122267114087,155.00069201478644,1.8057350419682088,5.216015440582085,1.5742858750018058
B,quadratic,N4,adam,F4,4,8000,0,8000,8000,0,-4.2434450830558035,33.03536128943904,41.65005670854123,69.21378554536636,1.9158236322186086,2.9751457546001645,1.4971859590004897
B,quadratic,N4,adam,F4,5,8000,0,8000,8000,0,-2.5518022184131772,28.25084782761199,38.961856936144834,74.07078732417905,1.7118318917172126,3.0218854719833645,1.5379759170027683
B,quadratic,N4,adam,F4,6,8000,0,8000,8000,0,-2.36946974707918,51.921125373059745,65.12337387804361,81.54833867791181,1.6856432559963428,5.140258723115045,1.5250293749995762
B,quadratic,N4,adam,F4,7,8000,0,8000,8000,0,3.146881416483884,120.88581484987276,135.83257542676654,142.82671746748767,1.7989356481650913,5.906410414886301,1.5599010410005576
B,quadratic,N4,adamw,F0,0,8000,0,8000,8000,0,0.10635030795811813,33.433482127781325,40.27563192938665,53.26048885632783,1.7233195419230274,3.9446967577766427,0.19297208400530508
B,quadratic,N4,adamw,F0,1,8000,0,8000,8000,0,-1.2229321973937113,40.06186305085351,45.24443854467618,52.85574753384179,1.6383359868965477,3.553154080010545,0.19565412499650847
B,quadratic,N4,adamw,F0,2,8000,0,8000,8000,0,0.11276514469138099,58.662164573512875,69.51815791426091,92.01488653527035,1.5725825258970876,5.652849985592967,0.19457866699667647
B,quadratic,N4,adamw,F0,3,8000,0,8000,8000,0,-1.0742501184998705,67.73925948000034,75.79389532310252,113.4371856668884,1.6662106879579532,4.388780960823744,0.19306004099780694
B,quadratic,N4,adamw,F0,4,8000,0,8000,8000,0,-3.495779186378688,32.31781852690589,39.79662439798923,61.43018600751837,1.7806164153769097,3.1650621722283585,0.19770900000003166
B,quadratic,N4,adamw,F0,5,8000,0,8000,8000,0,-2.142896575107914,28.149206872497583,35.57158768469533,64.36598739621414,1.610985029810799,2.941894666211277,0.19069866600329988
B,quadratic,N4,adamw,F0,6,8000,0,8000,8000,0,-1.4247751858437314,40.88293861793964,46.705179730152224,56.65229842174339,1.5254972049031057,4.714859416115442,0.19734829100343632
B,quadratic,N4,adamw,F0,7,8000,0,8000,8000,0,2.99314954114197,70.76702301826414,85.57027205893833,93.85768651028306,1.6715478732204447,4.862404178205826,0.19219624999823282
B,quadratic,N4,adamw,F1,0,8000,0,8000,8000,0,0.5959483363613525,44.08350043636513,60.501401310072644,78.34701877699862,1.8586964885712078,5.251398294372157,0.1978956249949988
B,quadratic,N4,adamw,F1,1,8000,0,8000,8000,0,-0.37511005733056424,57.230267818433376,68.21637080281825,82.42586069264058,1.798983725227414,4.707293867478034,0.19408670899429126
B,quadratic,N4,adamw,F1,2,8000,0,8000,8000,0,1.010310983110034,98.15980125143227,130.34097299599077,163.69931164671982,1.7449245303194312,7.886975364071876,0.19541300000128103
B,quadratic,N4,adamw,F1,3,8000,0,8000,8000,0,-1.4976325453343853,84.45216955725904,112.0666206452772,159.54922403644807,1.8300624189181167,5.298181631369713,0.21054329199978383
B,quadratic,N4,adamw,F1,4,8000,0,8000,8000,0,-4.131987730641381,35.99392023844275,45.41955201465715,76.55006234407762,1.9328407679067634,3.130224647011955,0.20235545899777208
B,quadratic,N4,adamw,F1,5,8000,0,8000,8000,0,-2.507029369366805,30.9545670565192,42.08392406393446,78.65529463677117,1.7428991525759803,3.162266788891701,0.20178691700130003
B,quadratic,N4,adamw,F1,6,8000,0,8000,8000,0,-2.08700361081443,56.15487876085452,70.13870053041532,84.04629501790647,1.7095470565546904,5.3889039754512655,0.2038843749978696
B,quadratic,N4,adamw,F1,7,8000,0,8000,8000,0,2.977006277804276,121.09624636778098,136.2084269949351,142.71481224628047,1.818304005535351,5.826272385038024,0.19554770900140284
B,quadratic,N4,adamw,F2,0,8000,0,8000,8000,0,1.2480827252097237,54.826379351103306,82.54159687521353,103.50141783164823,1.9642024400632343,6.661729887000536,0.23428012499789475
B,quadratic,N4,adamw,F2,1,8000,0,8000,8000,0,0.19682322759746826,77.27843018335176,97.28742181051135,125.70662778214886,1.9207408996959554,5.858242797034976,0.22980229200038593
B,quadratic,N4,adamw,F2,2,8000,0,8000,8000,0,1.373989862817431,147.0741613163936,197.8914778031018,242.17744898061008,1.8627410590952658,9.601763251560001,0.22963287500169827
B,quadratic,N4,adamw,F2,3,8000,0,8000,8000,0,-1.431068352241091,96.38072670560294,165.30896453012033,201.02598829395524,1.9478395675200573,6.452243621232589,0.23254824999457924
B,quadratic,N4,adamw,F2,4,8000,0,8000,8000,0,-4.589654978350387,37.604443326740196,48.85331871805215,88.69962661163606,2.042497837817011,3.0404444925805145,0.2337753329993575
B,quadratic,N4,adamw,F2,5,8000,0,8000,8000,0,-2.710385809483087,30.399376588946488,51.328832223179475,89.99335666813114,1.832688615962893,3.307067466139008,0.23022774999844842
B,quadratic,N4,adamw,F2,6,8000,0,8000,8000,0,-2.5834037690628042,65.96515688915404,92.62964277642575,111.26257449084484,1.831412541482705,5.713334059834312,0.23749983400193742
B,quadratic,N4,adamw,F2,7,8000,0,8000,8000,0,2.962167083036623,171.1883067742852,192.72121038067323,207.62969376059218,1.9300290896916859,6.764773576359876,0.23355045900098048
B,quadratic,N4,adamw,F3,0,8000,0,8000,8000,0,0.12181378096752137,33.98087484656307,40.89821104065588,54.11744344825753,1.7280857338948212,3.9900455843132905,0.20017929199821083
B,quadratic,N4,adamw,F3,1,8000,0,8000,8000,0,-1.2919485852394261,39.54703205606423,44.957915697921464,52.80331528205242,1.6435594648659595,3.5566826845667334,0.2046916660037823
B,quadratic,N4,adamw,F3,2,8000,0,8000,8000,0,0.1471170787914655,58.76582959859651,70.1619638084978,92.99661121502155,1.5780516171088994,5.713172881563074,0.20648408300621668
B,quadratic,N4,adamw,F3,3,8000,0,8000,8000,0,-1.1019680414683635,68.58778211643467,75.94492516491022,114.03651597856602,1.6744254696232124,4.413353901021472,0.20494204200076638
B,quadratic,N4,adamw,F3,4,8000,0,8000,8000,0,-3.5243289471435038,32.714910880949205,40.18700697731944,62.325474639423504,1.788741214155282,3.1894914016023512,0.2013164579984732
B,quadratic,N4,adamw,F3,5,8000,0,8000,8000,0,-2.1629958131678793,28.0459902195641,35.26992779266192,64.16264728980542,1.6168619669968698,2.9527638986573512,0.20040954100113595
B,quadratic,N4,adamw,F3,6,8000,0,8000,8000,0,-1.3927317580027028,41.47618722958286,48.14382539176442,57.53919502834962,1.534830210369453,4.783575623723472,0.20104050000372808
B,quadratic,N4,adamw,F3,7,8000,0,8000,8000,0,3.0015767761760306,71.49724599745927,86.89437028969596,94.61499729321665,1.6765763729933183,4.873872257796615,0.1966532080041361
B,quadratic,N4,adamw,F4,0,8000,0,8000,8000,0,0.8224179917877538,40.44833738227837,57.3095531115481,71.35230810497332,1.8378445222212876,5.3419929827823935,1.4866072919976432
B,quadratic,N4,adamw,F4,1,8000,0,8000,8000,0,-0.2141907883001084,58.08485758706552,68.54501800373859,80.42093516020401,1.7857586597875375,4.76792579013729,1.5401107500001672
B,quadratic,N4,adamw,F4,2,8000,0,8000,8000,0,1.380806297437008,98.74738975788654,136.89120217910335,165.93065594359578,1.7262123064151487,8.073059173334277,1.4126697500032606
B,quadratic,N4,adamw,F4,3,8000,0,8000,8000,0,-1.544345614144621,79.84178797242829,106.01257419821751,154.9196316404689,1.8055823220142662,5.215053978076672,1.4787281250028173
B,quadratic,N4,adamw,F4,4,8000,0,8000,8000,0,-4.240662263746858,33.00297377614907,41.607800336206495,69.11408657213141,1.9154979280826665,2.9739792861102474,1.519922833002056
B,quadratic,N4,adamw,F4,5,8000,0,8000,8000,0,-2.5514740583353372,28.242363750102825,38.953564104598456,74.04329870166463,1.7117139690515004,3.02150516595197,1.4639519159973133
B,quadratic,N4,adamw,F4,6,8000,0,8000,8000,0,-2.369254350215868,51.89059768053193,65.08065089167798,81.48399464723774,1.6854707642388884,5.138562781625934,1.4879093330018804
B,quadratic,N4,adamw,F4,7,8000,0,8000,8000,0,3.1463081825333696,120.846409046,135.77274850568918,142.75866556639133,1.7988061278186442,5.904200957149835,1.4635258329944918
B,logistic,N2,adam,F0,0,8000,0,8000,8000,0,1.6188677472875574,0.01828283071689218,0.02082671752807875,0.025617063553098552,-1.6059579056635884,0.8413333333333334,1.4940542089971132
B,logistic,N2,adam,F0,1,8000,0,8000,4659,1,0.7142978788532698,0.012000226810011783,0.016847660144121764,0.027983924595356802,-1.7297738653219317,0.83,1.556498041994928
B,logistic,N2,adam,F0,2,8000,0,8000,8000,0,-1.2022654352080189,0.009430612546033506,0.016319649936889714,0.021368228853505165,-1.7382522388165045,0.872,1.477430666993314
B,logistic,N2,adam,F0,3,8000,0,8000,8000,0,0.4956627888855982,0.013377240835532583,0.019617380311390098,0.02541117102030401,-1.6966496479994222,0.8486666666666667,1.529750084002444
B,logistic,N2,adam,F0,4,8000,0,8000,8000,0,-0.8758050168586735,0.02083504241332323,0.03814544075946169,0.05633648362503087,-1.5503614976592057,0.8206666666666667,1.4997225830011303
B,logistic,N2,adam,F0,5,8000,0,8000,8000,0,-2.6504631264763456,0.011654474360472188,0.015398851070195604,0.022492692808375115,-1.626869283056662,0.8546666666666667,1.5031491249974351
B,logistic,N2,adam,F0,6,8000,0,8000,8000,0,-0.47001625636344724,0.02549335470788288,0.03318379956724711,0.047241333142248244,-1.6566084339997733,0.828,1.5141629159988952
B,logistic,N2,adam,F0,7,8000,0,8000,8000,0,0.45660780517240634,0.01341988327186202,0.015091287889867421,0.02043037858720408,-1.7104136818442304,0.8273333333333334,1.5455962080013705
B,logistic,N2,adam,F1,0,8000,0,8000,8000,0,1.5807605749298836,0.01836311809247119,0.02083885208770336,0.025941327082895815,-1.595981794435083,0.8406666666666667,1.5161404169994057
B,logistic,N2,adam,F1,1,8000,0,8000,4665,1,0.7265117465518522,0.012179519862291219,0.017132290288656156,0.029016705354938544,-1.718724286888079,0.8293333333333334,1.5865145419957116
B,logistic,N2,adam,F1,2,8000,0,8000,8000,0,-1.1822853040468302,0.009472423762844108,0.016307862132608233,0.02152600609950524,-1.7346405763111217,0.8713333333333333,1.4748526249968563
B,logistic,N2,adam,F1,3,8000,0,8000,8000,0,0.3487203599669251,0.013433785437912743,0.019747558281273322,0.026172233357166383,-1.6840812986100218,0.848,1.517057291996025
B,logistic,N2,adam,F1,4,8000,0,8000,8000,0,-0.9122349742523211,0.021038614122729775,0.03910996960315671,0.057170302599361976,-1.5331096799240524,0.82,1.481774874999246
B,logistic,N2,adam,F1,5,8000,0,8000,8000,0,-2.713830960103673,0.011625580218863287,0.015555431973562938,0.02276628029175699,-1.6186491916360999,0.8546666666666667,1.518061792005028
B,logistic,N2,adam,F1,6,8000,0,8000,8000,0,-0.35450805833878757,0.025941174526369026,0.03344994859554089,0.047996358643881895,-1.6490219504798687,0.8293333333333334,1.558736625003803
B,logistic,N2,adam,F1,7,8000,0,8000,8000,0,0.4057938290476429,0.013540537746913505,0.015203469414312236,0.02029958099121956,-1.6993230145757616,0.826,1.5108177500005695
B,logistic,N2,adam,F2,0,8000,0,8000,8000,0,1.675003409627232,0.018339631736955162,0.021237164725128474,0.026362242530479685,-1.6000637254147503,0.84,1.744758709006419
B,logistic,N2,adam,F2,1,8000,0,8000,4677,1,0.7383030622225348,0.012131926491739518,0.01694281601812922,0.02928927500939696,-1.7213743635539493,0.8293333333333334,1.7152434160016128
B,logistic,N2,adam,F2,2,8000,0,8000,8000,0,-1.0993074446989344,0.009543034462437575,0.0165666725026631,0.021602797222525134,-1.7361674443442379,0.8706666666666667,1.6820914170020842
B,logistic,N2,adam,F2,3,8000,0,8000,8000,0,0.40183812554965403,0.013486142986984166,0.019953919936659677,0.026421757949968098,-1.6862908840532531,0.8473333333333334,1.7161159999959636
B,logistic,N2,adam,F2,4,8000,0,8000,8000,0,-0.7873029362843645,0.02097760678773074,0.038983152466547974,0.057683947185233786,-1.5361978593924646,0.818,1.710624999999709
B,logistic,N2,adam,F2,5,8000,0,8000,8000,0,-2.771208178051225,0.01183418820072693,0.015282356268363023,0.02245255776012499,-1.6203249476962156,0.8566666666666667,1.7286109589986154
B,logistic,N2,adam,F2,6,8000,0,8000,8000,0,-0.31399843477239864,0.025489612698963895,0.03359825749109617,0.04854130975612384,-1.6506159142267047,0.8346666666666667,1.7559822499970323
B,logistic,N2,adam,F2,7,8000,0,8000,8000,0,0.2844286316694023,0.013654980511974108,0.01514498354459138,0.01931021172617649,-1.7036823992440693,0.824,1.6794717919983668
B,logistic,N2,adam,F3,0,8000,0,8000,8000,0,1.9314070194640656,0.019309157269317877,0.020712522264981836,0.024883813117838098,-1.6427659812122988,0.8446666666666667,1.6027377499995055
B,logistic,N2,adam,F3,1,8000,0,8000,4609,1,0.7127974151365487,0.012478418734974355,0.017089075937730014,0.0261978771852746,-1.7621343828302183,0.8206666666666667,1.5810207500035176
B,logistic,N2,adam,F3,2,8000,0,8000,8000,0,-1.3619100516447755,0.009541746023269852,0.01647342417498058,0.020356628253096733,-1.7698892343478656,0.864,1.555661250000412
B,logistic,N2,adam,F3,3,8000,0,8000,8000,0,0.23361722191051382,0.012577163168776074,0.017440241822196827,0.023938370507285752,-1.7321723889571217,0.846,1.5868212909990689
B,logistic,N2,adam,F3,4,8000,0,8000,8000,0,-0.9207147944600624,0.020125815281434135,0.034584361701394555,0.051371787646461456,-1.6081308801371603,0.812,1.5259645420010202
B,logistic,N2,adam,F3,5,8000,0,8000,8000,0,-3.0398171261129696,0.011555732562555926,0.012776586974851165,0.0207853946855403,-1.6520242265664842,0.8553333333333333,1.5769448330029263
B,logistic,N2,adam,F3,6,8000,0,8000,8000,0,-1.315595820895576,0.018275590895902062,0.033421440970986066,0.04616538736004688,-1.6838731192431484,0.8333333333333334,1.5535121249995427
B,logistic,N2,adam,F3,7,8000,0,8000,602,1,0.5209849463895021,0.01427987311131547,0.015110287186620929,0.01935400187996197,-1.7450925256246292,0.8286666666666667,1.4924095419992227
B,logistic,N2,adam,F4,0,8000,0,8000,8000,0,1.4796433037790226,0.0182916154019488,0.020468630046260552,0.02543797370641239,-1.594907419590797,0.8393333333333334,2.431622000003699
B,logistic,N2,adam,F4,1,8000,0,8000,4669,1,0.7798522779653467,0.012449594831790086,0.01748653488558368,0.028335358552955086,-1.7216947828497318,0.8293333333333334,2.4322237910018885
B,logistic,N2,adam,F4,2,8000,0,8000,8000,0,-1.124503438378067,0.009716391705792785,0.01651393184775129,0.021610026339872832,-1.730707313720791,0.8726666666666667,2.4086305419987184
B,logistic,N2,adam,F4,3,8000,0,8000,8000,0,0.3855989903150986,0.013421915574061858,0.0195889084786062,0.025126682924641527,-1.6864404137026991,0.85,2.458753083003103
B,logistic,N2,adam,F4,4,8000,0,8000,8000,0,-0.9789672740187392,0.02100530351062786,0.039562174736976874,0.056684797221842685,-1.5323784328864871,0.818,2.398240832997544
B,logistic,N2,adam,F4,5,8000,0,8000,8000,0,-2.7030381942147677,0.011548648178669307,0.015485688977668766,0.02245916402896518,-1.6204996541254963,0.8553333333333333,2.4433387919998495
B,logistic,N2,adam,F4,6,8000,0,8000,8000,0,-0.4009356983931164,0.025640369055709357,0.03356768864014871,0.0487761884970771,-1.6464070309130525,0.828,2.5030831250041956
B,logistic,N2,adam,F4,7,8000,0,8000,8000,0,0.48279208128104284,0.013408062659101447,0.015068608422980799,0.020135941152953245,-1.7059280534155534,0.8253333333333334,2.4078079579994665
B,logistic,N2,adamw,F0,0,8000,0,8000,8000,0,1.6096937697446758,0.018331272300895204,0.020850952054179313,0.025683721643084464,-1.605550097988103,0.842,1.609698957996443
B,logistic,N2,adamw,F0,1,8000,0,8000,4660,1,0.7157696150253963,0.01201614214876286,0.016910569304488823,0.028124656018976544,-1.7290545968322535,0.8293333333333334,1.5956997920002323
B,logistic,N2,adamw,F0,2,8000,0,8000,8000,0,-1.2074102546028727,0.009433034169815108,0.016372760359140016,0.02143147460116445,-1.7378254749621629,0.8713333333333333,1.498928083005012
B,logistic,N2,adamw,F0,3,8000,0,8000,8000,0,0.4871551149399425,0.01339015517699779,0.019644234795646653,0.02543442292245986,-1.6960329573407595,0.8486666666666667,1.523329833005846
B,logistic,N2,adamw,F0,4,8000,0,8000,8000,0,-0.876495863312935,0.020844051816930123,0.03816489317972054,0.05635726112225721,-1.5500891456521162,0.8206666666666667,1.5146668330053217
B,logistic,N2,adamw,F0,5,8000,0,8000,8000,0,-2.6529927945325444,0.011661006801332351,0.015408953350995317,0.022546770819087427,-1.6265540527601716,0.8546666666666667,1.5395222090010066
B,logistic,N2,adamw,F0,6,8000,0,8000,8000,0,-0.4746756024606476,0.025431948106156423,0.03322023324571982,0.04735947306109067,-1.6558499940361038,0.8273333333333334,1.5445458329995745
B,logistic,N2,adamw,F0,7,8000,0,8000,8000,0,0.46316384340710454,0.013443312863613593,0.015115455023171064,0.020529656981754338,-1.7099381358467345,0.8273333333333334,1.5411022499974933
B,logistic,N2,adamw,F1,0,8000,0,8000,8000,0,1.5712690300195424,0.018411278455878307,0.02087860859721343,0.02597272401492394,-1.5955765115000649,0.8406666666666667,1.5153370419939165
B,logistic,N2,adamw,F1,1,8000,0,8000,4666,1,0.727544830196927,0.012190057738882648,0.01718710806199497,0.02911610981699605,-1.7179953220463233,0.83,1.5508344580011908
B,logistic,N2,adamw,F1,2,8000,0,8000,8000,0,-1.1875250367472259,0.009474459260415721,0.01636103406814856,0.021588999447995607,-1.7342103593000255,0.872,1.521576750004897
B,logistic,N2,adamw,F1,3,8000,0,8000,8000,0,0.339137175996518,0.013448534769928955,0.019765489428585963,0.026195377861742666,-1.6834396390058848,0.8473333333333334,1.5601736669996171
B,logistic,N2,adamw,F1,4,8000,0,8000,8000,0,-0.9127767176945304,0.02104314970042815,0.03910728476347902,0.05718855246977081,-1.5328370267434897,0.82,1.545835042001272
B,logistic,N2,adamw,F1,5,8000,0,8000,8000,0,-2.7162183320724744,0.011633410682543812,0.015567151547167854,0.02281865424955505,-1.6183308263409557,0.8546666666666667,1.5782657500021742
B,logistic,N2,adamw,F1,6,8000,0,8000,8000,0,-0.356557090467768,0.0259236987561884,0.03342934459340066,0.0481564026161184,-1.648226429895077,0.8293333333333334,1.5401817919992027
B,logistic,N2,adamw,F1,7,8000,0,8000,8000,0,0.4123678141114525,0.013562746582535049,0.015236291502018712,0.020397611406960982,-1.6988506409139728,0.826,1.526895750001131
B,logistic,N2,adamw,F2,0,8000,0,8000,8000,0,1.6655430044405362,0.01838187273552107,0.02126536132761416,0.026395548323989042,-1.5996907571375116,0.84,1.5853334580024239
B,logistic,N2,adamw,F2,1,8000,0,8000,4677,1,0.7399703148651596,0.012135724661133603,0.01700695558166125,0.029400100294851864,-1.7206536229021554,0.8293333333333334,1.654324249997444
B,logistic,N2,adamw,F2,2,8000,0,8000,8000,0,-1.1042067587574813,0.009543909446492681,0.01662720342485577,0.02166195019783943,-1.7357550562502833,0.8706666666666667,1.517979500000365
B,logistic,N2,adamw,F2,3,8000,0,8000,8000,0,0.3927468367533902,0.013489457012377882,0.01997362118944217,0.02645724050378216,-1.6856794654405385,0.8473333333333334,1.571359207999194
B,logistic,N2,adamw,F2,4,8000,0,8000,8000,0,-0.7876954395550435,0.020986801030718434,0.03899168939325873,0.05770307915097681,-1.5359649041091274,0.8173333333333334,1.5313317499967525
B,logistic,N2,adamw,F2,5,8000,0,8000,8000,0,-2.7741888624840008,0.011843248262621479,0.015289216624218862,0.022495828047433112,-1.620014511409001,0.8566666666666667,1.5749634579988196
B,logistic,N2,adamw,F2,6,8000,0,8000,8000,0,-0.3190358982160177,0.025374731333410373,0.03363982834565209,0.04874585175495433,-1.649863484037562,0.836,1.5954009580018464
B,logistic,N2,adamw,F2,7,8000,0,8000,8000,0,0.2907205489288283,0.013676437663246065,0.01517863884772787,0.01938560325878718,-1.703233833695275,0.824,1.5813395419972949
B,logistic,N2,adamw,F3,0,8000,0,8000,8000,0,1.9234952619061072,0.019330316398297905,0.02077022816724228,0.024908581744831598,-1.6425010480823365,0.8446666666666667,1.5750018329999875
B,logistic,N2,adamw,F3,1,8000,0,8000,4609,1,0.7121092249253445,0.012493303793773246,0.01712785932315079,0.026265385678222192,-1.7616703295229832,0.8206666666666667,1.6125492920036777
B,logistic,N2,adamw,F3,2,8000,0,8000,8000,0,-1.3671685946690786,0.009546090770820014,0.01652515216937516,0.020402690966547465,-1.7695612266978265,0.864,1.470296250001411
B,logistic,N2,adamw,F3,3,8000,0,8000,8000,0,0.22987815177237336,0.012586121846739219,0.017446958979326105,0.023949097043376808,-1.7318546669181767,0.846,1.5469332920038141
B,logistic,N2,adamw,F3,4,8000,0,8000,8000,0,-0.9211380737364735,0.020125446208304715,0.03458315720655013,0.051399181261371656,-1.6080044470062052,0.812,1.5102960419972078
B,logistic,N2,adamw,F3,5,8000,0,8000,8000,0,-3.0417842693610657,0.011560646865223442,0.012773013618083019,0.02080035972807776,-1.6518525137725597,0.8553333333333333,1.586249667001539
B,logistic,N2,adamw,F3,6,8000,0,8000,8000,0,-1.3285025501818146,0.018126195641813895,0.03343025073193328,0.046236833285719973,-1.6834249924286577,0.832,1.5103911249971134
B,logistic,N2,adamw,F3,7,8000,0,8000,602,1,0.5274936432979056,0.014306015415168506,0.01514276038656677,0.019421852101774856,-1.744744839697904,0.828,1.5562656660040375
B,logistic,N2,adamw,F4,0,8000,0,8000,8000,0,1.4705930296150052,0.018338681239395766,0.02049726637523773,0.025484342739971425,-1.5945074858565982,0.8393333333333334,2.4105003329968895
B,logistic,N2,adamw,F4,1,8000,0,8000,4670,1,0.7804146266062326,0.012466898996330349,0.017558507575262325,0.028444711288690066,-1.720966503060357,0.8293333333333334,2.4698364999931073
B,logistic,N2,adamw,F4,2,8000,0,8000,8000,0,-1.1295111007710446,0.009718224325324952,0.016567344156131255,0.02167285818619201,-1.730277623361389,0.872,2.418669917002262
B,logistic,N2,adamw,F4,3,8000,0,8000,8000,0,0.37624430273542664,0.013422398649910544,0.019609596422155567,0.025149557940015624,-1.6857953394546148,0.85,2.4288183340031537
B,logistic,N2,adamw,F4,4,8000,0,8000,8000,0,-0.9794439708292774,0.021012177137950852,0.03958153242520187,0.0567027838977086,-1.5321138585853022,0.818,2.35365237500082
B,logistic,N2,adamw,F4,5,8000,0,8000,8000,0,-2.705127283738619,0.011558762423323014,0.015499874843948637,0.02250151362379671,-1.6201861582078982,0.8553333333333333,2.4647949999998673
B,logistic,N2,adamw,F4,6,8000,0,8000,8000,0,-0.4034052137594822,0.025637021586826545,0.033624064364043305,0.04893014549964192,-1.6456205150616645,0.8293333333333334,2.468069917005778
B,logistic,N2,adamw,F4,7,8000,0,8000,8000,0,0.4891662087106341,0.013426819940442978,0.015100365131107213,0.020230244178998685,-1.7054534228029132,0.8253333333333334,2.437826916000631
B,logistic,N4,adam,F0,0,8000,0,8000,8000,0,-0.2833495574515695,0.31931454177002033,0.3307074406609578,0.34391047373012595,-0.4499640316344714,0.476,1.5665229170044768
B,logistic,N4,adam,F0,1,8000,0,8000,8000,0,-0.18337044998231647,0.1840743047144292,0.2058013506213442,0.2164731973296464,-0.6405085208449129,0.582,1.4821289999963483
B,logistic,N4,adam,F0,2,8000,0,8000,8000,0,-0.2783613289025121,0.2432834539240655,0.25094403127555787,0.2558546290724443,-0.5598378092677683,0.5326666666666666,1.5299314160001813
B,logistic,N4,adam,F0,3,8000,0,8000,8000,0,-0.3348050783372951,0.15587174722330469,0.16603669258968362,0.1745987235276075,-0.6427734765945227,0.6433333333333333,1.4725500409986125
B,logistic,N4,adam,F0,4,8000,0,8000,8000,0,-0.14849918360612907,0.1439778072866834,0.14867343689732132,0.15205944814756123,-0.7707139774260591,0.6886666666666666,1.5270630840022932
B,logistic,N4,adam,F0,5,8000,0,8000,8000,0,0.3227987569913981,0.17699521456098163,0.1794114105257508,0.18936323068756725,-0.6834133110181086,0.616,1.5055606250025448
B,logistic,N4,adam,F0,6,8000,0,8000,8000,0,-0.6691555072924192,0.22869239792316243,0.24742451516611141,0.26181505569818264,-0.5229771565145674,0.576,1.4904583329989691
B,logistic,N4,adam,F0,7,8000,0,8000,8000,0,-0.12030330888768716,0.12882339684283967,0.13072976417667226,0.13359970757848602,-0.7918243303116326,0.7,1.4819398749968968
B,logistic,N4,adam,F1,0,8000,0,8000,8000,0,-0.30494583852462825,0.320397421753597,0.33284931317424776,0.3456731264587753,-0.44887435026228106,0.48,1.457764375001716
B,logistic,N4,adam,F1,1,8000,0,8000,8000,0,-0.09119681547726033,0.2006098921235765,0.22046200072473834,0.23124818896301447,-0.6157993211283544,0.57,1.4550827499988372
B,logistic,N4,adam,F1,2,8000,0,8000,8000,0,-0.27680723315123074,0.24549786851797759,0.2541828199799131,0.2592534199864034,-0.5497680815889134,0.5173333333333333,1.4919437499993364
B,logistic,N4,adam,F1,3,8000,0,8000,8000,0,-0.2604069030391201,0.16280559600326946,0.17424071601532787,0.18288842936077113,-0.6291959034399772,0.6306666666666667,1.4447242080059368
B,logistic,N4,adam,F1,4,8000,0,8000,8000,0,-0.07812002922864407,0.15077162061605326,0.15515458000163135,0.15759670479972937,-0.7684407338963607,0.6813333333333333,1.4499135409932933
B,logistic,N4,adam,F1,5,8000,0,8000,8000,0,0.37741683783882995,0.17724911398553103,0.17971300077444366,0.19262824228907,-0.6799959297554306,0.6126666666666667,1.419257583002036
B,logistic,N4,adam,F1,6,8000,0,8000,8000,0,-0.6531556187399594,0.22952163850034918,0.24675026374541048,0.25995235472215067,-0.5211231287753756,0.5726666666666667,1.44616049999604
B,logistic,N4,adam,F1,7,8000,0,8000,8000,0,-0.01763503125763251,0.12423534005417708,0.1277151582741466,0.13065112775570792,-0.804276489960622,0.704,1.4085794579950743
B,logistic,N4,adam,F2,0,8000,0,8000,8000,0,-0.32045823663406575,0.3212809435389018,0.3342839478683027,0.3487532581034064,-0.4483423373858227,0.4726666666666667,1.443384457998036
B,logistic,N4,adam,F2,1,8000,0,8000,8000,0,0.03757360341290144,0.21484990709035645,0.2312167093346742,0.24328924496469248,-0.5999500017592938,0.5606666666666666,1.4648508749960456
B,logistic,N4,adam,F2,2,8000,0,8000,8000,0,-0.23783997413985203,0.2514726355495832,0.2568786176250159,0.26654632266932266,-0.5403317185411896,0.514,1.4330915000027744
B,logistic,N4,adam,F2,3,8000,0,8000,8000,0,-0.17648574025821898,0.17467684473280945,0.18423365390771157,0.1899192278823547,-0.6179692941143504,0.6106666666666667,1.455433750001248
B,logistic,N4,adam,F2,4,8000,0,8000,8000,0,-0.020077582470616168,0.1559300857466888,0.16090365839660964,0.16541535138345564,-0.7665659528537325,0.6726666666666666,1.4397717079991708
B,logistic,N4,adam,F2,5,8000,0,8000,8000,0,0.4374396636144487,0.178429444749572,0.18081111500420882,0.19480913625246252,-0.682987636923575,0.614,1.4119796250015497
B,logistic,N4,adam,F2,6,8000,0,8000,8000,0,-0.6374723127382024,0.23326401222793186,0.24832620953920348,0.26270503847980103,-0.516512938327965,0.5726666666666667,1.4105374999999185
B,logistic,N4,adam,F2,7,8000,0,8000,8000,0,0.034665987338772124,0.12064299432718256,0.12655950223913948,0.13222981155535213,-0.8062527675157187,0.7026666666666667,1.4501597080015927
B,logistic,N4,adam,F3,0,8000,0,8000,8000,0,-0.26655558272474883,0.3186150401094994,0.32802259563430225,0.3430123417546365,-0.4518629067767803,0.48133333333333334,1.4614515419962117
B,logistic,N4,adam,F3,1,8000,0,8000,8000,0,-0.17755696851419872,0.18227542961578128,0.20439385342651825,0.21495284585391175,-0.6385050311416949,0.5866666666666667,1.4481442079995759
B,logistic,N4,adam,F3,2,8000,0,8000,8000,0,-0.29854383384767574,0.24515527394806294,0.2535380533987151,0.25955743102789847,-0.5514779626355876,0.5346666666666666,1.501486583998485
B,logistic,N4,adam,F3,3,8000,0,8000,8000,0,-0.34794062393810093,0.15710957299049072,0.16419958903862125,0.17231303788490732,-0.6475212975343773,0.6406666666666667,1.4480216250012745
B,logistic,N4,adam,F3,4,8000,0,8000,8000,0,-0.1551333629670332,0.1451054734751954,0.15067199395554098,0.1534280873912764,-0.7661988613180405,0.688,1.4688617080028052
B,logistic,N4,adam,F3,5,8000,0,8000,8000,0,0.30917646967347034,0.1769426910403223,0.17952295493680093,0.1893523588592908,-0.6836332430328517,0.614,1.4351366250048159
B,logistic,N4,adam,F3,6,8000,0,8000,8000,0,-0.6648532894286643,0.2319919820460417,0.25123582520696075,0.26612753848018,-0.5201587453938974,0.5733333333333334,1.4560283329992671
B,logistic,N4,adam,F3,7,8000,0,8000,8000,0,-0.012410483826761558,0.12626731006247321,0.12983582510184646,0.13234991220278938,-0.8021087403379961,0.7026666666666667,1.4418226249981672
B,logistic,N4,adam,F4,0,8000,0,8000,8000,0,-0.34269447707954076,0.3147017908192317,0.32821138574771447,0.34371143323188696,-0.45269182949697306,0.4846666666666667,2.317471000002115
B,logistic,N4,adam,F4,1,8000,0,8000,8000,0,-0.060876670113901,0.20254288594129485,0.22175009260841652,0.23226663803056577,-0.6135288189320613,0.572,2.326562375004869
B,logistic,N4,adam,F4,2,8000,0,8000,8000,0,-0.26548776601676055,0.24376265382680196,0.25098181632016936,0.2551906515228478,-0.557181339252624,0.5226666666666666,2.2877980830016895
B,logistic,N4,adam,F4,3,8000,0,8000,8000,0,-0.28617808898581526,0.16179014654168863,0.1723830469671192,0.18104964642717655,-0.631580017145888,0.6333333333333333,2.297759249995579
B,logistic,N4,adam,F4,4,8000,0,8000,8000,0,-0.05054878167294267,0.1511239418610591,0.15472293332457748,0.15773681707595172,-0.7687582324153402,0.68,2.3151230000003125
B,logistic,N4,adam,F4,5,8000,0,8000,8000,0,0.38887899312943697,0.17217600198300087,0.17505766047186483,0.18821115680369047,-0.689423259717718,0.6193333333333333,2.325951000006171
B,logistic,N4,adam,F4,6,8000,0,8000,8000,0,-0.6943860050152216,0.22384579215855782,0.24103231301944023,0.25594121477075515,-0.525049433182163,0.5826666666666667,2.29549316700286
B,logistic,N4,adam,F4,7,8000,0,8000,8000,0,-0.06263145758387692,0.12373862835016634,0.12731231088202,0.12976625756371443,-0.8013458628680753,0.702,2.2849562920018798
B,logistic,N4,adamw,F0,0,8000,0,8000,8000,0,-0.28499058899773944,0.31917661925923974,0.33038257951662064,0.34379871750299096,-0.45017039997396296,0.476,1.4916620000003604
B,logistic,N4,adamw,F0,1,8000,0,8000,8000,0,-0.17943612625629188,0.18409997866100558,0.20582291061119456,0.21668347735806562,-0.640545124054081,0.584,1.4799551659962162
B,logistic,N4,adamw,F0,2,8000,0,8000,8000,0,-0.2781483344592588,0.24318615841487698,0.25108089942442013,0.2557246935608238,-0.5599239868054479,0.5306666666666666,1.4709243749966845
B,logistic,N4,adamw,F0,3,8000,0,8000,8000,0,-0.33363915548598855,0.1556130010299313,0.16579541914380064,0.17432525688417383,-0.6430773738868345,0.644,1.4551034579999396
B,logistic,N4,adamw,F0,4,8000,0,8000,8000,0,-0.144174253006279,0.14420590908038666,0.1487235340559068,0.15224446443245093,-0.7706805490928782,0.6893333333333334,1.4367616660019848
B,logistic,N4,adamw,F0,5,8000,0,8000,8000,0,0.32778473365616584,0.17687784378785945,0.1793781177063768,0.18954342873430496,-0.6834738251937198,0.6153333333333333,1.4602332499998738
B,logistic,N4,adamw,F0,6,8000,0,8000,8000,0,-0.674072685571712,0.2280159776080945,0.24702385740949967,0.26119043652962165,-0.5233529470666511,0.5766666666666667,1.465728625000338
B,logistic,N4,adamw,F0,7,8000,0,8000,8000,0,-0.11880187011957086,0.12880303001482796,0.13080565920684578,0.13345946032120504,-0.7919730376383375,0.6993333333333334,1.4576518750036485
B,logistic,N4,adamw,F1,0,8000,0,8000,8000,0,-0.30898343100520137,0.31980698677359704,0.33249710088571527,0.34570359846383947,-0.44908686624039873,0.4826666666666667,1.466752541004098
B,logistic,N4,adamw,F1,1,8000,0,8000,8000,0,-0.08744667438776849,0.20061833273004168,0.22060426654533638,0.2315253684417975,-0.6158761006395506,0.5713333333333334,1.4608690409950214
B,logistic,N4,adamw,F1,2,8000,0,8000,8000,0,-0.2768840893168241,0.24538277867566316,0.2540100684941207,0.2591886394853919,-0.5498641401351376,0.5193333333333333,1.4748667500025476
B,logistic,N4,adamw,F1,3,8000,0,8000,8000,0,-0.2607094622175284,0.16278906934033704,0.17397513637691692,0.18276486788801896,-0.6294283703928738,0.63,1.4744211249999353
B,logistic,N4,adamw,F1,4,8000,0,8000,8000,0,-0.07520380761988645,0.15092459688756227,0.15521661419879706,0.15792342910369397,-0.7682943525838896,0.68,1.4667716670010122
B,logistic,N4,adamw,F1,5,8000,0,8000,8000,0,0.3810172423293156,0.17719359532799536,0.1796352510308421,0.19277192731672993,-0.6800350729415018,0.6133333333333333,1.5081555409997236
B,logistic,N4,adamw,F1,6,8000,0,8000,8000,0,-0.6580996941055072,0.2288782246768861,0.24617273287032093,0.25968222083044856,-0.5214539684484107,0.5726666666666667,1.4248968749961932
B,logistic,N4,adamw,F1,7,8000,0,8000,8000,0,-0.016063122793746287,0.12424892332291836,0.1276302157106758,0.13085667423180358,-0.8043406068326486,0.7026666666666667,1.4590007920050994
B,logistic,N4,adamw,F2,0,8000,0,8000,8000,0,-0.3219422910688489,0.32114756228486807,0.3340237901803641,0.34871583485012764,-0.44851697343170494,0.476,1.483100707999256
B,logistic,N4,adamw,F2,1,8000,0,8000,8000,0,0.04052185284174641,0.21462609468518903,0.23127635117765372,0.24372551064075387,-0.6000208174153652,0.5613333333333334,1.5080462080004509
B,logistic,N4,adamw,F2,2,8000,0,8000,8000,0,-0.23708323211663535,0.25137759696594325,0.25695303069873854,0.266631206515165,-0.5404360209729081,0.5126666666666667,1.487583165995602
B,logistic,N4,adamw,F2,3,8000,0,8000,8000,0,-0.17532845585218462,0.1744432859392632,0.18408755309751632,0.18977110408369147,-0.6181851701988837,0.6113333333333333,1.4377261670015287
B,logistic,N4,adamw,F2,4,8000,0,8000,8000,0,-0.018695209572256313,0.15600867367074273,0.16096397596417533,0.16596761987665967,-0.7663752225702211,0.6713333333333333,1.4348558339988813
B,logistic,N4,adamw,F2,5,8000,0,8000,8000,0,0.4437118284049776,0.17835119870499153,0.18067885810428055,0.19501262296418828,-0.6830039759965537,0.6133333333333333,1.430528457996843
B,logistic,N4,adamw,F2,6,8000,0,8000,8000,0,-0.6410767109064179,0.23275525291739357,0.24805494478202034,0.26232016966016225,-0.5168347080852189,0.5726666666666667,1.4792926250011078
B,logistic,N4,adamw,F2,7,8000,0,8000,8000,0,0.0407866664211572,0.12069166110076865,0.12666481277043373,0.13242276357310534,-0.8062986211760697,0.7026666666666667,1.4578933340017102
B,logistic,N4,adamw,F3,0,8000,0,8000,8000,0,-0.2690031695865427,0.3182364467957018,0.3276997944707978,0.3429937124560191,-0.45207930726781526,0.4806666666666667,1.4824277919979068
B,logistic,N4,adamw,F3,1,8000,0,8000,8000,0,-0.17327439211252021,0.1822280468789396,0.20457643966831862,0.21519682107912658,-0.6385732804371472,0.5846666666666667,1.466903500004264
B,logistic,N4,adamw,F3,2,8000,0,8000,8000,0,-0.29855676695271716,0.244963099796072,0.25353927808624366,0.2595590274101848,-0.5515854066252216,0.5346666666666666,1.499901666000369
B,logistic,N4,adamw,F3,3,8000,0,8000,8000,0,-0.3456365600565549,0.15677988323054282,0.16405447399894213,0.172129017931847,-0.6477974546015535,0.6413333333333333,1.4515090410059202
B,logistic,N4,adamw,F3,4,8000,0,8000,8000,0,-0.1515415155614135,0.14528200193449634,0.15076237356728472,0.1535910279842181,-0.7661660882330875,0.688,1.4406347910044133
B,logistic,N4,adamw,F3,5,8000,0,8000,8000,0,0.31403052111664814,0.17679861093936752,0.17948002648326064,0.18963394069747416,-0.6836611636976673,0.614,1.4410252910020063
B,logistic,N4,adamw,F3,6,8000,0,8000,8000,0,-0.6684916405281494,0.23148858245052237,0.2505624168198763,0.2654467849293398,-0.5205407880978621,0.5733333333333334,1.4574670000001788
B,logistic,N4,adamw,F3,7,8000,0,8000,8000,0,-0.006361943641048476,0.1262974023808058,0.12988117836196617,0.1324522453519952,-0.8021884795222668,0.7033333333333334,1.4263455830005114
B,logistic,N4,adamw,F4,0,8000,0,8000,8000,0,-0.34625977000170244,0.31449421820366114,0.32789321591492615,0.3436681121727961,-0.45290647161495134,0.48533333333333334,2.317415208002785
B,logistic,N4,adamw,F4,1,8000,0,8000,8000,0,-0.0558624505104522,0.2026457536808242,0.22185552594382668,0.23233976908174422,-0.6136073085198605,0.572,2.328658207996341
B,logistic,N4,adamw,F4,2,8000,0,8000,8000,0,-0.2646900236127107,0.24370591049013068,0.25096841325024544,0.25526543075587643,-0.557245502412281,0.5233333333333333,2.3136965410012635
B,logistic,N4,adamw,F4,3,8000,0,8000,8000,0,-0.2881800016402809,0.1616314989509975,0.1722393802204472,0.1808283433497665,-0.6318186564104449,0.6326666666666667,2.3423526249971474
B,logistic,N4,adamw,F4,4,8000,0,8000,8000,0,-0.04710091602539707,0.15142525630439213,0.15488306531498636,0.15800762816913747,-0.7686209714973556,0.682,2.317180250000092
B,logistic,N4,adamw,F4,5,8000,0,8000,8000,0,0.3949531685525145,0.1721977543830193,0.17526737757259506,0.1883874131981296,-0.6894424001807736,0.6193333333333333,2.3000478749963804
B,logistic,N4,adamw,F4,6,8000,0,8000,8000,0,-0.7012926290657718,0.22315866613977556,0.24046017431995403,0.25553118908459543,-0.5254111082929541,0.5833333333333334,2.2962407500017434
B,logistic,N4,adamw,F4,7,8000,0,8000,8000,0,-0.061132896130594014,0.12370942747565804,0.127318267747544,0.1299250356502839,-0.8014194362794581,0.702,2.2875727919963538
B,ar,N2,adam,F0,0,8000,1,163,7938,1,0.3098152424634824,0.020991191558231866,0.0579223851463948,0.12139340815450216,-1.2821437567452287,0.9653656224153684,0.3007431660007569
B,ar,N2,adam,F0,1,8000,1,134,1448,1,0.7335546028342087,0.01592122809034505,0.04581334782065373,0.1078801952707251,-1.3510462164513406,1.1026036477606307,0.2980686670052819
B,ar,N2,adam,F0,2,8000,1,54,7696,1,-1.3592170176509304,0.01524831798975506,0.048146154693046825,0.1038907885661412,-1.3185483627910726,0.9834679193008375,0.30642320799961453
B,ar,N2,adam,F0,3,8000,1,75,8000,0,0.47000496558131943,0.0233825042100285,0.05513727783145603,0.12722399985238345,-1.3345756241461368,1.0262035444107958,0.3023108339984901
B,ar,N2,adam,F0,4,8000,1,207,8000,0,-0.10497775406339285,0.01969894125354285,0.052084197975972406,0.11158630966773926,-1.3475563444370642,1.0268819459483878,0.2995474170020316
B,ar,N2,adam,F0,5,8000,1,40,8000,0,0.9295292579399038,0.023077481056167966,0.05630990213692423,0.11638406392333164,-1.311925651491869,0.9922956766371409,0.2994294170057401
B,ar,N2,adam,F0,6,8000,1,280,6970,1,-0.7106949196226128,0.02146790585745203,0.051936326173533526,0.10058260036490795,-1.3194174391658189,0.9986885449024608,0.30024983399925986
B,ar,N2,adam,F0,7,8000,1,55,8000,0,0.8125404372580429,0.019224279220844735,0.05503287835433253,0.12536453113346793,-1.3251134110199256,1.0090696108780997,0.303047332999995
B,ar,N2,adam,F1,0,8000,1,142,2566,1,-0.031180821328087593,0.01602398752097391,0.041277949369071774,0.08127225972253015,-1.4163341342331246,0.9602399362956815,0.3095212080006604
B,ar,N2,adam,F1,1,8000,1,100,7778,1,0.6205027826035502,0.01156392891189414,0.030609215028510155,0.0653596111550265,-1.4957325169200595,1.1000312178343583,0.30607441699976334
B,ar,N2,adam,F1,2,8000,1,39,8000,0,-2.0634577943763905,0.010054102954849075,0.029823612750078374,0.06730672660071053,-1.4717666574071933,0.9890401689581859,0.3018175000033807
B,ar,N2,adam,F1,3,8000,1,108,3717,1,0.5941633180718577,0.01673372331885906,0.03840059375915214,0.08215750946957139,-1.4931460972923887,1.022574699441036,0.306684375005716
B,ar,N2,adam,F1,4,8000,1,37,3057,1,-0.5097749276538411,0.014803854345586082,0.03814540620387909,0.07308094375422183,-1.4927622608392082,1.0239307966111786,0.3073310420004418
B,ar,N2,adam,F1,5,8000,1,40,714,1,0.40525894323708067,0.014881475212308447,0.038648266497221646,0.07852628116781075,-1.4544648911009712,0.988944757180238,0.3040583750043879
B,ar,N2,adam,F1,6,8000,1,109,4516,1,-0.9329028418685718,0.016315338968811575,0.038703076363460334,0.07249576661732185,-1.4514510905352729,0.9930203810280384,0.3030352909991052
B,ar,N2,adam,F1,7,8000,1,65,3393,1,0.8120775658975147,0.014282299027783479,0.036765037939990905,0.07430189314263987,-1.4728928187666375,1.0072024654420904,0.3087168339989148
B,ar,N2,adam,F2,0,8000,1,62,8000,0,-0.021301550989043593,0.00909549748314858,0.02468356993182646,0.0483349605115184,-1.6392043280184803,0.9519473443143844,0.31784625000000233
B,ar,N2,adam,F2,1,8000,1,104,168,1,0.7537375349718174,0.006039151824947236,0.017760419884553718,0.032286978257691015,-1.7539655638981348,1.0793870678449031,0.31613862499943934
B,ar,N2,adam,F2,2,8000,1,38,3344,1,-4.3913517313957735,0.003386715099976115,0.012572893506198602,0.03742140066141918,-1.732584631614305,0.9888504717519024,0.31136191700352356
B,ar,N2,adam,F2,3,8000,1,35,3495,1,0.6965704628545006,0.01027482686458833,0.021524718728755624,0.04861158491059891,-1.7667231527496838,1.016897183785122,0.3100159169989638
B,ar,N2,adam,F2,4,8000,1,36,7174,1,-0.6100632361304638,0.00929159387703267,0.023631369605186553,0.046040319285326085,-1.7425254985466394,1.027783403731231,0.3098253330026637
B,ar,N2,adam,F2,5,8000,1,50,4817,1,0.06955953703699506,0.00929035518463116,0.021866774981478952,0.043639529331804594,-1.7008893801470821,0.9946359116639704,0.3166576660005376
B,ar,N2,adam,F2,6,8000,1,308,8000,0,-1.2460938776394999,0.01031320827454016,0.024443585185608747,0.04739345262619627,-1.7007468070618528,0.99063412427344,0.3096157919935649
B,ar,N2,adam,F2,7,8000,1,33,134,1,1.0890690311484257,0.008608609055563021,0.0193855853599741,0.039366629405609116,-1.7388177970235108,1.0055441127651827,0.3176032499977737
B,ar,N2,adam,F3,0,8000,1,154,1274,1,-0.8089947329985098,0.006731373675531088,0.015990800434365092,0.030563493952310696,-1.7878291233654726,0.9507041474904839,0.3102731659964775
B,ar,N2,adam,F3,1,8000,1,39,224,1,2.2819156330497905,0.0032917906692288778,0.012567476873919839,0.02073933966661042,-1.9452048786475504,1.0927258939421098,0.3080492500012042
B,ar,N2,adam,F3,2,8000,1,45,695,1,-4.363746223916671,0.002939606451508658,0.008434013137083892,0.028520498712402812,-1.8732641421327265,0.9908540702557751,0.30727787499927217
B,ar,N2,adam,F3,3,8000,1,46,536,1,1.098132883271542,0.007328228715714226,0.015895476601104824,0.03519637319829033,-1.9683314680022446,1.0053299896001475,0.31875804100127425
B,ar,N2,adam,F3,4,8000,1,41,1435,1,-1.398816935746823,0.0043013017437471745,0.016319182597874588,0.030227988540266388,-1.9380881213410384,1.0305673893653822,0.3100132499967003
B,ar,N2,adam,F3,5,8000,1,40,3906,1,0.8836341991319807,0.007322964631522671,0.015311404687328728,0.03433213384930681,-1.826491653717419,1.0113461721511634,0.3088113339981646
B,ar,N2,adam,F3,6,8000,1,143,2370,1,-1.895588586446603,0.011106544222283828,0.017646590979740966,0.03153539697137411,-1.856364676115421,1.00072715198212,0.3138736660039285
B,ar,N2,adam,F3,7,8000,1,48,258,1,0.5418789871999494,0.006108730615229958,0.012583238125258942,0.02712542810287407,-1.8921298314395523,1.013344728178282,0.31083966699952725
B,ar,N2,adam,F4,0,8000,1,165,3817,1,0.2693057279607173,0.023003600630944004,0.05566628127588953,0.11669396071550317,-1.2875830107592323,0.9679610344154894,0.5965322920019389
B,ar,N2,adam,F4,1,8000,1,114,895,1,0.45532698273781813,0.01668971092359352,0.0441095240329743,0.09583686232813973,-1.3534905591060984,1.0927548049525064,0.591816000000108
B,ar,N2,adam,F4,2,8000,1,40,7870,1,-1.3736167503772978,0.015798919938984985,0.0448514105041118,0.09882527175827116,-1.3357498888893455,0.9844977551454416,0.5990296250020037
B,ar,N2,adam,F4,3,8000,1,90,8000,0,0.5719478118776575,0.020812844728533057,0.05455383850564703,0.12086923079399152,-1.350775856218274,1.0288500575673911,0.5989470839995192
B,ar,N2,adam,F4,4,8000,1,268,8000,0,-0.03376221802141576,0.01921918225290233,0.05397567097107231,0.1142956570101835,-1.3513810013499616,1.026271598368489,0.5982921250033542
B,ar,N2,adam,F4,5,8000,1,45,6840,1,0.545170707701015,0.021772535334682777,0.052144065804739445,0.10971608974653695,-1.318132964475582,0.9947619855363417,0.5929156669953954
B,ar,N2,adam,F4,6,8000,1,186,8000,0,-0.6080739967461493,0.02098292958276065,0.051132692384866674,0.1048163448010452,-1.3312496115973025,0.9953174747129286,0.5990680409959168
B,ar,N2,adam,F4,7,8000,1,32,3388,1,0.7137452189852487,0.01879210824377298,0.050435596483464684,0.11169019531752715,-1.3366185683704561,1.0133056557189715,0.6034312499978114
B,ar,N2,adamw,F0,0,8000,1,163,7938,1,0.30988656449066515,0.020990595145405643,0.057920870340033744,0.12138975204952708,-1.2821541075909915,0.9653662503002209,0.31131129099958343
B,ar,N2,adamw,F0,1,8000,1,134,1448,1,0.7335577050279284,0.01591981756146377,0.045810536882319466,0.10788030515093959,-1.3510527853383423,1.1026005516004593,0.3112105000036536
B,ar,N2,adamw,F0,2,8000,1,54,7696,1,-1.3592136451815175,0.015249620785392002,0.04814451978430437,0.10388924281118786,-1.31855496731125,0.9834677589760049,0.3160365000003367
B,ar,N2,adamw,F0,3,8000,1,75,8000,0,0.46997163071576226,0.023381836643046442,0.05513597368306811,0.12721974177410134,-1.3345868601735857,1.0262020417874549,0.31757995799853234
B,ar,N2,adamw,F0,4,8000,1,207,8000,0,-0.10489967054226394,0.019699030356783633,0.052083043043584104,0.11158561283515608,-1.3475627742084875,1.0268817724179053,0.32199354199838126
B,ar,N2,adamw,F0,5,8000,1,40,8000,0,0.929570819314293,0.023076719826496662,0.05631029782471569,0.11637901883560946,-1.3119360414593115,0.9922955768762441,0.3128429580028751
B,ar,N2,adamw,F0,6,8000,1,280,6970,1,-0.710739113285514,0.0214674693242088,0.05193582890494692,0.10058146858122984,-1.3194246052559744,0.9986882442426184,0.31454020900127944
B,ar,N2,adamw,F0,7,8000,1,55,8000,0,0.8124718527082783,0.01922306604438786,0.055031953850689944,0.12536554366215227,-1.3251163777710553,1.0090695280336108,0.31407529099669773
B,ar,N2,adamw,F1,0,8000,1,142,2566,1,-0.031153295759473332,0.016023512987922393,0.0412777158928888,0.08127287386342909,-1.4163394366863877,0.9602397445775247,0.3137921669986099
B,ar,N2,adamw,F1,1,8000,1,100,7778,1,0.6205031271994309,0.011563696005402604,0.030609216154964987,0.06535815760384991,-1.4957349474391473,1.1000308835062294,0.31339112499699695
B,ar,N2,adamw,F1,2,8000,1,39,8000,0,-2.0634449362923686,0.01005453802790607,0.0298232505930974,0.06730772742098377,-1.4717689874486175,0.9890401099276388,0.3128228330024285
B,ar,N2,adamw,F1,3,8000,1,108,3717,1,0.5941468806283001,0.016733354249873402,0.038400518119549476,0.08215686151760022,-1.4931510872256217,1.0225743613275566,0.31902125000488013
B,ar,N2,adamw,F1,4,8000,1,37,3057,1,-0.5097519968709511,0.014803971571118249,0.038145248131805906,0.07308082799125182,-1.492763890716958,1.0239308102144757,0.31682654199539684
B,ar,N2,adamw,F1,5,8000,1,40,714,1,0.4052815749152242,0.014881783767840837,0.03864837113076351,0.07852704151923887,-1.4544696792358665,0.9889447761176204,0.31172350000269944
B,ar,N2,adamw,F1,6,8000,1,109,4516,1,-0.9329262253101768,0.016315631676874966,0.038703196271829846,0.0724982867720264,-1.451454923839979,0.9930203427322359,0.3126372920014546
B,ar,N2,adamw,F1,7,8000,1,65,3393,1,0.8120530436207796,0.014282520711483159,0.03676548183198431,0.07430097837687416,-1.4728957008929866,1.0072024939283246,0.31396633300028043
B,ar,N2,adamw,F2,0,8000,1,62,8000,0,-0.021288589121527694,0.009095579210297204,0.02468358472055087,0.0483352212228708,-1.6392083760094993,0.951947361076737,0.31201037500431994
B,ar,N2,adamw,F2,1,8000,1,104,168,1,0.753742212891556,0.0060391481028777795,0.017760320122258214,0.03228711955601279,-1.753965350307592,1.0793871826519499,0.31450849999964703
B,ar,N2,adamw,F2,2,8000,1,38,3344,1,-4.39135372691601,0.0033867375176090744,0.012572986170296816,0.037421014656421926,-1.7325836517037223,0.9888505536058779,0.3192144589993404
B,ar,N2,adamw,F2,3,8000,1,35,3495,1,0.696562104391379,0.010274826105697995,0.021524688350308768,0.048611440673768956,-1.7667252688217678,1.0168972692618685,0.31343562500114786
B,ar,N2,adamw,F2,4,8000,1,36,7174,1,-0.6100485944115389,0.00929160189511494,0.023631404285974343,0.04604062875083038,-1.7425245080130052,1.0277834127755203,0.3130582500016317
B,ar,N2,adamw,F2,5,8000,1,50,4817,1,0.06957450566897344,0.009290416429856941,0.021866748139433498,0.04363941226710945,-1.700892860816705,0.9946357197466497,0.3158392500045011
B,ar,N2,adamw,F2,6,8000,1,308,8000,0,-1.2461028827352816,0.010313297990660202,0.024443639129213046,0.04739319434608283,-1.7007498357029511,0.990634136055206,0.3136371250002412
B,ar,N2,adamw,F2,7,8000,1,33,134,1,1.0890504753673116,0.008608469301464668,0.0193854795603245,0.03936676923917821,-1.7388195146208938,1.0055440810523164,0.3204359579976881
B,ar,N2,adamw,F3,0,8000,1,154,1274,1,-0.8086721459339908,0.006702193610363837,0.016008070098720163,0.03065398011066125,-1.7878219968647482,0.9507052156924608,0.3088580420007929
B,ar,N2,adamw,F3,1,8000,1,39,224,1,2.28181660630115,0.003284747740802997,0.012566870484453097,0.02072607232151306,-1.9451953657600918,1.0925824665979034,0.31838695800252026
B,ar,N2,adamw,F3,2,8000,1,45,695,1,-4.363748760031243,0.0029396019024963173,0.008434109691050412,0.02852051674880085,-1.8732658224540988,0.9908540275599257,0.32047916599549353
B,ar,N2,adamw,F3,3,8000,1,46,536,1,1.0993794775072079,0.007325077893262041,0.015911341099704556,0.03525345578814318,-1.968326489044806,1.0053303290486646,0.3224433750001481
B,ar,N2,adamw,F3,4,8000,1,41,1435,1,-1.3978843698648098,0.004299852515531466,0.016321823645824074,0.03024631027947006,-1.9380657391196852,1.0305669668775588,0.31286441599513637
B,ar,N2,adamw,F3,5,8000,1,40,3906,1,0.8836535475183285,0.007322969188700904,0.015311415276698014,0.03433258483376005,-1.8264943308583736,1.0113461431001147,0.32015245799993863
B,ar,N2,adamw,F3,6,8000,1,143,2370,1,-1.8955981337818983,0.011106568928229168,0.01764660991890797,0.03153539949957838,-1.856368092237367,1.0007271174249273,0.31659612499788636
B,ar,N2,adamw,F3,7,8000,1,48,258,1,0.5419328888788707,0.006108806805946079,0.012583295538141047,0.02712564023174852,-1.89213248496302,1.0132255510169075,0.3192592500054161
B,ar,N2,adamw,F4,0,8000,1,165,3817,1,0.2693428330646894,0.023003323244530326,0.05566603379918625,0.1166927452212086,-1.2875906460480997,0.9679613416031807,0.6077983750001295
B,ar,N2,adamw,F4,1,8000,1,114,895,1,0.45533349593737016,0.01669015971152256,0.044108294949477,0.09583542797829825,-1.3534955914017626,1.0927527327845812,0.6052595830042264
B,ar,N2,adamw,F4,2,8000,1,40,7870,1,-1.3736204063733706,0.015797430734561663,0.04485200743496945,0.09882468813692988,-1.3357549470949444,0.9844978205944033,0.6075417079991894
B,ar,N2,adamw,F4,3,8000,1,90,8000,0,0.5719317481464468,0.020811857381577845,0.054552096671661096,0.12086739945701114,-1.3507838440125874,1.0288491338797272,0.6052538330040989
B,ar,N2,adamw,F4,4,8000,1,268,8000,0,-0.03372288989487732,0.01921879787904053,0.05397547531050495,0.11429584461284045,-1.3513859546742866,1.0262715268628164,0.6058425000010175
B,ar,N2,adamw,F4,5,8000,1,45,6840,1,0.545186427451563,0.021772832476632652,0.05214141570677145,0.10971186934575701,-1.3181408442220872,0.9947620231231841,0.6028006669948809
B,ar,N2,adamw,F4,6,8000,1,186,8000,0,-0.608105960922831,0.020982710472160715,0.05113180683986425,0.10481329463170302,-1.3312555394202954,0.9953170295099527,0.6048445420019561
B,ar,N2,adamw,F4,7,8000,1,32,3388,1,0.7137062452950294,0.01879334227464344,0.05043462358917519,0.11169121522674848,-1.336622340290002,1.0133055960954365,0.6080067500006407
B,ar,N4,adam,F0,0,8000,0,8000,8000,0,-4.874242164054876,0.7178297204420058,1.8474420559205134,4.787359837867369,0.6266410125840088,1.3269942783417983,0.3096970420010621
B,ar,N4,adam,F0,1,8000,0,8000,8000,0,4.9728178075465035,1.2624831791291162,4.566935875367602,15.931866307195078,1.031847588666433,1.9758133033100143,0.30795650000072783
B,ar,N4,adam,F0,2,8000,0,8000,8000,0,4.292538221869847,76.90137397123054,335.7979332539836,419.53202781311444,1.803464167445027,126.21013699359688,0.30876541700126836
B,ar,N4,adam,F0,3,8000,0,8000,8000,0,-7.705356287345673,0.6317636416139962,2.278183612243904,20.71245765449396,0.7151410620889515,1.3148877551469977,0.31285720800224226
B,ar,N4,adam,F0,4,8000,0,8000,8000,0,4.229838117585147,8.9117752197638,22.072591473561562,37.066970531825966,0.8679898481524809,9.684202742598437,0.31179491600050824
B,ar,N4,adam,F0,5,8000,0,8000,8000,0,0.906679061282465,3.3929401428498753,10.36344966131034,19.45319324445374,0.9049450588063842,2.842465415463267,0.3086962079978548
B,ar,N4,adam,F0,6,8000,0,8000,8000,0,11.182812934243106,0.7598387866494922,18.24579701119123,30.62332436283567,0.9731008075274424,7.351281741831213,0.3125873329991009
B,ar,N4,adam,F0,7,8000,0,8000,8000,0,6.167954057698465,3.750420586783971,18.20250695828549,58.47144697813647,1.2091438013137255,11.54497987788662,0.3102035000047181
B,ar,N4,adam,F1,0,8000,0,8000,8000,0,-5.107788636863774,0.6599338658196616,2.0190377599682536,5.690297862142526,0.670932083847883,1.4154947002350857,0.35413529200013727
B,ar,N4,adam,F1,1,8000,0,8000,8000,0,5.631746991762767,1.4685560092447416,4.944243172121629,19.311460798127968,1.1028005878081064,2.1399210070950554,0.33815466700616525
B,ar,N4,adam,F1,2,8000,0,8000,8000,0,4.502600337505129,92.78311327659667,535.1795723985491,646.7172158660023,1.9755229783297026,199.01548119071924,0.32244237499980954
B,ar,N4,adam,F1,3,8000,0,8000,8000,0,-6.952701350190417,0.745593865316984,2.650623072413385,23.77455295230878,0.7545092937096425,1.2172444038655899,0.3363762500011944
B,ar,N4,adam,F1,4,8000,0,8000,8000,0,4.112524724441602,6.78623856318432,26.351018582074794,57.016798432661815,0.9252346663755777,13.132454773249718,0.3271490420011105
B,ar,N4,adam,F1,5,8000,0,8000,8000,0,-0.05285188742501397,2.839324948349591,10.484473254303825,19.702238533504136,0.967112534558335,4.789458820898544,0.3700818340003025
B,ar,N4,adam,F1,6,8000,0,8000,8000,0,10.48552893448942,0.7519788859373693,17.241680811714765,54.48850934298552,1.0895387539474293,5.7973816542876495,0.34956262500054436
B,ar,N4,adam,F1,7,8000,0,8000,8000,0,6.3717862616599765,3.4400172281057317,29.698417990195487,95.24647569059971,1.2887755446567821,11.205034141776277,0.348536375000549
B,ar,N4,adam,F2,0,8000,0,8000,8000,0,-5.544475776534338,0.6782912564667565,1.7397379649204747,4.635435624395629,0.6288787896121416,1.2800187219418668,0.4187090410050587
B,ar,N4,adam,F2,1,8000,1,5947,8000,0,6.4923433926945835,1.1577728755860925,4.909212149060981,19.34328621638972,1.1136938767344389,2.2571698298494365,0.38002529100049287
B,ar,N4,adam,F2,2,8000,0,8000,8000,0,4.92793579208888,100.92722089224421,727.9683227416239,883.0335645920701,2.0792616476763666,270.7171560497507,0.4129626249996363
B,ar,N4,adam,F2,3,8000,0,8000,8000,0,-6.637818393312266,0.6970629832949375,2.4694610853537995,24.107471670232346,0.7189900467548273,1.2418691528437402,0.44420774999889545
B,ar,N4,adam,F2,4,8000,0,8000,8000,0,4.323693358216176,5.17821231460817,24.92966523186945,79.66719102223625,0.905458180130863,14.025099554506122,0.4030946659986512
B,ar,N4,adam,F2,5,8000,0,8000,8000,0,-0.2805522880612333,3.2661602421802263,9.200961810352618,18.123447780981525,0.9570451748483902,3.474964601471864,0.3918434579973109
B,ar,N4,adam,F2,6,8000,0,8000,8000,0,10.456855981603434,0.6335944697991499,14.470674022460862,80.58856087652447,1.1139398810678665,5.060262579156067,0.41276579199620755
B,ar,N4,adam,F2,7,8000,0,8000,8000,0,6.659630361485385,2.77961066676745,24.774862886511066,128.03696627529706,1.304304011704144,10.739332511499898,0.3981992499975604
B,ar,N4,adam,F3,0,8000,0,8000,8000,0,-5.149088057138036,0.6790519660162179,1.582143671364616,4.240021913618846,0.5982347388500946,1.4043508270947458,0.37324720899778185
B,ar,N4,adam,F3,1,8000,0,8000,8000,0,5.1673519074624155,1.333000563493999,4.442392167994134,15.044862273794598,1.0218436348254574,1.9766408549893626,0.3578949580041808
B,ar,N4,adam,F3,2,8000,0,8000,8000,0,4.282583230923689,76.09746831226465,335.0159925906954,420.8012706751985,1.7975444518748183,126.22604140052202,0.3655953330016928
B,ar,N4,adam,F3,3,8000,0,8000,8000,0,-7.829524442887798,0.6358030206877482,2.194640800674378,19.866143508188497,0.7007980066507923,1.3498053134260433,0.37432020899723284
B,ar,N4,adam,F3,4,8000,0,8000,8000,0,4.209303590868838,8.593841254431064,21.98195762970392,37.03257516101176,0.8545081339633451,9.693222807113928,0.4001615830056835
B,ar,N4,adam,F3,5,8000,0,8000,8000,0,0.8698130550466656,3.118486625871654,10.363799230543236,19.094182124272805,0.8952053346172861,2.8337309801076485,0.38247954200051026
B,ar,N4,adam,F3,6,8000,0,8000,8000,0,11.598758594865366,0.6946471315849955,19.041261560387547,30.26071897766609,0.9594888226827434,7.231247525115944,0.38734166699578054
B,ar,N4,adam,F3,7,8000,0,8000,8000,0,6.214787707329079,3.4779135743052643,18.01626050554239,58.35438352152987,1.2048393539788556,11.664833702420228,0.35789566700259456
B,ar,N4,adam,F4,0,8000,0,8000,8000,0,-5.123341873959112,0.6454987276579253,1.7975880920763312,4.270502750227105,0.6050425276925842,1.3424329479864683,0.6983879589970456
B,ar,N4,adam,F4,1,8000,1,5952,8000,0,5.787538140501306,1.2877859120594755,4.29035969441106,16.071215255443416,1.0457134266339836,2.0531168240920974,0.6987606250040699
B,ar,N4,adam,F4,2,8000,0,8000,8000,0,4.644277153437994,81.64495244390127,499.1024434030407,645.92772675874,1.955371406446653,200.61026986068987,0.6979845830064733
B,ar,N4,adam,F4,3,8000,0,8000,8000,0,-6.856439659523498,0.7574511481721028,2.3672549093785538,20.01399580511435,0.6927335295861281,1.2093419088756845,0.7015038329991512
B,ar,N4,adam,F4,4,8000,0,8000,8000,0,4.395482761049454,6.115656532218205,23.331008722855024,51.311616749651144,0.8621281769844972,12.040967488671377,0.6592624159966363
B,ar,N4,adam,F4,5,8000,0,8000,8000,0,0.297911035031679,2.841138805650691,9.122053178403633,16.95790133287967,0.9126959426362591,3.771613501603714,0.6708091250038706
B,ar,N4,adam,F4,6,8000,0,8000,8000,0,10.688444964069632,0.5793980413308796,15.385152896380507,46.838862892014255,1.0345652050221525,5.285007754428382,0.6860336250028922
B,ar,N4,adam,F4,7,8000,0,8000,8000,0,6.37220775165025,3.0892106460594806,21.660336346766908,83.45802163582535,1.2375317613384127,10.226695416886754,0.6803062079998199
B,ar,N4,adamw,F0,0,8000,0,8000,8000,0,-4.874073381676616,0.7175672662005843,1.8470081549069381,4.786648758709545,0.6265037189280985,1.326915655398616,0.31848183299734956
B,ar,N4,adamw,F0,1,8000,0,8000,8000,0,4.978140490835733,1.2626542846663524,4.565988152085994,15.92991072804891,1.031079463730972,1.9756158564556345,0.31654975000128616
B,ar,N4,adamw,F0,2,8000,0,8000,8000,0,4.3029406137943464,76.01479365584422,333.74244759724195,416.6199650262121,1.8018644457836468,125.25607342326474,0.319535624999844
B,ar,N4,adamw,F0,3,8000,0,8000,8000,0,-7.70189128242943,0.6315657678567419,2.277517616064846,20.706591714346917,0.7149544477587215,1.3147619723932589,0.31408108299365267
B,ar,N4,adamw,F0,4,8000,0,8000,8000,0,4.228019096891057,8.89716830218858,22.05849921414834,37.04502068825035,0.8677333652814593,9.676315896291118,0.31642091699904995
B,ar,N4,adamw,F0,5,8000,0,8000,8000,0,0.9059204947151351,3.3924549260684693,10.356320799387253,19.44046670579252,0.9046744220178675,2.84219853919393,0.31553675000031944
B,ar,N4,adamw,F0,6,8000,0,8000,8000,0,11.179623970817477,0.7597518643614649,18.21912850282891,30.60569013719166,0.9727712127861949,7.342105855797964,0.3147377499990398
B,ar,N4,adamw,F0,7,8000,0,8000,8000,0,6.164565894449533,3.7487420627445753,18.20067381457555,58.43649249731238,1.2086139928685293,11.532513588212947,0.3149823749990901
B,ar,N4,adamw,F1,0,8000,0,8000,8000,0,-5.107598051426188,0.6598281906417526,2.018745743549456,5.689412589777753,0.670850706066584,1.4154411577790147,0.3178920830032439
B,ar,N4,adamw,F1,1,8000,0,8000,8000,0,5.633512750563114,1.4676496712078897,4.943633496444678,19.31147317270114,1.1022213651342536,2.1397083666674312,0.31723795799916843
B,ar,N4,adamw,F1,2,8000,0,8000,8000,0,4.517055977853941,91.68224796641951,532.0670897617147,642.8659954915796,1.9739912745094816,197.73041477499999,0.3185280000034254
B,ar,N4,adamw,F1,3,8000,0,8000,8000,0,-6.95086609245188,0.7455147849155253,2.6500745192582844,23.770193967345122,0.7543991458408714,1.2171816778500233,0.3218502500021714
B,ar,N4,adamw,F1,4,8000,0,8000,8000,0,4.111403240934607,6.783618141669886,26.329856276492357,56.97570703644236,0.925068516288333,13.124105646058643,0.3221423750001122
B,ar,N4,adamw,F1,5,8000,0,8000,8000,0,-0.052886225680228015,2.838805040506624,10.480744154308594,19.69157883859893,0.9669266690412446,4.789325318420861,0.32125700000324287
B,ar,N4,adamw,F1,6,8000,0,8000,8000,0,10.482970267445962,0.7519278196379826,17.223527945521443,54.46415277455723,1.0892802831929618,5.792410450528811,0.322068917004799
B,ar,N4,adamw,F1,7,8000,0,8000,8000,0,6.3698452287005525,3.4390974894665405,29.69910557727045,95.19797407846734,1.288354896801423,11.19702211351587,0.3235835829982534
B,ar,N4,adamw,F2,0,8000,0,8000,8000,0,-5.544364186587001,0.6782714725413173,1.7396419475313585,4.635241712176704,0.6288420137104146,1.2799982594438577,0.3672849170034169
B,ar,N4,adamw,F2,1,8000,1,5947,8000,0,6.493255033490337,1.1576045590880435,4.9087680922174455,19.339276246070515,1.1132362038399346,2.2570666413713982,0.3325012089990196
B,ar,N4,adamw,F2,2,8000,0,8000,8000,0,4.946241028647985,99.63751592776693,724.2919011802719,878.2553345460832,2.077752565783214,269.17380051730066,0.33776345899968874
B,ar,N4,adamw,F2,3,8000,0,8000,8000,0,-6.637140673411247,0.6970077955759472,2.469170842262268,24.105859893438094,0.718935014648264,1.2418417118585758,0.3344569999972009
B,ar,N4,adamw,F2,4,8000,0,8000,8000,0,4.323050849558502,5.177464683465736,24.919249666407577,79.64389139020524,0.9053599959335565,14.018662178569494,0.36716058300225995
B,ar,N4,adamw,F2,5,8000,0,8000,8000,0,-0.2804953646081163,3.2658834333427365,9.199200765454313,18.121159401369304,0.9569266637237662,3.4749985089812836,0.3550606249991688
B,ar,N4,adamw,F2,6,8000,0,8000,8000,0,10.455151689505742,0.6335909990020382,14.461693730593154,80.54927390546729,1.1137378424718474,5.058010247226233,0.34925533400382847
B,ar,N4,adamw,F2,7,8000,0,8000,8000,0,6.659050584820072,2.7794313670651776,24.772621856619963,128.02276130352035,1.3039586935656533,10.735261699684388,0.35024745800183155
B,ar,N4,adamw,F3,0,8000,0,8000,8000,0,-5.148863048719358,0.6788520467046734,1.58185603974312,4.239531885188898,0.5981015969257992,1.4042781503229695,0.39036179200047627
B,ar,N4,adamw,F3,1,8000,0,8000,8000,0,5.172979982211255,1.33323916876206,4.441350935920012,15.04046075738978,1.0210626101496656,1.9764390550274826,0.3949298329971498
B,ar,N4,adamw,F3,2,8000,0,8000,8000,0,4.2930205348687585,75.21507497362717,332.8818391327326,417.87480720796816,1.7959438089224566,125.272649408756,0.3858686250023311
B,ar,N4,adamw,F3,3,8000,0,8000,8000,0,-7.826136521609174,0.6356589562490303,2.1941267589465667,19.860357411032492,0.7006141739155803,1.3496887630611336,0.3627058339989162
B,ar,N4,adamw,F3,4,8000,0,8000,8000,0,4.20741921307809,8.583975973525547,21.956875872818024,37.009296976004364,0.8542511120998885,9.685421843520725,0.3939487080060644
B,ar,N4,adamw,F3,5,8000,0,8000,8000,0,0.8690415983840295,3.1174346922942013,10.35661196104785,19.08556394562765,0.8949349702585239,2.833492009246752,0.3686215830020956
B,ar,N4,adamw,F3,6,8000,0,8000,8000,0,11.595563470537137,0.6945776496561896,19.024889296421772,30.23778101890327,0.9591594164687781,7.222329533503571,0.38271783299569506
B,ar,N4,adamw,F3,7,8000,0,8000,8000,0,6.211383548000877,3.4763302495174866,18.014677340998073,58.31999184525985,1.2043085551499695,11.652440283913425,0.34027483299723826
B,ar,N4,adamw,F4,0,8000,0,8000,8000,0,-5.123191896170623,0.6454318504835445,1.7974344919638225,4.27032943915163,0.6049721159199055,1.3423883172636466,0.6183486249938142
B,ar,N4,adamw,F4,1,8000,1,5952,8000,0,5.789028305082047,1.2875863636466767,4.289756160347751,16.068408112675733,1.0452073918306397,2.0529452787959332,0.6163002909961506
B,ar,N4,adamw,F4,2,8000,0,8000,8000,0,4.660304811072602,80.70408296512635,496.8522725685541,642.2727085771758,1.9538771029984068,199.41324010586976,0.6311459589996957
B,ar,N4,adamw,F4,3,8000,0,8000,8000,0,-6.855009494506607,0.7573936786221319,2.367061946190864,20.011678528182333,0.6926383897704118,1.209293734841329,0.6170706249977229
B,ar,N4,adamw,F4,4,8000,0,8000,8000,0,4.394538318675733,6.112055488225753,23.31443279565689,51.27812383056175,0.8619830565687865,12.034172093956222,0.6196907919947989
B,ar,N4,adamw,F4,5,8000,0,8000,8000,0,0.2979182966254239,2.8407325072018272,9.120512509780443,16.95368969820286,0.9125328791325288,3.77146680078793,0.637403708002239
B,ar,N4,adamw,F4,6,8000,0,8000,8000,0,10.686212432770905,0.5792511313055698,15.371694846814066,46.809590686649074,1.034330290850421,5.281250853270183,0.6140942080019158
B,ar,N4,adamw,F4,7,8000,0,8000,8000,0,6.370942472467669,3.0884711895915364,21.660989529047683,83.42206817814748,1.2371532821690476,10.22069569979969,0.6214971669978695
