domain,series,filter,optimizer,model,seed,t_conv,conv,slope,floor_p50,floor_p10,floor_p90,auc,final_grad,holdout,alpha_hat,hurst_hat
financial_daily,AAPL,F0,sgd,regression,0,111,1,-0.8380842387024884,0.0001216452957499229,2.784761691739521e-05,0.0002576370404634102,-3.9253202470928636,6.016862789107162e-05,0.9725743434159745,1.3936787852089647,0.05966395853845447
financial_daily,AAPL,F0,sgd,regression,1,96,1,0.39332539703541697,8.669989618214147e-05,3.1847167153552964e-05,0.0002118358866471868,-3.9612168651939426,0.00014039567214959155,0.9727234961302105,1.3936787852089647,0.05966395853845447
financial_daily,AAPL,F0,sgd,regression,2,114,1,-1.0567396908341595,0.00010664042088350328,4.992942043000763e-05,0.00021199583900217837,-3.927749780162958,7.850460288696765e-05,0.9724710129937258,1.3936787852089647,0.05966395853845447
financial_daily,AAPL,F0,sgd,regression,3,123,1,1.9938900909888766,0.00010988101857533787,4.137789395409351e-05,0.0002571264607150512,-3.9344853052557136,0.00011329668564803368,0.9726434224237251,1.3936787852089647,0.05966395853845447
financial_daily,AAPL,F0,sgd,classification,0,1681,1,-0.8036380544612091,7.588098403118009e-06,2.90450578121813e-06,2.3396004703932255e-05,-4.78685873566013,2.0763206864137007e-05,0.5023923444976076,1.3936787852089647,0.05966395853845447
financial_daily,AAPL,F0,sgd,classification,1,3458,1,1.9364253091350734,1.6165596788671058e-05,6.1483636938129015e-06,2.4926894179572595e-05,-4.6152720017461855,1.490031236783284e-05,0.49760765550239233,1.3936787852089647,0.05966395853845447
financial_daily,AAPL,F0,sgd,classification,2,2308,1,-1.823566148105131,1.626808326643365e-05,1.2284419666019446e-05,2.123715040282418e-05,-4.599664831440791,1.7707011644471623e-05,0.5135566188197768,1.3936787852089647,0.05966395853845447
financial_daily,AAPL,F0,sgd,classification,3,1091,1,1.9552590499954268,1.1639046140351366e-05,5.74565402486396e-06,3.337277740661252e-05,-4.8314187833204265,3.930473143214686e-06,0.5055821371610846,1.3936787852089647,0.05966395853845447
financial_daily,AAPL,F0,adam,regression,0,4000,0,0.24869724467786777,0.002219451994639403,0.0008228032761196505,0.004522237988403917,-2.7198223570572213,0.0006932049771847537,0.9744521011304587,1.3936787852089647,0.05966395853845447
financial_daily,AAPL,F0,adam,regression,1,817,1,-0.5440819280033735,0.0020412842646260077,0.0007776981752061183,0.004069587776976207,-2.723893817199639,0.0015928295493324034,0.9750543777925662,1.3936787852089647,0.05966395853845447
financial_daily,AAPL,F0,adam,regression,2,579,1,0.045756590308739485,0.002166047425980919,0.0008267541409546781,0.004608436237466074,-2.7139408366427262,0.0012591398836733127,0.9751217229331945,1.3936787852089647,0.05966395853845447
financial_daily,AAPL,F0,adam,regression,3,4000,0,0.7933261400066536,0.0019224182077277126,0.0007399636174608119,0.004346173371962352,-2.7118279644375325,0.0007401246406512637,0.9716798447123501,1.3936787852089647,0.05966395853845447
financial_daily,AAPL,F0,adam,classification,0,4000,0,-1.2110949450348303,0.00024333778220569344,8.255991920440861e-05,0.000690167643457083,-3.56820175951893,6.887248173027179e-05,0.5199362041467305,1.3936787852089647,0.05966395853845447
financial_daily,AAPL,F0,adam,classification,1,4000,0,0.7626924340197624,0.0002269665776365328,9.317460872988734e-05,0.0004930562382692386,-3.6101566180430176,0.00017097935386054677,0.5135566188197768,1.3936787852089647,0.05966395853845447
financial_daily,AAPL,F0,adam,classification,2,4000,0,-0.4170521108612222,0.0002793878902763489,0.00013277930896835367,0.0005749801738933486,-3.5925161620577617,0.0002750285283354922,0.5039872408293461,1.3936787852089647,0.05966395853845447
financial_daily,AAPL,F0,adam,classification,3,4000,0,1.160793333387607,0.00025170940328836963,0.00010184759561154289,0.0005504569357309765,-3.5895750591263824,0.0002639988404066798,0.5231259968102073,1.3936787852089647,0.05966395853845447
financial_daily,AAPL,F1,sgd,regression,0,655,1,-3.1179583587102053,5.8967809939885376e-05,3.6942644732875276e-05,7.062476000784922e-05,-3.673816337149361,3.278617354808096e-05,1.0367500206471787,1.3936787852089647,0.05966395853845447
financial_daily,AAPL,F1,sgd,regression,1,674,1,-0.4653173873840019,4.873863558964922e-05,4.1364778285938286e-05,8.01817921096664e-05,-3.7000409239105467,3.6296408117798046e-05,1.036982861170515,1.3936787852089647,0.05966395853845447
financial_daily,AAPL,F1,sgd,regression,2,541,1,-2.847543728930622,4.109581385856804e-05,2.8509823427881677e-05,6.0086666803710216e-05,-3.7352415381175277,2.5545423749717048e-05,1.037933519669904,1.3936787852089647,0.05966395853845447
financial_daily,AAPL,F1,sgd,regression,3,582,1,-2.1897680090266527,5.526831984432776e-05,3.99034104931175e-05,6.916468266934087e-05,-3.710080783211136,3.720736255716191e-05,1.0363106373086086,1.3936787852089647,0.05966395853845447
financial_daily,AAPL,F1,sgd,classification,0,4000,0,-1.5738203134072588,0.001997266009952003,0.0017486015601067932,0.002333397034210912,-2.2601165588918537,0.0016966068010521365,0.48325358851674644,1.3936787852089647,0.05966395853845447
financial_daily,AAPL,F1,sgd,classification,1,4000,0,-1.58870914527838,0.0019131134857030563,0.0016638448120783684,0.00223694859051777,-2.2713902700781348,0.0016213462174912141,0.48484848484848486,1.3936787852089647,0.05966395853845447
financial_daily,AAPL,F1,sgd,classification,2,4000,0,-1.467577231407315,0.0020260217172091235,0.0017901752684802946,0.0023323456249613322,-2.2602375771918775,0.001726876872240623,0.4864433811802233,1.3936787852089647,0.05966395853845447
financial_daily,AAPL,F1,sgd,classification,3,4000,0,-1.531781157535331,0.0020148512448727174,0.001742917492751228,0.0023282910043623587,-2.2605955830744384,0.001703202436182288,0.48484848484848486,1.3936787852089647,0.05966395853845447
financial_daily,AAPL,F1,adam,regression,0,58,1,-3.0048581433977857,6.369374781174772e-05,6.85450268609402e-06,0.00035079798981409296,-4.019882191556319,0.000180823426176567,1.0411385482603193,1.3936787852089647,0.05966395853845447
financial_daily,AAPL,F1,adam,regression,1,93,1,-0.23787449385974546,5.6789050275899825e-05,1.1051351927477138e-05,0.00037058758575855106,-4.075045904187074,0.00020843749236274957,1.0320414424234177,1.3936787852089647,0.05966395853845447
financial_daily,AAPL,F1,adam,regression,2,52,1,-0.8454493473497426,5.746959944827405e-05,1.5242566440475848e-05,0.00028816396604564926,-4.053140808314488,2.982149242763616e-05,1.0417611441493178,1.3936787852089647,0.05966395853845447
financial_daily,AAPL,F1,adam,regression,3,89,1,5.1067084026395895,8.608339376993821e-05,1.539915046747742e-05,0.00034669327301005615,-4.089942337973389,1.0859872087487972e-05,1.0397911355148488,1.3936787852089647,0.05966395853845447
financial_daily,AAPL,F1,adam,classification,0,867,1,-2.544957866198189,5.7539429429167836e-05,4.12312046270184e-05,6.863149666980558e-05,-3.7270298533340576,3.898355186506394e-05,0.4960127591706539,1.3936787852089647,0.05966395853845447
financial_daily,AAPL,F1,adam,classification,1,865,1,-0.8959479500999853,4.605267233152636e-05,4.3483633792415465e-05,5.002402729523129e-05,-3.783355523143342,4.374746680520618e-05,0.49920255183413076,1.3936787852089647,0.05966395853845447
financial_daily,AAPL,F1,adam,classification,2,955,1,-1.7735840432551075,5.062183177810691e-05,4.402939751717527e-05,6.304993597237857e-05,-3.7480564290925775,3.8523705285857e-05,0.49920255183413076,1.3936787852089647,0.05966395853845447
financial_daily,AAPL,F1,adam,classification,3,803,1,-1.9105905877669223,5.693753365558751e-05,4.239137239871293e-05,6.698687638879789e-05,-3.748731507141562,4.2544641363022524e-05,0.49760765550239233,1.3936787852089647,0.05966395853845447
financial_daily,AAPL,F2,sgd,regression,0,1490,1,-1.7069004417982452,1.0096413216019615e-05,8.598932745110958e-06,1.1527469084624718e-05,-4.251197662646416,8.339795879093379e-06,0.985130140243141,1.3936787852089647,0.05966395853845447
financial_daily,AAPL,F2,sgd,regression,1,1369,1,2.1176817662108665,1.226327631731472e-05,8.056036510660428e-06,1.7977491146248838e-05,-4.365047153681955,1.1461548500226777e-05,0.9858123698628939,1.3936787852089647,0.05966395853845447
financial_daily,AAPL,F2,sgd,regression,2,1434,1,-0.8132480215606387,1.2727844278781508e-05,1.0297696127017966e-05,1.6213365659518776e-05,-4.263285552393812,8.828733269955192e-06,0.984519708974548,1.3936787852089647,0.05966395853845447
financial_daily,AAPL,F2,sgd,regression,3,1712,1,-0.9285039778601758,9.398581922192674e-06,8.334081755359837e-06,1.2039897963124642e-05,-4.269491992892241,8.180111099155525e-06,0.9848762843175797,1.3936787852089647,0.05966395853845447
financial_daily,AAPL,F2,sgd,classification,0,4000,0,-0.9175217022655603,0.0033441570116896843,0.003082477267128851,0.0036607610018255334,-2.2629998891882024,0.003024048886942616,0.4960127591706539,1.3936787852089647,0.05966395853845447
financial_daily,AAPL,F2,sgd,classification,1,4000,0,-0.9300014172266441,0.0032673657022441417,0.003000151167106732,0.0035786178825490695,-2.269022943877764,0.002947406470837946,0.4960127591706539,1.3936787852089647,0.05966395853845447
financial_daily,AAPL,F2,sgd,classification,2,4000,0,-0.8676449528686745,0.0033667763025559613,0.0031166373443707396,0.003659321866501407,-2.2630931077209135,0.003049755183464947,0.4944178628389155,1.3936787852089647,0.05966395853845447
financial_daily,AAPL,F2,sgd,classification,3,4000,0,-0.8996396534204607,0.003357794972087099,0.0030790243539646593,0.003657324949381656,-2.26327150815215,0.003029446596038831,0.4960127591706539,1.3936787852089647,0.05966395853845447
financial_daily,AAPL,F2,adam,regression,0,46,1,-5.525088225330218,1.5758003020666102e-05,1.559332409614829e-06,9.906784098166727e-05,-4.622050346010596,1.0706812080867482e-05,0.9856301539385355,1.3936787852089647,0.05966395853845447
financial_daily,AAPL,F2,adam,regression,1,42,1,0.6224607001668707,3.276088013990576e-05,3.4146247743017807e-06,0.00013688238664131565,-4.531773080383338,4.102491493387381e-05,0.9818124900892892,1.3936787852089647,0.05966395853845447
financial_daily,AAPL,F2,adam,regression,2,70,1,1.9626724605954835,2.0388470952058474e-05,6.10745817075584e-06,9.30178366607385e-05,-4.628879478418722,8.53555112762352e-06,0.9872826553452417,1.3936787852089647,0.05966395853845447
financial_daily,AAPL,F2,adam,regression,3,54,1,1.8888639238131557,1.7554791154113947e-05,1.9677233844591104e-06,0.00011950388677964804,-4.687211050305693,7.934969902487415e-05,0.9803852972091667,1.3936787852089647,0.05966395853845447
financial_daily,AAPL,F2,adam,classification,0,2383,1,-2.197837790343179,4.9725541220573514e-05,4.1869868043130683e-05,6.303630165213232e-05,-3.6817410112865327,4.0525919773433865e-05,0.49282296650717705,1.3936787852089647,0.05966395853845447
financial_daily,AAPL,F2,adam,classification,1,2140,1,-2.2634363013293046,3.791215049579249e-05,3.0407930235804414e-05,4.8424280934933515e-05,-3.757411267289453,3.0065641352800618e-05,0.49122807017543857,1.3936787852089647,0.05966395853845447
financial_daily,AAPL,F2,adam,classification,2,2261,1,-1.4061294136577596,5.6675430676892914e-05,5.118540883653239e-05,6.648310219176364e-05,-3.6746478842972956,4.74435777480245e-05,0.48963317384370014,1.3936787852089647,0.05966395853845447
financial_daily,AAPL,F2,adam,classification,3,2420,1,-1.9099810542357525,5.371696877171404e-05,4.285520749276819e-05,6.545543399758731e-05,-3.667097851892956,4.291377337339639e-05,0.48963317384370014,1.3936787852089647,0.05966395853845447
financial_daily,AAPL,F4,sgd,regression,0,3154,1,-4.3024943099939374,2.3380800597564016e-05,1.1374357990297503e-05,2.984586915698454e-05,-3.973613193115369,1.0426205890264576e-05,0.9960769808910058,1.3936787852089647,0.05966395853845447
financial_daily,AAPL,F4,sgd,regression,1,2561,1,-0.48758990727806667,1.9973014488404535e-05,1.5184516927316687e-05,2.6943228092124536e-05,-4.043641533597075,1.6859589793757428e-05,0.9961498493080141,1.3936787852089647,0.05966395853845447
financial_daily,AAPL,F4,sgd,regression,2,2466,1,-2.1567427649811557,1.510969517987332e-05,1.1849953648991267e-05,1.944208059871872e-05,-4.086521230332338,8.747025455287625e-06,0.9965257509372714,1.3936787852089647,0.05966395853845447
financial_daily,AAPL,F4,sgd,regression,3,2893,1,-3.7187721838649437,2.2187776632481327e-05,1.1169840401386127e-05,2.9881247016463898e-05,-4.02000944763738,1.1338267576865317e-05,0.9955054585046547,1.3936787852089647,0.05966395853845447
financial_daily,AAPL,F4,sgd,classification,0,4000,0,-1.05202508623719,0.0011341322716610736,0.0010331651299364914,0.001260100923482345,-2.7059559551725316,0.0010116238468548205,0.5247208931419458,1.3936787852089647,0.05966395853845447
financial_daily,AAPL,F4,sgd,classification,1,4000,0,-1.0672276451706302,0.0010810290672065076,0.0009797023491773746,0.0012030500096134732,-2.7178121868195766,0.0009629667034835589,0.5247208931419458,1.3936787852089647,0.05966395853845447
financial_daily,AAPL,F4,sgd,classification,2,4000,0,-0.9553240174646909,0.0011440421287793332,0.0010524066486482866,0.0012555178015502702,-2.7066823283949617,0.001025504969913224,0.5263157894736842,1.3936787852089647,0.05966395853845447
financial_daily,AAPL,F4,sgd,classification,3,4000,0,-1.009405328506697,0.0011407447292646556,0.0010292163042088455,0.0012557506678674963,-2.7071432611396786,0.0010143864255964823,0.5247208931419458,1.3936787852089647,0.05966395853845447
financial_daily,AAPL,F4,adam,regression,0,250,1,-1.5003795487084584,5.715275194282702e-05,1.7861916284366202e-05,0.0001787282051175586,-4.142808148176834,5.77060999286861e-05,1.0094776924576039,1.3936787852089647,0.05966395853845447
financial_daily,AAPL,F4,adam,regression,1,606,1,0.2638026495072761,6.012063554530695e-05,1.3608321372922871e-05,0.00016228956161734964,-4.167204500211148,9.304028821135119e-05,0.9917029580957833,1.3936787852089647,0.05966395853845447
financial_daily,AAPL,F4,adam,regression,2,87,1,-1.3586231100504302,5.069606258381453e-05,1.9903043494571943e-05,0.00013297285995510637,-4.190800292353124,3.0086256473092702e-05,1.003315205278868,1.3936787852089647,0.05966395853845447
financial_daily,AAPL,F4,adam,regression,3,140,1,3.8889803470075606,6.698008030108402e-05,2.079433565623465e-05,0.00017329674229710137,-4.186245635576058,8.230572866605168e-05,0.9967336024522714,1.3936787852089647,0.05966395853845447
financial_daily,AAPL,F4,adam,classification,0,3018,1,-2.6370708148803788,2.8317621791542557e-05,2.07344671537077e-05,3.401265590614115e-05,-4.072336582085099,1.9570031298338572e-05,0.5566188197767146,1.3936787852089647,0.05966395853845447
financial_daily,AAPL,F4,adam,classification,1,2269,1,-0.37681524053576876,2.508728399247718e-05,2.235709234627398e-05,2.6972456003536145e-05,-4.132547583194921,2.4563458866242155e-05,0.5454545454545454,1.3936787852089647,0.05966395853845447
financial_daily,AAPL,F4,adam,classification,2,2419,1,-1.0698007972483896,2.8512299301920475e-05,2.6379174892343256e-05,3.396489662782895e-05,-4.091353269487937,2.2540704223728137e-05,0.5486443381180224,1.3936787852089647,0.05966395853845447
financial_daily,AAPL,F4,adam,classification,3,2798,1,-1.9364323243237742,2.898191250386198e-05,2.0407286964535284e-05,3.403610590589473e-05,-4.0882014598391105,2.126061583116256e-05,0.5502392344497608,1.3936787852089647,0.05966395853845447
financial_daily,AAPL,F7,sgd,regression,0,3212,1,-3.8514741483407477,3.67720462703825e-05,2.179631066360147e-05,4.601202757814103e-05,-3.760682776719256,2.0552638914294103e-05,1.0262961167023283,1.3936787852089647,0.05966395853845447
financial_daily,AAPL,F7,sgd,regression,1,3011,1,-0.8781573496026139,3.559755361189991e-05,3.205880474791398e-05,4.497059630952434e-05,-3.791804808556299,2.9281900317823555e-05,1.0261068300487497,1.3936787852089647,0.05966395853845447
financial_daily,AAPL,F7,sgd,regression,2,2711,1,-1.938207704145232,2.7237740324389876e-05,2.2245213086239413e-05,3.295261676988334e-05,-3.848170294744504,1.778898709958115e-05,1.02490121363769,1.3936787852089647,0.05966395853845447
financial_daily,AAPL,F7,sgd,regression,3,3226,1,-3.4272981398683826,3.795869314082957e-05,2.1571265502426346e-05,5.0621290024745405e-05,-3.78597292833445,2.2204019890419298e-05,1.025191082418104,1.3936787852089647,0.05966395853845447
financial_daily,AAPL,F7,sgd,classification,0,4000,0,-1.07885691566318,0.0014224882659212364,0.0012936915760617279,0.0015829330035217089,-2.590712554668994,0.0012663829743638454,0.5247208931419458,1.3936787852089647,0.05966395853845447
financial_daily,AAPL,F7,sgd,classification,1,4000,0,-1.083660890733808,0.0013586881579868869,0.0012313850160605242,0.0015133975696995493,-2.6020295144031,0.0012104508749834245,0.5215311004784688,1.3936787852089647,0.05966395853845447
financial_daily,AAPL,F7,sgd,classification,2,4000,0,-0.9918912364012314,0.0014315484883184954,0.0013146314589739365,0.0015765432513045366,-2.591425700602035,0.0012811564391538104,0.5231259968102073,1.3936787852089647,0.05966395853845447
financial_daily,AAPL,F7,sgd,classification,3,4000,0,-1.0322186096902557,0.0014282463638687376,0.0012883922191027936,0.0015751049134048588,-2.5923969909588394,0.0012685723896755947,0.5231259968102073,1.3936787852089647,0.05966395853845447
financial_daily,AAPL,F7,adam,regression,0,245,1,-1.5909319524278358,6.266938715433713e-05,1.5382973245949275e-05,0.00020307321182195067,-4.0989759282934,4.484705173155376e-05,1.0430039415529633,1.3936787852089647,0.05966395853845447
financial_daily,AAPL,F7,adam,regression,1,205,1,0.00891227721202051,6.247756058169714e-05,1.2988618785592964e-05,0.0001759865468959107,-4.133683898198166,0.00011863130780119355,1.0232395360552284,1.3936787852089647,0.05966395853845447
financial_daily,AAPL,F7,adam,regression,2,347,1,-1.1080751967212,5.0853787348875234e-05,1.9911558797715368e-05,0.00015724656294291298,-4.156521900293506,2.4834877110588058e-05,1.0311158370250015,1.3936787852089647,0.05966395853845447
financial_daily,AAPL,F7,adam,regression,3,145,1,3.771364620190679,7.19119006517551e-05,1.642029032456614e-05,0.000196847266326449,-4.148046038494495,5.982195471522328e-05,1.0242722033863016,1.3936787852089647,0.05966395853845447
financial_daily,AAPL,F7,adam,classification,0,3128,1,-2.483400690719076,4.407934733704886e-05,3.396927685616014e-05,5.305796623003746e-05,-3.8759275935905926,3.2518720114465104e-05,0.5486443381180224,1.3936787852089647,0.05966395853845447
financial_daily,AAPL,F7,adam,classification,1,2502,1,-0.33357078153402947,4.0471269554736204e-05,3.6824341254037606e-05,4.4323791064386904e-05,-3.9193481586543504,3.8896817951753016e-05,0.543859649122807,1.3936787852089647,0.05966395853845447
financial_daily,AAPL,F7,adam,classification,2,2712,1,-1.3034346826710166,4.4596543150146175e-05,3.960026557886764e-05,5.4548336142783666e-05,-3.88838600787739,3.355758065082057e-05,0.5518341307814992,1.3936787852089647,0.05966395853845447
financial_daily,AAPL,F7,adam,classification,3,2917,1,-1.9406906856050723,4.607070219680908e-05,3.3444753980517574e-05,5.434216210710507e-05,-3.8868579991834604,3.4698917139069055e-05,0.5470494417862839,1.3936787852089647,0.05966395853845447
financial_daily,AAPL,F10,sgd,regression,0,2072,1,-3.454506272704236,5.906776111969021e-06,5.2545940514914885e-06,9.14439082145103e-06,-4.246965724089578,5.1817395683138065e-06,0.987212258899909,1.3936787852089647,0.05966395853845447
financial_daily,AAPL,F10,sgd,regression,1,1664,1,1.9486174930359612,6.747088741028056e-06,4.858003226631718e-06,9.974904302502055e-06,-4.396766436551073,6.991207235508451e-06,0.9884363702597557,1.3936787852089647,0.05966395853845447
financial_daily,AAPL,F10,sgd,regression,2,2043,1,-1.1860988493355413,1.1056930398338177e-05,9.03734710822846e-06,1.4010939064215064e-05,-4.233191919993449,7.3868931439236375e-06,0.9862870662039553,1.3936787852089647,0.05966395853845447
financial_daily,AAPL,F10,sgd,regression,3,2014,1,-2.5058918963899974,6.6188134487495315e-06,4.862656946122991e-06,1.0469886417277825e-05,-4.253093908049676,5.380708501867343e-06,0.9870530722286772,1.3936787852089647,0.05966395853845447
financial_daily,AAPL,F10,sgd,classification,0,4000,0,-0.8068317645736247,0.0032484753011700254,0.0030210618424175942,0.003518202543542313,-2.310673366130097,0.002969742511237074,0.47208931419457734,1.3936787852089647,0.05966395853845447
financial_daily,AAPL,F10,sgd,classification,1,4000,0,-0.8200505135553031,0.003178395038736879,0.0029452315719200413,0.0034445878526485384,-2.3161686839987135,0.0028987722289779134,0.47208931419457734,1.3936787852089647,0.05966395853845447
financial_daily,AAPL,F10,sgd,classification,2,4000,0,-0.761672750197781,0.0032676731167266765,0.0030509841843266695,0.0035163109793850127,-2.31078627954422,0.002992319788942103,0.4704944178628389,1.3936787852089647,0.05966395853845447
financial_daily,AAPL,F10,sgd,classification,3,4000,0,-0.7907436679361092,0.0032599748825523204,0.0030177094245024193,0.00351479403561331,-2.310946247316308,0.0029742719895115514,0.47208931419457734,1.3936787852089647,0.05966395853845447
financial_daily,AAPL,F10,adam,regression,0,109,1,-6.332321330256669,9.648556463511324e-06,1.3030555688019492e-06,7.58011264362448e-05,-4.778484387681205,2.378439051221313e-06,0.9864806942960502,1.3936787852089647,0.05966395853845447
financial_daily,AAPL,F10,adam,regression,1,133,1,1.2243973764144769,2.4912595866669227e-05,2.202189340930648e-06,0.00011302182138986716,-4.691363248198666,2.2440684225351404e-05,0.9843238655538766,1.3936787852089647,0.05966395853845447
financial_daily,AAPL,F10,adam,regression,2,86,1,2.3314377951112504,1.565070967124352e-05,2.1874434824122107e-06,7.436161834761134e-05,-4.8044569142902755,1.072259527418823e-05,0.9869548921595134,1.3936787852089647,0.05966395853845447
financial_daily,AAPL,F10,adam,regression,3,88,1,2.004325730479345,1.5726435546203736e-05,1.6860687019518534e-06,8.534833864961941e-05,-4.836871193289813,7.35422688281644e-05,0.9833912753197491,1.3936787852089647,0.05966395853845447
financial_daily,AAPL,F10,adam,classification,0,3089,1,-1.963971351272176,6.400582091054758e-05,5.493197521263934e-05,7.903311125938333e-05,-3.621402279860806,5.320522810708181e-05,0.47208931419457734,1.3936787852089647,0.05966395853845447
financial_daily,AAPL,F10,adam,classification,1,2794,1,-2.0236209397889144,5.130282335657502e-05,4.219656720718343e-05,6.362155847053632e-05,-3.6854084246121666,4.144035124914836e-05,0.47208931419457734,1.3936787852089647,0.05966395853845447
financial_daily,AAPL,F10,adam,classification,2,3141,1,-1.332230912498064,7.130654517043615e-05,6.447973150247597e-05,8.252737764088218e-05,-3.615691288991208,6.051569727727776e-05,0.47208931419457734,1.3936787852089647,0.05966395853845447
financial_daily,AAPL,F10,adam,classification,3,3213,1,-1.734466498532338,6.837071488724678e-05,5.592127746446671e-05,8.179773695653486e-05,-3.608160203777013,5.589236754071249e-05,0.47368421052631576,1.3936787852089647,0.05966395853845447
financial_daily,AAPL,F11,sgd,regression,0,521,1,-0.5649841195189981,2.6936150918896962e-05,5.592670395179059e-06,8.632710175849565e-05,-3.9910011709082247,4.7812956492320707e-05,1.0980224409393569,1.3936787852089647,0.05966395853845447
financial_daily,AAPL,F11,sgd,regression,1,501,1,2.2078764199158534,3.062335289392976e-05,8.237221410362024e-06,9.747570443381113e-05,-4.05561892095611,4.8176407013077966e-05,1.0959210607710863,1.3936787852089647,0.05966395853845447
financial_daily,AAPL,F11,sgd,regression,2,501,1,-2.5944202971153327,3.458640100151899e-05,1.3944241115475637e-05,6.23343281574095e-05,-4.052997861571903,1.5413243538857236e-05,1.097724027564967,1.3936787852089647,0.05966395853845447
financial_daily,AAPL,F11,sgd,regression,3,491,1,3.1727723252498374,3.2162420878514e-05,1.2212986737063485e-05,9.746602445782467e-05,-4.076918486479534,9.864915784927149e-06,1.0955253627289374,1.3936787852089647,0.05966395853845447
financial_daily,AAPL,F11,sgd,classification,0,4000,0,-2.5376253513563665,0.00023073653112571808,0.00017557143793759444,0.0002869016400942612,-3.0690744094593425,0.00016833211348190837,0.49282296650717705,1.3936787852089647,0.05966395853845447
financial_daily,AAPL,F11,sgd,classification,1,4000,0,-2.140274830023198,0.0002111734056896019,0.00017834101246122012,0.0002518350271039663,-3.0873786603113453,0.00016964572788494953,0.49920255183413076,1.3936787852089647,0.05966395853845447
financial_daily,AAPL,F11,sgd,classification,2,4000,0,-1.8437936655855751,0.00021369671124409138,0.00017809816796671642,0.00024809434168031607,-3.101042191868888,0.00016450990041708838,0.49760765550239233,1.3936787852089647,0.05966395853845447
financial_daily,AAPL,F11,sgd,classification,3,4000,0,-2.5065739234730553,0.00022991288891788077,0.0001689147457472025,0.00028422330707672457,-3.0764868470541953,0.000167707936697682,0.4960127591706539,1.3936787852089647,0.05966395853845447
financial_daily,AAPL,F11,adam,regression,0,93,1,-0.9500796470272697,0.0005662203269837691,0.00019117247057987846,0.0016048684692652724,-3.2172780019546408,0.0006471522009860256,1.08909718013126,1.3936787852089647,0.05966395853845447
financial_daily,AAPL,F11,adam,regression,1,85,1,-0.5052375133793378,0.00047235593741794377,0.00017852703879207973,0.001347741997198616,-3.254420063387897,0.0006173184897149939,1.087993674124085,1.3936787852089647,0.05966395853845447
financial_daily,AAPL,F11,adam,regression,2,77,1,-0.35138294167901624,0.000524517935809653,0.00018858059122206074,0.0014926434074724795,-3.2279083936573065,0.0008155454223788122,1.11037151061079,1.3936787852089647,0.05966395853845447
financial_daily,AAPL,F11,adam,regression,3,86,1,1.5439302276272784,0.0005459920891916386,0.0002151162909191964,0.0011759287293364828,-3.2410300829785266,0.0001346718387298319,1.0884481624554636,1.3936787852089647,0.05966395853845447
financial_daily,AAPL,F11,adam,classification,0,398,1,-1.457340371563973,4.748067327232774e-05,1.7443829118508495e-05,0.00015298085965897008,-4.075497461045995,3.966634043853798e-05,0.49760765550239233,1.3936787852089647,0.05966395853845447
financial_daily,AAPL,F11,adam,classification,1,507,1,0.7905800601781835,5.539945300891845e-05,1.4668665549816169e-05,0.00013926921314118653,-4.136602638370403,5.8050965603734844e-05,0.5039872408293461,1.3936787852089647,0.05966395853845447
financial_daily,AAPL,F11,adam,classification,2,470,1,-1.8023046032629557,5.460452097610863e-05,1.858187102990489e-05,0.00012030306732703936,-4.132653599597581,2.885323586339533e-05,0.49760765550239233,1.3936787852089647,0.05966395853845447
financial_daily,AAPL,F11,adam,classification,3,379,1,1.7433179889520474,6.207931497013741e-05,2.2407968893841233e-05,0.00013350730561211468,-4.145311886851448,4.07706743075078e-05,0.507177033492823,1.3936787852089647,0.05966395853845447
financial_daily,AAPL,FA,sgd,regression,0,1317,1,-4.4274283505292775,7.345298456370451e-06,5.020509226078391e-06,1.0686971684854087e-05,-4.148896682164773,9.619558526205678e-06,1.003992054503225,1.3936787852089647,0.05966395853845447
financial_daily,AAPL,FA,sgd,regression,1,1287,1,0.8118127001121667,1.0686153411017853e-05,3.596545038497535e-06,3.177865367733481e-05,-4.145836252420326,5.6123963880451704e-06,1.0023631048568855,1.3936787852089647,0.05966395853845447
financial_daily,AAPL,FA,sgd,regression,2,1145,1,-0.711151745200352,1.2131047382743487e-05,6.954511072472819e-06,2.0299337162782607e-05,-4.246000462368413,6.185919608226291e-06,1.0033461390081202,1.3936787852089647,0.05966395853845447
financial_daily,AAPL,FA,sgd,regression,3,1321,1,-3.3112452811029573,9.206353480126564e-06,4.332510775789344e-06,1.3011688216088273e-05,-4.196137720268692,2.6389856594985977e-06,1.0030352971926602,1.3936787852089647,0.05966395853845447
financial_daily,AAPL,FA,sgd,classification,0,4000,0,-1.6595160976367997,0.0005877658139524475,0.0005043730760234145,0.000691125031328474,-2.8480705163472604,0.0004884794955291199,0.5231259968102073,1.3936787852089647,0.05966395853845447
financial_daily,AAPL,FA,sgd,classification,1,4000,0,-1.6184833452303273,0.0005345358548856561,0.0004635034135749071,0.0006294791252483334,-2.8700300536133367,0.00045523130422913896,0.529505582137161,1.3936787852089647,0.05966395853845447
financial_daily,AAPL,FA,sgd,classification,2,4000,0,-1.463188951193723,0.0005823869938726176,0.0005124637782415317,0.0006689309790819222,-2.8547338537797824,0.0004904666199043078,0.5215311004784688,1.3936787852089647,0.05966395853845447
financial_daily,AAPL,FA,sgd,classification,3,4000,0,-1.5578906296265482,0.0005937773169230995,0.0004994023355517796,0.0006864705052378925,-2.851332960308355,0.0004929698964895868,0.5263157894736842,1.3936787852089647,0.05966395853845447
financial_daily,AAPL,FA,adam,regression,0,230,1,-1.4835980168791973,0.00015068733870487582,4.067498482901583e-05,0.0003980745517696976,-3.7540915100901757,5.566704621160823e-05,1.0041727302677443,1.3936787852089647,0.05966395853845447
financial_daily,AAPL,FA,adam,regression,1,197,1,-0.2720957564852734,0.00013228822620414487,3.4955168689550955e-05,0.00031973443397240495,-3.8264133110586944,0.00018883787217959482,0.9987473912904176,1.3936787852089647,0.05966395853845447
financial_daily,AAPL,FA,adam,regression,2,74,1,-0.6245650625998099,0.00012109890891317694,6.24089933549778e-05,0.00030323085154587427,-3.815052162500344,0.00013539354422220157,1.0082198344091176,1.3936787852089647,0.05966395853845447
financial_daily,AAPL,FA,adam,regression,3,121,1,3.015249306896702,0.00015449954537164533,4.8481440134667894e-05,0.00037895129278862655,-3.812414924385395,0.00019959146035142662,1.0007221211641673,1.3936787852089647,0.05966395853845447
financial_daily,AAPL,FA,adam,classification,0,803,1,-3.477430365903748,6.103332753894413e-06,3.1839706059485095e-06,2.233089425444702e-05,-4.55894422744038,2.1490023433909675e-05,0.5486443381180224,1.3936787852089647,0.05966395853845447
financial_daily,AAPL,FA,adam,classification,1,876,1,3.2825944373610962,1.2958063048655545e-05,3.7333378709109643e-06,4.967310592643199e-05,-4.485190647398092,8.32148873433134e-06,0.5422647527910686,1.3936787852089647,0.05966395853845447
financial_daily,AAPL,FA,adam,classification,2,688,1,-2.416197920060346,1.6113354399402033e-05,8.303714284924334e-06,3.3501156584710804e-05,-4.498573289098451,6.69701153179733e-06,0.5358851674641149,1.3936787852089647,0.05966395853845447
financial_daily,AAPL,FA,adam,classification,3,703,1,0.09506302136135346,1.1029062482406563e-05,5.742650418485337e-06,1.7911504595243934e-05,-4.637149502511175,4.760696512966963e-06,0.5470494417862839,1.3936787852089647,0.05966395853845447
financial_daily,ADA-USD,F0,sgd,regression,0,105,1,-0.93648743550825,0.0001234901331620771,2.7743146141707455e-05,0.0002560494469926151,-3.902421001141615,6.2511967546744e-05,0.9589130447314055,1.5497642230312478,0.06455295574708221
financial_daily,ADA-USD,F0,sgd,regression,1,110,1,0.38546243074349984,8.638664151235255e-05,3.250073212721677e-05,0.00021357137988586972,-3.9379777320635876,0.00014570386068479154,0.9599670952005417,1.5497642230312478,0.06455295574708221
financial_daily,ADA-USD,F0,sgd,regression,2,121,1,-1.026694722133871,0.0001066896505707206,4.9293571272591194e-05,0.00021535203248918968,-3.9059232838728417,7.397825822824224e-05,0.9587458083781467,1.5497642230312478,0.06455295574708221
financial_daily,ADA-USD,F0,sgd,regression,3,101,1,2.0466193723769868,0.00011224349911876787,4.285405180317603e-05,0.0002679850077684284,-3.9142564191779514,0.00011431086576929307,0.9600368927986864,1.5497642230312478,0.06455295574708221
financial_daily,ADA-USD,F0,sgd,classification,0,1286,1,-0.9456402319086988,7.8823323400423e-06,2.677636154642688e-06,2.1088410199116043e-05,-4.6794697923793365,1.8647621075193654e-05,0.47368421052631576,1.5497642230312478,0.06455295574708221
financial_daily,ADA-USD,F0,sgd,classification,1,1291,1,1.9329043802051316,1.6185675285514774e-05,6.456194039075124e-06,2.5748465513976045e-05,-4.568535230261499,1.3854991906943172e-05,0.49122807017543857,1.5497642230312478,0.06455295574708221
financial_daily,ADA-USD,F0,sgd,classification,2,1697,1,-1.6080171710849127,1.6457528303792893e-05,1.2313024298927264e-05,2.143632132713979e-05,-4.4830586595446915,1.93759750551089e-05,0.4768740031897927,1.5497642230312478,0.06455295574708221
financial_daily,ADA-USD,F0,sgd,classification,3,1076,1,1.8965214466659572,1.1158329324392972e-05,5.619850362795817e-06,3.3464888662825364e-05,-4.694185159709936,3.869220502260379e-06,0.4800637958532695,1.5497642230312478,0.06455295574708221
financial_daily,ADA-USD,F0,adam,regression,0,220,1,0.3578684405728012,0.002249373774616093,0.0008157536625145103,0.0045414475176666505,-2.7211772661061575,0.0006081633865612866,0.959237717038143,1.5497642230312478,0.06455295574708221
financial_daily,ADA-USD,F0,adam,regression,1,817,1,-0.490355630192193,0.002017663121094507,0.0008110636216172321,0.004083770158251262,-2.7208952253331127,0.0015499439705524323,0.960628770044492,1.5497642230312478,0.06455295574708221
financial_daily,ADA-USD,F0,adam,regression,2,62,1,0.05515809142735675,0.0021610710612446366,0.0008071171096161969,0.004457794088261854,-2.713155047991531,0.0012878458390730293,0.9576241942012961,1.5497642230312478,0.06455295574708221
financial_daily,ADA-USD,F0,adam,regression,3,334,1,0.9511872424100241,0.0019180797854095365,0.0007505222175735936,0.004278678183572945,-2.7084928692952297,0.0009401201198329424,0.9610552868381118,1.5497642230312478,0.06455295574708221
financial_daily,ADA-USD,F0,adam,classification,0,3000,1,-1.3081647167666306,0.00024507474535859366,8.102526483868846e-05,0.0006829632952578922,-3.566497833889135,6.78615282779869e-05,0.49282296650717705,1.5497642230312478,0.06455295574708221
financial_daily,ADA-USD,F0,adam,classification,1,1858,1,0.7326194994516525,0.0002316871700308118,9.307898138309482e-05,0.0005004739430481619,-3.610719423064841,0.00019481412534787772,0.47527910685805425,1.5497642230312478,0.06455295574708221
financial_daily,ADA-USD,F0,adam,classification,2,2555,1,-0.45561261716892426,0.00027064321221003794,0.00012491931093164174,0.0005754724794074325,-3.5914454808390683,0.00024675329104763413,0.49282296650717705,1.5497642230312478,0.06455295574708221
financial_daily,ADA-USD,F0,adam,classification,3,4000,0,1.1429872529969103,0.00025250373870764313,9.900931438108272e-05,0.0005692510197495383,-3.5893804661946196,0.00025055891583090033,0.4864433811802233,1.5497642230312478,0.06455295574708221
financial_daily,ADA-USD,F1,sgd,regression,0,410,1,-3.271715433630179,5.994173784046043e-05,3.7530747742241946e-05,7.39814044341971e-05,-3.6552398637127963,3.265194279204209e-05,0.9917406692190857,1.5497642230312478,0.06455295574708221
financial_daily,ADA-USD,F1,sgd,regression,1,501,1,-0.49713107412434554,5.0086104132915637e-05,4.094496650885057e-05,9.103175613833851e-05,-3.680671091753329,3.699474641228409e-05,0.9919014341709541,1.5497642230312478,0.06455295574708221
financial_daily,ADA-USD,F1,sgd,regression,2,423,1,-2.9329245587687254,4.133156456564136e-05,2.864846404903631e-05,6.36150118972397e-05,-3.7150429128843143,2.5837846903149494e-05,0.9921442284098757,1.5497642230312478,0.06455295574708221
financial_daily,ADA-USD,F1,sgd,regression,3,418,1,-2.170993183482725,5.8228357607080354e-05,4.115544377378365e-05,7.175473062671317e-05,-3.6895684373587456,3.919096594373809e-05,0.9914323584806624,1.5497642230312478,0.06455295574708221
financial_daily,ADA-USD,F1,sgd,classification,0,4000,0,-1.4890114957350393,0.0018418491111607546,0.0016238160992803562,0.0021341853510564567,-2.3055960535774456,0.0015779622427270494,0.5167464114832536,1.5497642230312478,0.06455295574708221
financial_daily,ADA-USD,F1,sgd,classification,1,4000,0,-1.5035472485308832,0.0017651651700373717,0.00154597872848189,0.002047098714916882,-2.3169714027009953,0.001508440867348671,0.518341307814992,1.5497642230312478,0.06455295574708221
financial_daily,ADA-USD,F1,sgd,classification,2,4000,0,-1.38425645808099,0.0018679569662869385,0.0016617978507806228,0.002133463891675943,-2.3057881425581592,0.0016057863542548241,0.518341307814992,1.5497642230312478,0.06455295574708221
financial_daily,ADA-USD,F1,sgd,classification,3,4000,0,-1.4483344113016718,0.0018581030754513087,0.0016190346377003878,0.0021304799057507286,-2.3060394278776424,0.0015842813053085797,0.5167464114832536,1.5497642230312478,0.06455295574708221
financial_daily,ADA-USD,F1,adam,regression,0,51,1,-2.8330490872037806,6.882286388856148e-05,7.161955857680787e-06,0.0004384100817079015,-3.9624346410061992,0.0003465587009554495,0.9939434776544097,1.5497642230312478,0.06455295574708221
financial_daily,ADA-USD,F1,adam,regression,1,54,1,-1.132950558753587,6.684868428244166e-05,1.1830807545826208e-05,0.0004344497457117776,-4.010780809993474,0.00026693364435072915,0.987499373851804,1.5497642230312478,0.06455295574708221
financial_daily,ADA-USD,F1,adam,regression,2,46,1,-1.026689469973944,7.225480344856829e-05,1.433485839419041e-05,0.0003536439357831793,-3.986123893149629,1.9261939877989978e-05,0.9916476916597701,1.5497642230312478,0.06455295574708221
financial_daily,ADA-USD,F1,adam,regression,3,55,1,5.2133071416521926,0.00010325654543723276,1.708845499130825e-05,0.00036792195464436687,-4.023267188265375,1.1500219746212786e-05,0.9933261320231516,1.5497642230312478,0.06455295574708221
financial_daily,ADA-USD,F1,adam,classification,0,770,1,-2.6295832550496097,4.9787034808792306e-05,3.470965125023153e-05,5.9621390187947765e-05,-3.79046265350224,3.277376144101786e-05,0.518341307814992,1.5497642230312478,0.06455295574708221
financial_daily,ADA-USD,F1,adam,classification,1,781,1,-0.9522259010207528,3.804772230847785e-05,3.566801540626451e-05,4.133387488366574e-05,-3.858097693907669,3.6524461999289775e-05,0.5135566188197768,1.5497642230312478,0.06455295574708221
financial_daily,ADA-USD,F1,adam,classification,2,738,1,-1.7787864242726896,4.318385452019689e-05,3.761875029160154e-05,5.3715584361275037e-05,-3.8140096730371633,3.273611582306529e-05,0.518341307814992,1.5497642230312478,0.06455295574708221
financial_daily,ADA-USD,F1,adam,classification,3,756,1,-1.948081306342044,4.8288333569408026e-05,3.5286815384044654e-05,5.681246555710197e-05,-3.816759554990148,3.539774132098683e-05,0.5167464114832536,1.5497642230312478,0.06455295574708221
financial_daily,ADA-USD,F2,sgd,regression,0,954,1,-0.9073574952817399,7.990368936304026e-06,6.518432383750094e-06,1.0191355501710038e-05,-4.443025130603233,6.179549868952782e-06,0.963123218604324,1.5497642230312478,0.06455295574708221
financial_daily,ADA-USD,F2,sgd,regression,1,846,1,3.270954070699003,1.2592848615888048e-05,6.0026314310068204e-06,2.444858650901631e-05,-4.495303436629751,8.995702567844448e-06,0.9636567966536934,1.5497642230312478,0.06455295574708221
financial_daily,ADA-USD,F2,sgd,regression,2,1012,1,-0.8344466151940453,1.0675836327384738e-05,7.171592463560293e-06,1.6487788207544816e-05,-4.442215291301041,5.8499102126049245e-06,0.9629283657521868,1.5497642230312478,0.06455295574708221
financial_daily,ADA-USD,F2,sgd,regression,3,846,1,-0.0763766141034526,7.2308135774185155e-06,6.384479183983404e-06,9.952262687235329e-06,-4.45189841899898,6.081331971187194e-06,0.9631194476235281,1.5497642230312478,0.06455295574708221
financial_daily,ADA-USD,F2,sgd,classification,0,4000,0,-1.0916022397534944,0.0032842098355758166,0.0029865285433942445,0.0036559794473841126,-2.20676196185155,0.002921260554793303,0.5311004784688995,1.5497642230312478,0.06455295574708221
financial_daily,ADA-USD,F2,sgd,classification,1,4000,0,-1.1024916110510217,0.0032011760502444744,0.002899035621267783,0.003564552905105918,-2.2137034352258307,0.0028405486745530107,0.5311004784688995,1.5497642230312478,0.06455295574708221
financial_daily,ADA-USD,F2,sgd,classification,2,4000,0,-1.0327448869650557,0.0033111734856466736,0.0030257365586806874,0.00365490046076528,-2.2069122879637617,0.0029506287495774585,0.529505582137161,1.5497642230312478,0.06455295574708221
financial_daily,ADA-USD,F2,sgd,classification,3,4000,0,-1.0706341491564524,0.003300871508923365,0.002983105297610464,0.003652899613527445,-2.2070224280837056,0.0029279734216155436,0.5311004784688995,1.5497642230312478,0.06455295574708221
financial_daily,ADA-USD,F2,adam,regression,0,30,1,-5.3962873729684935,2.4883271288851618e-05,1.8449523320519233e-06,0.00014273529445381702,-4.478532126469514,4.613082266646553e-06,0.9648651933405805,1.5497642230312478,0.06455295574708221
financial_daily,ADA-USD,F2,adam,regression,1,32,1,0.5700141232465696,4.136747244281921e-05,3.4020919159726636e-06,0.00017808217499552895,-4.455988807526553,9.063953619962631e-05,0.9617228762141465,1.5497642230312478,0.06455295574708221
financial_daily,ADA-USD,F2,adam,regression,2,35,1,2.39824179097668,2.668965911935583e-05,3.592921509527657e-06,0.00014497248646932586,-4.528732724601093,4.148793903191052e-06,0.9642450147514301,1.5497642230312478,0.06455295574708221
financial_daily,ADA-USD,F2,adam,regression,3,33,1,1.511000577553221,2.4904854415775426e-05,1.7674290489027763e-06,0.000214529096521413,-4.5768040695411,5.5313142466154e-05,0.9628858643011807,1.5497642230312478,0.06455295574708221
financial_daily,ADA-USD,F2,adam,classification,0,1687,1,-2.172301323471923,4.811771989574154e-05,4.055085435417652e-05,6.0844793495698275e-05,-3.6961945369979556,3.922245850482994e-05,0.529505582137161,1.5497642230312478,0.06455295574708221
financial_daily,ADA-USD,F2,adam,classification,1,1538,1,-2.2853705822725265,3.689342966532406e-05,2.9409817556230867e-05,4.716463294944471e-05,-3.7699435448782315,2.8886425534082117e-05,0.529505582137161,1.5497642230312478,0.06455295574708221
financial_daily,ADA-USD,F2,adam,classification,2,1750,1,-1.3905372263809999,5.482909173723127e-05,4.94676150210715e-05,6.413308820580769e-05,-3.689434778279648,4.594096766426068e-05,0.5279106858054227,1.5497642230312478,0.06455295574708221
financial_daily,ADA-USD,F2,adam,classification,3,1808,1,-1.8944939676039014,5.222227402938775e-05,4.171865703240102e-05,6.356519562081205e-05,-3.6800487541344835,4.174040512947849e-05,0.5279106858054227,1.5497642230312478,0.06455295574708221
financial_daily,ADA-USD,F4,sgd,regression,0,698,1,-3.4678053571420193,2.7215081567421264e-05,2.1216756184396995e-05,4.407765024380968e-05,-3.72169314673423,2.487170984762213e-05,1.0062872260724427,1.5497642230312478,0.06455295574708221
financial_daily,ADA-USD,F4,sgd,regression,1,730,1,-1.0823124772546906,3.244600777761403e-05,1.7413966438940025e-05,8.717331731144178e-05,-3.7105445512333004,2.1653836592891063e-05,1.0035662872810334,1.5497642230312478,0.06455295574708221
financial_daily,ADA-USD,F4,sgd,regression,2,658,1,-0.9843572182116279,2.506642189659804e-05,1.6623976669706894e-05,4.649547719031407e-05,-3.8186170401161825,1.382152330194185e-05,1.0065161645104734,1.5497642230312478,0.06455295574708221
financial_daily,ADA-USD,F4,sgd,regression,3,613,1,-2.8729022969610503,2.9004609202852256e-05,1.764006339301089e-05,4.334988903532027e-05,-3.7475384776221334,2.0681266543151856e-05,1.0046819555454332,1.5497642230312478,0.06455295574708221
financial_daily,ADA-USD,F4,sgd,classification,0,4000,0,-1.3256882007785245,0.0011751953939608414,0.0010463323840027995,0.0013339561809838653,-2.5040740667303436,0.0010211485403014992,0.5247208931419458,1.5497642230312478,0.06455295574708221
financial_daily,ADA-USD,F4,sgd,classification,1,4000,0,-1.2608813615672554,0.001108843440838144,0.0009982729796545705,0.0012553278152342075,-2.5195772036252486,0.0009836233337362124,0.5279106858054227,1.5497642230312478,0.06455295574708221
financial_daily,ADA-USD,F4,sgd,classification,2,4000,0,-1.2195745112892995,0.0011640671302058112,0.0010521263921985083,0.0013069101501674517,-2.5084834358315464,0.0010204655314369746,0.5215311004784688,1.5497642230312478,0.06455295574708221
financial_daily,ADA-USD,F4,sgd,classification,3,4000,0,-1.2482444356027753,0.0011767421180127688,0.0010375511758405518,0.001320657259409878,-2.507412494741209,0.0010229089207071118,0.5231259968102073,1.5497642230312478,0.06455295574708221
financial_daily,ADA-USD,F4,adam,regression,0,90,1,-1.0825611174229313,0.00015091753896420026,4.754098304541148e-05,0.0006644071816809799,-3.6514119223180153,0.0005326201678438595,1.0032466389543586,1.5497642230312478,0.06455295574708221
financial_daily,ADA-USD,F4,adam,regression,1,82,1,-1.548476895006924,0.00013191364931058742,3.801970395224995e-05,0.0005609567478757107,-3.7101608387771803,0.00046176650919442546,0.9974518941600914,1.5497642230312478,0.06455295574708221
financial_daily,ADA-USD,F4,adam,regression,2,69,1,-0.7937555421889129,0.00016232189941317433,4.89074654333568e-05,0.000566924322240731,-3.67621241244677,7.581858318366084e-05,1.0095237742284502,1.5497642230312478,0.06455295574708221
financial_daily,ADA-USD,F4,adam,regression,3,90,1,3.0943431176533247,0.00019792730157731453,5.491885647875246e-05,0.0005253273013573666,-3.7010657173490644,0.00010436751734264177,1.0048511201652934,1.5497642230312478,0.06455295574708221
financial_daily,ADA-USD,F4,adam,classification,0,760,1,-4.464161415595565,1.2121870491422967e-05,5.834504102069884e-06,2.3256490362872607e-05,-4.1373342428664355,1.2794442167009785e-05,0.5231259968102073,1.5497642230312478,0.06455295574708221
financial_daily,ADA-USD,F4,adam,classification,1,828,1,1.3017577304636425,1.6312868176532586e-05,8.632480315569888e-06,5.4932989151764324e-05,-4.127543019938217,7.6337895321124e-06,0.5215311004784688,1.5497642230312478,0.06455295574708221
financial_daily,ADA-USD,F4,adam,classification,2,711,1,-2.5703809650592815,1.1971721965862546e-05,5.766556175457059e-06,3.105861603661027e-05,-4.20402524118874,3.272028280591626e-06,0.5119617224880383,1.5497642230312478,0.06455295574708221
financial_daily,ADA-USD,F4,adam,classification,3,694,1,-4.628220414715122,1.4785095067852365e-05,4.752835554227367e-06,2.317823120238174e-05,-4.151290832385323,8.990863166439634e-06,0.5231259968102073,1.5497642230312478,0.06455295574708221
financial_daily,ADA-USD,F7,sgd,regression,0,2051,1,-2.586710665286767,7.00193263093791e-05,5.4448264555800516e-05,8.099399402133729e-05,-3.5257269141626417,5.150146490352216e-05,0.942447167888721,1.5497642230312478,0.06455295574708221
financial_daily,ADA-USD,F7,sgd,regression,1,1875,1,-0.6515413129133957,7.58747868711531e-05,6.881326460949793e-05,9.66829238296578e-05,-3.5271546527735826,5.8763086408188994e-05,0.9421697403253162,1.5497642230312478,0.06455295574708221
financial_daily,ADA-USD,F7,sgd,regression,2,1812,1,-1.4634875286537408,6.007817828721727e-05,5.030460404109463e-05,7.11641607722173e-05,-3.581134982371834,4.454678730965354e-05,0.9414984405558854,1.5497642230312478,0.06455295574708221
financial_daily,ADA-USD,F7,sgd,regression,3,1816,1,-2.2885213254714003,7.281689549883115e-05,5.369606100753695e-05,9.170436913119863e-05,-3.5376434941822494,5.3096122364555135e-05,0.9420670673084847,1.5497642230312478,0.06455295574708221
financial_daily,ADA-USD,F7,sgd,classification,0,4000,0,-1.156893380493879,0.0016563839469632383,0.0014996002151690892,0.0018555482285012531,-2.4654355482445998,0.0014670563999592899,0.5598086124401914,1.5497642230312478,0.06455295574708221
financial_daily,ADA-USD,F7,sgd,classification,1,4000,0,-1.148395838193463,0.0015845211513774212,0.0014329952273152181,0.001775011382277863,-2.4769389113844165,0.0014088212411505717,0.5598086124401914,1.5497642230312478,0.06455295574708221
financial_daily,ADA-USD,F7,sgd,classification,2,4000,0,-1.0690320896252847,0.00166358790107858,0.0015208397737281922,0.0018439469081591288,-2.466769253228774,0.001480739539309707,0.5598086124401914,1.5497642230312478,0.06455295574708221
financial_daily,ADA-USD,F7,sgd,classification,3,4000,0,-1.1089696517901935,0.0016630663718306645,0.0014927662079201875,0.0018460591799268325,-2.4672059223304794,0.0014696409556216041,0.5598086124401914,1.5497642230312478,0.06455295574708221
financial_daily,ADA-USD,F7,adam,regression,0,225,1,-2.085178149851715,8.04521467233667e-05,1.3829490745504503e-05,0.00033081416289789246,-3.9577797348952637,5.415753136638275e-05,0.9332374965705759,1.5497642230312478,0.06455295574708221
financial_daily,ADA-USD,F7,adam,regression,1,195,1,-0.2701284328735322,7.419868085743508e-05,1.6886970048449946e-05,0.0002853144808419571,-4.032131022686945,0.00018946598648544378,0.9311738245751642,1.5497642230312478,0.06455295574708221
financial_daily,ADA-USD,F7,adam,regression,2,140,1,-0.7269745452952596,6.746674825784564e-05,2.068684540131077e-05,0.00025758441329625203,-4.015535046081811,5.0237742100143957e-05,0.9311364759151505,1.5497642230312478,0.06455295574708221
financial_daily,ADA-USD,F7,adam,regression,3,145,1,3.9146400247970035,0.00010221075020575121,1.623036898535057e-05,0.0003370404899873903,-4.025195726638626,2.266077448220582e-05,0.9335635165510728,1.5497642230312478,0.06455295574708221
financial_daily,ADA-USD,F7,adam,classification,0,2131,1,-2.223750331280297,6.142194955154219e-05,4.8191683909083086e-05,7.176656323770926e-05,-3.7338994820826987,4.551789845802805e-05,0.580542264752791,1.5497642230312478,0.06455295574708221
financial_daily,ADA-USD,F7,adam,classification,1,1867,1,-0.3980836953796634,5.636764807158192e-05,5.213517706015656e-05,6.17581860073193e-05,-3.7685248055502214,5.311967941239512e-05,0.5741626794258373,1.5497642230312478,0.06455295574708221
financial_daily,ADA-USD,F7,adam,classification,2,2055,1,-1.4952213228187365,5.678504602837358e-05,4.979413999973233e-05,6.93318164282695e-05,-3.7528390942537904,4.329564026686104e-05,0.5821371610845295,1.5497642230312478,0.06455295574708221
financial_daily,ADA-USD,F7,adam,classification,3,2179,1,-1.7160134310549107,6.469850157560543e-05,4.9424529876806074e-05,7.53710453269793e-05,-3.741723947088868,5.066430554314567e-05,0.5773524720893142,1.5497642230312478,0.06455295574708221
financial_daily,ADA-USD,F10,sgd,regression,0,1199,1,-1.1122308002322252,7.848054136016623e-06,6.755760887513598e-06,9.25095846987296e-06,-4.3706100333816265,6.497991131660318e-06,0.9619802739794041,1.5497642230312478,0.06455295574708221
financial_daily,ADA-USD,F10,sgd,regression,1,1036,1,2.9963923608716083,1.1891658645584353e-05,6.323227511654928e-06,2.0305496216585508e-05,-4.4638619736477585,9.807276365081588e-06,0.9625592513085598,1.5497642230312478,0.06455295574708221
financial_daily,ADA-USD,F10,sgd,regression,2,1218,1,-0.5431095729161831,1.1012379215218142e-05,8.036760844560963e-06,1.5358180182224986e-05,-4.3711218445651046,6.8420820307399785e-06,0.961628715538844,1.5497642230312478,0.06455295574708221
financial_daily,ADA-USD,F10,sgd,regression,3,1282,1,-0.3579401325591193,7.296810896158947e-06,6.659818736210213e-06,9.296105826560523e-06,-4.379745866889038,6.34545139934357e-06,0.9619279657185323,1.5497642230312478,0.06455295574708221
financial_daily,ADA-USD,F10,sgd,classification,0,4000,0,-1.0277601535505492,0.0033948045439273346,0.003102138375405591,0.003755824432990891,-2.220145727065062,0.0030375441224535647,0.532695374800638,1.5497642230312478,0.06455295574708221
financial_daily,ADA-USD,F10,sgd,classification,1,4000,0,-1.0391679596273173,0.0033123814263598325,0.0030148673136938193,0.003665996017185023,-2.226665881769727,0.002956760071012028,0.532695374800638,1.5497642230312478,0.06455295574708221
financial_daily,ADA-USD,F10,sgd,classification,2,4000,0,-0.9728031951550901,0.003420433650029863,0.0031400332584553517,0.0037544549717249526,-2.2202806202200986,0.0030659438329295697,0.532695374800638,1.5497642230312478,0.06455295574708221
financial_daily,ADA-USD,F10,sgd,classification,3,4000,0,-1.008159592662103,0.0034104627607368667,0.0030985800695591645,0.003752409412132669,-2.220412507600895,0.0030437711173372196,0.532695374800638,1.5497642230312478,0.06455295574708221
financial_daily,ADA-USD,F10,adam,regression,0,35,1,-5.679682702371318,2.0639882553446194e-05,1.950682872103571e-06,0.00011224190629636959,-4.569833701698082,5.468583839258825e-06,0.9643715717725571,1.5497642230312478,0.06455295574708221
financial_daily,ADA-USD,F10,adam,regression,1,36,1,1.199907529668939,3.839426835987278e-05,2.538954200841595e-06,0.00015263476298616892,-4.5378913802398175,6.190153751040903e-05,0.9609039015094548,1.5497642230312478,0.06455295574708221
financial_daily,ADA-USD,F10,adam,regression,2,55,1,3.1979620738980468,1.9652258031141336e-05,2.199776910702555e-06,0.00010632585085714819,-4.652292189521714,2.5196003954616667e-06,0.9631737331450201,1.5497642230312478,0.06455295574708221
financial_daily,ADA-USD,F10,adam,regression,3,41,1,1.519469883954299,1.855367334544642e-05,1.693047494187837e-06,0.00016746407643011086,-4.66803968118424,7.496107324944525e-05,0.9609800321342934,1.5497642230312478,0.06455295574708221
financial_daily,ADA-USD,F10,adam,classification,0,2070,1,-2.028597112653298,5.661566228547791e-05,4.831987944342763e-05,7.043916550049053e-05,-3.6516850445380005,4.681971680367845e-05,0.5311004784688995,1.5497642230312478,0.06455295574708221
financial_daily,ADA-USD,F10,adam,classification,1,1856,1,-2.0995760346967525,4.463888800139654e-05,3.640697719868855e-05,5.587341630997943e-05,-3.7194528094100643,3.5778177450035184e-05,0.532695374800638,1.5497642230312478,0.06455295574708221
financial_daily,ADA-USD,F10,adam,classification,2,2091,1,-1.3386824833120545,6.363796913624658e-05,5.7596072339409374e-05,7.385073734460942e-05,-3.6454982085291174,5.3839529333675244e-05,0.5342902711323764,1.5497642230312478,0.06455295574708221
financial_daily,ADA-USD,F10,adam,classification,3,2192,1,-1.781872772008941,6.082418772180827e-05,4.9397623490233944e-05,7.315586950940565e-05,-3.6368152032874295,4.939565511619741e-05,0.529505582137161,1.5497642230312478,0.06455295574708221
financial_daily,ADA-USD,F11,sgd,regression,0,384,1,-0.5370930407924274,3.458228995992349e-05,8.69416352059571e-06,0.00011656896985000965,-3.9661778624014388,4.6565868241683206e-05,1.030089993135411,1.5497642230312478,0.06455295574708221
financial_daily,ADA-USD,F11,sgd,regression,1,378,1,1.5583151107570694,3.7251037357886004e-05,1.1595489063220341e-05,0.00011689102068057737,-4.0308975441129755,7.188329171222713e-05,1.0270603284693642,1.5497642230312478,0.06455295574708221
financial_daily,ADA-USD,F11,sgd,regression,2,382,1,-1.6432762389864504,4.1948678653239324e-05,1.633288448840888e-05,7.943883003298579e-05,-3.984059144434199,3.019330071599185e-05,1.0283932820429766,1.5497642230312478,0.06455295574708221
financial_daily,ADA-USD,F11,sgd,regression,3,372,1,3.5975180235818867,4.0853639850295276e-05,1.7123431837875038e-05,0.00012571621986287416,-4.023841358619592,1.9695019075301946e-05,1.027899136394946,1.5497642230312478,0.06455295574708221
financial_daily,ADA-USD,F11,sgd,classification,0,4000,0,-2.598593949294346,0.0002741873637040065,0.00020890559719739587,0.00034725244281385957,-2.965177800015175,0.00020091969723696606,0.49122807017543857,1.5497642230312478,0.06455295574708221
financial_daily,ADA-USD,F11,sgd,classification,1,4000,0,-2.207803724373343,0.0002630317393539242,0.0002177149028763652,0.0003189637413403324,-2.9755617655371998,0.0002055555539753598,0.48963317384370014,1.5497642230312478,0.06455295574708221
financial_daily,ADA-USD,F11,sgd,classification,2,4000,0,-1.8869551840956558,0.00027812685911990815,0.0002311282295982416,0.00032206804063017284,-2.9790386757178293,0.00021640626599487658,0.49122807017543857,1.5497642230312478,0.06455295574708221
financial_daily,ADA-USD,F11,sgd,classification,3,4000,0,-2.6011938262238163,0.0002742197419104653,0.0002016400748981981,0.00034349670787250545,-2.9677054021194476,0.00019976289643322282,0.4944178628389155,1.5497642230312478,0.06455295574708221
financial_daily,ADA-USD,F11,adam,regression,0,80,1,-1.0178500445841283,0.00077832059020572,0.0002537368370388893,0.002100134442951,-3.1080966265694965,0.0004659729037051693,1.0245321246976349,1.5497642230312478,0.06455295574708221
financial_daily,ADA-USD,F11,adam,regression,1,72,1,-0.2522380330086005,0.0006590683989178769,0.00024241672526731126,0.001706474815365249,-3.141197907687756,0.001004765923467627,1.0241748427673687,1.5497642230312478,0.06455295574708221
financial_daily,ADA-USD,F11,adam,regression,2,67,1,-0.4325755437173664,0.0007599769738192389,0.0002684667784228707,0.002062944615198766,-3.1128705443310065,0.0011947331895441004,1.0349045163056987,1.5497642230312478,0.06455295574708221
financial_daily,ADA-USD,F11,adam,regression,3,76,1,0.7725437610426028,0.0006871195378746064,0.00025033388089621615,0.0014978791701960837,-3.133046331420698,7.354582318744817e-05,1.026597177531644,1.5497642230312478,0.06455295574708221
financial_daily,ADA-USD,F11,adam,classification,0,351,1,-1.5378601587995322,5.217152656270321e-05,1.760353852126917e-05,0.00016437604977873307,-4.038781323085656,5.80404704270054e-05,0.48484848484848486,1.5497642230312478,0.06455295574708221
financial_daily,ADA-USD,F11,adam,classification,1,344,1,0.7570409329451103,5.9594528793601746e-05,1.80151610647522e-05,0.00014560016514269844,-4.087557077578023,7.431248744962769e-05,0.48165869218500795,1.5497642230312478,0.06455295574708221
financial_daily,ADA-USD,F11,adam,classification,2,424,1,-1.0355921083571917,5.829077753073176e-05,1.867923120021895e-05,0.0001336665637793584,-4.1008767838561875,4.967372169355046e-05,0.49122807017543857,1.5497642230312478,0.06455295574708221
financial_daily,ADA-USD,F11,adam,classification,3,375,1,2.517367025468584,6.508633094359682e-05,2.386256151031389e-05,0.00016420040988199296,-4.099538339955214,5.490570560858388e-05,0.48165869218500795,1.5497642230312478,0.06455295574708221
financial_daily,ADA-USD,FA,sgd,regression,0,645,1,-3.025961530058276,1.0023639417742743e-05,4.03782877065827e-06,2.861245250864423e-05,-4.044377581498426,2.0973027266037705e-05,0.9806161409019869,1.5497642230312478,0.06455295574708221
financial_daily,ADA-USD,FA,sgd,regression,1,651,1,0.7256558641177157,1.10244805456436e-05,3.5637838861878273e-06,6.805945948180688e-05,-4.032620034303974,1.1946167067874812e-05,0.9795147155701915,1.5497642230312478,0.06455295574708221
financial_daily,ADA-USD,FA,sgd,regression,2,601,1,-0.5259460588647481,1.569242964092248e-05,7.85442294003206e-06,3.62301757335363e-05,-4.136006379880564,8.209126807724983e-06,0.9802328375698078,1.5497642230312478,0.06455295574708221
financial_daily,ADA-USD,FA,sgd,regression,3,570,1,-0.38246601750869436,1.3812445747806903e-05,5.55100969101273e-06,2.829964817844688e-05,-4.080397157415883,1.0600390168400298e-05,0.9798671934785659,1.5497642230312478,0.06455295574708221
financial_daily,ADA-USD,FA,sgd,classification,0,4000,0,-1.5894074666098468,0.0007597816873966851,0.0006550197894243051,0.0008822432158680603,-2.663298295991736,0.0006355986950313443,0.5199362041467305,1.5497642230312478,0.06455295574708221
financial_daily,ADA-USD,FA,sgd,classification,1,4000,0,-1.4725554101573306,0.0007039520227941958,0.0006229579940348985,0.0008133244406469661,-2.682722408580541,0.000612904890218826,0.5167464114832536,1.5497642230312478,0.06455295574708221
financial_daily,ADA-USD,FA,sgd,classification,2,4000,0,-1.437182786448195,0.0007397151324963155,0.0006527871580881465,0.0008448807018467088,-2.672300802143664,0.0006275412869387098,0.5199362041467305,1.5497642230312478,0.06455295574708221
financial_daily,ADA-USD,FA,sgd,classification,3,4000,0,-1.4868506373404253,0.0007632925183270682,0.0006494066728898008,0.0008744563773276014,-2.6673004363241777,0.0006408363244158125,0.518341307814992,1.5497642230312478,0.06455295574708221
financial_daily,ADA-USD,FA,adam,regression,0,92,1,-1.0684062352279309,0.00021339397153150884,6.715158605868754e-05,0.0007701710978160921,-3.5541826676889743,0.0005302262412968984,0.9735742129625601,1.5497642230312478,0.06455295574708221
financial_daily,ADA-USD,FA,adam,regression,1,79,1,-1.0874907002225986,0.00017155746266687695,5.695850859020406e-05,0.0005943253183150873,-3.6187028077658354,0.0004103740364652881,0.9748456965344922,1.5497642230312478,0.06455295574708221
financial_daily,ADA-USD,FA,adam,regression,2,66,1,-0.7625552176091648,0.00022693499959031903,8.663643171819893e-05,0.0005992086091445489,-3.579781800662484,0.00015518815185854525,0.9795203141405409,1.5497642230312478,0.06455295574708221
financial_daily,ADA-USD,FA,adam,regression,3,85,1,2.8866067853275603,0.00024898354260778155,8.626738589098706e-05,0.0005487730840718446,-3.6078571298749447,0.0002196008265771551,0.9803714067088867,1.5497642230312478,0.06455295574708221
financial_daily,ADA-USD,FA,adam,classification,0,576,1,-2.954448256383649,8.03442232614601e-06,3.5256047472993695e-06,3.5690517911863365e-05,-4.410333269572486,2.6125750246788785e-05,0.5103668261562998,1.5497642230312478,0.06455295574708221
financial_daily,ADA-USD,FA,adam,classification,1,627,1,2.412203715624077,1.2185312098371824e-05,4.36851733203662e-06,7.0853096514037e-05,-4.369844616659569,6.158276182987744e-06,0.507177033492823,1.5497642230312478,0.06455295574708221
financial_daily,ADA-USD,FA,adam,classification,2,601,1,-2.0982550820614665,1.56569546121202e-05,7.20949781564402e-06,4.401495298084847e-05,-4.411551763911882,7.2352030376372835e-06,0.5135566188197768,1.5497642230312478,0.06455295574708221
financial_daily,ADA-USD,FA,adam,classification,3,559,1,0.05680837183627392,1.2639771255807038e-05,6.44023377519441e-06,2.1811842167412543e-05,-4.456795696778371,9.023654418774628e-06,0.5103668261562998,1.5497642230312478,0.06455295574708221
financial_daily,AUDUSD=X,F0,sgd,regression,0,111,1,-0.818352887402354,0.0001286073620531161,3.176930348046972e-05,0.00027137369692696074,-3.88897150369986,6.0150687629928256e-05,0.8263771635672036,1.5123658765034484,0.046035130910712305
financial_daily,AUDUSD=X,F0,sgd,regression,1,99,1,0.3854249041441596,9.258714773408085e-05,3.421104718786803e-05,0.0002259221121515185,-3.927162267376951,0.00015347734292292279,0.8255712205680338,1.5123658765034484,0.046035130910712305
financial_daily,AUDUSD=X,F0,sgd,regression,2,112,1,-1.0226232410520206,0.00011351113911607966,5.2883206185705196e-05,0.0002216552793438128,-3.901701839870353,8.131140292818417e-05,0.8262754893201754,1.5123658765034484,0.046035130910712305
financial_daily,AUDUSD=X,F0,sgd,regression,3,121,1,1.9593580859286115,0.00011588327247076964,4.232006983618627e-05,0.00027143792041218627,-3.9023639475394676,0.00011610001421331941,0.8254534029143122,1.5123658765034484,0.046035130910712305
financial_daily,AUDUSD=X,F0,sgd,classification,0,1285,1,-0.475576461649757,8.461062156323744e-06,3.3728309568239066e-06,2.5954322501592877e-05,-4.653832779277764,2.257767418953849e-05,0.4864433811802233,1.5123658765034484,0.046035130910712305
financial_daily,AUDUSD=X,F0,sgd,classification,1,1316,1,2.0588632560063327,1.7029435642291693e-05,6.24831463258447e-06,2.6549377176833134e-05,-4.542657241694682,1.568651861747044e-05,0.4864433811802233,1.5123658765034484,0.046035130910712305
financial_daily,AUDUSD=X,F0,sgd,classification,2,959,1,-1.9611294296622401,1.6989222638584187e-05,1.270954228655842e-05,2.2429240443725506e-05,-4.549048760878695,1.7476280642768376e-05,0.4784688995215311,1.5123658765034484,0.046035130910712305
financial_daily,AUDUSD=X,F0,sgd,classification,3,994,1,2.0432269683495297,1.2575670233762894e-05,6.012430383794606e-06,3.60900397904352e-05,-4.770215533248222,4.037927444081953e-06,0.4864433811802233,1.5123658765034484,0.046035130910712305
financial_daily,AUDUSD=X,F0,adam,regression,0,1702,1,0.24843427504515744,0.002360226189082184,0.000882722310344668,0.004695449917386305,-2.6944127900202446,0.0007074985434040597,0.8277344052614158,1.5123658765034484,0.046035130910712305
financial_daily,AUDUSD=X,F0,adam,regression,1,817,1,-0.6084216775890389,0.002163353197299339,0.0008491436424209574,0.0044023914181938895,-2.7010047880186265,0.0016786234029539469,0.8260517350402579,1.5123658765034484,0.046035130910712305
financial_daily,AUDUSD=X,F0,adam,regression,2,578,1,0.0017883409786190521,0.002373525574840286,0.0008517161952785692,0.005011551008635287,-2.6892953508258235,0.0013840095477874014,0.82682961638103,1.5123658765034484,0.046035130910712305
financial_daily,AUDUSD=X,F0,adam,regression,3,4000,0,0.7763062283696118,0.002049063700573793,0.0007625571447242801,0.004486887453370187,-2.686720737491419,0.0007413544722026678,0.8222355907085287,1.5123658765034484,0.046035130910712305
financial_daily,AUDUSD=X,F0,adam,classification,0,3000,1,-1.237571730622059,0.00025450121385106237,8.725860437165687e-05,0.0007349362874011282,-3.5442496066208977,7.286111649676192e-05,0.48165869218500795,1.5123658765034484,0.046035130910712305
financial_daily,AUDUSD=X,F0,adam,classification,1,1858,1,0.7326453318344517,0.0002408098772760403,9.837560749224486e-05,0.0005224035942950638,-3.5854125787377935,0.00017248038278401588,0.5119617224880383,1.5123658765034484,0.046035130910712305
financial_daily,AUDUSD=X,F0,adam,classification,2,2555,1,-0.3937143483219458,0.0002952300888034882,0.00014270560597970722,0.0005902641334106129,-3.5671813456160297,0.0003082240975799227,0.48963317384370014,1.5123658765034484,0.046035130910712305
financial_daily,AUDUSD=X,F0,adam,classification,3,4000,0,1.1619660534742473,0.000269482600358326,0.00010591172365158856,0.000586249301690051,-3.565262503454465,0.00025982675604571014,0.5055821371610846,1.5123658765034484,0.046035130910712305
financial_daily,AUDUSD=X,F1,sgd,regression,0,692,1,-3.02304558054134,5.733147364480864e-05,3.612299224892536e-05,6.786566175248464e-05,-3.6906813018248257,3.24992054931226e-05,0.8723349804828837,1.5123658765034484,0.046035130910712305
financial_daily,AUDUSD=X,F1,sgd,regression,1,732,1,-0.3741314468680115,4.849402629377823e-05,4.1727917670749444e-05,7.789508055789068e-05,-3.713540750805574,3.6886741458357635e-05,0.8724443157282897,1.5123658765034484,0.046035130910712305
financial_daily,AUDUSD=X,F1,sgd,regression,2,583,1,-2.678040492165415,4.0226513416212774e-05,2.8367239638444252e-05,5.696140232793929e-05,-3.7551194307939504,2.5244733696764047e-05,0.8738055264495738,1.5123658765034484,0.046035130910712305
financial_daily,AUDUSD=X,F1,sgd,regression,3,622,1,-2.1597026255279412,5.416674161551009e-05,3.9345907138835434e-05,6.76605728460259e-05,-3.7244382179572675,3.6808897629015196e-05,0.8719862507391877,1.5123658765034484,0.046035130910712305
financial_daily,AUDUSD=X,F1,sgd,classification,0,4000,0,-1.595041835022891,0.00198484242814077,0.0017330980503538183,0.0023238709505131448,-2.266778782288881,0.001680373176024395,0.4625199362041467,1.5123658765034484,0.046035130910712305
financial_daily,AUDUSD=X,F1,sgd,classification,1,4000,0,-1.6115929121913553,0.0018997417244503959,0.001647484940514195,0.0022264014153848873,-2.27812237752533,0.0016043351708862946,0.4625199362041467,1.5123658765034484,0.046035130910712305
financial_daily,AUDUSD=X,F1,sgd,classification,2,4000,0,-1.4878381527166848,0.0020132558277951014,0.0017745638320053048,0.002322374217734538,-2.2668996280174922,0.0017105921576562276,0.4609250398724083,1.5123658765034484,0.046035130910712305
financial_daily,AUDUSD=X,F1,sgd,classification,3,4000,0,-1.5523574210880025,0.0020023579304232985,0.001727472343908648,0.0023185365241092703,-2.267283294247684,0.0016870473635285216,0.4625199362041467,1.5123658765034484,0.046035130910712305
financial_daily,AUDUSD=X,F1,adam,regression,0,87,1,-2.9603413825814098,6.178656475345552e-05,6.7255909041730874e-06,0.0003276263382076859,-4.029683696993506,0.00014549925808701527,0.8817065761676253,1.5123658765034484,0.046035130910712305
financial_daily,AUDUSD=X,F1,adam,regression,1,121,1,-0.05772635349027293,5.867211758864174e-05,1.090025094520574e-05,0.0003470297036471369,-4.086514634347088,0.00019847448922003565,0.8703688648139737,1.5123658765034484,0.046035130910712305
financial_daily,AUDUSD=X,F1,adam,regression,2,55,1,-0.8605968054174066,5.506109173104872e-05,1.550977876318485e-05,0.00027729649509869274,-4.0653953629409845,3.252218037984665e-05,0.8825227876157142,1.5123658765034484,0.046035130910712305
financial_daily,AUDUSD=X,F1,adam,regression,3,93,1,5.008875839092063,8.710008114669108e-05,1.5825449297976565e-05,0.0003481992347262783,-4.095319479646324,1.0902047990790124e-05,0.8774160466596708,1.5123658765034484,0.046035130910712305
financial_daily,AUDUSD=X,F1,adam,classification,0,828,1,-2.664694364872523,4.8241637730901725e-05,3.346700479626623e-05,5.757244084964053e-05,-3.7944694934899803,3.1507508351049334e-05,0.4449760765550239,1.5123658765034484,0.046035130910712305
financial_daily,AUDUSD=X,F1,adam,classification,1,832,1,-0.7741020843728357,3.887598013139601e-05,3.542817271832831e-05,4.180269397184141e-05,-3.854235078453188,3.695528234356168e-05,0.4449760765550239,1.5123658765034484,0.046035130910712305
financial_daily,AUDUSD=X,F1,adam,classification,2,910,1,-1.7585358448094228,4.195481309106709e-05,3.6128211239744315e-05,5.197013790983405e-05,-3.8203025388071077,3.095401809436296e-05,0.44657097288676234,1.5123658765034484,0.046035130910712305
financial_daily,AUDUSD=X,F1,adam,classification,3,778,1,-2.0158026848975044,4.770892883890257e-05,3.435837664143391e-05,5.6506632983768344e-05,-3.815855624556599,3.481482078952256e-05,0.4481658692185008,1.5123658765034484,0.046035130910712305
financial_daily,AUDUSD=X,F2,sgd,regression,0,1723,1,-2.6396545742649886,6.852018348105566e-06,5.923250380697846e-06,9.073026454717932e-06,-4.268419142705876,5.750086992734393e-06,0.8359516357718546,1.5123658765034484,0.046035130910712305
financial_daily,AUDUSD=X,F2,sgd,regression,1,1474,1,2.4114232452881894,8.50505877794126e-06,5.46608274375645e-06,1.276545494409423e-05,-4.409009745491779,8.355408533118664e-06,0.8367023962116636,1.5123658765034484,0.046035130910712305
financial_daily,AUDUSD=X,F2,sgd,regression,2,1777,1,-0.9772994310249107,1.0709475626220858e-05,8.498704138755626e-06,1.3740531506081401e-05,-4.271965019256174,7.05588891644851e-06,0.8360447816200899,1.5123658765034484,0.046035130910712305
financial_daily,AUDUSD=X,F2,sgd,regression,3,1856,1,-1.7575954576886539,6.860637075044137e-06,5.5560751132017724e-06,1.0079255746076725e-05,-4.282088964091519,5.76326742903056e-06,0.8359146533162978,1.5123658765034484,0.046035130910712305
financial_daily,AUDUSD=X,F2,sgd,classification,0,4000,0,-0.8886892153871503,0.0032787160093708124,0.0030273763486238442,0.0035796017241245814,-2.2865219581171488,0.00297094726220401,0.4625199362041467,1.5123658765034484,0.046035130910712305
financial_daily,AUDUSD=X,F2,sgd,classification,1,4000,0,-0.9030107455649985,0.0032031157455932706,0.0029458382237158303,0.003499579610932199,-2.2924060830348494,0.0028948559683700647,0.4625199362041467,1.5123658765034484,0.046035130910712305
financial_daily,AUDUSD=X,F2,sgd,classification,2,4000,0,-0.8394276151009258,0.0033003529044912713,0.0030605404280749926,0.003578026485301486,-2.286608186584759,0.0029959768075696136,0.4625199362041467,1.5123658765034484,0.046035130910712305
financial_daily,AUDUSD=X,F2,sgd,classification,3,4000,0,-0.8711265163813725,0.00329157375811327,0.0030238035457823996,0.0035759591773720013,-2.2867980217344863,0.0029760044678899386,0.4625199362041467,1.5123658765034484,0.046035130910712305
financial_daily,AUDUSD=X,F2,adam,regression,0,60,1,-5.824431768025446,1.2013676363731173e-05,1.4076816543683732e-06,8.662240689945991e-05,-4.686299259353794,7.065809825232086e-06,0.8413565648463557,1.5123658765034484,0.046035130910712305
financial_daily,AUDUSD=X,F2,adam,regression,1,132,1,0.4827509784294972,2.861160965420482e-05,3.1752085058590595e-06,0.00012282493665475354,-4.606197672399909,2.9415434122090542e-05,0.8353095213023652,1.5123658765034484,0.046035130910712305
financial_daily,AUDUSD=X,F2,adam,regression,2,79,1,1.4661656449229763,1.8559829934721387e-05,4.582103246733428e-06,8.513156814562627e-05,-4.681235518266245,1.1260001299872835e-05,0.847812479572519,1.5123658765034484,0.046035130910712305
financial_daily,AUDUSD=X,F2,adam,regression,3,63,1,2.3056872939632194,1.7913425285266374e-05,2.0973020151501603e-06,9.935394108619432e-05,-4.757215550203049,7.878570354998774e-05,0.8343849367871118,1.5123658765034484,0.046035130910712305
financial_daily,AUDUSD=X,F2,adam,classification,0,2341,1,-2.3253416629017636,4.048414325248588e-05,3.3721247251471065e-05,5.2034026558672955e-05,-3.745742227239003,3.2620167085954755e-05,0.4625199362041467,1.5123658765034484,0.046035130910712305
financial_daily,AUDUSD=X,F2,adam,classification,1,2076,1,-2.3713217281505337,2.9611445934574272e-05,2.346926695712818e-05,3.831097547929051e-05,-3.832017049317261,2.3392573173285485e-05,0.45933014354066987,1.5123658765034484,0.046035130910712305
financial_daily,AUDUSD=X,F2,adam,classification,2,2199,1,-1.422588920693961,4.68166379407391e-05,4.226775538884991e-05,5.516374469178465e-05,-3.738460165946688,3.885433613872413e-05,0.45773524720893144,1.5123658765034484,0.046035130910712305
financial_daily,AUDUSD=X,F2,adam,classification,3,2380,1,-1.9858542939702777,4.3958516545640044e-05,3.45208685231995e-05,5.399135044514448e-05,-3.73120989014745,3.4691560488606045e-05,0.45933014354066987,1.5123658765034484,0.046035130910712305
financial_daily,AUDUSD=X,F4,sgd,regression,0,3786,1,-3.405433312803647,3.38070849787069e-05,2.1054876872710553e-05,4.243343080350033e-05,-3.880844017393686,2.0020397034620453e-05,0.8377498371491044,1.5123658765034484,0.046035130910712305
financial_daily,AUDUSD=X,F4,sgd,regression,1,3506,1,-1.1405651749191934,2.997548002554306e-05,2.7005330067330513e-05,3.583886624453999e-05,-3.929900356930624,2.4926712033027034e-05,0.8379365496516664,1.5123658765034484,0.046035130910712305
financial_daily,AUDUSD=X,F4,sgd,regression,2,3074,1,-1.4873487640967202,2.5188626849687056e-05,2.1444617352214187e-05,2.962602771166167e-05,-3.977350953047951,1.732015188041667e-05,0.8381011192684568,1.5123658765034484,0.046035130910712305
financial_daily,AUDUSD=X,F4,sgd,regression,3,3680,1,-3.2093799752017653,3.1848136336367947e-05,1.8937973291742626e-05,4.164246183680476e-05,-3.9149646225231987,1.922649266163926e-05,0.8374257535880641,1.5123658765034484,0.046035130910712305
financial_daily,AUDUSD=X,F4,sgd,classification,0,4000,0,-1.1546651502852385,0.0004135783427584571,0.00037214530330550365,0.0004650473768250634,-3.149572314004474,0.0003636973519767294,0.5311004784688995,1.5123658765034484,0.046035130910712305
financial_daily,AUDUSD=X,F4,sgd,classification,1,4000,0,-1.1861970206353865,0.0003777859670646915,0.00033752364628452844,0.00042729309252346705,-3.1703007655653384,0.00033272232007789234,0.5311004784688995,1.5123658765034484,0.046035130910712305
financial_daily,AUDUSD=X,F4,sgd,classification,2,4000,0,-0.9792926238503568,0.00041747213746730263,0.00038307082386513264,0.0004598936056671708,-3.152002743319981,0.0003710240217206996,0.5311004784688995,1.5123658765034484,0.046035130910712305
financial_daily,AUDUSD=X,F4,sgd,classification,3,4000,0,-1.0753063412980965,0.0004170862535273521,0.00036900263941119945,0.00046237268780610613,-3.152096389335953,0.00036541992154894687,0.5311004784688995,1.5123658765034484,0.046035130910712305
financial_daily,AUDUSD=X,F4,adam,regression,0,359,1,-1.493901679237044,5.7987203256781766e-05,1.8236019843301565e-05,0.00017474759135617166,-4.142590544104047,5.655036240276056e-05,0.8449051018207556,1.5123658765034484,0.046035130910712305
financial_daily,AUDUSD=X,F4,adam,regression,1,615,1,0.14782568527604514,6.169422151754793e-05,1.3058328852066822e-05,0.00015569707440267635,-4.169392093597579,8.877182998758777e-05,0.8366422014132866,1.5123658765034484,0.046035130910712305
financial_daily,AUDUSD=X,F4,adam,regression,2,921,1,-1.5216921430875856,5.286410270174858e-05,1.9168250991011422e-05,0.00013025729151017854,-4.181708798952328,2.9729384630021795e-05,0.8458460011215356,1.5123658765034484,0.046035130910712305
financial_daily,AUDUSD=X,F4,adam,regression,3,147,1,3.6746117588434393,6.951029687761486e-05,2.266242956808429e-05,0.0001796898575352728,-4.17856186811915,9.750849365119859e-05,0.8366091183578932,1.5123658765034484,0.046035130910712305
financial_daily,AUDUSD=X,F4,adam,classification,0,1477,1,-5.403335451982862,5.837310146092216e-06,3.255092202880859e-06,7.70807382298597e-06,-4.621714485736993,5.003962751357935e-06,0.5374800637958532,1.5123658765034484,0.046035130910712305
financial_daily,AUDUSD=X,F4,adam,classification,1,1993,1,1.7144367849189943,9.888887624225298e-06,3.7930926596430953e-06,2.2035930367182165e-05,-4.574899758081631,8.665317289262114e-06,0.532695374800638,1.5123658765034484,0.046035130910712305
financial_daily,AUDUSD=X,F4,adam,classification,2,1817,1,-1.4958942074812434,1.0602850308149824e-05,6.489703412425831e-06,1.820144185489937e-05,-4.627566015376643,5.006222805841864e-06,0.532695374800638,1.5123658765034484,0.046035130910712305
financial_daily,AUDUSD=X,F4,adam,classification,3,1786,1,-3.821138672232782,6.563142569452361e-06,2.5285518922885407e-06,9.576723474709035e-06,-4.707217847392259,2.4941973455710143e-06,0.5374800637958532,1.5123658765034484,0.046035130910712305
financial_daily,AUDUSD=X,F7,sgd,regression,0,3895,1,-3.1756238764126925,5.62531863372177e-05,3.676903165085367e-05,6.858113978054692e-05,-3.663614621850813,3.492924337898698e-05,0.8099395824504622,1.5123658765034484,0.046035130910712305
financial_daily,AUDUSD=X,F7,sgd,regression,1,4000,0,-0.8837594271764874,5.017752993374823e-05,4.680511807685013e-05,5.686636877913667e-05,-3.7060356615649988,4.4982366092594564e-05,0.8102665112769798,1.5123658765034484,0.046035130910712305
financial_daily,AUDUSD=X,F7,sgd,regression,2,3477,1,-2.1139427381421316,4.1970462600159344e-05,3.536724112617186e-05,5.1836825915250094e-05,-3.7286796557518063,3.108177996812486e-05,0.8094469126654853,1.5123658765034484,0.046035130910712305
financial_daily,AUDUSD=X,F7,sgd,regression,3,3826,1,-2.5140687070506824,5.697644508112559e-05,3.873132495806055e-05,7.057004981126938e-05,-3.6918999131798484,3.8862269376583887e-05,0.8099498618480979,1.5123658765034484,0.046035130910712305
financial_daily,AUDUSD=X,F7,sgd,classification,0,4000,0,-0.8878938377619106,0.0012990973032070085,0.0012002940575626454,0.0014177055191930297,-2.680252922674503,0.0011794047234471347,0.5311004784688995,1.5123658765034484,0.046035130910712305
financial_daily,AUDUSD=X,F7,sgd,classification,1,4000,0,-0.881011101270006,0.001242788360756557,0.0011474718167995331,0.0013567381469991257,-2.6910253099940755,0.0011326218066271623,0.5279106858054227,1.5123658765034484,0.046035130910712305
financial_daily,AUDUSD=X,F7,sgd,classification,2,4000,0,-0.8118877057806766,0.0013016853577593648,0.0012142405274278058,0.0014087993832250824,-2.681456214732506,0.00118881175982478,0.5311004784688995,1.5123658765034484,0.046035130910712305
financial_daily,AUDUSD=X,F7,sgd,classification,3,4000,0,-0.8399143564422086,0.0013009689164268682,0.0011945263506376778,0.001408414087528538,-2.6824820461519265,0.001179963496486398,0.5311004784688995,1.5123658765034484,0.046035130910712305
financial_daily,AUDUSD=X,F7,adam,regression,0,265,1,-2.113166129247006,4.307769728025764e-05,7.008210746084499e-06,0.00017881741274400643,-4.2132927452304685,5.158635967705241e-05,0.80509044949208,1.5123658765034484,0.046035130910712305
financial_daily,AUDUSD=X,F7,adam,regression,1,218,1,0.40528409051972036,4.66794284063181e-05,7.892459097395523e-06,0.00015849577183879397,-4.241063682027789,9.253765310587907e-05,0.8066826515387188,1.5123658765034484,0.046035130910712305
financial_daily,AUDUSD=X,F7,adam,regression,2,620,1,-1.197443034294843,3.7003116315496234e-05,1.2297961824954383e-05,0.00012602272151956837,-4.276527515640001,9.234131787783035e-06,0.8074789132146828,1.5123658765034484,0.046035130910712305
financial_daily,AUDUSD=X,F7,adam,regression,3,172,1,4.583106066234772,5.456793375569704e-05,1.0791330147373158e-05,0.00015334092025456907,-4.268942645548188,5.729108155851822e-05,0.8057212866167239,1.5123658765034484,0.046035130910712305
financial_daily,AUDUSD=X,F7,adam,classification,0,4000,0,-2.2152209325589025,5.892126997389178e-05,4.6318452946985114e-05,6.917165847352276e-05,-3.7866262101616144,4.403766383828091e-05,0.5279106858054227,1.5123658765034484,0.046035130910712305
financial_daily,AUDUSD=X,F7,adam,classification,1,4000,0,-0.5666781317580836,5.1542984348559046e-05,4.8666785622292947e-05,5.479503528001906e-05,-3.8276435560840496,4.939675751691593e-05,0.5247208931419458,1.5123658765034484,0.046035130910712305
financial_daily,AUDUSD=X,F7,adam,classification,2,4000,0,-1.4006999647090008,5.5587934641989205e-05,4.977530851061225e-05,6.730471972436949e-05,-3.8040760448872777,4.3778102908706526e-05,0.5311004784688995,1.5123658765034484,0.046035130910712305
financial_daily,AUDUSD=X,F7,adam,classification,3,4000,0,-1.6942127413238632,6.122073628267373e-05,4.7088120928008425e-05,7.080640945353424e-05,-3.7998356085954943,4.803157053032511e-05,0.5263157894736842,1.5123658765034484,0.046035130910712305
financial_daily,AUDUSD=X,F10,sgd,regression,0,2646,1,-4.047898006260386,6.165378667704006e-06,5.151193400178026e-06,1.0284934481436812e-05,-4.219185195558402,5.24451347635875e-06,0.8287750289321579,1.5123658765034484,0.046035130910712305
financial_daily,AUDUSD=X,F10,sgd,regression,1,2244,1,0.9530132386176198,5.709253892552814e-06,4.8054382022564994e-06,8.236647862281006e-06,-4.376224127225247,6.154960013220549e-06,0.8293174245147454,1.5123658765034484,0.046035130910712305
financial_daily,AUDUSD=X,F10,sgd,regression,2,2253,1,-1.4122150837079819,1.1916557801129467e-05,9.905311689741568e-06,1.5163324161526434e-05,-4.198653611663377,8.03416966003e-06,0.8284899948043208,1.5123658765034484,0.046035130910712305
financial_daily,AUDUSD=X,F10,sgd,regression,3,2515,1,-3.0749905089975,7.259048980196643e-06,4.8105027188777835e-06,1.1768003001924584e-05,-4.221746445503727,5.585300012295816e-06,0.8286942402852934,1.5123658765034484,0.046035130910712305
financial_daily,AUDUSD=X,F10,sgd,classification,0,4000,0,-0.7321706797954628,0.0031565642805229596,0.0029547270392117344,0.003393794869403786,-2.3407865612819485,0.0029089189798752104,0.4513556618819777,1.5123658765034484,0.046035130910712305
financial_daily,AUDUSD=X,F10,sgd,classification,1,4000,0,-0.744845111983611,0.003092273035032394,0.002884732381369546,0.0033268505265771397,-2.3459673206873988,0.002843207504581975,0.4513556618819777,1.5123658765034484,0.046035130910712305
financial_daily,AUDUSD=X,F10,sgd,classification,2,4000,0,-0.6903523817606039,0.003173624785216712,0.002981673023182303,0.003391933744322195,-2.340904825654696,0.002929314656009666,0.4513556618819777,1.5123658765034484,0.046035130910712305
financial_daily,AUDUSD=X,F10,sgd,classification,3,4000,0,-0.7172386644116282,0.003166708462475849,0.0029515719353924593,0.0033905715180062176,-2.3410606143892068,0.0029128914879061984,0.4513556618819777,1.5123658765034484,0.046035130910712305
financial_daily,AUDUSD=X,F10,adam,regression,0,253,1,-6.362812101383449,7.997780056680799e-06,1.2852210988499127e-06,6.69710440080576e-05,-4.818566438321002,1.2163154343010334e-06,0.8301464083101074,1.5123658765034484,0.046035130910712305
financial_daily,AUDUSD=X,F10,adam,regression,1,136,1,1.4689756762217778,2.1586104364893575e-05,1.8071735830099078e-06,0.00010682208454255945,-4.739910728074746,1.801777926655306e-05,0.8281658693867178,1.5123658765034484,0.046035130910712305
financial_daily,AUDUSD=X,F10,adam,regression,2,92,1,2.297356572726126,1.4732219549681453e-05,1.918725854651297e-06,6.597431416505157e-05,-4.846116757421624,1.1347563382712052e-05,0.8326048487668518,1.5123658765034484,0.046035130910712305
financial_daily,AUDUSD=X,F10,adam,regression,3,92,1,2.177859841701218,1.4511249887622944e-05,1.6004006767457177e-06,7.455730357415317e-05,-4.874896831486617,6.746325668048024e-05,0.8269907567874791,1.5123658765034484,0.046035130910712305
financial_daily,AUDUSD=X,F10,adam,classification,0,3352,1,-2.028581322770818,6.201832928945752e-05,5.296594874643339e-05,7.706316099147729e-05,-3.6251054623177277,5.127684044550958e-05,0.4513556618819777,1.5123658765034484,0.046035130910712305
financial_daily,AUDUSD=X,F10,adam,classification,1,2898,1,-2.0637702425959885,4.90783816260259e-05,4.0312447458495755e-05,6.12024534334962e-05,-3.692471114496513,3.969781920357466e-05,0.4529505582137161,1.5123658765034484,0.046035130910712305
financial_daily,AUDUSD=X,F10,adam,classification,2,3419,1,-1.3635836960681482,6.921125453808764e-05,6.257456049272748e-05,8.050252157549083e-05,-3.619422715657228,5.85339005858708e-05,0.4529505582137161,1.5123658765034484,0.046035130910712305
financial_daily,AUDUSD=X,F10,adam,classification,3,3371,1,-1.7781934977736007,6.62233683314575e-05,5.384569719800493e-05,7.955346579380187e-05,-3.6127600201657524,5.3842228212954e-05,0.4513556618819777,1.5123658765034484,0.046035130910712305
financial_daily,AUDUSD=X,F11,sgd,regression,0,455,1,-0.5152149076531137,2.821763554759424e-05,6.22334455409576e-06,8.959528062989492e-05,-4.021885523265672,4.7714590582339805e-05,0.8851749620282157,1.5123658765034484,0.046035130910712305
financial_daily,AUDUSD=X,F11,sgd,regression,1,455,1,2.0508516742093605,3.2265419978645885e-05,8.672710708927235e-06,9.910757004025356e-05,-4.088807443622376,5.002611671675048e-05,0.8824086733736176,1.5123658765034484,0.046035130910712305
financial_daily,AUDUSD=X,F11,sgd,regression,2,462,1,-2.496879317803513,3.5393803309439094e-05,1.4524934279064502e-05,6.396052167119953e-05,-4.06835041005806,1.7371620147356624e-05,0.8856401854880205,1.5123658765034484,0.046035130910712305
financial_daily,AUDUSD=X,F11,sgd,regression,3,445,1,3.2010396821848346,3.310380609301792e-05,1.291237353056594e-05,0.0001004308330387174,-4.112296281228607,1.0456827018734348e-05,0.8833601546774184,1.5123658765034484,0.046035130910712305
financial_daily,AUDUSD=X,F11,sgd,classification,0,4000,0,-3.006948273263121,0.0001729142117605579,0.00012424110953713482,0.00022416869918258183,-3.132954533160273,0.00011829731116418368,0.5199362041467305,1.5123658765034484,0.046035130910712305
financial_daily,AUDUSD=X,F11,sgd,classification,1,4000,0,-2.551504632659993,0.00016094526292840454,0.00013092694081453355,0.00019800522457857464,-3.1452881615646193,0.00012263662394887626,0.5151515151515151,1.5123658765034484,0.046035130910712305
financial_daily,AUDUSD=X,F11,sgd,classification,2,4000,0,-2.0693678968599745,0.00016312739104555358,0.00013070325085845277,0.00018991926261996314,-3.1674041959685226,0.00011864969107529086,0.5247208931419458,1.5123658765034484,0.046035130910712305
financial_daily,AUDUSD=X,F11,sgd,classification,3,4000,0,-3.0762021749958715,0.0001730941356027513,0.00011739682357544433,0.0002240681299955733,-3.1365731187907344,0.00011734115783179418,0.5199362041467305,1.5123658765034484,0.046035130910712305
financial_daily,AUDUSD=X,F11,adam,regression,0,89,1,-1.005329178313932,0.0005914526543705112,0.00020275305759700707,0.00165380661307446,-3.2042046436599905,0.0006455332878550861,0.88304351896273,1.5123658765034484,0.046035130910712305
financial_daily,AUDUSD=X,F11,adam,regression,1,76,1,-0.45986695174074577,0.0004947159309058641,0.00018599740289587565,0.0013851387140466076,-3.2399982689051092,0.0006371972650212474,0.878048092582022,1.5123658765034484,0.046035130910712305
financial_daily,AUDUSD=X,F11,adam,regression,2,73,1,-0.3683753541642873,0.0005602469926377301,0.00019551405726315284,0.001531033216713842,-3.2138426625302654,0.000825945917673006,0.8901668318421747,1.5123658765034484,0.046035130910712305
financial_daily,AUDUSD=X,F11,adam,regression,3,83,1,1.4124458301437637,0.000567984879949014,0.00022862423291655125,0.0011953943466009491,-3.226524514767928,0.00012348149885512766,0.87966928080697,1.5123658765034484,0.046035130910712305
financial_daily,AUDUSD=X,F11,adam,classification,0,354,1,-1.3010820523997315,5.266756371301655e-05,1.8456497771980824e-05,0.00016058599253523275,-4.07198386312174,4.321613928129073e-05,0.5199362041467305,1.5123658765034484,0.046035130910712305
financial_daily,AUDUSD=X,F11,adam,classification,1,406,1,0.6294008429160575,5.8494278524140816e-05,1.5324433289158765e-05,0.00014594423885372636,-4.123713974962022,6.810766484551122e-05,0.507177033492823,1.5123658765034484,0.046035130910712305
financial_daily,AUDUSD=X,F11,adam,classification,2,434,1,-1.6267623567816867,5.8382730202209575e-05,2.1451874184947895e-05,0.00012569692887293545,-4.119787605891337,3.488410537920004e-05,0.5151515151515151,1.5123658765034484,0.046035130910712305
financial_daily,AUDUSD=X,F11,adam,classification,3,379,1,2.1121247256744295,6.561682870986517e-05,2.377885795626869e-05,0.00015355682537060693,-4.123701622865626,5.582005935222542e-05,0.5167464114832536,1.5123658765034484,0.046035130910712305
financial_daily,AUDUSD=X,FA,sgd,regression,0,1276,1,-2.706000759539563,8.843062029146237e-06,5.617033387054083e-06,1.6764084289083523e-05,-4.077913896769054,1.5525790619896284e-05,0.8480008395619273,1.5123658765034484,0.046035130910712305
financial_daily,AUDUSD=X,FA,sgd,regression,1,1263,1,1.022913687315317,1.2912920126276394e-05,5.114138650673397e-06,3.882275635938449e-05,-4.053584752735494,8.367775267418325e-06,0.8473252356217754,1.5123658765034484,0.046035130910712305
financial_daily,AUDUSD=X,FA,sgd,regression,2,1120,1,-0.7895791519976071,1.2159932693825842e-05,6.185235456715983e-06,2.1966484807397447e-05,-4.252683234255998,4.071948277535846e-06,0.8486922477342826,1.5123658765034484,0.046035130910712305
financial_daily,AUDUSD=X,FA,sgd,regression,3,1228,1,-2.11528032425444,1.326485268576098e-05,7.026413691778596e-06,1.812656328361556e-05,-4.093269699447703,5.298178231615941e-06,0.8474200160046109,1.5123658765034484,0.046035130910712305
financial_daily,AUDUSD=X,FA,sgd,classification,0,4000,0,-1.656924447456095,0.00046273817697060557,0.00039262774790746723,0.0005397220444487484,-2.9640900450471337,0.00038022415193331974,0.5151515151515151,1.5123658765034484,0.046035130910712305
financial_daily,AUDUSD=X,FA,sgd,classification,1,4000,0,-1.509673938159053,0.0004164500457405749,0.0003669484633372717,0.0004831512070111998,-2.988448405063824,0.00036155397422499795,0.5135566188197768,1.5123658765034484,0.046035130910712305
financial_daily,AUDUSD=X,FA,sgd,classification,2,4000,0,-1.4477085008947637,0.00044267545020861964,0.00038886636004695473,0.0005056370780334989,-2.977716945721467,0.0003719536119779692,0.518341307814992,1.5123658765034484,0.046035130910712305
financial_daily,AUDUSD=X,FA,sgd,classification,3,4000,0,-1.5232200803168756,0.0004643131193292795,0.00038785664337600027,0.0005331797630087832,-2.9704294143482532,0.0003842338630440951,0.5151515151515151,1.5123658765034484,0.046035130910712305
financial_daily,AUDUSD=X,FA,adam,regression,0,171,1,-1.3811757144415617,0.00016750951648977587,5.22931233174114e-05,0.0004821316845847419,-3.6873633515475914,8.670956640946074e-05,0.8492826415044757,1.5123658765034484,0.046035130910712305
financial_daily,AUDUSD=X,FA,adam,regression,1,194,1,-0.25856352031722707,0.0001425958833166347,4.2563800162358354e-05,0.0003740282456433137,-3.7628785550151407,0.00020140352840445315,0.8439726399707838,1.5123658765034484,0.046035130910712305
financial_daily,AUDUSD=X,FA,adam,regression,2,78,1,-0.613890747535627,0.00014924322731426,6.844561335024859e-05,0.0003580153271002907,-3.7397248548788022,0.00016956711640187834,0.8518282205276997,1.5123658765034484,0.046035130910712305
financial_daily,AUDUSD=X,FA,adam,regression,3,121,1,2.9439562374603048,0.0001821777681251297,6.24869191080059e-05,0.00043731289676882996,-3.7474275527174585,0.0002144833300200248,0.8445811104794078,1.5123658765034484,0.046035130910712305
financial_daily,AUDUSD=X,FA,adam,classification,0,863,1,-1.9489746753301411,1.1088415061725559e-05,4.471626895204984e-06,3.5669965337351634e-05,-4.481554497568615,3.326604296215393e-05,0.5135566188197768,1.5123658765034484,0.046035130910712305
financial_daily,AUDUSD=X,FA,adam,classification,1,883,1,3.2581949584989216,1.4233633110452313e-05,5.827044804233586e-06,6.951684513067783e-05,-4.452244901953734,1.1311698172242105e-05,0.49920255183413076,1.5123658765034484,0.046035130910712305
financial_daily,AUDUSD=X,FA,adam,classification,2,685,1,-2.530073259440832,1.882450455748126e-05,8.657333171987199e-06,4.346247924910515e-05,-4.492912702138372,7.516008259334425e-06,0.5103668261562998,1.5123658765034484,0.046035130910712305
financial_daily,AUDUSD=X,FA,adam,classification,3,718,1,1.60655068190383,1.5999965855066144e-05,8.370592302178256e-06,2.7055898587776187e-05,-4.580088299290963,8.724499228688067e-06,0.5103668261562998,1.5123658765034484,0.046035130910712305
financial_daily,BTC-USD,F0,sgd,regression,0,103,1,-0.9285384897755026,0.00013697154937089976,3.626942676965357e-05,0.0002926272308889966,-3.854906605073453,6.061757885074194e-05,0.6157966419197617,1.5915786802639138,0.05821159164148089
financial_daily,BTC-USD,F0,sgd,regression,1,94,1,0.36748738892659233,9.995743420987554e-05,3.9366986735380425e-05,0.00024271481411048876,-3.8989008952520106,0.00018041683744219562,0.6156061844384433,1.5915786802639138,0.05821159164148089
financial_daily,BTC-USD,F0,sgd,regression,2,121,1,-0.9267089343256477,0.00012109152085941849,5.6553331423364615e-05,0.00024979717800112085,-3.8616029127713203,7.780200303483204e-05,0.6157522931874779,1.5915786802639138,0.05821159164148089
financial_daily,BTC-USD,F0,sgd,regression,3,89,1,1.9326215045146862,0.0001268027071569278,4.775316493348873e-05,0.00029393113163967777,-3.8739021483412133,0.00011931393086043326,0.6157041576851578,1.5915786802639138,0.05821159164148089
financial_daily,BTC-USD,F0,sgd,classification,0,1146,1,-0.35771074917183665,9.81100771259857e-06,3.6370419114622913e-06,2.6731266543921207e-05,-4.598131966903247,2.3142909984840173e-05,0.5167464114832536,1.5915786802639138,0.05821159164148089
financial_daily,BTC-USD,F0,sgd,classification,1,1256,1,2.306331379677443,1.8367913640500117e-05,6.939422679247968e-06,3.0577013283360233e-05,-4.493651457648733,1.5654247323117992e-05,0.5119617224880383,1.5915786802639138,0.05821159164148089
financial_daily,BTC-USD,F0,sgd,classification,2,943,1,-1.8250741661804926,1.8511929169143234e-05,1.3411997810802437e-05,2.424272934239303e-05,-4.4343283630583095,2.0224076061231754e-05,0.5135566188197768,1.5915786802639138,0.05821159164148089
financial_daily,BTC-USD,F0,sgd,classification,3,1013,1,2.070455533515886,1.324970059238229e-05,6.151626310939778e-06,4.01891146553707e-05,-4.639261952254838,4.205997443355096e-06,0.5199362041467305,1.5915786802639138,0.05821159164148089
financial_daily,BTC-USD,F0,adam,regression,0,4000,0,0.3466001150498775,0.0025576441304166996,0.0009984672678143244,0.005001427282141077,-2.6632015329818666,0.0005626009008902091,0.6157697776756006,1.5915786802639138,0.05821159164148089
financial_daily,BTC-USD,F0,adam,regression,1,4000,0,-0.5967439470468365,0.0022670265004212002,0.0009441090033852274,0.004764507280395434,-2.667117058961431,0.0017976177130782786,0.615211192120689,1.5915786802639138,0.05821159164148089
financial_daily,BTC-USD,F0,adam,regression,2,578,1,-0.04521985445034303,0.0025583875522036453,0.000936156564662486,0.005099049039654743,-2.657377352019298,0.001309816325426279,0.6152091811017497,1.5915786802639138,0.05821159164148089
financial_daily,BTC-USD,F0,adam,regression,3,4000,0,1.0375806169463258,0.0022365987105107364,0.0009285404245710145,0.004991642975783615,-2.649812407395639,0.0010245835789626729,0.6150473199104868,1.5915786802639138,0.05821159164148089
financial_daily,BTC-USD,F0,adam,classification,0,3000,1,-1.3120415476158063,0.00027201256010973824,9.278301208313553e-05,0.0007717150270108793,-3.5111774982581947,7.955504442508787e-05,0.5055821371610846,1.5915786802639138,0.05821159164148089
financial_daily,BTC-USD,F0,adam,classification,1,1856,1,0.6681815898103234,0.0002651372509548146,0.00010755617997402239,0.000573830753727173,-3.553615583212334,0.00021205848007164004,0.5135566188197768,1.5915786802639138,0.05821159164148089
financial_daily,BTC-USD,F0,adam,classification,2,2555,1,-0.4061076414119804,0.00031330545047773877,0.00014854553726872342,0.0006499840725229584,-3.5325857202189526,0.0003174868965043039,0.5151515151515151,1.5915786802639138,0.05821159164148089
financial_daily,BTC-USD,F0,adam,classification,3,4000,0,1.098472650524602,0.0002885957975047172,0.00010746656026033487,0.0006405233773111932,-3.53149284197744,0.00023396113392043716,0.507177033492823,1.5915786802639138,0.05821159164148089
financial_daily,BTC-USD,F1,sgd,regression,0,375,1,-3.6120573638420823,5.721868888474988e-05,3.482585078145403e-05,7.381330044552296e-05,-3.622904196996836,2.989924265488885e-05,0.6468640174843603,1.5915786802639138,0.05821159164148089
financial_daily,BTC-USD,F1,sgd,regression,1,406,1,-0.5108388984239028,4.83783091737558e-05,3.7631145634720937e-05,9.687672211984213e-05,-3.652547387091622,3.701669828841057e-05,0.646434567588467,1.5915786802639138,0.05821159164148089
financial_daily,BTC-USD,F1,sgd,regression,2,392,1,-3.0055138746403545,3.8341106077898274e-05,2.6518856624905395e-05,6.285325520001069e-05,-3.687405604410926,2.4108691230357502e-05,0.6475675254579825,1.5915786802639138,0.05821159164148089
financial_daily,BTC-USD,F1,sgd,regression,3,353,1,-2.3099749586152316,5.7341331253881454e-05,3.9371911179717025e-05,7.22773700201415e-05,-3.65581229528707,3.8918944607911844e-05,0.646393202580511,1.5915786802639138,0.05821159164148089
financial_daily,BTC-USD,F1,sgd,classification,0,4000,0,-1.546580203142421,0.001508320782699496,0.001325149771214593,0.0017577728322479837,-2.3571129639949833,0.001287349391894848,0.5103668261562998,1.5915786802639138,0.05821159164148089
financial_daily,BTC-USD,F1,sgd,classification,1,4000,0,-1.5578590366713598,0.0014371444263706354,0.0012545205877930845,0.0016767900484433236,-2.3700533667400876,0.0012249244916797534,0.5103668261562998,1.5915786802639138,0.05821159164148089
financial_daily,BTC-USD,F1,sgd,classification,2,4000,0,-1.4274858851423065,0.0015312856209916538,0.00135958384104915,0.0017565572149884246,-2.3574651474792008,0.0013121521885636695,0.5103668261562998,1.5915786802639138,0.05821159164148089
financial_daily,BTC-USD,F1,sgd,classification,3,4000,0,-1.4981617305841413,0.0015229622998577995,0.0013201277769402198,0.0017543055323074484,-2.357663335683099,0.00129309848388572,0.5103668261562998,1.5915786802639138,0.05821159164148089
financial_daily,BTC-USD,F1,adam,regression,0,51,1,-2.466451479841212,8.033736638007542e-05,9.610857560621184e-06,0.0005244458484496252,-3.90019443598127,0.0004656209225728689,0.6487107042767497,1.5915786802639138,0.05821159164148089
financial_daily,BTC-USD,F1,adam,regression,1,80,1,-1.7223471236121133,7.97321814727783e-05,1.1164709366620335e-05,0.0004930109374525725,-3.9472555986894275,0.000340107108953388,0.6443209349935488,1.5915786802639138,0.05821159164148089
financial_daily,BTC-USD,F1,adam,regression,2,46,1,-1.1109234541894675,8.592715009654039e-05,1.527647194380295e-05,0.00041404939835557367,-3.9176915313111977,1.5937405767994698e-05,0.6501084966291816,1.5915786802639138,0.05821159164148089
financial_daily,BTC-USD,F1,adam,regression,3,53,1,4.902937542904314,0.00012021728907697974,2.0624433393430377e-05,0.00042581804007703,-3.949243030702716,1.0506045958252287e-05,0.648173062313485,1.5915786802639138,0.05821159164148089
financial_daily,BTC-USD,F1,adam,classification,0,669,1,-2.72545827485277,4.5419128069579715e-05,3.14017176227747e-05,5.443892004194379e-05,-3.826887863452539,2.9440955561900216e-05,0.5055821371610846,1.5915786802639138,0.05821159164148089
financial_daily,BTC-USD,F1,adam,classification,1,694,1,-0.7046429234895709,3.6696546864464556e-05,3.302185604710678e-05,3.9488951531070095e-05,-3.88724008184789,3.506657442682387e-05,0.5103668261562998,1.5915786802639138,0.05821159164148089
financial_daily,BTC-USD,F1,adam,classification,2,588,1,-1.7265035740992551,4.020887440063699e-05,3.443476892710357e-05,4.983069668843903e-05,-3.8530384770844885,2.9173429047275372e-05,0.507177033492823,1.5915786802639138,0.05821159164148089
financial_daily,BTC-USD,F1,adam,classification,3,624,1,-2.0426794637943106,4.5217942725288984e-05,3.231473131902513e-05,5.3659481884798526e-05,-3.8499370476564265,3.285870658338704e-05,0.5103668261562998,1.5915786802639138,0.05821159164148089
financial_daily,BTC-USD,F2,sgd,regression,0,886,1,-0.9272303542544431,1.0371428003443403e-05,8.48376200409395e-06,1.256278036938271e-05,-4.382116590150159,8.063070141914323e-06,0.6231048422719667,1.5915786802639138,0.05821159164148089
financial_daily,BTC-USD,F2,sgd,regression,1,832,1,2.7826743772890365,1.4700411448010975e-05,7.902862946084854e-06,2.7169951319607305e-05,-4.4254836105360935,1.0712813189530074e-05,0.6233714640821243,1.5915786802639138,0.05821159164148089
financial_daily,BTC-USD,F2,sgd,regression,2,997,1,-0.8918305798679464,1.2414428018848927e-05,8.867985431017526e-06,1.8582012451578244e-05,-4.387355203498341,7.3271022428520414e-06,0.6232416875366928,1.5915786802639138,0.05821159164148089
financial_daily,BTC-USD,F2,sgd,regression,3,825,1,-0.16597630736207586,9.390513665568803e-06,8.383985356357891e-06,1.2203309674005068e-05,-4.395737932897578,7.938773604779212e-06,0.6230921070981122,1.5915786802639138,0.05821159164148089
financial_daily,BTC-USD,F2,sgd,classification,0,4000,0,-1.1699550647281292,0.003479084820506487,0.003142335301467855,0.003902206321277119,-2.162580767383151,0.0030687970332103354,0.49920255183413076,1.5915786802639138,0.05821159164148089
financial_daily,BTC-USD,F2,sgd,classification,1,4000,0,-1.1815763061520876,0.0033893570989668386,0.0030481085860765192,0.0038028071999103748,-2.1695963183782996,0.0029821125687421717,0.49920255183413076,1.5915786802639138,0.05821159164148089
financial_daily,BTC-USD,F2,sgd,classification,2,4000,0,-1.1089036354116695,0.0035089913316208947,0.0031854998157239854,0.003901348688714619,-2.1626989258901226,0.003101046509592998,0.5007974481658692,1.5915786802639138,0.05821159164148089
financial_daily,BTC-USD,F2,sgd,classification,3,4000,0,-1.1482345982499529,0.003497538585697234,0.0031386591243422065,0.0038988692604244963,-2.1628200098524375,0.003076183572834692,0.49920255183413076,1.5915786802639138,0.05821159164148089
financial_daily,BTC-USD,F2,adam,regression,0,29,1,-5.298693493261902,2.643891218742965e-05,1.7279520653486441e-06,0.0001501222438787583,-4.448923921779764,6.292950043213972e-06,0.6262471077814392,1.5915786802639138,0.05821159164148089
financial_daily,BTC-USD,F2,adam,regression,1,31,1,0.35227514076689515,4.301627971454498e-05,3.7235289223981547e-06,0.00018547516088550023,-4.424318943435122,9.62168411412396e-05,0.6226256271929448,1.5915786802639138,0.05821159164148089
financial_daily,BTC-USD,F2,adam,regression,2,33,1,2.102470568162415,2.7820364816182446e-05,4.977332089043142e-06,0.00015323979327654778,-4.4885026511597355,5.798598554765739e-06,0.6275644277168508,1.5915786802639138,0.05821159164148089
financial_daily,BTC-USD,F2,adam,regression,3,33,1,1.763682648531544,2.6565829725984568e-05,2.016546862779071e-06,0.00022150685646378564,-4.541246153444506,5.117060726240085e-05,0.6237008448574931,1.5915786802639138,0.05821159164148089
financial_daily,BTC-USD,F2,adam,classification,0,1471,1,-2.2653203052946753,4.167038501867403e-05,3.48749328372642e-05,5.320994498171434e-05,-3.729507979456989,3.3724546748991036e-05,0.49920255183413076,1.5915786802639138,0.05821159164148089
financial_daily,BTC-USD,F2,adam,classification,1,1364,1,-2.35665847004346,3.113487537138148e-05,2.4603971483301317e-05,4.0149889487143484e-05,-3.809690698349844,2.4334695659427403e-05,0.5007974481658692,1.5915786802639138,0.05821159164148089
financial_daily,BTC-USD,F2,adam,classification,2,1445,1,-1.4032088027930951,4.801680723210315e-05,4.335800478586212e-05,5.6353988832418813e-05,-3.7220206559089295,4.004124811846609e-05,0.5023923444976076,1.5915786802639138,0.05821159164148089
financial_daily,BTC-USD,F2,adam,classification,3,1606,1,-1.949072259894538,4.545573252533865e-05,3.597408118488972e-05,5.5635332895777627e-05,-3.7122747427208536,3.6048864430535566e-05,0.5007974481658692,1.5915786802639138,0.05821159164148089
financial_daily,BTC-USD,F4,sgd,regression,0,758,1,-4.926959054839594,1.0846155796892894e-05,7.30144510398221e-06,2.0828650143408142e-05,-3.9559849751754874,9.458680025276297e-06,0.6565244270670951,1.5915786802639138,0.05821159164148089
financial_daily,BTC-USD,F4,sgd,regression,1,822,1,0.7675811837346275,1.2433812357167743e-05,6.407100519511758e-06,6.280962395659143e-05,-3.982232552275769,7.304282863624742e-06,0.6556739367760394,1.5915786802639138,0.05821159164148089
financial_daily,BTC-USD,F4,sgd,regression,2,697,1,-0.3576153443426375,1.1120884752287884e-05,5.500090309910683e-06,2.970430586403363e-05,-4.0656579819731755,6.38150652956485e-06,0.6570253358071415,1.5915786802639138,0.05821159164148089
financial_daily,BTC-USD,F4,sgd,regression,3,680,1,-3.18860755667372,1.3229765864992063e-05,5.605410678848665e-06,2.321906872409598e-05,-4.009080960685015,7.930818088430265e-06,0.6558804545016189,1.5915786802639138,0.05821159164148089
financial_daily,BTC-USD,F4,sgd,classification,0,4000,0,-1.450524602722348,0.0010402597905056353,0.0009171641170776936,0.0011967418253014213,-2.542446226106971,0.0008931229018142489,0.47368421052631576,1.5915786802639138,0.05821159164148089
financial_daily,BTC-USD,F4,sgd,classification,1,4000,0,-1.4013879563579188,0.0009731230095517403,0.000864918930016175,0.0011183036577424891,-2.5596891381302296,0.0008510010335290064,0.4768740031897927,1.5915786802639138,0.05821159164148089
financial_daily,BTC-USD,F4,sgd,classification,2,4000,0,-1.3275968675533223,0.0010350458459772198,0.0009275509342965256,0.001175359357168504,-2.5463107309201414,0.0008967405303534293,0.47527910685805425,1.5915786802639138,0.05821159164148089
financial_daily,BTC-USD,F4,sgd,classification,3,4000,0,-1.3690522509198504,0.0010427153760070162,0.0009079376369703917,0.0011842036435998446,-2.545770563310618,0.0008943885202661739,0.4768740031897927,1.5915786802639138,0.05821159164148089
financial_daily,BTC-USD,F4,adam,regression,0,81,1,-1.5408828246876853,0.00013512925545870806,4.265820268569565e-05,0.0005553868550691336,-3.715696019457904,0.00041662938208297356,0.6542717007441478,1.5915786802639138,0.05821159164148089
financial_daily,BTC-USD,F4,adam,regression,1,81,1,-1.426218532171056,0.00011063181897666268,3.2110567753292984e-05,0.0004915196883875455,-3.772117432063229,0.00033777398932945845,0.6519441007330536,1.5915786802639138,0.05821159164148089
financial_daily,BTC-USD,F4,adam,regression,2,66,1,-0.7858183263415554,0.0001311587862104007,4.4372456633911654e-05,0.0004364335290168953,-3.7509167136562827,7.297624632131363e-05,0.6586281412546622,1.5915786802639138,0.05821159164148089
financial_daily,BTC-USD,F4,adam,regression,3,86,1,3.387353920756454,0.00017367620053898762,5.0004214076187825e-05,0.00046312842634085416,-3.767765800717714,9.06603639055704e-05,0.6560429006832876,1.5915786802639138,0.05821159164148089
financial_daily,BTC-USD,F4,adam,classification,0,715,1,-5.688555569322937,7.303084155087724e-06,2.1065890508233924e-06,1.7329735536854242e-05,-4.30494415392054,1.0104279000243381e-05,0.49122807017543857,1.5915786802639138,0.05821159164148089
financial_daily,BTC-USD,F4,adam,classification,1,765,1,2.5739579618908657,1.2820196225263034e-05,3.627960818451994e-06,4.575696805203316e-05,-4.306386820863876,5.314185590872287e-06,0.4960127591706539,1.5915786802639138,0.05821159164148089
financial_daily,BTC-USD,F4,adam,classification,2,684,1,-2.584074448924459,1.0807276930417607e-05,4.852570508653987e-06,2.8638305608922577e-05,-4.303692947049018,4.047158490632892e-06,0.49122807017543857,1.5915786802639138,0.05821159164148089
financial_daily,BTC-USD,F4,adam,classification,3,609,1,-4.872615040606928,8.2978049842416e-06,2.7847070106909663e-06,1.5696402707806894e-05,-4.361433617757892,5.144411819273895e-06,0.49122807017543857,1.5915786802639138,0.05821159164148089
financial_daily,BTC-USD,F7,sgd,regression,0,3027,1,-3.2959829340012714,6.282184478451284e-05,3.961450155309514e-05,7.67242581784278e-05,-3.5807021632539597,3.71454827431508e-05,0.6144930265805091,1.5915786802639138,0.05821159164148089
financial_daily,BTC-USD,F7,sgd,regression,1,2547,1,-0.7886854181100799,5.555477683499277e-05,4.962517446974866e-05,6.735044818032366e-05,-3.6207657457179914,4.725460568531462e-05,0.6147553977088345,1.5915786802639138,0.05821159164148089
financial_daily,BTC-USD,F7,sgd,regression,2,2628,1,-2.5562214272026917,4.668142963801607e-05,3.7375606194805053e-05,6.143721309451617e-05,-3.6384725827648974,3.28563219363788e-05,0.6141610744473004,1.5915786802639138,0.05821159164148089
financial_daily,BTC-USD,F7,sgd,regression,3,2844,1,-2.4655783027977543,6.269886804443028e-05,4.3758068497566665e-05,7.816333581158292e-05,-3.612829253203885,4.2637456732124525e-05,0.6144903003346395,1.5915786802639138,0.05821159164148089
financial_daily,BTC-USD,F7,sgd,classification,0,4000,0,-1.0640735579272191,0.0018223560568282845,0.001661995204092322,0.0020240971045186874,-2.4674121148567942,0.0016276460904131923,0.5199362041467305,1.5915786802639138,0.05821159164148089
financial_daily,BTC-USD,F7,sgd,classification,1,4000,0,-1.06702449792783,0.0017527611468522056,0.0015931578183928867,0.0019477498260550834,-2.4775381105692675,0.0015659546863815582,0.5199362041467305,1.5915786802639138,0.05821159164148089
financial_daily,BTC-USD,F7,sgd,classification,2,4000,0,-0.9875753150901003,0.0018351059866028737,0.0016869132928970037,0.00201899699351005,-2.467922261305015,0.0016455879526939897,0.5151515151515151,1.5915786802639138,0.05821159164148089
financial_daily,BTC-USD,F7,sgd,classification,3,4000,0,-1.0248288730830526,0.0018298586276985604,0.0016563923480567163,0.002016276521510536,-2.4687340882061517,0.0016303216153162497,0.5167464114832536,1.5915786802639138,0.05821159164148089
financial_daily,BTC-USD,F7,adam,regression,0,233,1,-2.493191714854803,5.366844911500513e-05,6.403577778097533e-06,0.0002126703371586041,-4.14603641302597,4.643313659868476e-05,0.6103595919328425,1.5915786802639138,0.05821159164148089
financial_daily,BTC-USD,F7,adam,regression,1,202,1,-0.04979350165206682,5.2208220563650025e-05,9.053263204370857e-06,0.00019718912772307613,-4.195796577737416,0.00013114507205596833,0.6092294189730646,1.5915786802639138,0.05821159164148089
financial_daily,BTC-USD,F7,adam,regression,2,145,1,-0.5993113800936208,3.836830251873052e-05,1.1814197082333208e-05,0.00017541656772465403,-4.2118502184022075,1.721679167941786e-05,0.6101330657839588,1.5915786802639138,0.05821159164148089
financial_daily,BTC-USD,F7,adam,regression,3,145,1,4.583065287892643,5.797791337086686e-05,7.410232762803189e-06,0.00022547124108917885,-4.214907336691729,3.590368805612724e-05,0.609161725444458,1.5915786802639138,0.05821159164148089
financial_daily,BTC-USD,F7,adam,classification,0,3309,1,-1.9954760894282433,8.005983766020575e-05,6.364499673016065e-05,9.308747345296574e-05,-3.6612374608473646,6.124433279011788e-05,0.5279106858054227,1.5915786802639138,0.05821159164148089
financial_daily,BTC-USD,F7,adam,classification,1,2701,1,-0.9222016435595457,6.676362660288111e-05,6.43595906349863e-05,7.172365979349754e-05,-3.7067050124321415,6.298927706629725e-05,0.5263157894736842,1.5915786802639138,0.05821159164148089
financial_daily,BTC-USD,F7,adam,classification,2,3074,1,-1.3511808145891195,7.462613290378081e-05,6.733802129471225e-05,8.755891291028927e-05,-3.6763901136096147,6.188303731514847e-05,0.5311004784688995,1.5915786802639138,0.05821159164148089
financial_daily,BTC-USD,F7,adam,classification,3,3279,1,-1.5360900810685618,8.008088237153354e-05,6.440882079402945e-05,9.14305860961429e-05,-3.6776906652453323,6.462233073091137e-05,0.5279106858054227,1.5915786802639138,0.05821159164148089
financial_daily,BTC-USD,F10,sgd,regression,0,1252,1,-1.2671652452217683,7.556663520262741e-06,6.5566160827170605e-06,8.791636908697673e-06,-4.353923175146412,6.327279069404357e-06,0.6235599239739588,1.5915786802639138,0.05821159164148089
financial_daily,BTC-USD,F10,sgd,regression,1,1145,1,2.9786538394007773,1.1389717005377308e-05,6.149940264430442e-06,1.8837989830841328e-05,-4.458933785292029,9.662779265338703e-06,0.6240089614674488,1.5915786802639138,0.05821159164148089
financial_daily,BTC-USD,F10,sgd,regression,2,1253,1,-0.5291636973375334,1.0830557697813111e-05,8.036536815865086e-06,1.485396451588784e-05,-4.355386923204504,6.871520512626495e-06,0.6234687169566928,1.5915786802639138,0.05821159164148089
financial_daily,BTC-USD,F10,sgd,regression,3,1368,1,-0.49730906580663636,7.0599731824093495e-06,6.4591132799202845e-06,9.115009393842895e-06,-4.364005184618041,6.183123509328831e-06,0.6235596808282367,1.5915786802639138,0.05821159164148089
financial_daily,BTC-USD,F10,sgd,classification,0,4000,0,-1.0005628722665239,0.003480193940553499,0.003186912605148846,0.003840011414666751,-2.2190507048887933,0.0031219938435026965,0.49760765550239233,1.5915786802639138,0.05821159164148089
financial_daily,BTC-USD,F10,sgd,classification,1,4000,0,-1.0120097545711066,0.0033978895783612836,0.0030995808754348242,0.003750683924802581,-2.225360501943537,0.003041039058126934,0.49760765550239233,1.5915786802639138,0.05821159164148089
financial_daily,BTC-USD,F10,sgd,classification,2,4000,0,-0.9475639122165392,0.0035053483370334863,0.003224352296706964,0.0038385094591933157,-2.2191831517581515,0.003150079863504381,0.49760765550239233,1.5915786802639138,0.05821159164148089
financial_daily,BTC-USD,F10,sgd,classification,3,4000,0,-0.9816727393836838,0.0034955523356425566,0.0031833439932466867,0.003836524223831196,-2.2193157119868183,0.0031280892714683163,0.49760765550239233,1.5915786802639138,0.05821159164148089
financial_daily,BTC-USD,F10,adam,regression,0,37,1,-5.73009212181392,1.9694839226332624e-05,1.9535718926367315e-06,0.00010706936268486546,-4.5965689829456515,5.451080323044292e-06,0.6276524902100946,1.5915786802639138,0.05821159164148089
financial_daily,BTC-USD,F10,adam,regression,1,38,1,1.317784828706916,3.7151730606376705e-05,2.263764786405271e-06,0.00014883407438150926,-4.561033822058443,5.438021700752338e-05,0.6242106380223977,1.5915786802639138,0.05821159164148089
financial_daily,BTC-USD,F10,adam,regression,2,64,1,3.0600700048087512,1.8924286393059018e-05,2.157520406761248e-06,9.707379538720733e-05,-4.672211921204136,3.4961167389085316e-06,0.6280398423557153,1.5915786802639138,0.05821159164148089
financial_daily,BTC-USD,F10,adam,regression,3,47,1,1.4636677858738287,1.799586092462264e-05,1.623411976015734e-06,0.00015414520083091321,-4.695265110247369,7.857487459047228e-05,0.6245734436690314,1.5915786802639138,0.05821159164148089
financial_daily,BTC-USD,F10,adam,classification,0,2147,1,-2.077485425972456,5.684634829604933e-05,4.830774370217936e-05,7.109025457867631e-05,-3.6424715031185495,4.673601909695503e-05,0.49920255183413076,1.5915786802639138,0.05821159164148089
financial_daily,BTC-USD,F10,adam,classification,1,1926,1,-2.1609362168049944,4.475447776598854e-05,3.6244540222312794e-05,5.636487067929013e-05,-3.710087902269043,3.556313538502804e-05,0.49760765550239233,1.5915786802639138,0.05821159164148089
financial_daily,BTC-USD,F10,adam,classification,2,2163,1,-1.3818487835962792,6.39890720387778e-05,5.767834691209119e-05,7.455081899862156e-05,-3.6359801663348645,5.386073438752352e-05,0.49920255183413076,1.5915786802639138,0.05821159164148089
financial_daily,BTC-USD,F10,adam,classification,3,2310,1,-1.8259122716100136,6.11854583984959e-05,4.9430256611437604e-05,7.391205227008989e-05,-3.627502607677054,4.941575846174097e-05,0.49760765550239233,1.5915786802639138,0.05821159164148089
financial_daily,BTC-USD,F11,sgd,regression,0,415,1,-0.6743006998577119,3.072188353203893e-05,7.420480489217271e-06,0.00010990948720467959,-3.9472252971896715,4.674915319012903e-05,0.6975597372932222,1.5915786802639138,0.05821159164148089
financial_daily,BTC-USD,F11,sgd,regression,1,405,1,1.6756064075764188,3.524615639180191e-05,1.0398655861836448e-05,0.00011367924751541758,-4.006507638760404,6.770163556802408e-05,0.6947967329224991,1.5915786802639138,0.05821159164148089
financial_daily,BTC-USD,F11,sgd,regression,2,417,1,-1.7527504646020042,3.829076011870809e-05,1.4878564954707769e-05,7.529508231458838e-05,-3.957738739768019,2.571818218490381e-05,0.6962786998903728,1.5915786802639138,0.05821159164148089
financial_daily,BTC-USD,F11,sgd,regression,3,400,1,3.730761351769983,3.789633066383384e-05,1.5453027525185523e-05,0.00011673871086914909,-3.9986887229981436,1.672297267493057e-05,0.6956246048865808,1.5915786802639138,0.05821159164148089
financial_daily,BTC-USD,F11,sgd,classification,0,4000,0,-2.595737161329938,0.00027472858057580365,0.00021023046729114965,0.0003483843475687559,-2.974718399734316,0.00020267704604267638,0.4704944178628389,1.5915786802639138,0.05821159164148089
financial_daily,BTC-USD,F11,sgd,classification,1,4000,0,-2.178004627623814,0.0002661138516375912,0.0002200813440589311,0.00032172111973226546,-2.983469439231801,0.00020712174930712898,0.47368421052631576,1.5915786802639138,0.05821159164148089
financial_daily,BTC-USD,F11,sgd,classification,2,4000,0,-1.8662234284322623,0.00028211122483960503,0.00023569936159328805,0.00032595502629423443,-2.985749405786594,0.00022142095044139836,0.46570972886762363,1.5915786802639138,0.05821159164148089
financial_daily,BTC-USD,F11,sgd,classification,3,4000,0,-2.581768147920012,0.00027387023380051536,0.00020270748142871712,0.0003425869075945167,-2.9782239475222743,0.00020043318804443126,0.47208931419457734,1.5915786802639138,0.05821159164148089
financial_daily,BTC-USD,F11,adam,regression,0,85,1,-0.8740849476512652,0.0007207805447603218,0.0002356596690556053,0.001993929449983876,-3.135332858934253,0.0004831634825105467,0.6928860006459492,1.5915786802639138,0.05821159164148089
financial_daily,BTC-USD,F11,adam,regression,1,76,1,-0.31668043774599364,0.0006086101186692436,0.0002231821400320475,0.001623497065682492,-3.1707876050422557,0.0009527612550900084,0.69183620224007,1.5915786802639138,0.05821159164148089
financial_daily,BTC-USD,F11,adam,regression,2,72,1,-0.395309556517038,0.0007039769270948085,0.00024379107152892703,0.001950582039228904,-3.141540113530663,0.0011361386302198952,0.7014651650942827,1.5915786802639138,0.05821159164148089
financial_daily,BTC-USD,F11,adam,regression,3,79,1,0.8712095639170387,0.0006271725619709322,0.00023696861698230224,0.001406210220053498,-3.163376042736163,9.755607015748658e-05,0.6942356858646891,1.5915786802639138,0.05821159164148089
financial_daily,BTC-USD,F11,adam,classification,0,352,1,-1.4148710873570995,5.300861688601359e-05,1.8479071919262907e-05,0.00017435351334196836,-4.039141254819729,5.410954285782362e-05,0.45933014354066987,1.5915786802639138,0.05821159164148089
financial_daily,BTC-USD,F11,adam,classification,1,345,1,0.6275879127752989,6.275440712757036e-05,1.6099673890306174e-05,0.00015019084950124067,-4.088352397020069,7.89398067848852e-05,0.4625199362041467,1.5915786802639138,0.05821159164148089
financial_daily,BTC-USD,F11,adam,classification,2,426,1,-1.0416028062670453,5.8002860401499225e-05,1.92286462414599e-05,0.0001363913147890361,-4.097531295513679,4.8428661946544044e-05,0.4625199362041467,1.5915786802639138,0.05821159164148089
financial_daily,BTC-USD,F11,adam,classification,3,377,1,2.572874327196124,6.518928661477804e-05,2.3251733286757326e-05,0.00016870283353026818,-4.0983827661743915,5.299533533185753e-05,0.4784688995215311,1.5915786802639138,0.05821159164148089
financial_daily,BTC-USD,FA,sgd,regression,0,640,1,-3.342932244144403,9.510512820216907e-06,3.792889070035809e-06,2.8562274616111425e-05,-4.0825646410932315,2.172398898464709e-05,0.662597774792567,1.5915786802639138,0.05821159164148089
financial_daily,BTC-USD,FA,sgd,regression,1,637,1,0.7020284863791564,1.1145115818553572e-05,3.54351476198273e-06,6.711936423475689e-05,-4.0668031852962105,1.157923346081351e-05,0.660955390615025,1.5915786802639138,0.05821159164148089
financial_daily,BTC-USD,FA,sgd,regression,2,593,1,-1.3086028511186965,1.7079437398665624e-05,9.343267086632355e-06,3.8234743772835523e-05,-4.101869497609963,1.0435643493802983e-05,0.6626057513889596,1.5915786802639138,0.05821159164148089
financial_daily,BTC-USD,FA,sgd,regression,3,566,1,0.051594174973734315,1.2320826644433054e-05,4.552093106104365e-06,2.8131790025980652e-05,-4.129060009769509,9.980599577550888e-06,0.6617199316148366,1.5915786802639138,0.05821159164148089
financial_daily,BTC-USD,FA,sgd,classification,0,4000,0,-1.6971398963339028,0.0006493882899038953,0.0005519886130951187,0.0007602130652499723,-2.7131351142477143,0.000534563064745267,0.4768740031897927,1.5915786802639138,0.05821159164148089
financial_daily,BTC-USD,FA,sgd,classification,1,4000,0,-1.5401626068206518,0.0005959439379523029,0.000524965740057947,0.0006927190051341238,-2.7347750373302713,0.000516383561793398,0.47527910685805425,1.5915786802639138,0.05821159164148089
financial_daily,BTC-USD,FA,sgd,classification,2,4000,0,-1.5237883784677009,0.0006279483267008243,0.0005497716186535558,0.0007222510765682606,-2.7233977139057544,0.0005271930592056805,0.4768740031897927,1.5915786802639138,0.05821159164148089
financial_daily,BTC-USD,FA,sgd,classification,3,4000,0,-1.5723181543483908,0.0006508957987456003,0.0005465788956942731,0.0007509120675947407,-2.718270557944164,0.0005393503637533201,0.47527910685805425,1.5915786802639138,0.05821159164148089
financial_daily,BTC-USD,FA,adam,regression,0,89,1,-1.0520529109156098,0.00021875454239848424,6.863297739083201e-05,0.0007764264681976073,-3.5455232328143538,0.0005265006156742508,0.6588303408791872,1.5915786802639138,0.05821159164148089
financial_daily,BTC-USD,FA,adam,regression,1,78,1,-1.0450474965841952,0.00017580385739374873,6.015669818195411e-05,0.0005961785028803932,-3.608177063880349,0.0004042808120212456,0.6571621479474185,1.5915786802639138,0.05821159164148089
financial_daily,BTC-USD,FA,adam,regression,2,65,1,-0.701680441384794,0.00023832785615247485,9.082503162946802e-05,0.0006045642777322709,-3.5693921596597997,0.00015920496372055776,0.6650273967262474,1.5915786802639138,0.05821159164148089
financial_daily,BTC-USD,FA,adam,regression,3,83,1,2.828332227231976,0.00025309544958215476,8.925113330071013e-05,0.0005602349910577421,-3.598691774645028,0.00022953134686300438,0.658954121840634,1.5915786802639138,0.05821159164148089
financial_daily,BTC-USD,FA,adam,classification,0,548,1,-2.905892690799341,9.764282529135185e-06,3.94791858591908e-06,4.397831530061315e-05,-4.403796733523274,2.9262964250431348e-05,0.47527910685805425,1.5915786802639138,0.05821159164148089
financial_daily,BTC-USD,FA,adam,classification,1,604,1,2.2718538223701645,1.516124741655361e-05,4.913363739979554e-06,8.063423201284532e-05,-4.378451519915311,9.003045378639772e-06,0.47368421052631576,1.5915786802639138,0.05821159164148089
financial_daily,BTC-USD,FA,adam,classification,2,584,1,-2.3027671409377057,1.743492944240956e-05,8.351489380805245e-06,5.096741754970343e-05,-4.362901527024815,9.908490485936391e-06,0.4768740031897927,1.5915786802639138,0.05821159164148089
financial_daily,BTC-USD,FA,adam,classification,3,481,1,1.2518751949934173,1.7249898859097895e-05,7.365023404030255e-06,2.6390817316025802e-05,-4.481536066415368,1.2253473964097537e-05,0.47368421052631576,1.5915786802639138,0.05821159164148089
financial_daily,DIA,F0,sgd,regression,0,96,1,-0.8742298696136767,0.00012415873814170377,2.9798307613963956e-05,0.00026506390760224505,-3.899587678215961,5.856439647404264e-05,0.8868826855483977,1.362176205278077,0.06588492207012539
financial_daily,DIA,F0,sgd,regression,1,119,1,0.3825686239738435,8.904539393698435e-05,3.332872475632741e-05,0.00021785612525040846,-3.935882248663361,0.0001526022590757566,0.8867302781061656,1.362176205278077,0.06588492207012539
financial_daily,DIA,F0,sgd,regression,2,127,1,-1.0113099644237518,0.00010920105356062017,5.135359880443203e-05,0.0002204991842464316,-3.9083128728750545,7.908249965283706e-05,0.8867847550174311,1.362176205278077,0.06588492207012539
financial_daily,DIA,F0,sgd,regression,3,105,1,2.01724260085534,0.00011485144014701416,4.272286365349786e-05,0.0002713600325231861,-3.910666987181627,0.00011651671241918637,0.8868297419705488,1.362176205278077,0.06588492207012539
financial_daily,DIA,F0,sgd,classification,0,1679,1,-0.7052313424973878,8.104792935306834e-06,3.100777382423392e-06,2.4363732242253516e-05,-4.749718303442325,2.1645075985180625e-05,0.5023923444976076,1.362176205278077,0.06588492207012539
financial_daily,DIA,F0,sgd,classification,1,3470,1,2.1708050920967157,1.659602538648678e-05,6.329173906070747e-06,2.6208374612768374e-05,-4.65023102422601,1.5198052399187878e-05,0.518341307814992,1.362176205278077,0.06588492207012539
financial_daily,DIA,F0,sgd,classification,2,2314,1,-1.8143196903917587,1.7037940309756636e-05,1.2726863467908637e-05,2.215624400827413e-05,-4.623072845322638,1.8081797598102743e-05,0.5007974481658692,1.362176205278077,0.06588492207012539
financial_daily,DIA,F0,sgd,classification,3,516,1,2.0745137049159914,1.203023266318261e-05,5.784309827157492e-06,3.561781504278859e-05,-4.847298738116935,3.855112212711168e-06,0.5087719298245614,1.362176205278077,0.06588492207012539
financial_daily,DIA,F0,adam,regression,0,4000,0,0.21173668073912338,0.002256116489623242,0.000873811209612579,0.004636491456865262,-2.70601851357358,0.0006315332566070717,0.8872504470414941,1.362176205278077,0.06588492207012539
financial_daily,DIA,F0,adam,regression,1,817,1,-0.48801418246248024,0.0020976987286345245,0.0008316273005697146,0.004257129187089833,-2.709368284484569,0.0017517327643617215,0.8872456796694018,1.362176205278077,0.06588492207012539
financial_daily,DIA,F0,adam,regression,2,579,1,0.04178384757302576,0.0022566719179191036,0.0008482290433639114,0.004793053316755401,-2.700783755772352,0.0012786547545077366,0.8878318946246347,1.362176205278077,0.06588492207012539
financial_daily,DIA,F0,adam,regression,3,334,1,0.8486397037302524,0.0020161498585360266,0.0008012471075644926,0.004549527275263448,-2.694929455013071,0.0008018462139932622,0.8865309182758836,1.362176205278077,0.06588492207012539
financial_daily,DIA,F0,adam,classification,0,4000,0,-1.2125847310494917,0.0002530592387789585,8.724484853286861e-05,0.0007087981874200671,-3.553391282629127,6.776376042959631e-05,0.4944178628389155,1.362176205278077,0.06588492207012539
financial_daily,DIA,F0,adam,classification,1,4000,0,0.7285919017744463,0.00023430118813553283,9.858694363008262e-05,0.0005012027182017001,-3.5955395485258648,0.00018623524436164687,0.4944178628389155,1.362176205278077,0.06588492207012539
financial_daily,DIA,F0,adam,classification,2,4000,0,-0.38168072471406866,0.0002840106182446919,0.0001366551440149942,0.0005984521079453561,-3.5759946789080317,0.0002842138786384224,0.49760765550239233,1.362176205278077,0.06588492207012539
financial_daily,DIA,F0,adam,classification,3,4000,0,1.1737555972936917,0.00026054250101563,0.00010326837156041324,0.000578798304845235,-3.576784743187557,0.00025070448613466776,0.5055821371610846,1.362176205278077,0.06588492207012539
financial_daily,DIA,F1,sgd,regression,0,885,1,-3.3285564039084625,5.969408181170604e-05,3.6629249851408996e-05,7.227360881220133e-05,-3.626214099967494,3.270465205880275e-05,0.9473529907608824,1.362176205278077,0.06588492207012539
financial_daily,DIA,F1,sgd,regression,1,1101,1,-0.5162056264108035,5.04795699911165e-05,4.30787100551775e-05,8.11672790448978e-05,-3.6545321469203254,3.8105149041233424e-05,0.947126274526982,1.362176205278077,0.06588492207012539
financial_daily,DIA,F1,sgd,regression,2,905,1,-2.8463890995733214,4.135189419244049e-05,2.9108751801173005e-05,5.973340505576927e-05,-3.6906517661385987,2.6056238984693992e-05,0.948381140123213,1.362176205278077,0.06588492207012539
financial_daily,DIA,F1,sgd,regression,3,775,1,-2.3825436062924332,5.694176574549402e-05,4.015135220991573e-05,7.233113975352177e-05,-3.659916283973356,3.7883226091938285e-05,0.9467330195252733,1.362176205278077,0.06588492207012539
financial_daily,DIA,F1,sgd,classification,0,4000,0,-1.4760171376938636,0.0018921129029185327,0.0016685824521041777,0.0021894001102598895,-2.3142656839800044,0.0016214871519387186,0.46730462519936206,1.362176205278077,0.06588492207012539
financial_daily,DIA,F1,sgd,classification,1,4000,0,-1.489851622845013,0.0018123305568229046,0.001588340847751712,0.0020989873618146864,-2.3255843424928493,0.001550015793400518,0.46730462519936206,1.362176205278077,0.06588492207012539
financial_daily,DIA,F1,sgd,classification,2,4000,0,-1.3739114516916975,0.0019166218775860779,0.0017057104273636094,0.0021871099738253203,-2.3145237941316705,0.0016485044487135696,0.46730462519936206,1.362176205278077,0.06588492207012539
financial_daily,DIA,F1,sgd,classification,3,4000,0,-1.4343153608511898,0.0019075093414959998,0.0016632576049127803,0.002184311224864055,-2.3148868388806285,0.001627452128177593,0.46730462519936206,1.362176205278077,0.06588492207012539
financial_daily,DIA,F1,adam,regression,0,98,1,-2.8313120205115982,6.69255430643177e-05,7.130629138598759e-06,0.00035044834193305143,-4.001635771555049,0.00016707190746058836,0.9509462718562386,1.362176205278077,0.06588492207012539
financial_daily,DIA,F1,adam,regression,1,122,1,-0.34326762810091876,5.872282321575354e-05,1.1553342131035968e-05,0.00036307712920592944,-4.062327287239237,0.0002082131725936845,0.9434946111252199,1.362176205278077,0.06588492207012539
financial_daily,DIA,F1,adam,regression,2,71,1,-0.8800648098554328,5.878263093579881e-05,1.611298461958476e-05,0.0002852294517455087,-4.040328725406342,3.212281327962505e-05,0.9526099288073419,1.362176205278077,0.06588492207012539
financial_daily,DIA,F1,adam,regression,3,118,1,4.960366709579072,9.121420382581359e-05,1.6209439952287326e-05,0.00034842935689296395,-4.071374515705702,1.0984650199147974e-05,0.9494525717705792,1.362176205278077,0.06588492207012539
financial_daily,DIA,F1,adam,classification,0,966,1,-2.626715722210743,4.780978340955984e-05,3.377869599151236e-05,5.6965829488976835e-05,-3.804715752284037,3.184421739736006e-05,0.48165869218500795,1.362176205278077,0.06588492207012539
financial_daily,DIA,F1,adam,classification,1,918,1,-0.7119876702021203,3.8930167949170896e-05,3.554641539130699e-05,4.136202457686328e-05,-3.8660278052654506,3.7435129552713273e-05,0.4768740031897927,1.362176205278077,0.06588492207012539
financial_daily,DIA,F1,adam,classification,2,1014,1,-1.6462454796134278,4.247807676098496e-05,3.689514595903343e-05,5.2000324352586236e-05,-3.82899455088847,3.167959413989161e-05,0.4784688995215311,1.362176205278077,0.06588492207012539
financial_daily,DIA,F1,adam,classification,3,846,1,-1.9324967631575674,4.7965535824598266e-05,3.498334366429075e-05,5.631170250899586e-05,-3.8247359137040506,3.552403906642037e-05,0.4768740031897927,1.362176205278077,0.06588492207012539
financial_daily,DIA,F2,sgd,regression,0,2917,1,-2.7578244825829445,1.1331093288001744e-05,9.807199196610566e-06,1.5363684005960686e-05,-4.147948093286749,9.531390247872878e-06,0.9088742234785792,1.362176205278077,0.06588492207012539
financial_daily,DIA,F2,sgd,regression,1,2274,1,0.6129331705652197,1.0321166221711122e-05,9.075050863601253e-06,1.3022662104915613e-05,-4.279814533137598,1.0732451828489038e-05,0.9098220113892929,1.362176205278077,0.06588492207012539
financial_daily,DIA,F2,sgd,regression,2,2306,1,-1.2276032466939182,1.5305722164473448e-05,1.3246738958820648e-05,1.872554556069079e-05,-4.155707228100343,1.121985270058119e-05,0.9081824087873596,1.362176205278077,0.06588492207012539
financial_daily,DIA,F2,sgd,regression,3,2661,1,-2.0117153070313067,1.1894839389934667e-05,9.001602640933996e-06,1.6208861033921887e-05,-4.1602138998462,9.680270310990443e-06,0.9086168170698874,1.362176205278077,0.06588492207012539
financial_daily,DIA,F2,sgd,classification,0,4000,0,-0.7587330430085383,0.0027146102979391995,0.0025351963696677903,0.0029270605540063746,-2.401048271010288,0.0024946276650355246,0.45773524720893144,1.362176205278077,0.06588492207012539
financial_daily,DIA,F2,sgd,classification,1,4000,0,-0.7729261669352099,0.0026529632043712976,0.0024681797748673908,0.002862763920532535,-2.406805132261623,0.002431820753799039,0.45773524720893144,1.362176205278077,0.06588492207012539
financial_daily,DIA,F2,sgd,classification,2,4000,0,-0.7122192409693154,0.002731056523474556,0.002561108881611048,0.0029255388857079008,-2.4011471485717513,0.002514310114493134,0.45773524720893144,1.362176205278077,0.06588492207012539
financial_daily,DIA,F2,sgd,classification,3,4000,0,-0.7417921527802178,0.0027241572796277485,0.00253202640580279,0.002923728876181748,-2.401371069941421,0.002498313001483053,0.45773524720893144,1.362176205278077,0.06588492207012539
financial_daily,DIA,F2,adam,regression,0,261,1,-5.866940707147528,9.310646028679534e-06,1.2741568036783575e-06,7.253268679589263e-05,-4.728438062929588,7.818567047296974e-06,0.9111451232558023,1.362176205278077,0.06588492207012539
financial_daily,DIA,F2,adam,regression,1,238,1,0.5436569373929765,2.429531222558583e-05,3.2695980294968657e-06,0.00010875835737504062,-4.632579504442878,2.038166309985807e-05,0.9068332549730195,1.362176205278077,0.06588492207012539
financial_daily,DIA,F2,adam,regression,2,97,1,1.0903215261388504,1.8658189807263924e-05,5.648108587272453e-06,7.342502454484526e-05,-4.689394374911885,1.4902193872659162e-05,0.9134808583827007,1.362176205278077,0.06588492207012539
financial_daily,DIA,F2,adam,regression,3,99,1,2.252846012820759,1.5441765492286092e-05,2.7158991253895397e-06,7.813604460384195e-05,-4.7591408447051835,6.858169887836679e-05,0.9052261136762267,1.362176205278077,0.06588492207012539
financial_daily,DIA,F2,adam,classification,0,3326,1,-1.9476354533699765,5.4545862744605534e-05,4.665309974490354e-05,6.682792657718206e-05,-3.7024310116517656,4.514438558501871e-05,0.4625199362041467,1.362176205278077,0.06588492207012539
financial_daily,DIA,F2,adam,classification,1,2827,1,-1.8405908101391133,4.20707987217115e-05,3.564192384581413e-05,5.1354345075113615e-05,-3.777711834955131,3.5486236054978995e-05,0.4625199362041467,1.362176205278077,0.06588492207012539
financial_daily,DIA,F2,adam,classification,2,3377,1,-1.2673025970674627,5.949765726447887e-05,5.441434563088964e-05,6.876995769366046e-05,-3.7002703310639,5.0827150873896363e-05,0.4625199362041467,1.362176205278077,0.06588492207012539
financial_daily,DIA,F2,adam,classification,3,3334,1,-1.66146539478603,5.721583819534259e-05,4.66858065488924e-05,6.775601225319311e-05,-3.694772043043511,4.6820952317053654e-05,0.4625199362041467,1.362176205278077,0.06588492207012539
financial_daily,DIA,F4,sgd,regression,0,3474,1,-3.2301514818536305,3.851377960929035e-05,2.441351418079727e-05,4.739154357699738e-05,-3.8309410131058765,2.3233625933872102e-05,0.9064646938801457,1.362176205278077,0.06588492207012539
financial_daily,DIA,F4,sgd,regression,1,3207,1,-0.9864042182205088,3.4586507710169354e-05,3.107557079404424e-05,4.240017310441209e-05,-3.872312556577608,2.847005579693788e-05,0.9068713291768726,1.362176205278077,0.06588492207012539
financial_daily,DIA,F4,sgd,regression,2,2872,1,-1.5565162498678802,2.890503089348877e-05,2.4398935810479264e-05,3.425399378147801e-05,-3.9205414927528706,1.9883734994522387e-05,0.9077587085417999,1.362176205278077,0.06588492207012539
financial_daily,DIA,F4,sgd,regression,3,3378,1,-3.009020111354675,3.614123434299875e-05,2.2550699174278128e-05,4.693284932739636e-05,-3.8644131435238696,2.2562680372258206e-05,0.9063336825891954,1.362176205278077,0.06588492207012539
financial_daily,DIA,F4,sgd,classification,0,4000,0,-1.0664275809441408,0.0009535021998328434,0.0008677881948277753,0.0010612330422947128,-2.7763150997339756,0.0008497576194980547,0.543859649122807,1.362176205278077,0.06588492207012539
financial_daily,DIA,F4,sgd,classification,1,4000,0,-1.0805550139022946,0.0009039305860881542,0.0008184425281226606,0.0010079316175650912,-2.789518405590867,0.0008050271789289872,0.5406698564593302,1.362176205278077,0.06588492207012539
financial_daily,DIA,F4,sgd,classification,2,4000,0,-0.9578052667854987,0.0009621412942451953,0.0008853430729589496,0.001056320358564598,-2.7773002311920267,0.0008622534080856666,0.543859649122807,1.362176205278077,0.06588492207012539
financial_daily,DIA,F4,sgd,classification,3,4000,0,-1.0185307754725625,0.000959513544563019,0.0008637957027599969,0.0010571793028727855,-2.77769324981919,0.000852275487653496,0.5422647527910686,1.362176205278077,0.06588492207012539
financial_daily,DIA,F4,adam,regression,0,255,1,-1.6444977944942327,6.009239094171401e-05,1.6881697844918336e-05,0.0001887905864201811,-4.116656100741677,5.585379474045717e-05,0.9172470849941928,1.362176205278077,0.06588492207012539
financial_daily,DIA,F4,adam,regression,1,509,1,0.01947794363851037,6.294894147436399e-05,1.0990409600687701e-05,0.00016711764375373347,-4.148917850905755,0.00010318602484533853,0.9078415586456103,1.362176205278077,0.06588492207012539
financial_daily,DIA,F4,adam,regression,2,623,1,-1.359314285809626,5.2682531636712824e-05,2.0069220409434695e-05,0.0001448364303797888,-4.163655466127122,2.6015045851462137e-05,0.9194298029237653,1.362176205278077,0.06588492207012539
financial_daily,DIA,F4,adam,regression,3,145,1,3.7821310238952175,7.253409624064597e-05,1.9778285180955086e-05,0.00018334054831973677,-4.160440096149404,8.765013509780843e-05,0.9109881491895742,1.362176205278077,0.06588492207012539
financial_daily,DIA,F4,adam,classification,0,3174,1,-2.6751405396551364,2.8721575387733002e-05,2.1179395298865234e-05,3.419808069647746e-05,-4.080377186435085,2.0300201962461493e-05,0.5422647527910686,1.362176205278077,0.06588492207012539
financial_daily,DIA,F4,adam,classification,1,2613,1,-0.3148292164918935,2.7601785458204712e-05,2.387532835147378e-05,3.112650403191308e-05,-4.115337436077791,2.6178495496445675e-05,0.5422647527910686,1.362176205278077,0.06588492207012539
financial_daily,DIA,F4,adam,classification,2,2639,1,-1.1035250354087707,2.8525702171095244e-05,2.579626734240331e-05,3.530921612527135e-05,-4.1083177553856975,2.0602366539889864e-05,0.5486443381180224,1.362176205278077,0.06588492207012539
financial_daily,DIA,F4,adam,classification,3,3071,1,-2.1661606320792197,2.9301026631610297e-05,1.9875690519974335e-05,3.5064128895312204e-05,-4.095831916017025,2.1007511296380835e-05,0.543859649122807,1.362176205278077,0.06588492207012539
financial_daily,DIA,F7,sgd,regression,0,4000,0,-2.2482001132351908,2.5501779666407436e-05,2.1096645962627385e-05,3.2660674328809496e-05,-4.212191621244347,2.0577507729817502e-05,0.8902468057080947,1.362176205278077,0.06588492207012539
financial_daily,DIA,F7,sgd,regression,1,4000,0,-2.3317229175776646,1.53531890655881e-05,1.2492100111906244e-05,2.0553425672638083e-05,-4.3293601239222115,1.2959626912579221e-05,0.8903399916227338,1.362176205278077,0.06588492207012539
financial_daily,DIA,F7,sgd,regression,2,4000,0,-1.178167399405592,2.8876989326989915e-05,2.6469748374815718e-05,3.3566377764037e-05,-4.215029024711762,2.4242839142512796e-05,0.8901913632317952,1.362176205278077,0.06588492207012539
financial_daily,DIA,F7,sgd,regression,3,4000,0,-1.7647582521707101,2.6892182185564255e-05,2.0891241853250653e-05,3.237593931807628e-05,-4.224163067101451,2.1173497312218938e-05,0.8902368594915834,1.362176205278077,0.06588492207012539
financial_daily,DIA,F7,sgd,classification,0,4000,0,-0.30660169537801985,0.0010474234084482362,0.001018534711685818,0.0010805420302130058,-2.9182138886185345,0.0010118894111211857,0.5853269537480064,1.362176205278077,0.06588492207012539
financial_daily,DIA,F7,sgd,classification,1,4000,0,-0.3176331998316467,0.0010292436407525626,0.0009981620477690636,0.0010627968800170017,-2.9224642369084703,0.0009925302089514438,0.5853269537480064,1.362176205278077,0.06588492207012539
financial_daily,DIA,F7,sgd,classification,2,4000,0,-0.27642180125168886,0.0010513113743276868,0.001025339448189938,0.0010804283092681877,-2.918219422593815,0.001017238725244898,0.5853269537480064,1.362176205278077,0.06588492207012539
financial_daily,DIA,F7,sgd,classification,3,4000,0,-0.29404300344897877,0.0010491353912725286,0.0010172576971394932,0.0010792662456754632,-2.9186139585215427,0.001012442858982651,0.5853269537480064,1.362176205278077,0.06588492207012539
financial_daily,DIA,F7,adam,regression,0,832,1,-4.182328275383061,4.878968016367898e-06,1.6760304012722048e-06,1.572616494421941e-05,-5.073115110714116,5.3756385887716585e-06,0.8904181069202355,1.362176205278077,0.06588492207012539
financial_daily,DIA,F7,adam,regression,1,1809,1,3.293565080118778,8.026524446791768e-06,2.690096740997585e-06,6.0972515676801165e-05,-4.865613509049216,1.2072477003412741e-06,0.890364357288974,1.362176205278077,0.06588492207012539
financial_daily,DIA,F7,adam,regression,2,1142,1,0.007727353995745323,7.1136373429617315e-06,2.7212011910800057e-06,2.8751440366601555e-05,-5.11273038548494,4.776111530482816e-06,0.8905333983103668,1.362176205278077,0.06588492207012539
financial_daily,DIA,F7,adam,regression,3,580,1,0.16408347581067576,6.66727673316698e-06,1.231406747674611e-06,1.687487739892507e-05,-5.137473002987015,8.974934549743225e-06,0.8901523459809733,1.362176205278077,0.06588492207012539
financial_daily,DIA,F7,adam,classification,0,4000,0,-1.5557529682861655,8.937892095625887e-05,7.881716520903329e-05,0.00010530018672883407,-3.653659856171503,7.66555533414671e-05,0.5821371610845295,1.362176205278077,0.06588492207012539
financial_daily,DIA,F7,adam,classification,1,4000,0,-1.5654185621913543,7.424997469756779e-05,6.392105448125027e-05,8.76557676016332e-05,-3.706510278037832,6.300991780195021e-05,0.583732057416268,1.362176205278077,0.06588492207012539
financial_daily,DIA,F7,adam,classification,2,4000,0,-1.0988241035831035,9.496302185325189e-05,8.71822705005645e-05,0.00010691940956616444,-3.6548700636461366,8.307429089463586e-05,0.5821371610845295,1.362176205278077,0.06588492207012539
financial_daily,DIA,F7,adam,classification,3,4000,0,-1.3610326444810597,9.24873641370952e-05,7.87683277233151e-05,0.00010620187628694278,-3.6537932268048037,7.870203500930866e-05,0.5821371610845295,1.362176205278077,0.06588492207012539
financial_daily,DIA,F10,sgd,regression,0,3371,1,-4.437809389898893,8.744457462475957e-06,6.502899541705265e-06,1.4993664808236434e-05,-4.16135082937705,6.733054674727265e-06,0.9073835681280326,1.362176205278077,0.06588492207012539
financial_daily,DIA,F10,sgd,regression,1,2704,1,-1.7423246771691978,5.883916508812617e-06,5.09141920045252e-06,7.260884657755577e-06,-4.3274300191144075,5.319586457612724e-06,0.9089652959779378,1.362176205278077,0.06588492207012539
financial_daily,DIA,F10,sgd,regression,2,3483,1,-1.7505592301482,1.5222888967416241e-05,1.3079239727749765e-05,1.9453604145414924e-05,-4.1413394220541155,1.0544139646176636e-05,0.9063322416428854,1.362176205278077,0.06588492207012539
financial_daily,DIA,F10,sgd,regression,3,3338,1,-3.514864967770066,1.0505909682229359e-05,6.3566328980449e-06,1.64728788437243e-05,-4.162205702108588,7.3791641754806605e-06,0.90722694860472,1.362176205278077,0.06588492207012539
financial_daily,DIA,F10,sgd,classification,0,4000,0,-0.589264349869752,0.0024284543237584385,0.002302849206683204,0.002575245810500204,-2.4868563602442335,0.002274205030439609,0.4800637958532695,1.362176205278077,0.06588492207012539
financial_daily,DIA,F10,sgd,classification,1,4000,0,-0.6006280905075605,0.002381248766801089,0.0022511099376462266,0.002526681253737717,-2.4918338367904136,0.0022254312489735925,0.4800637958532695,1.362176205278077,0.06588492207012539
financial_daily,DIA,F10,sgd,classification,2,4000,0,-0.5508188645257267,0.002440239206247085,0.0023219030879181894,0.0025737585310517353,-2.4869876013108567,0.0022886972530524927,0.48165869218500795,1.362176205278077,0.06588492207012539
financial_daily,DIA,F10,sgd,classification,3,4000,0,-0.5752714593018708,0.002435345045240029,0.0023004211241596326,0.002572746071695652,-2.487155025034422,0.0022768719704096213,0.4800637958532695,1.362176205278077,0.06588492207012539
financial_daily,DIA,F10,adam,regression,0,273,1,-6.232394976419492,6.927796077645482e-06,1.3804922593474346e-06,4.927553903149919e-05,-4.897530397377205,1.5343433589317583e-06,0.9073567602695221,1.362176205278077,0.06588492207012539
financial_daily,DIA,F10,adam,regression,1,245,1,1.1850930804338478,2.0861252422819804e-05,2.066300217735352e-06,9.608035587347193e-05,-4.785667920252085,1.1498849929019846e-05,0.9059365807928895,1.362176205278077,0.06588492207012539
financial_daily,DIA,F10,adam,regression,2,160,1,2.0216606211226855,1.3099762123756412e-05,2.493645051074117e-06,5.264113578831775e-05,-4.902081734544345,1.2160287146170437e-05,0.90880871887247,1.362176205278077,0.06588492207012539
financial_daily,DIA,F10,adam,regression,3,102,1,2.1014569498576554,1.2162987830338405e-05,1.9012986259607972e-06,5.144662808956718e-05,-4.922592925794937,5.162483814055718e-05,0.9043903558609557,1.362176205278077,0.06588492207012539
financial_daily,DIA,F10,adam,classification,0,4000,0,-1.8766989749781051,8.032548151523926e-05,6.932272534142752e-05,9.810985061621994e-05,-3.577309851391603,6.711530428121077e-05,0.4784688995215311,1.362176205278077,0.06588492207012539
financial_daily,DIA,F10,adam,classification,1,4000,0,-1.9254204468052136,6.550778712214936e-05,5.448356606785479e-05,8.040006414731522e-05,-3.635776553331733,5.3524033774304653e-05,0.4800637958532695,1.362176205278077,0.06588492207012539
financial_daily,DIA,F10,adam,classification,2,4000,0,-1.3183728827238963,8.810405686761527e-05,7.960115517080729e-05,0.00010159644747535318,-3.5732915597421004,7.504547801571442e-05,0.4800637958532695,1.362176205278077,0.06588492207012539
financial_daily,DIA,F10,adam,classification,3,4000,0,-1.668481463228923,8.497668459721164e-05,7.006120078268344e-05,0.00010075932487532875,-3.567725120237903,6.999769974776142e-05,0.4800637958532695,1.362176205278077,0.06588492207012539
financial_daily,DIA,F11,sgd,regression,0,455,1,-0.3944319362246783,3.105683158573439e-05,7.325605909113892e-06,9.372616876970703e-05,-4.008935697295005,4.737000429799394e-05,0.9778215797498673,1.362176205278077,0.06588492207012539
financial_daily,DIA,F11,sgd,regression,1,455,1,1.8810646824246133,3.399810987810119e-05,9.067384896705006e-06,0.00010083765843683317,-4.073214239476079,5.135689226514747e-05,0.97658826320397,1.362176205278077,0.06588492207012539
financial_daily,DIA,F11,sgd,regression,2,466,1,-2.5596576851216777,3.721458724039018e-05,1.521191455383368e-05,6.486418195129527e-05,-4.071855449799316,1.7868118749452704e-05,0.9773155197822401,1.362176205278077,0.06588492207012539
financial_daily,DIA,F11,sgd,regression,3,444,1,3.016100653275908,3.4848964587176323e-05,1.318330221618703e-05,0.00010402220021394048,-4.099086929995975,1.1964134540309089e-05,0.9759650630636889,1.362176205278077,0.06588492207012539
financial_daily,DIA,F11,sgd,classification,0,4000,0,-2.7823845133648546,0.00017010587629347424,0.00012501155701271385,0.0002146625442737882,-3.170468096688305,0.00011932756218478606,0.4864433811802233,1.362176205278077,0.06588492207012539
financial_daily,DIA,F11,sgd,classification,1,4000,0,-2.2904817997349505,0.00015255174628237347,0.00012807126811430374,0.00018180985092101017,-3.1931275244648196,0.00012095290055002866,0.48963317384370014,1.362176205278077,0.06588492207012539
financial_daily,DIA,F11,sgd,classification,2,4000,0,-1.9519382781063206,0.00015201282439691335,0.00012486314587179114,0.000178341070721278,-3.2120540262490618,0.00011320916759573354,0.49122807017543857,1.362176205278077,0.06588492207012539
financial_daily,DIA,F11,sgd,classification,3,4000,0,-2.733436893099679,0.00016927345132989596,0.00011929860658200395,0.00021275872961117867,-3.1806674563177038,0.00011870615670778459,0.48325358851674644,1.362176205278077,0.06588492207012539
financial_daily,DIA,F11,adam,regression,0,88,1,-1.1151115298818175,0.0006142506713221683,0.00020604956691410616,0.0016923144536107036,-3.185284663082285,0.0006586920526229929,0.9703149254433895,1.362176205278077,0.06588492207012539
financial_daily,DIA,F11,adam,regression,1,73,1,-0.4426310437475976,0.0005229873442673442,0.00018762192339337073,0.0014280773425870694,-3.2206629607723465,0.0006382775245211382,0.9712695545181843,1.362176205278077,0.06588492207012539
financial_daily,DIA,F11,adam,regression,2,70,1,-0.4164287275306441,0.0005913118373937533,0.00019678482412514308,0.0016076528565189263,-3.1955131595256483,0.0008426263571704286,0.9860677296713386,1.362176205278077,0.06588492207012539
financial_daily,DIA,F11,adam,regression,3,80,1,1.4031006211452883,0.0006008743259869754,0.0002363666317097669,0.0012255718522322762,-3.2063614279501422,0.00010836553384464473,0.9721505630161932,1.362176205278077,0.06588492207012539
financial_daily,DIA,F11,adam,classification,0,359,1,-1.3709487321618228,5.7924627845403905e-05,1.8977968910639778e-05,0.00016150337449123873,-4.05567668903447,4.1733903621420496e-05,0.4960127591706539,1.362176205278077,0.06588492207012539
financial_daily,DIA,F11,adam,classification,1,408,1,0.6332020537400674,6.0377326981733805e-05,1.458588256027274e-05,0.00015030071433862777,-4.115777869751004,6.405156062915372e-05,0.48484848484848486,1.362176205278077,0.06588492207012539
financial_daily,DIA,F11,adam,classification,2,437,1,-1.7660906599456383,5.938954724380227e-05,2.145535450260741e-05,0.00012840789596391342,-4.10739393755283,3.403514633545967e-05,0.49760765550239233,1.362176205278077,0.06588492207012539
financial_daily,DIA,F11,adam,classification,3,378,1,1.8552275746680398,6.823416194551778e-05,2.4465528625822614e-05,0.0001457440912776352,-4.112593023599718,5.897930473606961e-05,0.5023923444976076,1.362176205278077,0.06588492207012539
financial_daily,DIA,FA,sgd,regression,0,1277,1,-3.342971787154194,1.177564595928174e-05,8.250271860784758e-06,1.8134045703281908e-05,-3.9781490899109855,1.6303611071557883e-05,0.9036851530046386,1.362176205278077,0.06588492207012539
financial_daily,DIA,FA,sgd,regression,1,1259,1,0.22525533138427614,1.3076627703839944e-05,6.365202066076015e-06,4.256425672718435e-05,-3.973866943248929,8.223614387303454e-06,0.9031587779969567,1.362176205278077,0.06588492207012539
financial_daily,DIA,FA,sgd,regression,2,1124,1,-1.0306670782574205,1.346416207324199e-05,7.353533260563296e-06,2.4481843191481702e-05,-4.119247820173885,4.8542994040701074e-06,0.9039026947517584,1.362176205278077,0.06588492207012539
financial_daily,DIA,FA,sgd,regression,3,1226,1,-2.724677931542811,1.45004509250669e-05,8.019325563401093e-06,2.0013090204692396e-05,-4.013749335369122,6.05505329041605e-06,0.9032908361623129,1.362176205278077,0.06588492207012539
financial_daily,DIA,FA,sgd,classification,0,4000,0,-1.5728116878591734,0.0005637769941296128,0.00048559522157122286,0.0006541839678701457,-2.8695256981188546,0.000471323803712467,0.5263157894736842,1.362176205278077,0.06588492207012539
financial_daily,DIA,FA,sgd,classification,1,4000,0,-1.46461455154629,0.0005123910661319093,0.0004524264790282819,0.0005925241544730672,-2.8922535654023513,0.00044574347025997616,0.5231259968102073,1.362176205278077,0.06588492207012539
financial_daily,DIA,FA,sgd,classification,2,4000,0,-1.3874007895894076,0.000548667555117438,0.0004864402430932137,0.0006247115902552272,-2.8789625883350958,0.0004673475453926172,0.5215311004784688,1.362176205278077,0.06588492207012539
financial_daily,DIA,FA,sgd,classification,3,4000,0,-1.450538976484309,0.000565477700391891,0.0004801984164657933,0.0006460563622856766,-2.875018603037508,0.0004746751921292191,0.5263157894736842,1.362176205278077,0.06588492207012539
financial_daily,DIA,FA,adam,regression,0,169,1,-1.4324602844479324,0.00015764221415566205,5.4066651180945124e-05,0.0004972116787342751,-3.6919091178219277,0.0001089810184041978,0.9037787631889284,1.362176205278077,0.06588492207012539
financial_daily,DIA,FA,adam,regression,1,192,1,-0.3789124440354951,0.00013411731664882622,3.679833626731628e-05,0.00038393732055998323,-3.7700567796097237,0.00021220620887885222,0.9010355619739445,1.362176205278077,0.06588492207012539
financial_daily,DIA,FA,adam,regression,2,81,1,-0.6479850822535492,0.00014893719945850573,6.199665068767767e-05,0.0003648800431239396,-3.7404874614184838,0.0001577534077154593,0.906314389865178,1.362176205278077,0.06588492207012539
financial_daily,DIA,FA,adam,regression,3,120,1,3.033569854277551,0.00018463723531398122,6.205136587477468e-05,0.00044084929709254967,-3.7528676207698894,0.00020237242764620613,0.9019605941134864,1.362176205278077,0.06588492207012539
financial_daily,DIA,FA,adam,classification,0,867,1,-3.1037227656326865,7.2207731525404845e-06,3.5827604347783158e-06,2.8114451454708275e-05,-4.482040150308071,2.5217120493732185e-05,0.5358851674641149,1.362176205278077,0.06588492207012539
financial_daily,DIA,FA,adam,classification,1,881,1,3.2065742835299083,1.2229493320304753e-05,3.325420136508325e-06,5.8380128377584245e-05,-4.448283517523323,8.430168840833318e-06,0.5374800637958532,1.362176205278077,0.06588492207012539
financial_daily,DIA,FA,adam,classification,2,747,1,-2.182671730800713,1.677850480494395e-05,7.505015007165236e-06,3.6719504659901425e-05,-4.477449907542678,5.633579416209781e-06,0.5215311004784688,1.362176205278077,0.06588492207012539
financial_daily,DIA,FA,adam,classification,3,709,1,0.16344098738433324,1.2251852110440644e-05,6.6382522151082885e-06,1.9944444772155975e-05,-4.575754989385125,5.909053269787107e-06,0.5374800637958532,1.362176205278077,0.06588492207012539
financial_daily,ETH-USD,F0,sgd,regression,0,106,1,-0.9428344701153463,0.00012917989394237384,3.0719172423011926e-05,0.00027214265116282474,-3.8794888465925044,6.173612278004989e-05,0.814017747152881,1.5571150786539905,0.06482329282031063
financial_daily,ETH-USD,F0,sgd,regression,1,111,1,0.37028118241281677,9.22386010149942e-05,3.497613001849755e-05,0.00022844418648300315,-3.9140176332570653,0.00015798694641943643,0.8141313598481872,1.5571150786539905,0.06482329282031063
financial_daily,ETH-USD,F0,sgd,regression,2,114,1,-0.9954047508328397,0.00011325652102414574,5.205864043547979e-05,0.00022965308416062158,-3.886635526621218,7.476418721306141e-05,0.8136831616826048,1.5571150786539905,0.06482329282031063
financial_daily,ETH-USD,F0,sgd,regression,3,103,1,1.9711678733812206,0.00011917390228047221,4.4926934820831086e-05,0.0002782837897224685,-3.893001444397899,0.00011641332409487126,0.814434097107484,1.5571150786539905,0.06482329282031063
financial_daily,ETH-USD,F0,sgd,classification,0,1162,1,-0.6228804892961705,8.601156621570827e-06,3.0835004531626884e-06,2.3872937136859712e-05,-4.606607673356462,2.0734816138767477e-05,0.49760765550239233,1.5571150786539905,0.06482329282031063
financial_daily,ETH-USD,F0,sgd,classification,1,1268,1,2.0952944433825795,1.7063317254961935e-05,6.614638231850965e-06,2.771892602249425e-05,-4.486824598854803,1.459647563038408e-05,0.5023923444976076,1.5571150786539905,0.06482329282031063
financial_daily,ETH-USD,F0,sgd,classification,2,1573,1,-1.7496396351037493,1.7013020260660257e-05,1.2544938596993058e-05,2.2245457523982494e-05,-4.432111098640471,1.94173383891512e-05,0.5007974481658692,1.5571150786539905,0.06482329282031063
financial_daily,ETH-USD,F0,sgd,classification,3,1040,1,1.8867944734494382,1.1774574722215134e-05,5.783982116913632e-06,3.4990785349020376e-05,-4.664584068941061,4.191943615109619e-06,0.507177033492823,1.5571150786539905,0.06482329282031063
financial_daily,ETH-USD,F0,adam,regression,0,1550,1,0.37494801953484264,0.002407918528914854,0.0009210090037132596,0.0048226829828947855,-2.6947712570354008,0.0005421941254471316,0.8143247589241668,1.5571150786539905,0.06482329282031063
financial_daily,ETH-USD,F0,adam,regression,1,817,1,-0.5694091071630081,0.0021510974170969584,0.0008713829495279832,0.004324128016970435,-2.6962117094846776,0.001655629443734757,0.8144407762354395,1.5571150786539905,0.06482329282031063
financial_daily,ETH-USD,F0,adam,regression,2,579,1,-0.010421677801594765,0.0023193465157585105,0.0008284147641333401,0.004789344668182317,-2.6877995281506566,0.001311181259871413,0.8138103784731984,1.5571150786539905,0.06482329282031063
financial_daily,ETH-USD,F0,adam,regression,3,3842,1,0.9654884847664623,0.002051968819863738,0.000845181564252104,0.004532633286326958,-2.6833457792836333,0.0009549557388185327,0.8140064657779705,1.5571150786539905,0.06482329282031063
financial_daily,ETH-USD,F0,adam,classification,0,3000,1,-1.2741376099027042,0.00025877741433671464,8.54882584976796e-05,0.0007142428757971119,-3.54470947149496,7.249561857535046e-05,0.5007974481658692,1.5571150786539905,0.06482329282031063
financial_daily,ETH-USD,F0,adam,classification,1,1857,1,0.734378928814504,0.0002424570813609835,9.758940562760773e-05,0.0005315796711606204,-3.5880567413933933,0.00019787056240620258,0.5167464114832536,1.5571150786539905,0.06482329282031063
financial_daily,ETH-USD,F0,adam,classification,2,2067,1,-0.470357670190289,0.00029192669396436294,0.00013461017399348844,0.0006057256614441777,-3.5689159015387912,0.00027376085088664755,0.5103668261562998,1.5571150786539905,0.06482329282031063
financial_daily,ETH-USD,F0,adam,classification,3,4000,0,1.1166770841492333,0.00026677502029598215,9.942349144273897e-05,0.0005942820498899366,-3.566454794064116,0.0002513841178866491,0.5007974481658692,1.5571150786539905,0.06482329282031063
financial_daily,ETH-USD,F1,sgd,regression,0,519,1,-3.508883176534648,5.86398734335174e-05,3.55778537152124e-05,7.295309468405354e-05,-3.6277651086869236,3.076836964576357e-05,0.8539290756452966,1.5571150786539905,0.06482329282031063
financial_daily,ETH-USD,F1,sgd,regression,1,604,1,-0.5546074721088751,4.8632907189031434e-05,3.967221772822385e-05,8.866858438684475e-05,-3.6577164908843915,3.574312745289238e-05,0.8536565750048356,1.5571150786539905,0.06482329282031063
financial_daily,ETH-USD,F1,sgd,regression,2,467,1,-3.0806416055824792,3.9606723611653676e-05,2.7017500876254595e-05,6.15861904832568e-05,-3.6910018906182196,2.4294051517632684e-05,0.8547910183294791,1.5571150786539905,0.06482329282031063
financial_daily,ETH-USD,F1,sgd,regression,3,482,1,-2.370031506081377,5.7139824892961815e-05,3.93382034500156e-05,7.132845614507725e-05,-3.6627353018539135,3.741581721533806e-05,0.8534116714042504,1.5571150786539905,0.06482329282031063
financial_daily,ETH-USD,F1,sgd,classification,0,4000,0,-1.5205671964450855,0.0017617187464984787,0.0015494128725359465,0.002047644668706535,-2.315488475922473,0.001504968606211774,0.48963317384370014,1.5571150786539905,0.06482329282031063
financial_daily,ETH-USD,F1,sgd,classification,1,4000,0,-1.534444174353514,0.0016848564166681997,0.0014720928834472673,0.0019602879447204427,-2.327332650516294,0.0014362860824964879,0.49122807017543857,1.5571150786539905,0.06482329282031063
financial_daily,ETH-USD,F1,sgd,classification,2,4000,0,-1.4117833538969584,0.0017869156449808032,0.001586784341636038,0.0020465465972883535,-2.315715895871091,0.0015321273041524516,0.4944178628389155,1.5571150786539905,0.06482329282031063
financial_daily,ETH-USD,F1,sgd,classification,3,4000,0,-1.476950568502425,0.0017774587363065181,0.0015442376138228308,0.0020434746117174514,-2.316016288910593,0.0015110530619449989,0.49282296650717705,1.5571150786539905,0.06482329282031063
financial_daily,ETH-USD,F1,adam,regression,0,81,1,-2.7417495244618886,7.181770343028644e-05,8.111870752706924e-06,0.00043322978612781815,-3.95438649225108,0.000327415919095886,0.8578180644255713,1.5571150786539905,0.06482329282031063
financial_daily,ETH-USD,F1,adam,regression,1,84,1,-1.1233593770621153,6.636827915043677e-05,1.222515318578823e-05,0.0004251772409009626,-4.004812979142885,0.000261200325702074,0.8508795635853666,1.5571150786539905,0.06482329282031063
financial_daily,ETH-USD,F1,adam,regression,2,52,1,-1.0440542006236089,7.368868280956855e-05,1.4512227399388557e-05,0.00034757748109722977,-3.982068815487451,2.0856321687941e-05,0.8579861359160407,1.5571150786539905,0.06482329282031063
financial_daily,ETH-USD,F1,adam,regression,3,85,1,5.127918052043688,0.00010514095137122349,1.7375967900374228e-05,0.0003661442626332729,-4.017348676252534,1.1571547179310415e-05,0.8566250047870663,1.5571150786539905,0.06482329282031063
financial_daily,ETH-USD,F1,adam,classification,0,766,1,-2.625277932196805,4.915538124553821e-05,3.438638226931849e-05,5.862172913329362e-05,-3.7972916632160345,3.2384347930800924e-05,0.49122807017543857,1.5571150786539905,0.06482329282031063
financial_daily,ETH-USD,F1,adam,classification,1,780,1,-0.8020415584202515,3.9373246600312575e-05,3.622451123210638e-05,4.233736743041569e-05,-3.857191260879769,3.754130562543316e-05,0.49282296650717705,1.5571150786539905,0.06482329282031063
financial_daily,ETH-USD,F1,adam,classification,2,735,1,-1.7191064844694166,4.294574863278324e-05,3.7210496818664094e-05,5.305139031254373e-05,-3.8223995133176514,3.208035420739446e-05,0.49122807017543857,1.5571150786539905,0.06482329282031063
financial_daily,ETH-USD,F1,adam,classification,3,749,1,-1.9752001613747325,4.867290409707762e-05,3.529758504495452e-05,5.74165659721986e-05,-3.81928665892934,3.574860604262028e-05,0.48963317384370014,1.5571150786539905,0.06482329282031063
financial_daily,ETH-USD,F2,sgd,regression,0,1204,1,-1.1886944007563254,9.867366878375704e-06,8.302171556424793e-06,1.1123018101620522e-05,-4.317944129754623,7.977160876507872e-06,0.8190613948647757,1.5571150786539905,0.06482329282031063
financial_daily,ETH-USD,F2,sgd,regression,1,1039,1,2.5273047033589138,1.3334570715717444e-05,7.802929915892291e-06,2.1682454094884257e-05,-4.405124028446689,1.1274195652583437e-05,0.8195649579523223,1.5571150786539905,0.06482329282031063
financial_daily,ETH-USD,F2,sgd,regression,2,1221,1,-0.6407984689868987,1.2233417470187732e-05,9.317812038047074e-06,1.6548583627095763e-05,-4.328278036981188,7.90512325737972e-06,0.8188909152089324,1.5571150786539905,0.06482329282031063
financial_daily,ETH-USD,F2,sgd,regression,3,1285,1,-0.4801272590676846,8.984169090515296e-06,8.254514774664133e-06,1.1128042449844757e-05,-4.331147760461939,7.772406156600285e-06,0.8190100035806572,1.5571150786539905,0.06482329282031063
financial_daily,ETH-USD,F2,sgd,classification,0,4000,0,-1.0181047803839585,0.003051013528362453,0.0027910166317770125,0.0033729443179845954,-2.2680568615533185,0.002733729313090237,0.49760765550239233,1.5571150786539905,0.06482329282031063
financial_daily,ETH-USD,F2,sgd,classification,1,4000,0,-1.0294405296344884,0.0029734921122939904,0.002709060756485282,0.003288384705169407,-2.2749099425823025,0.002657913900553884,0.49760765550239233,1.5571150786539905,0.06482329282031063
financial_daily,ETH-USD,F2,sgd,classification,2,4000,0,-0.9608468913367189,0.0030749197859150264,0.0028263517717408877,0.0033715934900764156,-2.2682056838109306,0.0027602780735267577,0.49920255183413076,1.5571150786539905,0.06482329282031063
financial_daily,ETH-USD,F2,sgd,classification,3,4000,0,-0.9974682812367124,0.0030655739371335125,0.002787536753471945,0.0033696197875711736,-2.268351150268853,0.002739517987369157,0.49760765550239233,1.5571150786539905,0.06482329282031063
financial_daily,ETH-USD,F2,adam,regression,0,35,1,-5.504483096560636,2.17589631437855e-05,1.904302699216248e-06,0.00011366950258648137,-4.55106674204979,9.034219344414433e-06,0.8218963726367767,1.5571150786539905,0.06482329282031063
financial_daily,ETH-USD,F2,adam,regression,1,36,1,0.6800101513975293,3.853710016508833e-05,3.355918621219944e-06,0.00015237515417507484,-4.499635764023622,6.2222187102283e-05,0.8177666963191779,1.5571150786539905,0.06482329282031063
financial_daily,ETH-USD,F2,adam,regression,2,56,1,1.9155879980015909,2.2522529213244176e-05,5.131277137589444e-06,0.00010809962962224682,-4.564421778895735,5.678640090827514e-06,0.8223298986349522,1.5571150786539905,0.06482329282031063
financial_daily,ETH-USD,F2,adam,regression,3,42,1,1.8266448153966255,1.8384949767167113e-05,1.948705916979602e-06,0.00016760376620275692,-4.634166959656441,7.470452697200331e-05,0.8182573476024547,1.5571150786539905,0.06482329282031063
financial_daily,ETH-USD,F2,adam,classification,0,2076,1,-2.0863322472033254,5.1359605501433654e-05,4.3570342912424135e-05,6.426108608883002e-05,-3.6944999624739507,4.2187298178599414e-05,0.5007974481658692,1.5571150786539905,0.06482329282031063
financial_daily,ETH-USD,F2,adam,classification,1,1863,1,-2.1329845646172108,3.9465530394073384e-05,3.209692478641889e-05,4.967842048261773e-05,-3.7683753926004564,3.1720888023085744e-05,0.5007974481658692,1.5571150786539905,0.06482329282031063
financial_daily,ETH-USD,F2,adam,classification,2,2101,1,-1.338212437707751,5.780739345380744e-05,5.243861181205218e-05,6.725476098890566e-05,-3.6890696459380132,4.8816176598256446e-05,0.5007974481658692,1.5571150786539905,0.06482329282031063
financial_daily,ETH-USD,F2,adam,classification,3,2203,1,-1.8110549768933557,5.516572671245003e-05,4.4467761100605045e-05,6.649878157162461e-05,-3.6807913085544532,4.4518972222282264e-05,0.5007974481658692,1.5571150786539905,0.06482329282031063
financial_daily,ETH-USD,F4,sgd,regression,0,657,1,-3.555040137967225,1.9269312435032345e-05,1.3930899896039395e-05,3.6879055734217084e-05,-3.8128824498156724,2.059390390472356e-05,0.8563550858939663,1.5571150786539905,0.06482329282031063
financial_daily,ETH-USD,F4,sgd,regression,1,679,1,-0.9320283167938477,2.3925593297476962e-05,1.153118956133005e-05,8.099585998013167e-05,-3.7903273569874583,1.7168402451493747e-05,0.8547915371505288,1.5571150786539905,0.06482329282031063
financial_daily,ETH-USD,F4,sgd,regression,2,620,1,-0.31119762328418427,1.8759512685829664e-05,1.0877077702569283e-05,4.059979823686893e-05,-3.9359653173302953,8.77801794204462e-06,0.856124975586255,1.5571150786539905,0.06482329282031063
financial_daily,ETH-USD,F4,sgd,regression,3,582,1,-2.8003162325533437,2.1536244231299862e-05,1.1166050586661289e-05,3.5931428445685965e-05,-3.831981560801858,1.6005090245404516e-05,0.855589040140859,1.5571150786539905,0.06482329282031063
financial_daily,ETH-USD,F4,sgd,classification,0,4000,0,-1.3741914545502647,0.0011137113619721674,0.000984170910342015,0.0012687634661188627,-2.5281724726485972,0.0009589467374717312,0.47208931419457734,1.5571150786539905,0.06482329282031063
financial_daily,ETH-USD,F4,sgd,classification,1,4000,0,-1.2972834821771484,0.0010475594189241402,0.0009392459565589215,0.0011897002723717665,-2.5441744729672773,0.0009249050782759961,0.46730462519936206,1.5571150786539905,0.06482329282031063
financial_daily,ETH-USD,F4,sgd,classification,2,4000,0,-1.2682627624369331,0.001097976732760295,0.0009868429831291126,0.0012380524965361882,-2.533271758364301,0.000955681222712775,0.47527910685805425,1.5571150786539905,0.06482329282031063
financial_daily,ETH-USD,F4,sgd,classification,3,4000,0,-1.2886146394435587,0.001114098422924626,0.0009760656111447416,0.0012546477645514183,-2.531961460650996,0.0009612606036707523,0.47208931419457734,1.5571150786539905,0.06482329282031063
financial_daily,ETH-USD,F4,adam,regression,0,89,1,-1.092163905024792,0.0001598082758364985,5.764222346385613e-05,0.0006980189843299885,-3.623337252496075,0.0005448922384383367,0.8538840394987641,1.5571150786539905,0.06482329282031063
financial_daily,ETH-USD,F4,adam,regression,1,80,1,-1.4600256945318275,0.00014298075037948545,4.191437812884802e-05,0.0005689785047599385,-3.682661058708617,0.00047024370338253295,0.8519201433066459,1.5571150786539905,0.06482329282031063
financial_daily,ETH-USD,F4,adam,regression,2,68,1,-0.7964919006415455,0.0001780631695439693,5.823575349796214e-05,0.0005825643353149099,-3.6480980005896,9.261704515680748e-05,0.8582167033713555,1.5571150786539905,0.06482329282031063
financial_daily,ETH-USD,F4,adam,regression,3,88,1,3.011004920938015,0.00020840674827483544,6.345570617926278e-05,0.0005317718995691889,-3.672238356921317,0.00013121251150005964,0.853651587211813,1.5571150786539905,0.06482329282031063
financial_daily,ETH-USD,F4,adam,classification,0,693,1,-5.028981435291568,7.0979601804557575e-06,2.332975964691002e-06,2.2091473640105823e-05,-4.300534593976899,1.4896433565343993e-05,0.47208931419457734,1.5571150786539905,0.06482329282031063
financial_daily,ETH-USD,F4,adam,classification,1,731,1,1.975657393347281,1.232742343684561e-05,4.5662432049697265e-06,5.883363858888701e-05,-4.2612625314435295,3.3325594822947355e-06,0.4768740031897927,1.5571150786539905,0.06482329282031063
financial_daily,ETH-USD,F4,adam,classification,2,665,1,-2.16191207866114,1.1392907834210098e-05,4.807677767916319e-06,3.2546841982638494e-05,-4.3245936983560105,3.9602291848385565e-06,0.4800637958532695,1.5571150786539905,0.06482329282031063
financial_daily,ETH-USD,F4,adam,classification,3,599,1,-5.839417163879251,8.65542243961429e-06,1.6138733890122784e-06,1.8189331559997344e-05,-4.32613420791956,6.033922214552496e-06,0.4768740031897927,1.5571150786539905,0.06482329282031063
financial_daily,ETH-USD,F7,sgd,regression,0,3785,1,-2.532815970812802,7.946878116527045e-05,5.789174533024061e-05,9.313206748387621e-05,-3.5599020419371614,5.5576442125356126e-05,0.8082187120258041,1.5571150786539905,0.06482329282031063
financial_daily,ETH-USD,F7,sgd,regression,1,3995,1,-0.7361646670786455,7.644579383297851e-05,7.293865495444625e-05,8.625058366933534e-05,-3.581905253795224,6.75743853810278e-05,0.8085560395434687,1.5571150786539905,0.06482329282031063
financial_daily,ETH-USD,F7,sgd,regression,2,3354,1,-1.6917831448034886,6.47803228674967e-05,5.567785144005381e-05,7.648959434684628e-05,-3.6120792306837766,5.039911487174397e-05,0.8078041682120013,1.5571150786539905,0.06482329282031063
financial_daily,ETH-USD,F7,sgd,regression,3,3715,1,-2.035328167219704,8.193317652337935e-05,6.127305871715189e-05,9.829949240790802e-05,-3.5787376550400487,6.100200700465278e-05,0.8081819407453371,1.5571150786539905,0.06482329282031063
financial_daily,ETH-USD,F7,sgd,classification,0,4000,0,-1.0285380165952256,0.0015120255952285441,0.0013820348668721416,0.0016739442772032626,-2.567583894249323,0.0013543968313031636,0.5215311004784688,1.5571150786539905,0.06482329282031063
financial_daily,ETH-USD,F7,sgd,classification,1,4000,0,-1.030645249623832,0.0014489870346411256,0.0013203597872903888,0.0016052299628484608,-2.5783929874969367,0.0012991118206913733,0.5215311004784688,1.5571150786539905,0.06482329282031063
financial_daily,ETH-USD,F7,sgd,classification,2,4000,0,-0.9476273332714266,0.001521501207556452,0.00140312693286062,0.001668142482199549,-2.568229076217938,0.0013693544866709613,0.5231259968102073,1.5571150786539905,0.06482329282031063
financial_daily,ETH-USD,F7,sgd,classification,3,4000,0,-0.9849631187208242,0.0015179278854593795,0.0013769354411826346,0.0016664438480838613,-2.5691381950694785,0.0013566813015510487,0.5215311004784688,1.5571150786539905,0.06482329282031063
financial_daily,ETH-USD,F7,adam,regression,0,255,1,-2.1529734507707152,5.5532602221000155e-05,7.145325327498739e-06,0.00020580706860642996,-4.15087523830415,4.759666943995683e-05,0.8035699336090603,1.5571150786539905,0.06482329282031063
financial_daily,ETH-USD,F7,adam,regression,1,210,1,0.06294205369143142,5.135722653302319e-05,8.488078416742708e-06,0.0001745258132931851,-4.201699994839508,0.00011864540315718697,0.8022905867105683,1.5571150786539905,0.06482329282031063
financial_daily,ETH-USD,F7,adam,regression,2,256,1,-0.3535705985137697,3.918324219527461e-05,1.224227983750617e-05,0.0001571845800172472,-4.247927181667073,1.0120282248239791e-05,0.8028237725377281,1.5571150786539905,0.06482329282031063
financial_daily,ETH-USD,F7,adam,regression,3,298,1,4.644345520138861,6.001546951081593e-05,7.655097825789008e-06,0.00020328866055138533,-4.21671469794268,4.573139769067845e-05,0.8026384401736636,1.5571150786539905,0.06482329282031063
financial_daily,ETH-USD,F7,adam,classification,0,3707,1,-1.8238977452842409,6.957106631921812e-05,5.6749959157510505e-05,7.913703799161292e-05,-3.747094984376842,5.4733962597516405e-05,0.532695374800638,1.5571150786539905,0.06482329282031063
financial_daily,ETH-USD,F7,adam,classification,1,3239,1,-0.6168914309749359,6.101735763634638e-05,5.9466761464625325e-05,6.432104743027151e-05,-3.7866371818617717,5.9045627716404004e-05,0.5342902711323764,1.5571150786539905,0.06482329282031063
financial_daily,ETH-USD,F7,adam,classification,2,3475,1,-1.0824737692403512,6.553096809269035e-05,6.010642707385421e-05,7.487562308013301e-05,-3.765586726446021,5.499539402959109e-05,0.5342902711323764,1.5571150786539905,0.06482329282031063
financial_daily,ETH-USD,F7,adam,classification,3,3743,1,-1.3763922084602742,7.184935835396531e-05,5.8490044949036596e-05,8.083235150178273e-05,-3.755739360590097,5.915375155372105e-05,0.5342902711323764,1.5571150786539905,0.06482329282031063
financial_daily,ETH-USD,F10,sgd,regression,0,1343,1,-1.3902217650373765,7.925723347480322e-06,6.931839745709131e-06,9.059619017635959e-06,-4.324287463202374,6.712244965324298e-06,0.8171931473255915,1.5571150786539905,0.06482329282031063
financial_daily,ETH-USD,F10,sgd,regression,1,1198,1,2.787197745026542,1.1499757514233083e-05,6.526162046012557e-06,1.828370072320788e-05,-4.4336443226222455,1.0022834547020592e-05,0.8177447510951601,1.5571150786539905,0.06482329282031063
financial_daily,ETH-USD,F10,sgd,regression,2,1309,1,-0.5525232340227881,1.1213444869308723e-05,8.528769699939835e-06,1.4979019192433153e-05,-4.328305813611732,7.3296300921975065e-06,0.8169528364756331,1.5571150786539905,0.06482329282031063
financial_daily,ETH-USD,F10,sgd,regression,3,1433,1,-0.6294563356912357,7.423456364624179e-06,6.831852850828978e-06,9.662366561157413e-06,-4.335262518926533,6.570147991927834e-06,0.8171465785907952,1.5571150786539905,0.06482329282031063
financial_daily,ETH-USD,F10,sgd,classification,0,4000,0,-0.9710506922884554,0.0030427578549835424,0.0027933836011887667,0.0033486842559016716,-2.2867285223746294,0.002738147199733242,0.5087719298245614,1.5571150786539905,0.06482329282031063
financial_daily,ETH-USD,F10,sgd,classification,1,4000,0,-0.9832149070074788,0.0029671092394344947,0.0027129592590896057,0.0032668902969289985,-2.2933409440132926,0.002663539696596251,0.5087719298245614,1.5571150786539905,0.06482329282031063
financial_daily,ETH-USD,F10,sgd,classification,2,4000,0,-0.9159498612797454,0.003065524348723316,0.002827384323460307,0.0033472462737585817,-2.286867697616056,0.0027637456842765063,0.5103668261562998,1.5571150786539905,0.06482329282031063
financial_daily,ETH-USD,F10,sgd,classification,3,4000,0,-0.9512885765298549,0.003056518722552592,0.002789904792647263,0.003345320264238729,-2.2870229726700098,0.002743593278557049,0.5087719298245614,1.5571150786539905,0.06482329282031063
financial_daily,ETH-USD,F10,adam,regression,0,39,1,-5.799324989688454,1.819659298990045e-05,1.839214460996545e-06,0.00010268181857316092,-4.614857174904799,5.75211805483588e-06,0.8212389458046684,1.5571150786539905,0.06482329282031063
financial_daily,ETH-USD,F10,adam,regression,1,39,1,1.2569101497729116,3.566880542258698e-05,2.415356349524141e-06,0.00014531603648716105,-4.566605709644234,4.9078646587774425e-05,0.817099088591437,1.5571150786539905,0.06482329282031063
financial_daily,ETH-USD,F10,adam,regression,2,66,1,2.8559377954605027,1.8519954123847973e-05,2.5961871440219167e-06,9.359743710344226e-05,-4.679543041352494,4.675006325818454e-06,0.821024366868765,1.5571150786539905,0.06482329282031063
financial_daily,ETH-USD,F10,adam,regression,3,50,1,1.4365017403095217,1.7464422068490103e-05,1.634480500531246e-06,0.00014352965997611574,-4.706081753157795,8.034492794571035e-05,0.8174498768999869,1.5571150786539905,0.06482329282031063
financial_daily,ETH-USD,F10,adam,classification,0,2507,1,-1.8673529257160493,5.905880317597885e-05,5.1083288290576326e-05,7.207660895865114e-05,-3.668365354912325,4.959616991817075e-05,0.5087719298245614,1.5571150786539905,0.06482329282031063
financial_daily,ETH-USD,F10,adam,classification,1,2245,1,-1.871208756519191,4.7040130491663316e-05,3.9382449562656094e-05,5.7492772037631305e-05,-3.735437484690222,3.887599445638189e-05,0.5087719298245614,1.5571150786539905,0.06482329282031063
financial_daily,ETH-USD,F10,adam,classification,2,2322,1,-1.2315189648445914,6.536015467843508e-05,5.973336608264133e-05,7.50251496678684e-05,-3.6639465052964435,5.613017790429071e-05,0.5087719298245614,1.5571150786539905,0.06482329282031063
financial_daily,ETH-USD,F10,adam,classification,3,2511,1,-1.627440630318652,6.277749009739027e-05,5.188593607849045e-05,7.428586390055547e-05,-3.6557752154758454,5.18997645090825e-05,0.5087719298245614,1.5571150786539905,0.06482329282031063
financial_daily,ETH-USD,F11,sgd,regression,0,389,1,-0.5590150891194341,3.402466424397575e-05,8.549627909023578e-06,0.0001205484663113578,-3.9532136631846972,4.5685378166034065e-05,0.9210242852455925,1.5571150786539905,0.06482329282031063
financial_daily,ETH-USD,F11,sgd,regression,1,384,1,1.5705227195273106,3.73555199206621e-05,1.1499400464473729e-05,0.0001174081183080998,-4.014578695664113,7.323280908985033e-05,0.9177864142146674,1.5571150786539905,0.06482329282031063
financial_daily,ETH-USD,F11,sgd,regression,2,398,1,-1.5639820334696728,4.1552067803203534e-05,1.5984412583698558e-05,8.077114770370418e-05,-3.9691088043078455,2.97729224538093e-05,0.9197140314520764,1.5571150786539905,0.06482329282031063
financial_daily,ETH-USD,F11,sgd,regression,3,383,1,3.612397339842423,4.06876403013751e-05,1.639673868502289e-05,0.0001249670946253247,-4.002290092085442,1.8287409819218725e-05,0.9183383894693951,1.5571150786539905,0.06482329282031063
financial_daily,ETH-USD,F11,sgd,classification,0,4000,0,-2.562500028799197,0.0002867800079533282,0.00022170348977858302,0.00036408335515261827,-2.95728806195198,0.00021381039744343262,0.44657097288676234,1.5571150786539905,0.06482329282031063
financial_daily,ETH-USD,F11,sgd,classification,1,4000,0,-2.2031820577970396,0.0002815122974211357,0.00023173643205132846,0.0003427057883853853,-2.9629283444574277,0.0002180786060314589,0.44178628389154706,1.5571150786539905,0.06482329282031063
financial_daily,ETH-USD,F11,sgd,classification,2,4000,0,-1.8567697583694878,0.0002996710253795799,0.0002496897661775225,0.0003459512078895854,-2.965934988090673,0.00023455571177299998,0.4433811802232855,1.5571150786539905,0.06482329282031063
financial_daily,ETH-USD,F11,sgd,classification,3,4000,0,-2.5840680375624028,0.00028757650037940805,0.0002135537078966943,0.00036067797945350545,-2.9579502878515784,0.0002112614535817055,0.44178628389154706,1.5571150786539905,0.06482329282031063
financial_daily,ETH-USD,F11,adam,regression,0,81,1,-0.9473053596683371,0.0007777572973915625,0.0002531522474988303,0.0021078490551140836,-3.1074872138731062,0.0004397154487894973,0.9150032602616056,1.5571150786539905,0.06482329282031063
financial_daily,ETH-USD,F11,adam,regression,1,73,1,-0.2811201295629007,0.0006663557646723031,0.000244192143066017,0.001728036927773326,-3.1412349582582784,0.0010174574809559585,0.9134378804508304,1.5571150786539905,0.06482329282031063
financial_daily,ETH-USD,F11,adam,regression,2,69,1,-0.4074208965127086,0.000761494357726907,0.0002810429939984102,0.0021152277821057525,-3.1118899314355195,0.0011890138801145785,0.9287059520900253,1.5571150786539905,0.06482329282031063
financial_daily,ETH-USD,F11,adam,regression,3,77,1,0.7652896408308866,0.0006842641869898207,0.00025583010581418605,0.0015232756245893314,-3.134683760753053,7.912983989185327e-05,0.915679777985173,1.5571150786539905,0.06482329282031063
financial_daily,ETH-USD,F11,adam,classification,0,351,1,-1.377964382274259,5.484378465787344e-05,1.836920886730705e-05,0.00017753219485990772,-4.029634992569506,5.341559697294319e-05,0.43381180223285487,1.5571150786539905,0.06482329282031063
financial_daily,ETH-USD,F11,adam,classification,1,344,1,0.6102468263162386,6.359701521584183e-05,1.72821640426455e-05,0.00014997082414113663,-4.075194462370219,8.138650760992555e-05,0.4449760765550239,1.5571150786539905,0.06482329282031063
financial_daily,ETH-USD,F11,adam,classification,2,403,1,-0.9631969690653568,5.981960388130331e-05,2.0329775429991103e-05,0.00013958557790231635,-4.089983439039176,5.218697108110392e-05,0.4449760765550239,1.5571150786539905,0.06482329282031063
financial_daily,ETH-USD,F11,adam,classification,3,377,1,2.492055018551934,6.572703082456008e-05,2.380535280162394e-05,0.00017577691851488524,-4.086287850957571,5.4237076420051035e-05,0.44657097288676234,1.5571150786539905,0.06482329282031063
financial_daily,ETH-USD,FA,sgd,regression,0,639,1,-2.6287321503670675,9.430779679161658e-06,3.1511896762835183e-06,3.1481269105702876e-05,-4.093028455936001,2.4688188956749937e-05,0.8572612427416798,1.5571150786539905,0.06482329282031063
financial_daily,ETH-USD,FA,sgd,regression,1,632,1,1.304771511115743,1.1414610253451731e-05,3.4993409134606417e-06,6.95358245838272e-05,-4.0779428825128665,1.3851294018005299e-05,0.8551834919966609,1.5571150786539905,0.06482329282031063
financial_daily,ETH-USD,FA,sgd,regression,2,598,1,-1.1436337777984558,1.647660258819272e-05,8.283241974164205e-06,3.8101954268888566e-05,-4.1551226500338085,9.103694234522179e-06,0.8570045143917406,1.5571150786539905,0.06482329282031063
financial_daily,ETH-USD,FA,sgd,regression,3,566,1,0.6144422793668969,1.3514494728375662e-05,5.0850681931389235e-06,3.020520972145227e-05,-4.136351231386166,1.0813925391398751e-05,0.8561338073823606,1.5571150786539905,0.06482329282031063
financial_daily,ETH-USD,FA,sgd,classification,0,4000,0,-1.6701847019116232,0.0007716145283257958,0.0006542737912094715,0.0008984317880749752,-2.6715412231291302,0.0006331011517127583,0.4768740031897927,1.5571150786539905,0.06482329282031063
financial_daily,ETH-USD,FA,sgd,classification,1,4000,0,-1.4997226994210477,0.0007151901262492364,0.0006308751733942697,0.0008252744042694815,-2.6900758843361072,0.0006194202415032806,0.47368421052631576,1.5571150786539905,0.06482329282031063
financial_daily,ETH-USD,FA,sgd,classification,2,4000,0,-1.5197823515972892,0.0007389124065288626,0.0006455440490166742,0.0008486035299761003,-2.6828331107417616,0.0006198649303364753,0.4768740031897927,1.5571150786539905,0.06482329282031063
financial_daily,ETH-USD,FA,sgd,classification,3,4000,0,-1.5490954943606088,0.0007714302008684233,0.0006497386057555578,0.0008874767689011073,-2.6770952093632876,0.0006394772054725323,0.4784688995215311,1.5571150786539905,0.06482329282031063
financial_daily,ETH-USD,FA,adam,regression,0,93,1,-0.9177791914607967,0.00023371355112699997,7.686481020430445e-05,0.0008219872578213673,-3.524190830683644,0.0005496847963689939,0.8532896705022538,1.5571150786539905,0.06482329282031063
financial_daily,ETH-USD,FA,adam,regression,1,78,1,-0.9567226171311356,0.00018499725556077619,6.533668909786304e-05,0.000622146624442804,-3.5857593143230204,0.0004187049790143002,0.8514023954100602,1.5571150786539905,0.06482329282031063
financial_daily,ETH-USD,FA,adam,regression,2,66,1,-0.7267708188470939,0.0002498040039579805,9.809719475183904e-05,0.0006291617579997677,-3.5457229650186814,0.0001784355211007347,0.859452480340902,1.5571150786539905,0.06482329282031063
financial_daily,ETH-USD,FA,adam,regression,3,84,1,2.754553322853116,0.0002636740061595515,9.595090178101912e-05,0.0005840986816679495,-3.5769597688839614,0.00023528294261995303,0.8541812421240788,1.5571150786539905,0.06482329282031063
financial_daily,ETH-USD,FA,adam,classification,0,576,1,-2.5746938246101,1.058419254815836e-05,3.952930402028306e-06,4.691149296699517e-05,-4.369494851898408,3.0996456660595954e-05,0.46570972886762363,1.5571150786539905,0.06482329282031063
financial_daily,ETH-USD,FA,adam,classification,1,624,1,2.3748753343511413,1.553213939146445e-05,4.637975539131118e-06,8.508340403814472e-05,-4.356291220167155,9.643035182568743e-06,0.4800637958532695,1.5571150786539905,0.06482329282031063
financial_daily,ETH-USD,FA,adam,classification,2,605,1,-2.2163466763549886,1.7823873550381284e-05,8.217648174170806e-06,5.230950961586149e-05,-4.38032986999363,8.567557869029344e-06,0.47208931419457734,1.5571150786539905,0.06482329282031063
financial_daily,ETH-USD,FA,adam,classification,3,564,1,1.110780294786467,1.7192512141525566e-05,7.175870160890412e-06,2.808990571296829e-05,-4.440621018879932,1.2940204463365199e-05,0.46570972886762363,1.5571150786539905,0.06482329282031063
financial_daily,EURUSD=X,F0,sgd,regression,0,247,1,-0.8408170312826698,0.00012031130628021631,2.9687023262098094e-05,0.0002570830911277758,-3.9138582485631215,5.580601976886211e-05,0.9523656110464327,1.5360073311394085,0.048076819817888736
financial_daily,EURUSD=X,F0,sgd,regression,1,195,1,0.3853514330117098,8.629292364680305e-05,3.211720705456711e-05,0.00021402980488050428,-3.960645539584217,0.00014681572369979617,0.951852762665582,1.5360073311394085,0.048076819817888736
financial_daily,EURUSD=X,F0,sgd,regression,2,335,1,-1.0353786033679202,0.0001086864676842345,5.0262928890529274e-05,0.00020922558893513227,-3.9492729175206738,8.155851008154109e-05,0.9524600807886815,1.5360073311394085,0.048076819817888736
financial_daily,EURUSD=X,F0,sgd,regression,3,119,1,2.062763413047901,0.00011096628940616091,4.230782653123392e-05,0.0002660423879466512,-3.936037487958442,0.00011522498952110302,0.9518286172152125,1.5360073311394085,0.048076819817888736
financial_daily,EURUSD=X,F0,sgd,classification,0,883,1,-0.8057050371732276,7.510217944736254e-06,2.9963757710980675e-06,2.496820893898498e-05,-4.7391616631741975,2.220326328586732e-05,0.5247208931419458,1.5360073311394085,0.048076819817888736
financial_daily,EURUSD=X,F0,sgd,classification,1,2817,1,2.242968496492995,1.6071459184570852e-05,6.027691511276219e-06,2.5422006123067715e-05,-4.624635344309517,1.5232937025064971e-05,0.5311004784688995,1.5360073311394085,0.048076819817888736
financial_daily,EURUSD=X,F0,sgd,classification,2,2313,1,-2.0041707105088844,1.6765499549832198e-05,1.2291279830862078e-05,2.1721973680296974e-05,-4.654562754850043,1.6239843130604065e-05,0.5087719298245614,1.5360073311394085,0.048076819817888736
financial_daily,EURUSD=X,F0,sgd,classification,3,1039,1,2.123092199757542,1.172144545708061e-05,5.8198395248364285e-06,3.4057989162560166e-05,-4.842004527312731,3.7905744363411207e-06,0.5215311004784688,1.5360073311394085,0.048076819817888736
financial_daily,EURUSD=X,F0,adam,regression,0,4000,0,0.10178874283303765,0.002187197733592573,0.0008069759357231105,0.004425000286869375,-2.7155313752719086,0.0006872677331389453,0.9527946660378944,1.5360073311394085,0.048076819817888736
financial_daily,EURUSD=X,F0,adam,regression,1,3714,1,-0.4212766515688738,0.0020351198402872024,0.0008141565189386317,0.0041168939259481115,-2.7204680775109553,0.0018989593237562679,0.9521107400591193,1.5360073311394085,0.048076819817888736
financial_daily,EURUSD=X,F0,adam,regression,2,4000,0,0.07571339973709504,0.002202073155846498,0.0008279604408306204,0.004686086156477286,-2.709089853749405,0.0012601762129856116,0.9530455060798001,1.5360073311394085,0.048076819817888736
financial_daily,EURUSD=X,F0,adam,regression,3,335,1,0.7374083719666124,0.0019655305633704094,0.0007733620244034739,0.004315297964946471,-2.7056393662171367,0.0005604966831942206,0.9510539357948486,1.5360073311394085,0.048076819817888736
financial_daily,EURUSD=X,F0,adam,classification,0,3000,1,-1.1107404489527468,0.00025108065978824215,8.615259376349979e-05,0.0007004316805301852,-3.5640092279858,6.397060980595607e-05,0.518341307814992,1.5360073311394085,0.048076819817888736
financial_daily,EURUSD=X,F0,adam,classification,1,1859,1,0.7174190928684478,0.00022795297520287545,9.426230666806648e-05,0.00048168534636796223,-3.606113369497231,0.0001698731249850791,0.5374800637958532,1.5360073311394085,0.048076819817888736
financial_daily,EURUSD=X,F0,adam,classification,2,4000,0,-0.3455509703510431,0.0002709775978143824,0.0001383090746364489,0.0005595367010103997,-3.5861044994264684,0.00028826381572816923,0.5247208931419458,1.5360073311394085,0.048076819817888736
financial_daily,EURUSD=X,F0,adam,classification,3,4000,0,1.2740677816363564,0.0002524746636521938,0.00010303939433604995,0.0005512585089110405,-3.5893019055963915,0.0002604104990324273,0.5279106858054227,1.5360073311394085,0.048076819817888736
financial_daily,EURUSD=X,F1,sgd,regression,0,669,1,-3.083931180618795,6.20649276141202e-05,3.981630595527016e-05,7.412204101145464e-05,-3.6430527732187277,3.5549056222398015e-05,1.0069510233501566,1.5360073311394085,0.048076819817888736
financial_daily,EURUSD=X,F1,sgd,regression,1,712,1,-0.44748350980013923,5.318305574207458e-05,4.568935745934588e-05,8.611400423189382e-05,-3.6657133665237063,4.047188401925343e-05,1.00685674773659,1.5360073311394085,0.048076819817888736
financial_daily,EURUSD=X,F1,sgd,regression,2,562,1,-2.655380843385107,4.412568549204223e-05,3.151511823666199e-05,6.260771483361829e-05,-3.704447236770685,2.8551002413671298e-05,1.0086236383981029,1.5360073311394085,0.048076819817888736
financial_daily,EURUSD=X,F1,sgd,regression,3,596,1,-2.179517842763375,5.948417723358495e-05,4.301836019900681e-05,7.427017466508278e-05,-3.6746233756203472,4.081271719628674e-05,1.0064377059049838,1.5360073311394085,0.048076819817888736
financial_daily,EURUSD=X,F1,sgd,classification,0,4000,0,-1.5314854484431997,0.001818217265581284,0.0015975555634974697,0.002115536511240377,-2.3098766709456866,0.001551419044333255,0.46730462519936206,1.5360073311394085,0.048076819817888736
financial_daily,EURUSD=X,F1,sgd,classification,1,4000,0,-1.5449107428260491,0.001738812747069843,0.001518015902866148,0.002025107438079834,-2.3216235276990127,0.0014809074422264736,0.46730462519936206,1.5360073311394085,0.048076819817888736
financial_daily,EURUSD=X,F1,sgd,classification,2,4000,0,-1.4230035985548635,0.0018437085120169624,0.0016356291084535359,0.0021138014822488457,-2.310121302166093,0.0015789421340110532,0.4688995215311005,1.5360073311394085,0.048076819817888736
financial_daily,EURUSD=X,F1,sgd,classification,3,4000,0,-1.4876882059454903,0.0018342881960538378,0.00159203803855063,0.0021109065277890946,-2.3104353476924526,0.0015575991624267463,0.46730462519936206,1.5360073311394085,0.048076819817888736
financial_daily,EURUSD=X,F1,adam,regression,0,86,1,-2.9018903492159063,6.759686724861372e-05,6.722975387506907e-06,0.0003667508791673334,-3.996837511908628,0.00020195358750598272,1.0149030631720821,1.5360073311394085,0.048076819817888736
financial_daily,EURUSD=X,F1,adam,regression,1,95,1,-0.44609359854146763,5.780535191698192e-05,1.1066943531028304e-05,0.0003767754709088854,-4.05678690148586,0.00021704702676491095,1.0046501043647071,1.5360073311394085,0.048076819817888736
financial_daily,EURUSD=X,F1,adam,regression,2,67,1,-0.8749954624199148,6.231645152653773e-05,1.6317664973692148e-05,0.000298056268293164,-4.029215531678086,2.9214633801614942e-05,1.017727237347961,1.5360073311394085,0.048076819817888736
financial_daily,EURUSD=X,F1,adam,regression,3,93,1,5.151525033017808,9.409924810385512e-05,1.557581579882855e-05,0.0003490640882361002,-4.068297016416761,1.071117116092678e-05,1.0118754978413995,1.5360073311394085,0.048076819817888736
financial_daily,EURUSD=X,F1,adam,classification,0,888,1,-2.5480999264304387,5.380907438264167e-05,3.861611964773407e-05,6.381909693359248e-05,-3.764637616096236,3.6442179547415185e-05,0.46730462519936206,1.5360073311394085,0.048076819817888736
financial_daily,EURUSD=X,F1,adam,classification,1,897,1,-0.7150383303525261,4.575036758108108e-05,4.2587721180388497e-05,4.922453909575946e-05,-3.8130764011454517,4.347082081319231e-05,0.4688995215311005,1.5360073311394085,0.048076819817888736
financial_daily,EURUSD=X,F1,adam,classification,2,997,1,-1.6303644603835903,4.770603934519034e-05,4.1483920085852846e-05,5.8150672486498756e-05,-3.789310583759946,3.59982738863687e-05,0.46411483253588515,1.5360073311394085,0.048076819817888736
financial_daily,EURUSD=X,F1,adam,classification,3,822,1,-1.939379562790616,5.4903689519977654e-05,4.027516825983438e-05,6.467628779539921e-05,-3.7790218809135774,4.100312680274256e-05,0.46730462519936206,1.5360073311394085,0.048076819817888736
financial_daily,EURUSD=X,F2,sgd,regression,0,1489,1,-1.7712236934257548,8.502188725532592e-06,7.40187566462702e-06,9.883673913251282e-06,-4.272198555395043,7.195286233002403e-06,0.96520114988587,1.5360073311394085,0.048076819817888736
financial_daily,EURUSD=X,F2,sgd,regression,1,1369,1,2.4056287054490366,1.1073888432988385e-05,6.990967268604824e-06,1.6718687227879006e-05,-4.390637410382496,1.0329973886687586e-05,0.9659163600939661,1.5360073311394085,0.048076819817888736
financial_daily,EURUSD=X,F2,sgd,regression,2,1419,1,-0.7006002669102659,1.164079210971305e-05,9.226417611583941e-06,1.5026421273793778e-05,-4.282776461609279,7.880513634928752e-06,0.9649195591843001,1.5360073311394085,0.048076819817888736
financial_daily,EURUSD=X,F2,sgd,regression,3,1711,1,-1.002442681842652,8.029778783441392e-06,7.216427385681024e-06,1.0766313075123873e-05,-4.285777534219736,7.0794043440742645e-06,0.9650886331008319,1.5360073311394085,0.048076819817888736
financial_daily,EURUSD=X,F2,sgd,classification,0,4000,0,-0.9689686357097742,0.0033790577234892624,0.0030997036929275037,0.0037178195286443104,-2.2501219792321647,0.0030374799729400636,0.4625199362041467,1.5360073311394085,0.048076819817888736
financial_daily,EURUSD=X,F2,sgd,classification,1,4000,0,-0.9827590745537307,0.0032980318083341157,0.0030131130229285414,0.0036309490389080674,-2.2563197321251485,0.0029569977645546243,0.4625199362041467,1.5360073311394085,0.048076819817888736
financial_daily,EURUSD=X,F2,sgd,classification,2,4000,0,-0.9164233577648824,0.003402986051199375,0.003135909897070881,0.0037161614971197754,-2.2502251804676248,0.0030646770901472595,0.4625199362041467,1.5360073311394085,0.048076819817888736
financial_daily,EURUSD=X,F2,sgd,classification,3,4000,0,-0.9502616773997096,0.0033934681188375207,0.003095965651223921,0.0037140623270859336,-2.250397248104413,0.0030431593706514433,0.4625199362041467,1.5360073311394085,0.048076819817888736
financial_daily,EURUSD=X,F2,adam,regression,0,47,1,-5.732207418511124,1.5291215030018564e-05,1.56060598427037e-06,9.65467717740723e-05,-4.6420879300382865,7.54646225399039e-06,0.9700660355421047,1.5360073311394085,0.048076819817888736
financial_daily,EURUSD=X,F2,adam,regression,1,43,1,0.791527682660347,3.205152656474013e-05,3.1311459307869588e-06,0.0001356781823837964,-4.570879075327844,3.9387995025883385e-05,0.963897330401677,1.5360073311394085,0.048076819817888736
financial_daily,EURUSD=X,F2,adam,regression,2,70,1,1.8721144566104093,1.8742696606977056e-05,4.294412588927286e-06,9.036579171928184e-05,-4.660981540161388,8.395893619165683e-06,0.9721391097309844,1.5360073311394085,0.048076819817888736
financial_daily,EURUSD=X,F2,adam,regression,3,54,1,1.7582210676333003,1.7109760831085957e-05,1.7186988068270437e-06,0.00011898798927274572,-4.71912363595523,8.151476866677066e-05,0.9635928113428144,1.5360073311394085,0.048076819817888736
financial_daily,EURUSD=X,F2,adam,classification,0,2074,1,-2.2156836185395536,4.438135193135269e-05,3.728751738357555e-05,5.631512717642919e-05,-3.722327206424098,3.6088262340183706e-05,0.46411483253588515,1.5360073311394085,0.048076819817888736
financial_daily,EURUSD=X,F2,adam,classification,1,1853,1,-2.242048521357024,3.320573893130497e-05,2.671459616320998e-05,4.23359023007616e-05,-3.803517501354843,2.6535561987745093e-05,0.4625199362041467,1.5360073311394085,0.048076819817888736
financial_daily,EURUSD=X,F2,adam,classification,2,2099,1,-1.3801729950898443,5.0660457024975894e-05,4.5883644777946754e-05,5.932541138853202e-05,-3.715699906105814,4.243086019778466e-05,0.4625199362041467,1.5360073311394085,0.048076819817888736
financial_daily,EURUSD=X,F2,adam,classification,3,2201,1,-1.9006926954250356,4.7915271702851994e-05,3.810308760905503e-05,5.82981592645814e-05,-3.707986340479115,3.822571209480562e-05,0.4625199362041467,1.5360073311394085,0.048076819817888736
financial_daily,EURUSD=X,F4,sgd,regression,0,3154,1,-3.732161270201545,3.2070700895446916e-05,1.9121495393008206e-05,3.98698204749544e-05,-3.840620985480022,1.8039083652510284e-05,0.9740059862428729,1.5360073311394085,0.048076819817888736
financial_daily,EURUSD=X,F4,sgd,regression,1,2913,1,-0.9541490677551278,3.086384192506506e-05,2.708940388892691e-05,4.021831009446037e-05,-3.8700636930334524,2.4616913659799428e-05,0.973587539658097,1.5360073311394085,0.048076819817888736
financial_daily,EURUSD=X,F4,sgd,regression,2,2587,1,-1.6334387177792256,2.28397285732546e-05,1.855104056417879e-05,2.7468412523775673e-05,-3.9499220927190457,1.3896892719322799e-05,0.9741174937412428,1.5360073311394085,0.048076819817888736
financial_daily,EURUSD=X,F4,sgd,regression,3,3068,1,-3.5603208720104913,3.146978760889389e-05,1.767847675793432e-05,4.271770633622575e-05,-3.8692617114441012,1.7981893605225616e-05,0.9734381733745366,1.5360073311394085,0.048076819817888736
financial_daily,EURUSD=X,F4,sgd,classification,0,4000,0,-1.2077721036707958,0.0005302225839270574,0.00047584298362836276,0.0005988040426806528,-3.011495368480975,0.0004647407884672568,0.5645933014354066,1.5360073311394085,0.048076819817888736
financial_daily,EURUSD=X,F4,sgd,classification,1,4000,0,-1.2170336765367564,0.0004887153094633101,0.0004367547302932218,0.0005538412673318147,-3.0308304849781407,0.00043034396499473974,0.5645933014354066,1.5360073311394085,0.048076819817888736
financial_daily,EURUSD=X,F4,sgd,classification,2,4000,0,-1.0467608156271624,0.0005342311186013434,0.0004879953630512811,0.0005918116200705317,-3.013981339421553,0.0004726046151282974,0.5677830940988836,1.5360073311394085,0.048076819817888736
financial_daily,EURUSD=X,F4,sgd,classification,3,4000,0,-1.1292296345616795,0.0005345363534907878,0.00047210616314337286,0.0005952252708972605,-3.0140140267385975,0.00046695828807359,0.5645933014354066,1.5360073311394085,0.048076819817888736
financial_daily,EURUSD=X,F4,adam,regression,0,249,1,-1.4740986388593562,7.126370710220468e-05,2.0678149321351183e-05,0.00020406484337914514,-4.064372132479951,4.7666011692172405e-05,0.980316979350861,1.5360073311394085,0.048076819817888736
financial_daily,EURUSD=X,F4,adam,regression,1,208,1,-0.11354671981521941,6.772077847546059e-05,1.2701927574167861e-05,0.0001770414707799528,-4.103570056696696,0.00011822394851353589,0.9719371551055541,1.5360073311394085,0.048076819817888736
financial_daily,EURUSD=X,F4,adam,regression,2,347,1,-1.136944383796935,5.762401818515595e-05,2.216363466161152e-05,0.00016018771973749308,-4.123715883805671,3.1554012713631305e-05,0.9810261144749649,1.5360073311394085,0.048076819817888736
financial_daily,EURUSD=X,F4,adam,regression,3,145,1,3.5539828317032622,7.914421392255052e-05,2.2406070932436084e-05,0.00020309627342103952,-4.109775047550558,8.588109078478209e-05,0.969516495006713,1.5360073311394085,0.048076819817888736
financial_daily,EURUSD=X,F4,adam,classification,0,1630,1,-4.213057770668491,9.839900833861453e-06,5.707277592100742e-06,1.2868653275320317e-05,-4.439663884786505,8.739827575059297e-06,0.583732057416268,1.5360073311394085,0.048076819817888736
financial_daily,EURUSD=X,F4,adam,classification,1,1875,1,1.3308312990968967,1.4000767466116244e-05,7.386905618988368e-06,2.6433206931584954e-05,-4.408048208100003,1.2408275241148987e-05,0.5677830940988836,1.5360073311394085,0.048076819817888736
financial_daily,EURUSD=X,F4,adam,classification,2,1803,1,-1.7948623078108308,1.324085157997468e-05,8.87908543601324e-06,2.2784112275043298e-05,-4.464039429749084,5.903376982673188e-06,0.5821371610845295,1.5360073311394085,0.048076819817888736
financial_daily,EURUSD=X,F4,adam,classification,3,1807,1,-3.5601264909203594,1.1149249881293687e-05,4.604920942367728e-06,1.539488695016777e-05,-4.470974390204081,5.830210935346425e-06,0.5725677830940988,1.5360073311394085,0.048076819817888736
financial_daily,EURUSD=X,F7,sgd,regression,0,3063,1,-3.336005894352668,4.359610843484633e-05,3.0212512819338167e-05,5.292891841187751e-05,-3.680243746626178,2.9054314745618623e-05,0.9567901426555594,1.5360073311394085,0.048076819817888736
financial_daily,EURUSD=X,F7,sgd,regression,1,2596,1,-0.7843060167189218,4.384267931201597e-05,4.027704591967244e-05,5.605049776435788e-05,-3.704480560779725,3.5232831595858185e-05,0.9570424522778701,1.5360073311394085,0.048076819817888736
financial_daily,EURUSD=X,F7,sgd,regression,2,2590,1,-1.4971351775457562,3.5984588058640655e-05,3.102318253486432e-05,4.25358841883378e-05,-3.751971707638864,2.607148964446181e-05,0.9568307960653949,1.5360073311394085,0.048076819817888736
financial_daily,EURUSD=X,F7,sgd,regression,3,2895,1,-3.017280579465617,4.4499731869789e-05,2.837942662956571e-05,5.832233637296549e-05,-3.7058014422436627,2.8600481160088593e-05,0.9565095638738624,1.5360073311394085,0.048076819817888736
financial_daily,EURUSD=X,F7,sgd,classification,0,4000,0,-0.9629334066919021,0.0011540308259938886,0.0010599822854569147,0.001268243172407813,-2.699671506512189,0.0010405124210853371,0.5486443381180224,1.5360073311394085,0.048076819817888736
financial_daily,EURUSD=X,F7,sgd,classification,1,4000,0,-0.9466524640745068,0.0010981845117630379,0.0010094139918351806,0.0012067468679833639,-2.711976183455898,0.000996272696133396,0.5502392344497608,1.5360073311394085,0.048076819817888736
financial_daily,EURUSD=X,F7,sgd,classification,2,4000,0,-0.8746808502450515,0.0011544940617516561,0.001072198772509617,0.0012568203295557046,-2.7015407313203887,0.0010481145180295285,0.5534290271132376,1.5360073311394085,0.048076819817888736
financial_daily,EURUSD=X,F7,sgd,classification,3,4000,0,-0.9069700905108464,0.0011558341050135466,0.0010538836060512077,0.0012587478320417052,-2.7023954399684165,0.0010411753826852239,0.5486443381180224,1.5360073311394085,0.048076819817888736
financial_daily,EURUSD=X,F7,adam,regression,0,244,1,-1.6441353134787602,7.250377167788042e-05,1.5936844410691924e-05,0.000230812666109663,-4.039670438175244,3.447985396482134e-05,0.9561059453675341,1.5360073311394085,0.048076819817888736
financial_daily,EURUSD=X,F7,adam,regression,1,202,1,-0.13271527964869823,7.014778662316766e-05,1.834238314392567e-05,0.00019633138409576648,-4.088148096603241,0.00014051252333251564,0.9518631571199727,1.5360073311394085,0.048076819817888736
financial_daily,EURUSD=X,F7,adam,regression,2,264,1,-0.8697281657257291,5.7342386368866575e-05,2.004473537293981e-05,0.00018460552083934335,-4.100868723403537,3.1623507601706956e-05,0.9561971428709616,1.5360073311394085,0.048076819817888736
financial_daily,EURUSD=X,F7,adam,regression,3,147,1,3.583764608155036,7.627790209691464e-05,1.7754134334537573e-05,0.00023306535294463626,-4.100314256681938,4.975074750028133e-05,0.9539762572374925,1.5360073311394085,0.048076819817888736
financial_daily,EURUSD=X,F7,adam,classification,0,3781,1,-2.14731380065995,5.261661985777929e-05,4.290419637554124e-05,6.279195830532789e-05,-3.8385147094519247,4.331500852881639e-05,0.583732057416268,1.5360073311394085,0.048076819817888736
financial_daily,EURUSD=X,F7,adam,classification,1,4000,0,-0.21363632638404717,5.247830170888272e-05,4.814660220333055e-05,6.0605519708276604e-05,-3.8567245584365204,4.857258570041339e-05,0.5789473684210527,1.5360073311394085,0.048076819817888736
financial_daily,EURUSD=X,F7,adam,classification,2,3941,1,-1.3209131201709934,5.426419499296357e-05,4.855641445682726e-05,6.763434761856007e-05,-3.845886047769527,4.1649658032133374e-05,0.580542264752791,1.5360073311394085,0.048076819817888736
financial_daily,EURUSD=X,F7,adam,classification,3,3761,1,-1.8350953904833116,5.4925562261210335e-05,4.113511509719465e-05,6.452526850045123e-05,-3.8459065605194294,4.295162110972245e-05,0.5821371610845295,1.5360073311394085,0.048076819817888736
financial_daily,EURUSD=X,F10,sgd,regression,0,2553,1,-4.029284042709676,5.760122204180363e-06,4.896461065293662e-06,9.651532314382626e-06,-4.232178703325442,4.95149491229262e-06,0.9595959443705642,1.5360073311394085,0.048076819817888736
financial_daily,EURUSD=X,F10,sgd,regression,1,1755,1,1.2931867762391556,5.63381411645197e-06,4.547468086508029e-06,8.39022180189617e-06,-4.38924584036239,6.100331084365227e-06,0.9601770539423685,1.5360073311394085,0.048076819817888736
financial_daily,EURUSD=X,F10,sgd,regression,2,2188,1,-1.3680452363245996,1.1408360723673937e-05,9.430832870361773e-06,1.457737691019968e-05,-4.210702272766176,7.642001829630498e-06,0.9593748144382542,1.5360073311394085,0.048076819817888736
financial_daily,EURUSD=X,F10,sgd,regression,3,2436,1,-3.041307025975414,6.790824814758195e-06,4.54556389861113e-06,1.1125250410857976e-05,-4.234712581440563,5.2643532203519e-06,0.9596190021261507,1.5360073311394085,0.048076819817888736
financial_daily,EURUSD=X,F10,sgd,classification,0,4000,0,-0.7516839110746978,0.0028093460773503443,0.0026256704716068726,0.003026869245281658,-2.386961790233937,0.0025841501580033907,0.4625199362041467,1.5360073311394085,0.048076819817888736
financial_daily,EURUSD=X,F10,sgd,classification,1,4000,0,-0.7650739999479286,0.002747584665284658,0.002558610279860101,0.0029623571162018915,-2.3925646716769937,0.0025212837470577213,0.4625199362041467,1.5360073311394085,0.048076819817888736
financial_daily,EURUSD=X,F10,sgd,classification,2,4000,0,-0.7063131646848076,0.0028258944948511867,0.0026516369108503385,0.003025165413376017,-2.387086773845192,0.0026038411948801623,0.4625199362041467,1.5360073311394085,0.048076819817888736
financial_daily,EURUSD=X,F10,sgd,classification,3,4000,0,-0.7354716454557063,0.00281915512732535,0.002622586084986737,0.0030237846289761696,-2.387254496945855,0.0025879841766047336,0.4625199362041467,1.5360073311394085,0.048076819817888736
financial_daily,EURUSD=X,F10,adam,regression,0,250,1,-6.287517835325616,8.217872220620593e-06,1.3617604266802253e-06,6.85428298669456e-05,-4.80989887514986,1.2211138426415341e-06,0.9645603219335758,1.5360073311394085,0.048076819817888736
financial_daily,EURUSD=X,F10,adam,regression,1,135,1,1.5137413795631167,2.220601801616269e-05,1.7209084356121138e-06,0.0001083666501352383,-4.73618093127364,1.8958501020758854e-05,0.9616944984584717,1.5360073311394085,0.048076819817888736
financial_daily,EURUSD=X,F10,adam,regression,2,90,1,2.316919365922735,1.4714660586160166e-05,1.7141733128524296e-06,6.806181194356667e-05,-4.840974382690871,1.1101441517123305e-05,0.9645063968538254,1.5360073311394085,0.048076819817888736
financial_daily,EURUSD=X,F10,adam,regression,3,91,1,2.203012560770552,1.456576679694282e-05,1.6087114901892542e-06,7.740799104817359e-05,-4.871101106354665,6.918597431275397e-05,0.9613653017305784,1.5360073311394085,0.048076819817888736
financial_daily,EURUSD=X,F10,adam,classification,0,3670,1,-1.8249779899422212,6.995633115867553e-05,6.068625841879842e-05,8.499067461750595e-05,-3.621811290050593,5.887006918076029e-05,0.4688995215311005,1.5360073311394085,0.048076819817888736
financial_daily,EURUSD=X,F10,adam,classification,1,3386,1,-1.8469132777992954,5.6696528227657626e-05,4.7547334503094614e-05,6.900027189245763e-05,-3.6836217762124877,4.683213048416707e-05,0.4704944178628389,1.5360073311394085,0.048076819817888736
financial_daily,EURUSD=X,F10,adam,classification,2,3956,1,-1.2473082394698798,7.685446216515189e-05,6.99768981496695e-05,8.812638078570935e-05,-3.61765924513956,6.599004623218294e-05,0.46570972886762363,1.5360073311394085,0.048076819817888736
financial_daily,EURUSD=X,F10,adam,classification,3,3756,1,-1.6062915209922268,7.404318144806489e-05,6.144746619205302e-05,8.737502486743473e-05,-3.611050586558225,6.14188953975241e-05,0.4688995215311005,1.5360073311394085,0.048076819817888736
financial_daily,EURUSD=X,F11,sgd,regression,0,504,1,-0.5550766444694334,2.745395732485403e-05,5.541718730491504e-06,9.222014850913837e-05,-3.951012460253461,4.740575933470826e-05,1.0295073006232596,1.5360073311394085,0.048076819817888736
financial_daily,EURUSD=X,F11,sgd,regression,1,494,1,2.1538521433301,3.187111341059053e-05,8.463401958904904e-06,0.00010207293536056811,-4.0120360957368915,5.1497880436964306e-05,1.0262622721669457,1.5360073311394085,0.048076819817888736
financial_daily,EURUSD=X,F11,sgd,regression,2,496,1,-2.573914255785694,3.4892873355359594e-05,1.3839542428342647e-05,6.470818706880605e-05,-4.043321660096457,1.4462979926028874e-05,1.0289307408660933,1.5360073311394085,0.048076819817888736
financial_daily,EURUSD=X,F11,sgd,regression,3,482,1,3.1626552562974766,3.3955576474704245e-05,1.3004544965863929e-05,9.790395477099364e-05,-4.025985517156652,1.1213670299895146e-05,1.027136306003218,1.5360073311394085,0.048076819817888736
financial_daily,EURUSD=X,F11,sgd,classification,0,4000,0,-2.5153728772027577,0.0002221348832029134,0.00016936101650850976,0.00027496620250640956,-3.089168267773456,0.00016245591754264024,0.529505582137161,1.5360073311394085,0.048076819817888736
financial_daily,EURUSD=X,F11,sgd,classification,1,4000,0,-2.14680305829865,0.00020869028915294983,0.0001767952921938844,0.0002471776413468883,-3.1005870120870758,0.00016688231521418785,0.5263157894736842,1.5360073311394085,0.048076819817888736
financial_daily,EURUSD=X,F11,sgd,classification,2,4000,0,-1.8262474415160668,0.00020240218861986188,0.00016661432737818304,0.00023328235044687868,-3.1276524159105064,0.0001528480569340602,0.5279106858054227,1.5360073311394085,0.048076819817888736
financial_daily,EURUSD=X,F11,sgd,classification,3,4000,0,-2.568644784546685,0.00022185744399520177,0.00016216058421698296,0.000275794487866163,-3.094231320868368,0.00016138697559570211,0.5279106858054227,1.5360073311394085,0.048076819817888736
financial_daily,EURUSD=X,F11,adam,regression,0,98,1,-0.9327121590278884,0.0006004290854728187,0.0002007845221680102,0.00168446154753917,-3.201501847945334,0.0006382865752185183,1.0231106659297209,1.5360073311394085,0.048076819817888736
financial_daily,EURUSD=X,F11,adam,regression,1,88,1,-0.5321648251762728,0.0004925246584462961,0.000177490214508346,0.0013965214892751165,-3.23935848005149,0.0006739482345669371,1.0206197103976729,1.5360073311394085,0.048076819817888736
financial_daily,EURUSD=X,F11,adam,regression,2,82,1,-0.3902725062160646,0.0005563948906012952,0.00018789788776770534,0.0015723823141137205,-3.211929159023077,0.0008786864867396433,1.036035391078036,1.5360073311394085,0.048076819817888736
financial_daily,EURUSD=X,F11,adam,regression,3,90,1,1.5360339797069968,0.0005627010912792422,0.0002218360460447243,0.0012211740569093056,-3.2259255838146164,0.00013729619424316422,1.0235374985881656,1.5360073311394085,0.048076819817888736
financial_daily,EURUSD=X,F11,adam,classification,0,370,1,-1.4464057568227617,5.221017799497271e-05,1.8490425277554987e-05,0.00015913303608634205,-4.062773147468115,4.022732024510689e-05,0.5406698564593302,1.5360073311394085,0.048076819817888736
financial_daily,EURUSD=X,F11,adam,classification,1,507,1,0.5947942500061022,5.794545724118952e-05,1.515222121844279e-05,0.0001414312524972303,-4.122683377850707,6.887883992837873e-05,0.5422647527910686,1.5360073311394085,0.048076819817888736
financial_daily,EURUSD=X,F11,adam,classification,2,475,1,-1.7239271112009131,5.4955614029910574e-05,1.9187729433108416e-05,0.00012532065381836566,-4.120452435841244,2.67443627475559e-05,0.5279106858054227,1.5360073311394085,0.048076819817888736
financial_daily,EURUSD=X,F11,adam,classification,3,380,1,2.0640961567182283,6.399589292895365e-05,2.32540911863538e-05,0.00014911602003638228,-4.122809937595814,5.544489631298201e-05,0.5534290271132376,1.5360073311394085,0.048076819817888736
financial_daily,EURUSD=X,FA,sgd,regression,0,1165,1,-3.7654496446998937,9.8625281281006e-06,6.4697848492139155e-06,1.5551086464249545e-05,-4.036376283337196,1.3111185372882575e-05,0.9753029462780033,1.5360073311394085,0.048076819817888736
financial_daily,EURUSD=X,FA,sgd,regression,1,1135,1,0.6938818652764621,1.1427843289208832e-05,4.551744873862686e-06,4.252539945161695e-05,-4.042457266995217,6.257808193921905e-06,0.9738284990757182,1.5360073311394085,0.048076819817888736
financial_daily,EURUSD=X,FA,sgd,regression,2,1006,1,-0.9531350989359487,1.2241519231688663e-05,6.6206762997649755e-06,2.4024634957944068e-05,-4.160465887281127,5.182177643577239e-06,0.976031715697524,1.5360073311394085,0.048076819817888736
financial_daily,EURUSD=X,FA,sgd,regression,3,945,1,-2.468653623062602,1.2695505113300768e-05,6.714039340682748e-06,1.8176541578043215e-05,-4.087815370231369,5.13131510718745e-06,0.9744806421228815,1.5360073311394085,0.048076819817888736
financial_daily,EURUSD=X,FA,sgd,classification,0,4000,0,-1.7921793980186764,0.0004978663426609589,0.00042319505066628135,0.0005935309637729337,-2.8610399526807995,0.0004093730874297242,0.5007974481658692,1.5360073311394085,0.048076819817888736
financial_daily,EURUSD=X,FA,sgd,classification,1,4000,0,-1.7524990364653397,0.00044592045643389555,0.0003833399260593244,0.0005327675460373822,-2.8870921498750275,0.00037633620831232866,0.5023923444976076,1.5360073311394085,0.048076819817888736
financial_daily,EURUSD=X,FA,sgd,classification,2,4000,0,-1.560181948881197,0.0004937235973635713,0.00043228642140459735,0.0005732511331163647,-2.868124978505246,0.00041220053186551614,0.5007974481658692,1.5360073311394085,0.048076819817888736
financial_daily,EURUSD=X,FA,sgd,classification,3,4000,0,-1.679269550741285,0.0005024699103162036,0.00041685121954981153,0.0005876636237171487,-2.8651111536131513,0.00041204215609912424,0.5039872408293461,1.5360073311394085,0.048076819817888736
financial_daily,EURUSD=X,FA,adam,regression,0,109,1,-1.5660030598192323,0.00016056398679053542,4.8384403280658504e-05,0.0004986462214174669,-3.6933981186799203,0.0001278258522552031,0.976943646210415,1.5360073311394085,0.048076819817888736
financial_daily,EURUSD=X,FA,adam,regression,1,192,1,-0.5153953075663275,0.0001344454457123899,3.68093181531639e-05,0.0003880125656190902,-3.7709810279722316,0.0002234211481538673,0.969465453775124,1.5360073311394085,0.048076819817888736
financial_daily,EURUSD=X,FA,adam,regression,2,72,1,-0.6596036187133189,0.00014651742920457404,6.344604592787251e-05,0.0003684070054655539,-3.74266447114948,0.0001481467952104499,0.9784522315037165,1.5360073311394085,0.048076819817888736
financial_daily,EURUSD=X,FA,adam,regression,3,118,1,3.1051796224757577,0.00018755442521983193,6.121617607953579e-05,0.00044083875649573214,-3.753196479573576,0.00019694823780310288,0.9688964158446113,1.5360073311394085,0.048076819817888736
financial_daily,EURUSD=X,FA,adam,classification,0,668,1,-2.75757319062595,6.835365919042523e-06,3.4139207804735097e-06,2.6634538983353733e-05,-4.519788731170388,2.613343188790822e-05,0.5199362041467305,1.5360073311394085,0.048076819817888736
financial_daily,EURUSD=X,FA,adam,classification,1,669,1,3.7421386291185446,1.3330115505995928e-05,3.921163903700391e-06,5.325996692854291e-05,-4.481073871652523,9.061204963719749e-06,0.518341307814992,1.5360073311394085,0.048076819817888736
financial_daily,EURUSD=X,FA,adam,classification,2,667,1,-2.546573001613055,1.648069166714613e-05,7.93771830107732e-06,3.5067587819102185e-05,-4.491252992201411,6.652045272396002e-06,0.5103668261562998,1.5360073311394085,0.048076819817888736
financial_daily,EURUSD=X,FA,adam,classification,3,569,1,1.0928260472536724,1.2114562578329263e-05,6.970082090086083e-06,2.117727824902827e-05,-4.644904033162487,6.4799674784105355e-06,0.5167464114832536,1.5360073311394085,0.048076819817888736
financial_daily,GBPUSD=X,F0,sgd,regression,0,109,1,-0.8135542785577856,0.00013425734031318598,3.654706865132121e-05,0.00028877462773027466,-3.854839873320967,5.6559357570126515e-05,0.6738469955547975,1.4217164643766211,0.05730726725518267
financial_daily,GBPUSD=X,F0,sgd,regression,1,108,1,0.4005906996459688,9.771249017312605e-05,3.7121747447082003e-05,0.0002391106621566901,-3.9001950690813647,0.00016574729678172417,0.6731323791650392,1.4217164643766211,0.05730726725518267
financial_daily,GBPUSD=X,F0,sgd,regression,2,96,1,-0.9658350072696343,0.00012124289314863594,5.623764186187567e-05,0.0002372817651086336,-3.887257998231987,8.353810561711039e-05,0.6737862707692172,1.4217164643766211,0.05730726725518267
financial_daily,GBPUSD=X,F0,sgd,regression,3,117,1,1.8718955275671212,0.0001223943813011913,4.590908262249966e-05,0.0002847948120159942,-3.8798347154944985,0.0001180321879541613,0.6732070531324228,1.4217164643766211,0.05730726725518267
financial_daily,GBPUSD=X,F0,sgd,classification,0,847,1,-0.20061607502142292,9.05049218366011e-06,3.97447780921534e-06,2.941182778191199e-05,-4.612754106016842,2.5448610419025576e-05,0.5151515151515151,1.4217164643766211,0.05730726725518267
financial_daily,GBPUSD=X,F0,sgd,classification,1,1277,1,2.254705007329162,1.7900129098689944e-05,6.23447816144604e-06,2.811618923549641e-05,-4.511122551691142,1.6849446476093287e-05,0.5119617224880383,1.4217164643766211,0.05730726725518267
financial_daily,GBPUSD=X,F0,sgd,classification,2,915,1,-2.1511975536288817,1.7959522317815385e-05,1.3027975935006715e-05,2.347429363392754e-05,-4.547691306515424,1.7189115676438783e-05,0.5055821371610846,1.4217164643766211,0.05730726725518267
financial_daily,GBPUSD=X,F0,sgd,classification,3,986,1,2.1612846488338775,1.322904965652683e-05,6.226572725990636e-06,3.8544085770437765e-05,-4.709272442581796,4.1714139732119625e-06,0.5103668261562998,1.4217164643766211,0.05730726725518267
financial_daily,GBPUSD=X,F0,adam,regression,0,89,1,0.2087561605536046,0.002475020646696876,0.0009054975036399417,0.004840935687100366,-2.6661922908939824,0.0006306370984745798,0.6741386188695078,1.4217164643766211,0.05730726725518267
financial_daily,GBPUSD=X,F0,adam,regression,1,816,1,-0.5708420000152116,0.0023253554670261386,0.0008923184743210577,0.004676501841142594,-2.676504613081582,0.0021443891402553946,0.6735076910367486,1.4217164643766211,0.05730726725518267
financial_daily,GBPUSD=X,F0,adam,regression,2,773,1,-0.06584542889536632,0.002545756063263944,0.0009334517419898431,0.005065327823745694,-2.662382280069943,0.0013381662104018882,0.675434176037852,1.4217164643766211,0.05730726725518267
financial_daily,GBPUSD=X,F0,adam,regression,3,4000,0,0.801706247972769,0.0022383789829479284,0.0008567232265555725,0.004856665854523097,-2.6578843375466357,0.0008735285889724711,0.671744013725454,1.4217164643766211,0.05730726725518267
financial_daily,GBPUSD=X,F0,adam,classification,0,3000,1,-1.1253014137792692,0.0002660373138940915,9.550367681910445e-05,0.0007697104656113131,-3.522904426177567,7.311910372954063e-05,0.5167464114832536,1.4217164643766211,0.05730726725518267
financial_daily,GBPUSD=X,F0,adam,classification,1,1857,1,0.7202137174287183,0.0002500466329503303,0.00010359949506333125,0.000544830441506964,-3.562577563067758,0.00017463794341015992,0.5167464114832536,1.4217164643766211,0.05730726725518267
financial_daily,GBPUSD=X,F0,adam,classification,2,2555,1,-0.3830482637998092,0.00030670052892946796,0.00015274095391131585,0.0006077672817073223,-3.5421193046097716,0.0003378964819661134,0.518341307814992,1.4217164643766211,0.05730726725518267
financial_daily,GBPUSD=X,F0,adam,classification,3,4000,0,1.1616792199455086,0.0002861726681315027,0.00011015815128958016,0.0006130468527320655,-3.544527792502283,0.00025656152336209285,0.5151515151515151,1.4217164643766211,0.05730726725518267
financial_daily,GBPUSD=X,F1,sgd,regression,0,691,1,-3.194959032251177,5.804998638902217e-05,3.635528750181101e-05,6.952937843897252e-05,-3.6599272812066967,3.2310537652213516e-05,0.7073644024892303,1.4217164643766211,0.05730726725518267
financial_daily,GBPUSD=X,F1,sgd,regression,1,742,1,-0.4129783776846577,4.972848429856446e-05,4.251186672275151e-05,8.210032795477513e-05,-3.682789128746069,3.758920617338335e-05,0.7074097910262896,1.4217164643766211,0.05730726725518267
financial_daily,GBPUSD=X,F1,sgd,regression,2,583,1,-2.732362102126609,4.0554242001051324e-05,2.8260936736683925e-05,5.793626358895786e-05,-3.7253924049849867,2.5419799674344038e-05,0.7083728251705118,1.4217164643766211,0.05730726725518267
financial_daily,GBPUSD=X,F1,sgd,regression,3,612,1,-2.2679370710855293,5.580125666559026e-05,3.96382024281395e-05,7.024750190184985e-05,-3.691608248597815,3.755437174076356e-05,0.7070696822397705,1.4217164643766211,0.05730726725518267
financial_daily,GBPUSD=X,F1,sgd,classification,0,4000,0,-1.5530030551929648,0.001861755977345587,0.0016315979686629335,0.002170997784347183,-2.2993568400169426,0.001583305018720702,0.4960127591706539,1.4217164643766211,0.05730726725518267
financial_daily,GBPUSD=X,F1,sgd,classification,1,4000,0,-1.5693601576802942,0.0017815162209661789,0.0015505779191354822,0.002079579872236745,-2.3108917349020723,0.0015111603671424353,0.49760765550239233,1.4217164643766211,0.05730726725518267
financial_daily,GBPUSD=X,F1,sgd,classification,2,4000,0,-1.4450293556909908,0.0018885360249854734,0.0016708025713431801,0.0021697261818808744,-2.2995260177529993,0.0016118817126600374,0.49920255183413076,1.4217164643766211,0.05730726725518267
financial_daily,GBPUSD=X,F1,sgd,classification,3,4000,0,-1.5105464100761525,0.0018784946631951645,0.0016264192446962845,0.0021666257518255043,-2.2998411763098425,0.0015897837929639393,0.49760765550239233,1.4217164643766211,0.05730726725518267
financial_daily,GBPUSD=X,F1,adam,regression,0,87,1,-2.8576102242129084,6.814664920140529e-05,7.105124152208234e-06,0.0003625563696284806,-3.9979782185251627,0.00018877899642688812,0.7118067911899298,1.4217164643766211,0.05730726725518267
financial_daily,GBPUSD=X,F1,adam,regression,1,121,1,-0.41458092531123386,5.842065939392798e-05,1.1445214275454213e-05,0.0003761293261628246,-4.05579982193909,0.0002141211859441121,0.7065541973469467,1.4217164643766211,0.05730726725518267
financial_daily,GBPUSD=X,F1,adam,regression,2,67,1,-0.9406870413351549,6.112352516790744e-05,1.602100425070526e-05,0.000292330696620616,-4.030715742588548,3.102066567403497e-05,0.7132202148560363,1.4217164643766211,0.05730726725518267
financial_daily,GBPUSD=X,F1,adam,regression,3,117,1,5.02621692403821,9.551258464133447e-05,1.636376663458153e-05,0.00034976707499230096,-4.063599007711956,1.0699007312395613e-05,0.7110775413518352,1.4217164643766211,0.05730726725518267
financial_daily,GBPUSD=X,F1,adam,classification,0,787,1,-2.6531169123144136,4.552104058989996e-05,3.152020066538171e-05,5.41820025653169e-05,-3.826268246594258,2.9677298537729806e-05,0.49282296650717705,1.4217164643766211,0.05730726725518267
financial_daily,GBPUSD=X,F1,adam,classification,1,809,1,-0.7497157792656367,3.6916545484686673e-05,3.367970802403172e-05,3.9517579421471646e-05,-3.8866492892047533,3.5306736732764805e-05,0.49282296650717705,1.4217164643766211,0.05730726725518267
financial_daily,GBPUSD=X,F1,adam,classification,2,788,1,-1.6900637003141197,3.957936856666112e-05,3.417860592413123e-05,4.839225724129463e-05,-3.85414929147328,2.9264399634101463e-05,0.49122807017543857,1.4217164643766211,0.05730726725518267
financial_daily,GBPUSD=X,F1,adam,classification,3,769,1,-1.997524681183042,4.539708215723425e-05,3.2591441623307144e-05,5.360082296581503e-05,-3.845737668431611,3.312877402228823e-05,0.49122807017543857,1.4217164643766211,0.05730726725518267
financial_daily,GBPUSD=X,F2,sgd,regression,0,1664,1,-2.0283654009179717,9.617978640280799e-06,8.294642700826914e-06,1.1564687628243572e-05,-4.226166368878915,8.066079540099173e-06,0.6772726156296461,1.4217164643766211,0.05730726725518267
financial_daily,GBPUSD=X,F2,sgd,regression,1,1455,1,1.9347621034003508,1.1318903749007741e-05,7.842641694073265e-06,1.6040439468361013e-05,-4.347363755139724,1.0927857467493835e-05,0.6777671760606916,1.4217164643766211,0.05730726725518267
financial_daily,GBPUSD=X,F2,sgd,regression,2,1745,1,-0.8564991211597415,1.2636265184873767e-05,1.0374924394912307e-05,1.580620355448117e-05,-4.239684569115052,8.830404689721111e-06,0.677086263971568,1.4217164643766211,0.05730726725518267
financial_daily,GBPUSD=X,F2,sgd,regression,3,1800,1,-1.266260217230324,9.29049041987648e-06,7.938565592168041e-06,1.2352038938648754e-05,-4.240883496453486,7.999904444349712e-06,0.6771651006550496,1.4217164643766211,0.05730726725518267
financial_daily,GBPUSD=X,F2,sgd,classification,0,4000,0,-0.8854953438997919,0.0032348804873015818,0.0029892862543493405,0.003530400264025841,-2.2888534932166733,0.0029343045423064463,0.4960127591706539,1.4217164643766211,0.05730726725518267
financial_daily,GBPUSD=X,F2,sgd,classification,1,4000,0,-0.898396599582301,0.0031605920977973673,0.002909509379558201,0.0034513515849221286,-2.29480988408949,0.0028599370607658107,0.4944178628389155,1.4217164643766211,0.05730726725518267
financial_daily,GBPUSD=X,F2,sgd,classification,2,4000,0,-0.8362916499607543,0.003256165069771364,0.0030218223304974375,0.0035287995289755743,-2.2889587402831943,0.0029588437601339385,0.4960127591706539,1.4217164643766211,0.05730726725518267
financial_daily,GBPUSD=X,F2,sgd,classification,3,4000,0,-0.8677766038479597,0.0032475685859753266,0.0029857947825345306,0.0035268035530705093,-2.289143304542769,0.0029392925104035437,0.4944178628389155,1.4217164643766211,0.05730726725518267
financial_daily,GBPUSD=X,F2,adam,regression,0,55,1,-5.65963729410531,1.3527478723394091e-05,1.3954692607178368e-06,9.188106371660064e-05,-4.662411283848415,9.173070412086789e-06,0.6808640486900064,1.4217164643766211,0.05730726725518267
financial_daily,GBPUSD=X,F2,adam,regression,1,132,1,0.6225095281146902,2.948329472177126e-05,3.4625376559859605e-06,0.00012700408949778432,-4.57654196979041,3.3393971895073545e-05,0.6763965353374477,1.4217164643766211,0.05730726725518267
financial_daily,GBPUSD=X,F2,adam,regression,2,75,1,1.5875531280952249,1.9239628680022307e-05,4.9209346333607415e-06,8.815430719125436e-05,-4.669629439993207,1.017720411041547e-05,0.6826096071368514,1.4217164643766211,0.05730726725518267
financial_daily,GBPUSD=X,F2,adam,regression,3,60,1,2.0610489232034643,1.7856582828377536e-05,2.1356909835649817e-06,0.0001058425873643386,-4.723563207793441,7.99462671898108e-05,0.6763284001802938,1.4217164643766211,0.05730726725518267
financial_daily,GBPUSD=X,F2,adam,classification,0,2553,1,-2.2095010893937053,4.918744537576324e-05,4.1296786092644184e-05,6.233784472940171e-05,-3.6906511282440357,3.991466639361297e-05,0.4960127591706539,1.4217164643766211,0.05730726725518267
financial_daily,GBPUSD=X,F2,adam,classification,1,2265,1,-2.261890711353698,3.7136111483861596e-05,2.981584887441073e-05,4.741406815702099e-05,-3.7683308997290452,2.952065509891826e-05,0.4944178628389155,1.4217164643766211,0.05730726725518267
financial_daily,GBPUSD=X,F2,adam,classification,2,2380,1,-1.4156045327397173,5.5673669739161225e-05,5.02840855192685e-05,6.541333991359845e-05,-3.6844959218416746,4.657189416940965e-05,0.4944178628389155,1.4217164643766211,0.05730726725518267
financial_daily,GBPUSD=X,F2,adam,classification,3,2581,1,-1.9088737371269568,5.29423979648921e-05,4.2132189510128086e-05,6.444552194539275e-05,-3.6773688267727507,4.220310942303733e-05,0.4944178628389155,1.4217164643766211,0.05730726725518267
financial_daily,GBPUSD=X,F4,sgd,regression,0,2873,1,-3.8794051276004606,3.2025531004438654e-05,1.8335762968551757e-05,3.9147003862852004e-05,-3.8153923761310935,1.7063839251071076e-05,0.6793529847897235,1.4217164643766211,0.05730726725518267
financial_daily,GBPUSD=X,F4,sgd,regression,1,2326,1,-0.5775563903799975,3.0533581263799734e-05,2.5420370878827114e-05,4.2784189039285055e-05,-3.849685750632356,2.4131843876192716e-05,0.6785996170173835,1.4217164643766211,0.05730726725518267
financial_daily,GBPUSD=X,F4,sgd,regression,2,2124,1,-2.0013549803905155,2.1119685607722463e-05,1.6778424201115926e-05,2.711017948169498e-05,-3.926772875978512,1.2207563839583886e-05,0.6797125045487031,1.4217164643766211,0.05730726725518267
financial_daily,GBPUSD=X,F4,sgd,regression,3,2396,1,-3.4415064487035143,3.156495367244451e-05,1.792119587396093e-05,4.257036197981078e-05,-3.850288895945201,1.7931168402933307e-05,0.6786907662984988,1.4217164643766211,0.05730726725518267
financial_daily,GBPUSD=X,F4,sgd,classification,0,4000,0,-1.4007881159369742,0.0005197950895795878,0.00045901168449691135,0.0005988508027023051,-2.971605930692708,0.00044668935020113475,0.5055821371610846,1.4217164643766211,0.05730726725518267
financial_daily,GBPUSD=X,F4,sgd,classification,1,4000,0,-1.4217831942750454,0.00047445841129935523,0.000416054370813669,0.0005492102966445289,-2.993167240915622,0.00040894153536243127,0.507177033492823,1.4217164643766211,0.05730726725518267
financial_daily,GBPUSD=X,F4,sgd,classification,2,4000,0,-1.2205146920706755,0.0005261133452560314,0.00047389658597040676,0.0005933488108332967,-2.9734663573061595,0.0004566844279070083,0.5039872408293461,1.4217164643766211,0.05730726725518267
financial_daily,GBPUSD=X,F4,sgd,classification,3,4000,0,-1.312065044228371,0.000524589578242548,0.00045471256274195614,0.0005945096063630207,-2.9743092251182297,0.0004488269240798525,0.5055821371610846,1.4217164643766211,0.05730726725518267
financial_daily,GBPUSD=X,F4,adam,regression,0,233,1,-1.5264914391799813,7.206670135319736e-05,2.0501760723729333e-05,0.0002248146219666769,-4.039345071022368,4.361774984562705e-05,0.683695367043455,1.4217164643766211,0.05730726725518267
financial_daily,GBPUSD=X,F4,adam,regression,1,202,1,-0.2493109582230515,7.034337952935724e-05,1.4446631122958848e-05,0.00019984856859779962,-4.082325039095096,0.0001357520637078465,0.6763316150804433,1.4217164643766211,0.05730726725518267
financial_daily,GBPUSD=X,F4,adam,regression,2,97,1,-1.031191888384474,5.69206532475727e-05,2.246575594597457e-05,0.00018434114214484042,-4.102895646126158,3.20670528319529e-05,0.6842624438241772,1.4217164643766211,0.05730726725518267
financial_daily,GBPUSD=X,F4,adam,regression,3,143,1,3.6535422581448067,8.2697973623391e-05,2.1279824416451353e-05,0.00022480462309859578,-4.089701033236451,6.575830862030721e-05,0.6760165929282377,1.4217164643766211,0.05730726725518267
financial_daily,GBPUSD=X,F4,adam,classification,0,1254,1,-4.80972075780237,6.673704198083393e-06,3.439228974213931e-06,9.701221701432107e-06,-4.552674382494939,7.262039644161544e-06,0.5135566188197768,1.4217164643766211,0.05730726725518267
financial_daily,GBPUSD=X,F4,adam,classification,1,1309,1,2.3821420012600067,1.2785173747157145e-05,5.162290053381109e-06,2.657054636969544e-05,-4.507056986811507,1.0687177413048663e-05,0.5119617224880383,1.4217164643766211,0.05730726725518267
financial_daily,GBPUSD=X,F4,adam,classification,2,1154,1,-1.9440710460716202,1.0438743292863918e-05,5.740917968531081e-06,2.0558338450049232e-05,-4.58883151244681,3.3643637476238624e-06,0.5215311004784688,1.4217164643766211,0.05730726725518267
financial_daily,GBPUSD=X,F4,adam,classification,3,936,1,-4.097550359581246,8.129119949818486e-06,2.7611053277882256e-06,1.2352025630194184e-05,-4.609403313903356,3.906960542787592e-06,0.507177033492823,1.4217164643766211,0.05730726725518267
financial_daily,GBPUSD=X,F7,sgd,regression,0,4000,0,-2.641971219806046,2.5076217336276826e-05,2.0281025393778488e-05,3.3347089151214254e-05,-4.088613010372778,1.970984092488025e-05,0.6668586240611609,1.4217164643766211,0.05730726725518267
financial_daily,GBPUSD=X,F7,sgd,regression,1,4000,0,-1.9953402209951052,1.579982297592233e-05,1.422393707220269e-05,2.0613720717818908e-05,-4.209184909190922,1.4566144619806626e-05,0.6668020130984514,1.4217164643766211,0.05730726725518267
financial_daily,GBPUSD=X,F7,sgd,regression,2,4000,0,-1.4486110709448043,2.862066317731298e-05,2.565351140446438e-05,3.434733331848882e-05,-4.095754647766992,2.2943711540016215e-05,0.666850103172854,1.4217164643766211,0.05730726725518267
financial_daily,GBPUSD=X,F7,sgd,regression,3,4000,0,-2.0691385042434614,2.6613228255691215e-05,1.9755003713250508e-05,3.3174365053411665e-05,-4.102075333412864,2.035610912765448e-05,0.6668607847287131,1.4217164643766211,0.05730726725518267
financial_daily,GBPUSD=X,F7,sgd,classification,0,4000,0,-0.408331516014534,0.0015250319313342125,0.0014702584557290612,0.0015888312660644803,-2.7291800071849113,0.0014576885285251043,0.4098883572567783,1.4217164643766211,0.05730726725518267
financial_daily,GBPUSD=X,F7,sgd,classification,1,4000,0,-0.41728927105224983,0.0014975324629249308,0.0014398856139443352,0.0015612223019809822,-2.733819913914718,0.0014289898456115297,0.4098883572567783,1.4217164643766211,0.05730726725518267
financial_daily,GBPUSD=X,F7,sgd,classification,2,4000,0,-0.37536591635417893,0.0015314356379858025,0.0014808966793373633,0.0015886447320113102,-2.7292124272613774,0.001465945920879724,0.4098883572567783,1.4217164643766211,0.05730726725518267
financial_daily,GBPUSD=X,F7,sgd,classification,3,4000,0,-0.3948538127850732,0.001528248934290921,0.0014685785154908832,0.0015871762939588347,-2.7295675833617907,0.0014588318882519198,0.4098883572567783,1.4217164643766211,0.05730726725518267
financial_daily,GBPUSD=X,F7,adam,regression,0,759,1,-4.054937443031863,6.609818299959345e-06,1.6024310801933285e-06,3.247768696752652e-05,-4.922896703983612,1.134582359737393e-05,0.6659818263838615,1.4217164643766211,0.05730726725518267
financial_daily,GBPUSD=X,F7,adam,regression,1,1297,1,1.0860831450300323,1.4715817894954072e-05,2.101838400881306e-06,8.440359738028776e-05,-4.7475379877347805,6.45569186108575e-06,0.6665229707026252,1.4217164643766211,0.05730726725518267
financial_daily,GBPUSD=X,F7,adam,regression,2,684,1,0.6515528179782122,1.2515120241085568e-05,4.3114339059855554e-06,4.220611971363518e-05,-4.935274740471892,1.0102860906478682e-05,0.6660102913959196,1.4217164643766211,0.05730726725518267
financial_daily,GBPUSD=X,F7,adam,regression,3,463,1,0.7124796561844453,1.0759927973988548e-05,1.8351123120738498e-06,2.8927749158562516e-05,-4.918465703965006,2.508464834627308e-05,0.6663337524177818,1.4217164643766211,0.05730726725518267
financial_daily,GBPUSD=X,F7,adam,classification,0,4000,0,-1.6253012271113885,0.0001043358143331766,9.156172647602909e-05,0.00012393969780511574,-3.55631182276699,8.89209735304636e-05,0.4082934609250399,1.4217164643766211,0.05730726725518267
financial_daily,GBPUSD=X,F7,adam,classification,1,4000,0,-1.6805958561220644,8.806793551390635e-05,7.490868768312511e-05,0.00010504047900668195,-3.604466989164944,7.349032276654198e-05,0.4082934609250399,1.4217164643766211,0.05730726725518267
financial_daily,GBPUSD=X,F7,adam,classification,2,4000,0,-1.1828195588902166,0.00011184738032089049,0.00010173740746057806,0.00012677371825099587,-3.5551513014756977,9.688137132839927e-05,0.4082934609250399,1.4217164643766211,0.05730726725518267
financial_daily,GBPUSD=X,F7,adam,classification,3,4000,0,-1.4617601511329077,0.00010885696356350576,9.194690611203621e-05,0.00012617689544509742,-3.551505354528857,9.180758869711536e-05,0.4082934609250399,1.4217164643766211,0.05730726725518267
financial_daily,GBPUSD=X,F10,sgd,regression,0,2063,1,-3.3711967422841465,5.660711489342245e-06,5.098098826600541e-06,8.695405018454424e-06,-4.257449646613508,5.020350910051652e-06,0.6780786849739201,1.4217164643766211,0.05730726725518267
financial_daily,GBPUSD=X,F10,sgd,regression,1,1628,1,2.1772763896520835,6.853715382460483e-06,4.724376264053771e-06,1.0256120055753736e-05,-4.405903431703339,7.0029312355206434e-06,0.6785678852420506,1.4217164643766211,0.05730726725518267
financial_daily,GBPUSD=X,F10,sgd,regression,2,1951,1,-1.1252684366934684,1.0786308987129453e-05,8.731022979024243e-06,1.3697509932460814e-05,-4.243516919525621,7.147478655179611e-06,0.6777997054054119,1.4217164643766211,0.05730726725518267
financial_daily,GBPUSD=X,F10,sgd,regression,3,1914,1,-2.4227158047076878,6.307323250861573e-06,4.738943145488787e-06,1.0041200382001147e-05,-4.263171392431323,5.202028022793041e-06,0.6779949379781814,1.4217164643766211,0.05730726725518267
financial_daily,GBPUSD=X,F10,sgd,classification,0,4000,0,-0.8052542325394161,0.0031903699808069215,0.002968188319087074,0.0034547275465261935,-2.3171611023776806,0.002918125328568522,0.43859649122807015,1.4217164643766211,0.05730726725518267
financial_daily,GBPUSD=X,F10,sgd,classification,1,4000,0,-0.8179454872090599,0.003121341498576898,0.002893607952904973,0.003382035015942816,-2.3227178878221957,0.002848351927096428,0.43859649122807015,1.4217164643766211,0.05730726725518267
financial_daily,GBPUSD=X,F10,sgd,classification,2,4000,0,-0.759851993606486,0.003209403780156752,0.0029977203695745643,0.0034529322098089824,-2.31728125290157,0.0029404263707449056,0.4370015948963317,1.4217164643766211,0.05730726725518267
financial_daily,GBPUSD=X,F10,sgd,classification,3,4000,0,-0.789058290228406,0.003201742474496159,0.0029648867940641854,0.0034513847170292117,-2.3174377324717743,0.0029225889083951567,0.4370015948963317,1.4217164643766211,0.05730726725518267
financial_daily,GBPUSD=X,F10,adam,regression,0,108,1,-6.209948206140426,9.995413189819209e-06,1.258838083616612e-06,7.707776898881643e-05,-4.768264192936005,2.261631888616741e-06,0.6817144963055168,1.4217164643766211,0.05730726725518267
financial_daily,GBPUSD=X,F10,adam,regression,1,133,1,1.3270789791085125,2.5223129139690897e-05,2.121839555248126e-06,0.00011504801503039888,-4.689896004778046,2.3464941932721736e-05,0.6782565441313743,1.4217164643766211,0.05730726725518267
financial_daily,GBPUSD=X,F10,adam,regression,2,85,1,2.3585500997437747,1.555899746904593e-05,2.0636692807221373e-06,7.57366013923487e-05,-4.801445287740811,1.0373540535995528e-05,0.6821926876596711,1.4217164643766211,0.05730726725518267
financial_daily,GBPUSD=X,F10,adam,regression,3,76,1,1.9585390406483707,1.6047567591990312e-05,1.6252299539701916e-06,8.788186395843058e-05,-4.831934229766076,7.496381487586536e-05,0.6776912090119227,1.4217164643766211,0.05730726725518267
financial_daily,GBPUSD=X,F10,adam,classification,0,3315,1,-1.9179951619550912,6.917611708070422e-05,5.956680678825411e-05,8.495823704405532e-05,-3.601515471903957,5.76684699514087e-05,0.4354066985645933,1.4217164643766211,0.05730726725518267
financial_daily,GBPUSD=X,F10,adam,classification,1,2891,1,-1.9770865601755072,5.5962713522489374e-05,4.6246941038389354e-05,6.907224433897117e-05,-3.6628158993696163,4.5396908004256355e-05,0.4370015948963317,1.4217164643766211,0.05730726725518267
financial_daily,GBPUSD=X,F10,adam,classification,2,3383,1,-1.3187701919931338,7.657139075624371e-05,6.923216947888521e-05,8.838652900479038e-05,-3.5963434336748086,6.512549448435677e-05,0.4370015948963317,1.4217164643766211,0.05730726725518267
financial_daily,GBPUSD=X,F10,adam,classification,3,3341,1,-1.7005008808318796,7.36700942276863e-05,6.051364361284702e-05,8.776474783666156e-05,-3.5888677695577855,6.0464748098955866e-05,0.4370015948963317,1.4217164643766211,0.05730726725518267
financial_daily,GBPUSD=X,F11,sgd,regression,0,488,1,-0.48541372356829154,3.3259903455479206e-05,7.154547102897468e-06,0.00010326148031057117,-3.93429670546892,4.6036343026239864e-05,0.7318397847750466,1.4217164643766211,0.05730726725518267
financial_daily,GBPUSD=X,F11,sgd,regression,1,484,1,1.768546376969123,3.490979004897954e-05,9.199666408163423e-06,0.00010644085230675807,-4.001877664957494,5.766304872724801e-05,0.7292318457530753,1.4217164643766211,0.05730726725518267
financial_daily,GBPUSD=X,F11,sgd,regression,2,486,1,-2.5200443631869525,3.984540453083275e-05,1.5519471030400304e-05,7.043972254297244e-05,-4.002638781754561,1.8146923567332745e-05,0.7316465834595945,1.4217164643766211,0.05730726725518267
financial_daily,GBPUSD=X,F11,sgd,regression,3,475,1,3.008403193273043,3.734304941826403e-05,1.3833093128037025e-05,0.00011092938639884515,-4.0103337776678325,1.4798852331049844e-05,0.7298323062807356,1.4217164643766211,0.05730726725518267
financial_daily,GBPUSD=X,F11,sgd,classification,0,4000,0,-2.382879144195716,0.0002506205937661772,0.00019436902574370058,0.0003076912037864701,-3.053930523016172,0.00018705881095270262,0.5247208931419458,1.4217164643766211,0.05730726725518267
financial_daily,GBPUSD=X,F11,sgd,classification,1,4000,0,-2.0525010669377615,0.000231810282025309,0.00019755376936531408,0.0002732722104775887,-3.0685576254396674,0.0001873428742744068,0.518341307814992,1.4217164643766211,0.05730726725518267
financial_daily,GBPUSD=X,F11,sgd,classification,2,4000,0,-1.7453377943271235,0.00023217382227533448,0.00019483756997931844,0.00026787441574108325,-3.0864323206255877,0.0001805466141287004,0.5263157894736842,1.4217164643766211,0.05730726725518267
financial_daily,GBPUSD=X,F11,sgd,classification,3,4000,0,-2.379874718488125,0.00024733659359155353,0.0001853382224565289,0.00030245006391545177,-3.0619081419005534,0.0001839307943716914,0.5263157894736842,1.4217164643766211,0.05730726725518267
financial_daily,GBPUSD=X,F11,adam,regression,0,94,1,-1.0814856078607151,0.000661295500858966,0.0002169629038389145,0.0018260168571494918,-3.1588218624052606,0.0006341900691402324,0.7283109514194108,1.4217164643766211,0.05730726725518267
financial_daily,GBPUSD=X,F11,adam,regression,1,87,1,-0.54726203211565,0.0005662815292160259,0.00019457102979515914,0.001487750467553677,-3.193837352156411,0.0007218788454200491,0.7254704049405896,1.4217164643766211,0.05730726725518267
financial_daily,GBPUSD=X,F11,adam,regression,2,82,1,-0.42481416672265826,0.0006051700105377002,0.00019933977826444254,0.001786935570557222,-3.169235239497051,0.0009449269585952052,0.736886724515745,1.4217164643766211,0.05730726725518267
financial_daily,GBPUSD=X,F11,adam,regression,3,90,1,1.383295083920635,0.0006318908867745054,0.00023345897556285074,0.0013073943646310917,-3.182033619161603,8.502281866644236e-05,0.7278451477965436,1.4217164643766211,0.05730726725518267
financial_daily,GBPUSD=X,F11,adam,classification,0,413,1,-1.5421513050153888,5.6860215812283416e-05,1.8916357064476453e-05,0.0001632872899570803,-4.037651628606467,3.976053453551585e-05,0.5199362041467305,1.4217164643766211,0.05730726725518267
financial_daily,GBPUSD=X,F11,adam,classification,1,507,1,0.6584866208853378,6.011656993306485e-05,1.4630985947927007e-05,0.0001443801923700656,-4.1089964683459534,6.572412133662697e-05,0.518341307814992,1.4217164643766211,0.05730726725518267
financial_daily,GBPUSD=X,F11,adam,classification,2,474,1,-1.6507481811157434,5.7041321980083666e-05,1.9277175807393497e-05,0.00012790709560277555,-4.1019221612215135,2.7808551658422623e-05,0.507177033492823,1.4217164643766211,0.05730726725518267
financial_daily,GBPUSD=X,F11,adam,classification,3,380,1,1.8327755744729002,6.422563775603703e-05,2.358062255264045e-05,0.00014796349331161384,-4.11025611692547,5.7435884688920715e-05,0.5263157894736842,1.4217164643766211,0.05730726725518267
financial_daily,GBPUSD=X,FA,sgd,regression,0,1250,1,-2.7562333379103565,1.2415117385806833e-05,8.718418202753184e-06,2.0345455715222888e-05,-3.970387403037859,1.8219843618648327e-05,0.6915128805998502,1.4217164643766211,0.05730726725518267
financial_daily,GBPUSD=X,FA,sgd,regression,1,1254,1,0.48157669900199934,1.4761507880356323e-05,7.71717393534302e-06,4.497348882463711e-05,-3.9609869223091483,1.0208554785287271e-05,0.690604998155762,1.4217164643766211,0.05730726725518267
financial_daily,GBPUSD=X,FA,sgd,regression,2,1112,1,-1.2457885932221378,1.3202812965674817e-05,6.6891939987543894e-06,2.4538655435474024e-05,-4.142038000739483,3.6855911145446075e-06,0.6924685801743422,1.4217164643766211,0.05730726725518267
financial_daily,GBPUSD=X,FA,sgd,regression,3,1179,1,-2.203686854050881,1.7207094629915286e-05,1.0169792662234263e-05,2.27495961047187e-05,-3.998181952288357,7.84830511474926e-06,0.6910070999323175,1.4217164643766211,0.05730726725518267
financial_daily,GBPUSD=X,FA,sgd,classification,0,4000,0,-1.6631449080895198,0.0005474203839857816,0.00046669545971718434,0.0006397709246001237,-2.863557390067853,0.00045222157483518845,0.4960127591706539,1.4217164643766211,0.05730726725518267
financial_daily,GBPUSD=X,FA,sgd,classification,1,4000,0,-1.5338674647263328,0.0004939962543172504,0.00043443814533349046,0.0005748061969710004,-2.887733795862473,0.0004279033069810641,0.48963317384370014,1.4217164643766211,0.05730726725518267
financial_daily,GBPUSD=X,FA,sgd,classification,2,4000,0,-1.4727547906802043,0.0005288231970360711,0.0004655148550338584,0.000607008513524657,-2.8742661684191186,0.00044623655226858696,0.4944178628389155,1.4217164643766211,0.05730726725518267
financial_daily,GBPUSD=X,FA,sgd,classification,3,4000,0,-1.5281795848376094,0.0005478946680858755,0.00046073318935173715,0.0006301089633319851,-2.869998325342146,0.00045523113092215534,0.49282296650717705,1.4217164643766211,0.05730726725518267
financial_daily,GBPUSD=X,FA,adam,regression,0,170,1,-1.3992992772436366,0.00017066479692073682,5.651556684594453e-05,0.0005202289577928619,-3.670857430443663,0.00012331506864731118,0.6944914687201182,1.4217164643766211,0.05730726725518267
financial_daily,GBPUSD=X,FA,adam,regression,1,192,1,-0.3630987841902957,0.00014025535716539485,4.201230182755158e-05,0.0004018341968524921,-3.7488022284622535,0.00021439058650837028,0.689026335482073,1.4217164643766211,0.05730726725518267
financial_daily,GBPUSD=X,FA,adam,regression,2,81,1,-0.67012905878818,0.00015827673828574623,6.780173542909509e-05,0.00037941272949409564,-3.718544003864332,0.00016894403401561606,0.6989015260068195,1.4217164643766211,0.05730726725518267
financial_daily,GBPUSD=X,FA,adam,regression,3,120,1,2.9931201742946127,0.00019275826972537519,6.472199318749238e-05,0.00045054016548679655,-3.731830334979895,0.00020840517760308493,0.6865532963617881,1.4217164643766211,0.05730726725518267
financial_daily,GBPUSD=X,FA,adam,classification,0,860,1,-2.583047780802342,9.059453770255441e-06,4.0530118275366816e-06,3.601302538649283e-05,-4.444507800394024,2.935265948772977e-05,0.5135566188197768,1.4217164643766211,0.05730726725518267
financial_daily,GBPUSD=X,FA,adam,classification,1,877,1,3.417216342738373,1.3397997207350252e-05,4.332362826934005e-06,6.986531540468136e-05,-4.420559803374223,9.84917858636846e-06,0.5023923444976076,1.4217164643766211,0.05730726725518267
financial_daily,GBPUSD=X,FA,adam,classification,2,715,1,-2.0549285323463966,1.744633833724736e-05,7.783428763321627e-06,4.172284283182998e-05,-4.474974596781729,6.197325215686527e-06,0.5023923444976076,1.4217164643766211,0.05730726725518267
financial_daily,GBPUSD=X,FA,adam,classification,3,651,1,0.8624349277973289,1.572971926757879e-05,7.991095679415242e-06,2.3815831343150904e-05,-4.536886142001466,8.765792537298148e-06,0.5103668261562998,1.4217164643766211,0.05730726725518267
financial_daily,GLD,F0,sgd,regression,0,230,1,-0.7722247804801868,0.0001029246738896548,2.1135687473072983e-05,0.00021266160537545303,-3.982471257155293,5.981821176359371e-05,1.3557377935484922,1.438964061295224,0.05776114753232391
financial_daily,GLD,F0,sgd,regression,1,198,1,0.41892548405473967,7.103372100471074e-05,2.404802678731203e-05,0.0001825241729754645,-4.03409769911995,0.00011479857790133217,1.354613539139517,1.438964061295224,0.05776114753232391
financial_daily,GLD,F0,sgd,regression,2,163,1,-1.2372220238402956,9.072338262978045e-05,4.1690771632520794e-05,0.00016868377368228324,-4.004025028689864,7.897761321648486e-05,1.356077411647715,1.438964061295224,0.05776114753232391
financial_daily,GLD,F0,sgd,regression,3,140,1,2.3152912220898267,9.18592929562586e-05,3.4490672697743026e-05,0.00022941612469728315,-4.009076356250113,0.00010128877938400916,1.3546630383195684,1.438964061295224,0.05776114753232391
financial_daily,GLD,F0,sgd,classification,0,1228,1,-2.0323551697935143,5.004165612729707e-06,1.8825415467519488e-06,1.7566190105787318e-05,-4.702896489909424,1.5880293644073525e-05,0.4784688995215311,1.438964061295224,0.05776114753232391
financial_daily,GLD,F0,sgd,classification,1,818,1,1.7515683224324614,1.3306896190445282e-05,5.5366502426880826e-06,2.021296893525561e-05,-4.633873414527594,1.2300959159529171e-05,0.49760765550239233,1.438964061295224,0.05776114753232391
financial_daily,GLD,F0,sgd,classification,2,1233,1,-1.881920177372207,1.4392335063683718e-05,1.0539383990768051e-05,1.8522851403319943e-05,-4.609885918549224,1.353436777850259e-05,0.4784688995215311,1.438964061295224,0.05776114753232391
financial_daily,GLD,F0,sgd,classification,3,1467,1,1.809542594486416,9.840567070232992e-06,5.416047142171438e-06,2.48901514246565e-05,-4.696137354602117,3.3029448450778954e-06,0.48165869218500795,1.438964061295224,0.05776114753232391
financial_daily,GLD,F0,adam,regression,0,1638,1,0.0327791867363133,0.0018625763541647179,0.0005906134766957064,0.0037052572779582133,-2.7952965457917816,0.0010166104225641224,1.356541849489154,1.438964061295224,0.05776114753232391
financial_daily,GLD,F0,adam,regression,1,4000,0,-0.307375894175557,0.0016249564930165099,0.0006602909045083298,0.0034499592948735993,-2.794586520084535,0.0015276352806157423,1.3545262657702348,1.438964061295224,0.05776114753232391
financial_daily,GLD,F0,adam,regression,2,4000,0,0.189462904038586,0.0017974559165993475,0.0007100566870175742,0.003896037644306351,-2.788464130200151,0.001216178183068552,1.3562936209298615,1.438964061295224,0.05776114753232391
financial_daily,GLD,F0,adam,regression,3,336,1,0.6774873252215989,0.0015791489365666353,0.0006316812099407975,0.0034696851917628883,-2.7877678890173385,0.0001726456576651518,1.354055551022771,1.438964061295224,0.05776114753232391
financial_daily,GLD,F0,adam,classification,0,366,1,-1.133675410599404,0.00021474701760545558,7.288308435097304e-05,0.0005719412919227807,-3.639380275661975,5.885136639573485e-05,0.4768740031897927,1.438964061295224,0.05776114753232391
financial_daily,GLD,F0,adam,classification,1,4000,0,0.6098818329397269,0.00018653923906913298,7.573060150704083e-05,0.00039117055652453336,-3.688210649897359,0.00013848990445400808,0.518341307814992,1.438964061295224,0.05776114753232391
financial_daily,GLD,F0,adam,classification,2,2554,1,-0.34793123824497285,0.0002267740675330341,0.0001096024856285143,0.00044241704668483586,-3.6681690098787256,0.00022810565390230607,0.4704944178628389,1.438964061295224,0.05776114753232391
financial_daily,GLD,F0,adam,classification,3,4000,0,1.6320113973955075,0.00020892079660096236,8.811036158084154e-05,0.00047058214915790764,-3.670889524645902,0.00028399480378122857,0.5247208931419458,1.438964061295224,0.05776114753232391
financial_daily,GLD,F1,sgd,regression,0,690,1,-2.869041054611105,6.201378849239421e-05,4.000136224969886e-05,7.315617100451793e-05,-3.675412073907498,3.6299301165960754e-05,1.432773848494863,1.438964061295224,0.05776114753232391
financial_daily,GLD,F1,sgd,regression,1,731,1,-0.45088933255036373,5.210787898175726e-05,4.505520571558806e-05,8.009162855674534e-05,-3.699338090704758,3.970020048527075e-05,1.4331766232699639,1.438964061295224,0.05776114753232391
financial_daily,GLD,F1,sgd,regression,2,583,1,-2.621843153783987,4.439702364018569e-05,3.217472188537308e-05,6.263758181350871e-05,-3.733546287476367,2.888272919156827e-05,1.4341772003046007,1.438964061295224,0.05776114753232391
financial_daily,GLD,F1,sgd,regression,3,625,1,-2.047866432565327,5.786892047654198e-05,4.3096697892590894e-05,7.15260046752679e-05,-3.710730720922558,4.006697640769105e-05,1.432292265135674,1.438964061295224,0.05776114753232391
financial_daily,GLD,F1,sgd,classification,0,4000,0,-1.5114298262221508,0.0018564879942416608,0.0016336544428761498,0.0021556962326155327,-2.3130445941646895,0.0015869839196370375,0.44657097288676234,1.438964061295224,0.05776114753232391
financial_daily,GLD,F1,sgd,classification,1,4000,0,-1.5242032968234664,0.0017760314129101843,0.0015531204816514631,0.0020641391902837575,-2.324670021816487,0.001515567027977991,0.44657097288676234,1.438964061295224,0.05776114753232391
financial_daily,GLD,F1,sgd,classification,2,4000,0,-1.405206273306116,0.0018818629261697617,0.0016717965616295204,0.002153975834940242,-2.3132771714914195,0.0016146666580741087,0.4481658692185008,1.438964061295224,0.05776114753232391
financial_daily,GLD,F1,sgd,classification,3,4000,0,-1.467843532157263,0.001872190298301365,0.0016280137789583332,0.002150532022684777,-2.313664722647408,0.001592962199870219,0.44657097288676234,1.438964061295224,0.05776114753232391
financial_daily,GLD,F1,adam,regression,0,86,1,-3.063428088408348,5.788238199558021e-05,5.890986972294215e-06,0.00031777314663873347,-4.046603892634405,0.0001363562188722266,1.4491529830559526,1.438964061295224,0.05776114753232391
financial_daily,GLD,F1,adam,regression,1,121,1,0.1138577648307369,5.81549986136175e-05,1.0202467261773261e-05,0.0003371408389298891,-4.105671353282313,0.00019364539260296914,1.4302677927733078,1.438964061295224,0.05776114753232391
financial_daily,GLD,F1,adam,regression,2,55,1,-0.6742532993204464,5.246876920130377e-05,1.4862938251446594e-05,0.00027135003609635454,-4.085750224478055,3.1099475432395216e-05,1.44374685605546,1.438964061295224,0.05776114753232391
financial_daily,GLD,F1,adam,regression,3,92,1,5.119831364818255,8.078007273332156e-05,1.375282049920542e-05,0.00034595617470912756,-4.120668621786639,1.1519135817024749e-05,1.441970959326022,1.438964061295224,0.05776114753232391
financial_daily,GLD,F1,adam,classification,0,1141,1,-2.6131391788406524,5.329488148435904e-05,3.7547413541499254e-05,6.340364247373285e-05,-3.7637188094635885,3.5432510280451976e-05,0.45454545454545453,1.438964061295224,0.05776114753232391
financial_daily,GLD,F1,adam,classification,1,1067,1,-0.7700904032810658,4.35795527176306e-05,4.0124754015883724e-05,4.69015283513241e-05,-3.8183152552591846,4.132365380695014e-05,0.4513556618819777,1.438964061295224,0.05776114753232391
financial_daily,GLD,F1,adam,classification,2,1108,1,-1.7637397734625815,4.612975863157602e-05,3.9953683650130655e-05,5.7271929866195186e-05,-3.789107034283137,3.453269540876735e-05,0.45454545454545453,1.438964061295224,0.05776114753232391
financial_daily,GLD,F1,adam,classification,3,885,1,-1.9772342096402786,5.302643135618516e-05,3.864842997274821e-05,6.264535631899327e-05,-3.7846189270371804,3.913899185800125e-05,0.45454545454545453,1.438964061295224,0.05776114753232391
financial_daily,GLD,F2,sgd,regression,0,2466,1,-2.8342821147460344,8.347927507253808e-06,7.382077639217078e-06,1.1563355768931524e-05,-4.208596609720318,7.173933252841637e-06,1.3710881598018931,1.438964061295224,0.05776114753232391
financial_daily,GLD,F2,sgd,regression,1,1696,1,1.4763980127148235,8.813008478563883e-06,6.770716398244792e-06,1.2071030449882794e-05,-4.347764233685845,9.026125597923483e-06,1.372357937621944,1.438964061295224,0.05776114753232391
financial_daily,GLD,F2,sgd,regression,2,2098,1,-1.1475919687473894,1.2618794840992974e-05,1.0593329401201955e-05,1.573797608687482e-05,-4.209728128538334,8.885572841934819e-06,1.3706554457870983,1.438964061295224,0.05776114753232391
financial_daily,GLD,F2,sgd,regression,3,2376,1,-1.9914530905155396,8.795551113549564e-06,6.796890044931072e-06,1.2561500780833265e-05,-4.220401946939144,7.294819853620739e-06,1.3708872414352273,1.438964061295224,0.05776114753232391
financial_daily,GLD,F2,sgd,classification,0,4000,0,-0.806343617757796,0.0032835935407486095,0.003053772330954848,0.0035560221781260706,-2.305920518482788,0.003001862494510117,0.42902711323763953,1.438964061295224,0.05776114753232391
financial_daily,GLD,F2,sgd,classification,1,4000,0,-0.8196438972851311,0.003213024384897267,0.002977275089349293,0.0034819476136469653,-2.31139800856935,0.002930247051582449,0.42902711323763953,1.438964061295224,0.05776114753232391
financial_daily,GLD,F2,sgd,classification,2,4000,0,-0.7615990151725021,0.003303008674468197,0.0030839764127070196,0.0035543920680021963,-2.3060057763387607,0.003024677538110748,0.42902711323763953,1.438964061295224,0.05776114753232391
financial_daily,GLD,F2,sgd,classification,3,4000,0,-0.7902056817187626,0.003295087797055942,0.0030503823685435892,0.0035524826819987826,-2.3062033479305857,0.0030063550380557934,0.42902711323763953,1.438964061295224,0.05776114753232391
financial_daily,GLD,F2,adam,regression,0,248,1,-6.151322943590066,9.716541521020696e-06,1.171835315688765e-06,7.857886541736744e-05,-4.745684083028036,5.672314399555041e-06,1.3825577800474325,1.438964061295224,0.05776114753232391
financial_daily,GLD,F2,adam,regression,1,135,1,0.4930982627237207,2.6065300328017106e-05,3.1303462414339293e-06,0.00011383436395186827,-4.628299177921413,2.328750926734934e-05,1.3711421985514456,1.438964061295224,0.05776114753232391
financial_daily,GLD,F2,adam,regression,2,87,1,1.7139260858232024,1.7803371382888762e-05,4.3527905868507984e-06,7.755057263315361e-05,-4.7334380351977,1.2145885463335444e-05,1.3855360993136034,1.438964061295224,0.05776114753232391
financial_daily,GLD,F2,adam,regression,3,90,1,1.7724735999367764,1.617687150009575e-05,2.1107359493132563e-06,8.519566402649445e-05,-4.779976825876927,7.197399476109755e-05,1.3716347600628382,1.438964061295224,0.05776114753232391
financial_daily,GLD,F2,adam,classification,0,2873,1,-2.197314494566559,5.092703586378787e-05,4.2900897964375206e-05,6.451606337565216e-05,-3.674256809847974,4.151530850523347e-05,0.4258373205741627,1.438964061295224,0.05776114753232391
financial_daily,GLD,F2,adam,classification,1,2472,1,-2.2398449619907703,3.88804986052899e-05,3.133247320090446e-05,4.954735598176564e-05,-3.749978470775344,3.102233041988347e-05,0.4274322169059011,1.438964061295224,0.05776114753232391
financial_daily,GLD,F2,adam,classification,2,2657,1,-1.4097326772187142,5.782977313286206e-05,5.22341714815088e-05,6.785952197659655e-05,-3.667726582472226,4.8408115490652694e-05,0.4258373205741627,1.438964061295224,0.05776114753232391
financial_daily,GLD,F2,adam,classification,3,2740,1,-1.9083821787993818,5.486948160704803e-05,4.379147292153603e-05,6.682349128062808e-05,-3.6606859595050523,4.386668803227166e-05,0.4258373205741627,1.438964061295224,0.05776114753232391
financial_daily,GLD,F4,sgd,regression,0,3037,1,-3.1457118914861604,3.522491121333e-05,2.1505289739224805e-05,4.265718757628293e-05,-3.8712585217366815,2.013233989774374e-05,1.3934583746680411,1.438964061295224,0.05776114753232391
financial_daily,GLD,F4,sgd,regression,1,2552,1,-0.6034497008888087,3.2817926200560916e-05,2.8736857036111137e-05,4.0464269552632796e-05,-3.909888354621655,2.762760371117221e-05,1.3940653766304796,1.438964061295224,0.05776114753232391
financial_daily,GLD,F4,sgd,regression,2,2434,1,-1.8588821208642483,2.5734486514687482e-05,2.0660868378429394e-05,3.13209110888475e-05,-3.9549278807547363,1.6805993054249654e-05,1.3949869707927445,1.438964061295224,0.05776114753232391
financial_daily,GLD,F4,sgd,regression,3,2856,1,-2.773972365662127,3.44957983670265e-05,2.1674346627431727e-05,4.381876778452021e-05,-3.8961822829070174,2.1704485705942657e-05,1.3932098418203487,1.438964061295224,0.05776114753232391
financial_daily,GLD,F4,sgd,classification,0,4000,0,-0.9528318180802853,0.0011826993018903423,0.0010884225823067602,0.0013008149954359166,-2.6957848490730383,0.0010681670825039972,0.507177033492823,1.438964061295224,0.05776114753232391
financial_daily,GLD,F4,sgd,classification,1,4000,0,-0.9613902237815642,0.0011343881514028114,0.0010393429485404508,0.001248733934212016,-2.7067403019033147,0.0010233083900013178,0.5055821371610846,1.438964061295224,0.05776114753232391
financial_daily,GLD,F4,sgd,classification,2,4000,0,-0.867553031698845,0.0011926905999969594,0.0011066188102838977,0.001297546334026064,-2.6964135272450913,0.0010814654714606721,0.5087719298245614,1.438964061295224,0.05776114753232391
financial_daily,GLD,F4,sgd,classification,3,4000,0,-0.9153723828579603,0.001189402019470685,0.0010853233580992235,0.0012975972563400615,-2.6968007486025543,0.0010710771779115415,0.5055821371610846,1.438964061295224,0.05776114753232391
financial_daily,GLD,F4,adam,regression,0,242,1,-1.9841194575437844,4.662573074566294e-05,1.0811390426018374e-05,0.00017253265413037723,-4.195016975746798,6.0349902312793155e-05,1.4193029205673857,1.438964061295224,0.05776114753232391
financial_daily,GLD,F4,adam,regression,1,208,1,0.515702031781824,5.114034340725894e-05,1.0310694839405781e-05,0.00016086640497624293,-4.216097784174973,9.729191144062912e-05,1.3998604235030416,1.438964061295224,0.05776114753232391
financial_daily,GLD,F4,adam,regression,2,100,1,-1.3745320051017096,4.169433972788132e-05,1.6976625295627273e-05,0.00013248210392441688,-4.229680278626347,1.853489389048405e-05,1.415087461987696,1.438964061295224,0.05776114753232391
financial_daily,GLD,F4,adam,regression,3,141,1,4.49538738011775,6.0370415061559226e-05,1.6517554309978514e-05,0.00017841114114692903,-4.240045377016726,6.679620192807536e-05,1.4020293139128648,1.438964061295224,0.05776114753232391
financial_daily,GLD,F4,adam,classification,0,3004,1,-2.397264773858849,3.0379257832409796e-05,2.251167296188124e-05,3.637933657729635e-05,-4.027670630269385,2.1335838702901005e-05,0.529505582137161,1.438964061295224,0.05776114753232391
financial_daily,GLD,F4,adam,classification,1,2353,1,-0.840527026029997,2.516114741117805e-05,2.4479952197417364e-05,2.7144928961406795e-05,-4.098379080746268,2.4278950639503166e-05,0.5231259968102073,1.438964061295224,0.05776114753232391
financial_daily,GLD,F4,adam,classification,2,2389,1,-1.0879074454774977,2.9554771097216862e-05,2.7098370434984184e-05,3.364059714888723e-05,-4.054632109146123,2.388487172643367e-05,0.5279106858054227,1.438964061295224,0.05776114753232391
financial_daily,GLD,F4,adam,classification,3,2801,1,-1.9222517777705954,3.16374685759024e-05,2.253992818121312e-05,3.731543707892202e-05,-4.029317759459634,2.3609421286771463e-05,0.5263157894736842,1.438964061295224,0.05776114753232391
financial_daily,GLD,F7,sgd,regression,0,4000,0,-3.196889343580534,4.9488022898511955e-05,3.142126015508755e-05,6.0961365292853374e-05,-3.7497495640301803,2.9541749934260156e-05,1.3762075550560557,1.438964061295224,0.05776114753232391
financial_daily,GLD,F7,sgd,regression,1,4000,0,-0.9867428705494716,4.176853860904801e-05,3.9017704646925556e-05,4.656627176636642e-05,-3.8031583835208447,3.794749293933448e-05,1.3773695471509182,1.438964061295224,0.05776114753232391
financial_daily,GLD,F7,sgd,regression,2,3939,1,-2.2948217208992876,3.530648716281141e-05,2.9287554395935534e-05,4.4866988539017435e-05,-3.818289164094517,2.5381298562557682e-05,1.3755448899905358,1.438964061295224,0.05776114753232391
financial_daily,GLD,F7,sgd,regression,3,4000,0,-2.535130568080125,4.92244024789068e-05,3.258985065693329e-05,6.083496816249082e-05,-3.7807834978079082,3.279665766370217e-05,1.3753719876390431,1.438964061295224,0.05776114753232391
financial_daily,GLD,F7,sgd,classification,0,4000,0,-0.8384992888161343,0.0012760651326621068,0.0011843003663767736,0.001386777571520857,-2.7035958447508173,0.001164617235069458,0.507177033492823,1.438964061295224,0.05776114753232391
financial_daily,GLD,F7,sgd,classification,1,4000,0,-0.8412101033850721,0.001224451949045199,0.0011335855257459144,0.0013317302284056867,-2.7137043416909736,0.001118795323426663,0.507177033492823,1.438964061295224,0.05776114753232391
financial_daily,GLD,F7,sgd,classification,2,4000,0,-0.7657173288375605,0.0012816402826323853,0.001199578387613865,0.0013811804372110316,-2.704353808217645,0.0011755338441935095,0.5055821371610846,1.438964061295224,0.05776114753232391
financial_daily,GLD,F7,sgd,classification,3,4000,0,-0.797581867325575,0.0012790839219135658,0.0011795849564647152,0.0013797010199905464,-2.7053158451904586,0.0011655659103639165,0.507177033492823,1.438964061295224,0.05776114753232391
financial_daily,GLD,F7,adam,regression,0,358,1,-2.2393272473005044,3.302649697557829e-05,5.9663110345092175e-06,0.00015473907838809754,-4.294269949280041,5.55803658951169e-05,1.387617802726967,1.438964061295224,0.05776114753232391
financial_daily,GLD,F7,adam,regression,1,512,1,0.8417961392368853,4.238499371823882e-05,7.925418232751021e-06,0.00014537045456248512,-4.3027615475992755,7.07414836537855e-05,1.365832517803012,1.438964061295224,0.05776114753232391
financial_daily,GLD,F7,adam,regression,2,623,1,-1.73875522134721,3.434758592755837e-05,1.1480748716860996e-05,0.00011015920184406643,-4.326417817565423,1.0898464573436395e-05,1.383469728004203,1.438964061295224,0.05776114753232391
financial_daily,GLD,F7,adam,regression,3,385,1,4.899101006948493,4.8066537186281e-05,1.3513925036696318e-05,0.00012546785947726164,-4.3378529440096525,6.24507903623698e-05,1.3691848901017667,1.438964061295224,0.05776114753232391
financial_daily,GLD,F7,adam,classification,0,4000,0,-2.170946970685889,5.858575022849555e-05,4.5650386519235446e-05,6.842026571801782e-05,-3.799470867043348,4.362335131781397e-05,0.5119617224880383,1.438964061295224,0.05776114753232391
financial_daily,GLD,F7,adam,classification,1,4000,0,-0.7652208446231219,4.9187013367693395e-05,4.7817596692813106e-05,5.2602097603810615e-05,-3.850062768422866,4.745367752192191e-05,0.5087719298245614,1.438964061295224,0.05776114753232391
financial_daily,GLD,F7,adam,classification,2,4000,0,-1.2897521369696632,5.470073868383029e-05,4.95718126042298e-05,6.430206900691332e-05,-3.820108216407382,4.4395268851555924e-05,0.5167464114832536,1.438964061295224,0.05776114753232391
financial_daily,GLD,F7,adam,classification,3,4000,0,-1.6182813366519782,6.064969440050725e-05,4.70317049497264e-05,6.94909701232965e-05,-3.8133950344477157,4.773443731817593e-05,0.5087719298245614,1.438964061295224,0.05776114753232391
financial_daily,GLD,F10,sgd,regression,0,3000,1,-5.875170701665713,5.345113944090655e-06,3.4892012049081024e-06,1.125499055268997e-05,-4.212416460516179,3.86243973841082e-06,1.3634561012070925,1.438964061295224,0.05776114753232391
financial_daily,GLD,F10,sgd,regression,1,2484,1,-1.9512871818320723,3.557529098363753e-06,2.594608860265802e-06,4.499398857781976e-06,-4.4043308062773585,2.9460583000889435e-06,1.3645454861919266,1.438964061295224,0.05776114753232391
financial_daily,GLD,F10,sgd,regression,2,3076,1,-1.9368689029723962,1.230373951783867e-05,1.0311760826769296e-05,1.632466411861117e-05,-4.170596526479056,7.853099075209927e-06,1.3628246117616862,1.438964061295224,0.05776114753232391
financial_daily,GLD,F10,sgd,regression,3,2776,1,-4.650973836327549,7.1890507555815e-06,3.523984697801844e-06,1.301250196408129e-05,-4.205822867358557,4.542917043384021e-06,1.3632721415911058,1.438964061295224,0.05776114753232391
financial_daily,GLD,F10,sgd,classification,0,4000,0,-0.6426656575117661,0.003135735384275632,0.002958185434161267,0.00334186454975355,-2.365557042062803,0.0029176072635519793,0.4019138755980861,1.438964061295224,0.05776114753232391
financial_daily,GLD,F10,sgd,classification,1,4000,0,-0.6544434989928886,0.003077814573034566,0.002894722957530853,0.0032821994414168896,-2.370220605680524,0.0028578056307218833,0.4019138755980861,1.438964061295224,0.05776114753232391
financial_daily,GLD,F10,sgd,classification,2,4000,0,-0.6056007616079896,0.0031504336025750005,0.0029818438321226994,0.0033399227798318405,-2.365682656506883,0.002935535929001554,0.4019138755980861,1.438964061295224,0.05776114753232391
financial_daily,GLD,F10,sgd,classification,3,4000,0,-0.6294731026550389,0.003144486631554129,0.0029552963370034903,0.0033389176072841547,-2.3658148147482034,0.002921025675708653,0.4019138755980861,1.438964061295224,0.05776114753232391
financial_daily,GLD,F10,adam,regression,0,264,1,-6.023324154449521,7.285693330598319e-06,1.3186909411377899e-06,5.305132319498526e-05,-4.919471235178985,2.2777376138106397e-07,1.3681367328944585,1.438964061295224,0.05776114753232391
financial_daily,GLD,F10,adam,regression,1,139,1,1.7815431821287537,1.981188858704239e-05,1.1462422201515371e-06,9.635599464124523e-05,-4.838941081607525,1.2510919834110095e-05,1.3636423605807322,1.438964061295224,0.05776114753232391
financial_daily,GLD,F10,adam,regression,2,158,1,1.956988303054938,1.2519666101677862e-05,1.6068235553489452e-06,5.3385377864952853e-05,-4.93072216231099,1.1588401592093842e-05,1.3704328008559796,1.438964061295224,0.05776114753232391
financial_daily,GLD,F10,adam,regression,3,99,1,2.7402093993769108,1.2640148696956021e-05,1.5940236971311283e-06,5.590384642792563e-05,-4.957788951528598,5.596398226048636e-05,1.3627130798260054,1.438964061295224,0.05776114753232391
financial_daily,GLD,F10,adam,classification,0,4000,0,-1.9698819720340999,8.02821405305459e-05,6.877619426599873e-05,9.90911914911216e-05,-3.5411819355229426,6.645316509354082e-05,0.39872408293460926,1.438964061295224,0.05776114753232391
financial_daily,GLD,F10,adam,classification,1,3622,1,-2.0512699589604315,6.577769622975789e-05,5.393496385559033e-05,8.16952487460808e-05,-3.5980443800120385,5.274948979039513e-05,0.39872408293460926,1.438964061295224,0.05776114753232391
financial_daily,GLD,F10,adam,classification,2,4000,0,-1.397236488473418,8.874762472729501e-05,7.95100761615267e-05,0.00010299098658020722,-3.535767311080933,7.481751939863508e-05,0.4003189792663477,1.438964061295224,0.05776114753232391
financial_daily,GLD,F10,adam,classification,3,4000,0,-1.7670829957058118,8.551185499931485e-05,6.978478791256276e-05,0.00010238195513797271,-3.5291103462052305,6.969746381019356e-05,0.39872408293460926,1.438964061295224,0.05776114753232391
financial_daily,GLD,F11,sgd,regression,0,775,1,-0.4935614450934433,2.0783752149573385e-05,4.086044538748192e-06,6.579917541618662e-05,-3.988645665613211,4.623109032630379e-05,1.485120904783926,1.438964061295224,0.05776114753232391
financial_daily,GLD,F11,sgd,regression,1,682,1,3.359585293871352,2.2161745099006962e-05,6.400418205656347e-06,7.830607704579221e-05,-4.0406584606377365,3.3350580002215314e-05,1.4796605298344838,1.438964061295224,0.05776114753232391
financial_daily,GLD,F11,sgd,regression,2,692,1,-2.664533305994325,2.7579251040451395e-05,1.1233696615844728e-05,4.802734049551323e-05,-4.088612677631243,1.0784215094774603e-05,1.4837824269794198,1.438964061295224,0.05776114753232391
financial_daily,GLD,F11,sgd,regression,3,688,1,2.8598527885599694,2.53276450968195e-05,1.0689758266994311e-05,7.473186029087921e-05,-4.0620115527958855,6.276506469795472e-06,1.4813020970152049,1.438964061295224,0.05776114753232391
financial_daily,GLD,F11,sgd,classification,0,4000,0,-2.163079985498272,0.00031313415252898756,0.00024797808009280456,0.00037769615545027793,-3.020146447688954,0.0002390100199272338,0.47527910685805425,1.438964061295224,0.05776114753232391
financial_daily,GLD,F11,sgd,classification,1,4000,0,-1.8880720799538901,0.0002911138829091839,0.00025089276790046566,0.00034267502255284275,-3.034258444782696,0.00024145306637774128,0.4768740031897927,1.438964061295224,0.05776114753232391
financial_daily,GLD,F11,sgd,classification,2,4000,0,-1.6693016963388077,0.00029082433569933646,0.0002454880598488391,0.00033143380342212533,-3.049704635237474,0.000230230653053724,0.47208931419457734,1.438964061295224,0.05776114753232391
financial_daily,GLD,F11,sgd,classification,3,4000,0,-2.155456934279153,0.0003129721209248901,0.00024167366117254884,0.0003766054984640268,-3.0246176902216484,0.00024008967624439723,0.47527910685805425,1.438964061295224,0.05776114753232391
financial_daily,GLD,F11,adam,regression,0,100,1,-0.7368087368980419,0.0004287875576989428,0.00015010451352973428,0.0013258485597629581,-3.3170711379833686,0.0005775859176099786,1.4762382383978117,1.438964061295224,0.05776114753232391
financial_daily,GLD,F11,adam,regression,1,88,1,-0.5304783694642998,0.00036144221372817384,0.0001368951300279875,0.0010138409227072424,-3.3630448461345717,0.00042788793249875536,1.4709176529130132,1.438964061295224,0.05776114753232391
financial_daily,GLD,F11,adam,regression,2,80,1,-0.21562275320049876,0.0004112491850886884,0.00017579953677815372,0.0011270425781782498,-3.3323146115605873,0.0006645558337739682,1.5028768164860835,1.438964061295224,0.05776114753232391
financial_daily,GLD,F11,adam,regression,3,91,1,1.9686051355331022,0.00042945730894129806,0.0001524849863745853,0.0009068616211902268,-3.34911044464885,0.00018879265357222893,1.4697624925390613,1.438964061295224,0.05776114753232391
financial_daily,GLD,F11,adam,classification,0,508,1,-1.3522898432698425,4.062197723845314e-05,1.1843675775310256e-05,0.00012825681443394386,-4.155348031161318,4.409979443352133e-05,0.4625199362041467,1.438964061295224,0.05776114753232391
financial_daily,GLD,F11,adam,classification,1,610,1,0.9430465493211257,4.2831371813550215e-05,1.149903935536601e-05,0.00012924702016664765,-4.212767916369716,4.428866299537912e-05,0.46730462519936206,1.438964061295224,0.05776114753232391
financial_daily,GLD,F11,adam,classification,2,607,1,-2.182304166051249,4.792705638525351e-05,1.501648576752007e-05,9.616869003984442e-05,-4.201316927785614,2.0481699258225026e-05,0.4625199362041467,1.438964061295224,0.05776114753232391
financial_daily,GLD,F11,adam,classification,3,398,1,1.8768171276772496,5.235597262064506e-05,1.979782613925442e-05,0.00010413081055397924,-4.23062877451611,2.868993435422828e-05,0.46411483253588515,1.438964061295224,0.05776114753232391
financial_daily,GLD,FA,sgd,regression,0,1387,1,-5.520567751416097,1.046785067698192e-05,6.231675168519043e-06,1.4133237779493784e-05,-4.063609448806967,6.259591373029244e-06,1.4231243481853526,1.438964061295224,0.05776114753232391
financial_daily,GLD,FA,sgd,regression,1,1539,1,0.11857287831152787,1.2753580340921338e-05,6.759035222280809e-06,3.1759506806097494e-05,-4.0771547744212056,6.42061381087036e-06,1.4205620294485157,1.438964061295224,0.05776114753232391
financial_daily,GLD,FA,sgd,regression,2,1293,1,-0.9590634301242932,1.1978608253196243e-05,7.613533734172859e-06,1.961598245596818e-05,-4.158813836716974,6.594268512730547e-06,1.4242126298725803,1.438964061295224,0.05776114753232391
financial_daily,GLD,FA,sgd,regression,3,1461,1,-5.321805882249388,9.53205621922781e-06,4.721974453479914e-06,1.684376417273538e-05,-4.120568772053297,2.7397473581978837e-06,1.4212898213434562,1.438964061295224,0.05776114753232391
financial_daily,GLD,FA,sgd,classification,0,4000,0,-1.4991786552986803,0.0007596363966135638,0.0006633429715959669,0.0008803668022458285,-2.7672271187202804,0.0006444362303784353,0.48963317384370014,1.438964061295224,0.05776114753232391
financial_daily,GLD,FA,sgd,classification,1,4000,0,-1.4872258650730181,0.0006998560578531958,0.0006121995932786088,0.0008128511886329737,-2.786460500378285,0.0006008622617094209,0.48963317384370014,1.438964061295224,0.05776114753232391
financial_daily,GLD,FA,sgd,classification,2,4000,0,-1.3401985453829326,0.0007603810061776692,0.0006777119329286705,0.0008655246272318051,-2.770517108060728,0.0006529445275288446,0.4944178628389155,1.438964061295224,0.05776114753232391
financial_daily,GLD,FA,sgd,classification,3,4000,0,-1.4113171382870036,0.0007638789245741656,0.0006570450283696654,0.0008720349283964854,-2.7704535854898373,0.0006469477325332852,0.48963317384370014,1.438964061295224,0.05776114753232391
financial_daily,GLD,FA,adam,regression,0,230,1,-1.5481541914889307,0.00011366076560105897,3.511275086390997e-05,0.0003212543081402913,-3.8579561900501145,4.549546939516552e-05,1.4320088866249514,1.438964061295224,0.05776114753232391
financial_daily,GLD,FA,adam,regression,1,198,1,-0.3378463261303075,0.0001040223743145167,2.4874393921998766e-05,0.0002689784459555815,-3.9226285253786264,0.00017739743790204726,1.4100180105784954,1.438964061295224,0.05776114753232391
financial_daily,GLD,FA,adam,regression,2,71,1,-0.6573066380741052,8.990467464224205e-05,4.2751614119165444e-05,0.00024869061597903864,-3.923593341965002,8.975871516515364e-05,1.4340012535157047,1.438964061295224,0.05776114753232391
financial_daily,GLD,FA,adam,regression,3,121,1,3.255987063493087,0.00012673931489946773,3.782416415251012e-05,0.0003246793398692613,-3.9138675564636527,0.00013303719910351275,1.4089151052134783,1.438964061295224,0.05776114753232391
financial_daily,GLD,FA,adam,classification,0,886,1,-6.010006481904397,3.9548977851898005e-06,2.050888761774844e-06,1.0732028940351102e-05,-4.558460097654205,1.0592996735734984e-05,0.5135566188197768,1.438964061295224,0.05776114753232391
financial_daily,GLD,FA,adam,classification,1,899,1,2.4196421836368494,1.178701030245667e-05,3.2648052432854553e-06,2.9767085965397786e-05,-4.483500209310294,8.342139052134245e-06,0.5039872408293461,1.438964061295224,0.05776114753232391
financial_daily,GLD,FA,adam,classification,2,1022,1,-2.162515057583144,1.3612999061958672e-05,7.747092505797231e-06,2.4869667708299792e-05,-4.451715937836907,6.461321423124662e-06,0.5087719298245614,1.438964061295224,0.05776114753232391
financial_daily,GLD,FA,adam,classification,3,750,1,-2.8898588946428747,6.137030684923452e-06,3.243748059466807e-06,1.205252603677128e-05,-4.6122626480636,2.239922223029317e-06,0.5023923444976076,1.438964061295224,0.05776114753232391
financial_daily,IEF,F0,sgd,regression,0,97,1,-0.7645219431289,0.00013754516078228921,3.4805489801324794e-05,0.0002883826507048895,-3.8594324204904216,6.092233298417014e-05,0.6699667064720872,1.3495760299224044,0.03955615138187349
financial_daily,IEF,F0,sgd,regression,1,99,1,0.397822168214471,9.921215792835044e-05,3.681152789966433e-05,0.0002404506022521297,-3.9078793878722227,0.00017636158559497332,0.6713293142915083,1.3495760299224044,0.03955615138187349
financial_daily,IEF,F0,sgd,regression,2,129,1,-0.922498667861723,0.00012098080494643093,5.6786341885515024e-05,0.0002404526490097527,-3.8712058821928186,8.62519247404715e-05,0.670070449935805,1.3495760299224044,0.03955615138187349
financial_daily,IEF,F0,sgd,regression,3,111,1,1.9709193638498046,0.0001227750990485147,4.6829769422554195e-05,0.00029251415463989736,-3.871376706516132,0.00011897292782312779,0.6708799048167806,1.3495760299224044,0.03955615138187349
financial_daily,IEF,F0,sgd,classification,0,1181,1,-0.3883931166310958,9.35133293473125e-06,3.633600785308786e-06,2.7292725406737183e-05,-4.583171717197368,2.3786544960561956e-05,0.5199362041467305,1.3495760299224044,0.03955615138187349
financial_daily,IEF,F0,sgd,classification,1,1260,1,2.2003363187894522,1.751475155651315e-05,6.537483570805879e-06,2.756971259523247e-05,-4.565634559355405,1.671642304301586e-05,0.5167464114832536,1.3495760299224044,0.03955615138187349
financial_daily,IEF,F0,sgd,classification,2,959,1,-1.915346310787957,1.8727983329590106e-05,1.3306836606798314e-05,2.463793362293387e-05,-4.456939123684281,1.868978227682788e-05,0.5199362041467305,1.3495760299224044,0.03955615138187349
financial_daily,IEF,F0,sgd,classification,3,963,1,2.243026992496323,1.3839033445980922e-05,6.25048963504604e-06,4.1922068800351907e-05,-4.677526685178571,3.6215352714069334e-06,0.507177033492823,1.3495760299224044,0.03955615138187349
financial_daily,IEF,F0,adam,regression,0,219,1,0.2250452129834755,0.002491487272490168,0.0009401607097172329,0.004945364600012191,-2.6708106724692637,0.0008354014415851735,0.6714027352210648,1.3495760299224044,0.03955615138187349
financial_daily,IEF,F0,adam,regression,1,2124,1,-0.594179792726357,0.002276591627303996,0.0009075057339489001,0.004709319044536587,-2.6795351428672523,0.0017060414634908626,0.6736076374139268,1.3495760299224044,0.03955615138187349
financial_daily,IEF,F0,adam,regression,2,773,1,-0.017550937495094832,0.0025336988643629944,0.0009120910095678993,0.005231402122164887,-2.6634819916861807,0.0015531312413714414,0.6698678997849011,1.3495760299224044,0.03955615138187349
financial_daily,IEF,F0,adam,regression,3,3168,1,0.8493365717211042,0.0021972670269402935,0.0007950711363910146,0.00508860326866788,-2.659811497892596,0.0008932638812163963,0.672347011931769,1.3495760299224044,0.03955615138187349
financial_daily,IEF,F0,adam,classification,0,3000,1,-1.3548926725429276,0.000257469020811756,9.340203389415561e-05,0.0007866742422964313,-3.5189982339087496,7.773319170294919e-05,0.5199362041467305,1.3495760299224044,0.03955615138187349
financial_daily,IEF,F0,adam,classification,1,4000,0,0.6600281343397905,0.000261093228372783,0.00010832162062973525,0.0005401444874969432,-3.563871318157918,0.00018609102944373485,0.5055821371610846,1.3495760299224044,0.03955615138187349
financial_daily,IEF,F0,adam,classification,2,2555,1,-0.2999086060595255,0.00031242786946802546,0.00014885291609877913,0.0006329333054564633,-3.5426609743455995,0.0003363305221615338,0.5007974481658692,1.3495760299224044,0.03955615138187349
financial_daily,IEF,F0,adam,classification,3,3688,1,1.1206982669480585,0.0002870119211313154,0.0001150782875332533,0.0006228845288599459,-3.540584477385663,0.00024112189435210912,0.5151515151515151,1.3495760299224044,0.03955615138187349
financial_daily,IEF,F1,sgd,regression,0,576,1,-3.033582306756543,5.799481318151053e-05,3.706668589521443e-05,6.879225253261524e-05,-3.6863609475396757,3.2995234195654364e-05,0.7051358306916645,1.3495760299224044,0.03955615138187349
financial_daily,IEF,F1,sgd,regression,1,654,1,-0.35726653703605843,4.884070317314452e-05,4.16191092901095e-05,8.20797691887634e-05,-3.708739851139325,3.682913276761987e-05,0.7055009732170925,1.3495760299224044,0.03955615138187349
financial_daily,IEF,F1,sgd,regression,2,498,1,-2.649363977989186,4.080436333689852e-05,2.8755269124127773e-05,5.850514244605142e-05,-3.74997591362585,2.5939882156536875e-05,0.7054141736521026,1.3495760299224044,0.03955615138187349
financial_daily,IEF,F1,sgd,regression,3,564,1,-2.127746452730657,5.4901342860280214e-05,3.979965157289598e-05,6.825522830080982e-05,-3.7201509867807268,3.748149886523814e-05,0.7049628021620491,1.3495760299224044,0.03955615138187349
financial_daily,IEF,F1,sgd,classification,0,4000,0,-1.5707895455651457,0.001689512041687506,0.0014794667252981861,0.001973853878266734,-2.332292495546354,0.0014356518537520903,0.5422647527910686,1.3495760299224044,0.03955615138187349
financial_daily,IEF,F1,sgd,classification,1,4000,0,-1.5864719423780085,0.0016127607098353775,0.0014023477055940777,0.0018864215135626697,-2.344498014895386,0.0013671543599357247,0.5406698564593302,1.3495760299224044,0.03955615138187349
financial_daily,IEF,F1,sgd,classification,2,4000,0,-1.456152535483782,0.0017152438783860297,0.0015172408629996977,0.0019730268664707898,-2.3324749683275297,0.001463111142364747,0.5422647527910686,1.3495760299224044,0.03955615138187349
financial_daily,IEF,F1,sgd,classification,3,4000,0,-1.5254379203283903,0.0017054769572001213,0.001474247171695219,0.001969872345615906,-2.332806370257408,0.0014418049835595295,0.5406698564593302,1.3495760299224044,0.03955615138187349
financial_daily,IEF,F1,adam,regression,0,55,1,-2.9242839935955782,6.63356089993784e-05,6.881640606433293e-06,0.00036616419611636266,-3.9994745772501377,0.0002024599493640571,0.7047829673805529,1.3495760299224044,0.03955615138187349
financial_daily,IEF,F1,adam,regression,1,90,1,-0.393270483474697,5.829553078866939e-05,1.1304914777526695e-05,0.00037802737149798083,-4.05565582640222,0.00021650384250667667,0.7017895069557478,1.3495760299224044,0.03955615138187349
financial_daily,IEF,F1,adam,regression,2,49,1,-0.9446774856531563,6.228746927182101e-05,1.6549214644827384e-05,0.0002979620808771513,-4.0260110138250145,2.9129968944951453e-05,0.7039963438282922,1.3495760299224044,0.03955615138187349
financial_daily,IEF,F1,adam,regression,3,86,1,5.100045627512494,9.429521646768681e-05,1.686728301064191e-05,0.00035046107054119256,-4.0688826423032145,1.055852195045175e-05,0.7058267352748141,1.3495760299224044,0.03955615138187349
financial_daily,IEF,F1,adam,classification,0,779,1,-2.676135922534642,4.573510703644809e-05,3.1588160385366456e-05,5.462979739328667e-05,-3.8329120776993313,2.9725390452541282e-05,0.5422647527910686,1.3495760299224044,0.03955615138187349
financial_daily,IEF,F1,adam,classification,1,807,1,-0.7561140292740869,3.597447179259558e-05,3.2339332977245904e-05,3.83618018331099e-05,-3.8976473408433985,3.4439284472663375e-05,0.5406698564593302,1.3495760299224044,0.03955615138187349
financial_daily,IEF,F1,adam,classification,2,783,1,-1.752827716359165,3.9979851895264676e-05,3.4441237697359995e-05,4.97185908773045e-05,-3.858083046412957,2.935822408425388e-05,0.5406698564593302,1.3495760299224044,0.03955615138187349
financial_daily,IEF,F1,adam,classification,3,762,1,-1.9785757591296367,4.446066442848992e-05,3.21069411795135e-05,5.24300144721565e-05,-3.8605191310786076,3.23882191901399e-05,0.5406698564593302,1.3495760299224044,0.03955615138187349
financial_daily,IEF,F2,sgd,regression,0,1604,1,-1.9431218175486447,7.974858809166477e-06,6.911034156461423e-06,9.472909613111382e-06,-4.2749297030742435,6.707761576350487e-06,0.6744555593774632,1.3495760299224044,0.03955615138187349
financial_daily,IEF,F2,sgd,regression,1,1379,1,2.467173409286052,1.0429174093485502e-05,6.534685032193033e-06,1.580440454444319e-05,-4.397952885666793,9.812070012757096e-06,0.6750710101565324,1.3495760299224044,0.03955615138187349
financial_daily,IEF,F2,sgd,regression,2,1499,1,-0.7437902060574271,1.1233730535149832e-05,8.856665724623256e-06,1.4533168847166529e-05,-4.284896068957163,7.507601215964036e-06,0.6737439725899327,1.3495760299224044,0.03955615138187349
financial_daily,IEF,F2,sgd,regression,3,1717,1,-1.1476937692512865,7.591099820700282e-06,6.712740739830269e-06,1.0435383542658548e-05,-4.287897016806954,6.644099774034565e-06,0.6743354519598296,1.3495760299224044,0.03955615138187349
financial_daily,IEF,F2,sgd,classification,0,4000,0,-0.9320978834706461,0.0030018672123773658,0.0027633118441799873,0.0032915552505263877,-2.3094736858333613,0.0027101955269561166,0.5757575757575758,1.3495760299224044,0.03955615138187349
financial_daily,IEF,F2,sgd,classification,1,4000,0,-0.9456010370243517,0.002927717101931,0.002684094238953914,0.0032121705000140994,-2.3158946442745565,0.0026365427890831052,0.5757575757575758,1.3495760299224044,0.03955615138187349
financial_daily,IEF,F2,sgd,classification,2,4000,0,-0.87845430214357,0.0030233899808363982,0.002795981890379423,0.0032898919063032673,-2.309599014446238,0.002734825981337512,0.5757575757575758,1.3495760299224044,0.03955615138187349
financial_daily,IEF,F2,sgd,classification,3,4000,0,-0.9128443038081135,0.0030147750739352003,0.0027597484705653304,0.0032880114032630345,-2.3097753592932655,0.0027152787600561866,0.5757575757575758,1.3495760299224044,0.03955615138187349
financial_daily,IEF,F2,adam,regression,0,49,1,-5.649913425452234,1.4875371863804305e-05,1.6243881157968503e-06,9.492963799148809e-05,-4.646912250496683,7.728413520542743e-06,0.6739790625624064,1.3495760299224044,0.03955615138187349
financial_daily,IEF,F2,adam,regression,1,45,1,0.6270574129331283,3.1295489802139e-05,3.1471159779867266e-06,0.0001329095535432573,-4.573700181153022,3.727378955496409e-05,0.6720876255172575,1.3495760299224044,0.03955615138187349
financial_daily,IEF,F2,adam,regression,2,71,1,1.7115696438580288,1.8800927484169662e-05,4.526124180782752e-06,8.994006693813064e-05,-4.659532372922635,9.049948304434935e-06,0.6718059302589431,1.3495760299224044,0.03955615138187349
financial_daily,IEF,F2,adam,regression,3,56,1,2.014486127859434,1.7315769151975908e-05,1.7804979350713547e-06,0.00011488072184255143,-4.723887783525826,8.154678142662334e-05,0.6713214506823504,1.3495760299224044,0.03955615138187349
financial_daily,IEF,F2,adam,classification,0,2562,1,-1.9382302580870454,5.355336591277317e-05,4.602782866253572e-05,6.580449344833645e-05,-3.6990808547559944,4.465206380654971e-05,0.5757575757575758,1.3495760299224044,0.03955615138187349
financial_daily,IEF,F2,adam,classification,1,2266,1,-1.8947486566673868,4.167933491891499e-05,3.491124592982846e-05,5.1152036715763494e-05,-3.772338348427543,3.4664805234770415e-05,0.5757575757575758,1.3495760299224044,0.03955615138187349
financial_daily,IEF,F2,adam,classification,2,2383,1,-1.2475916935793514,5.935186215228503e-05,5.432721098237653e-05,6.845019664798788e-05,-3.694996437857318,5.080086556145068e-05,0.5773524720893142,1.3495760299224044,0.03955615138187349
financial_daily,IEF,F2,adam,classification,3,2590,1,-1.6650894099794022,5.6829252484846135e-05,4.658740069488559e-05,6.744864243886375e-05,-3.6878235897031044,4.666455042175635e-05,0.5773524720893142,1.3495760299224044,0.03955615138187349
financial_daily,IEF,F4,sgd,regression,0,3246,1,-4.306712896046694,2.2526837724634315e-05,1.2219163027533833e-05,2.938572190066743e-05,-3.9638297719126214,1.153144007603524e-05,0.6859188636614015,1.3495760299224044,0.03955615138187349
financial_daily,IEF,F4,sgd,regression,1,3057,1,-1.148432508929543,2.1465877990705217e-05,1.7812901845241303e-05,2.8506791023842546e-05,-4.003474205811173,1.6674384270205205e-05,0.6860548053291132,1.3495760299224044,0.03955615138187349
financial_daily,IEF,F4,sgd,regression,2,2631,1,-1.28833575020999,1.6818072819806385e-05,1.3964743521790017e-05,2.023601212952316e-05,-4.082794384686673,1.0225049178753773e-05,0.6857142440185701,1.3495760299224044,0.03955615138187349
financial_daily,IEF,F4,sgd,regression,3,3235,1,-4.274315411682161,2.1509423573207244e-05,1.030036882711002e-05,3.0548089784743394e-05,-3.9979208201182623,1.0641110989125363e-05,0.6852497051993458,1.3495760299224044,0.03955615138187349
financial_daily,IEF,F4,sgd,classification,0,4000,0,-1.165822262464467,0.00034736252886899497,0.0003118200788661817,0.00039039421704304783,-3.2232843833540334,0.000304763794698763,0.594896331738437,1.3495760299224044,0.03955615138187349
financial_daily,IEF,F4,sgd,classification,1,4000,0,-1.173402513790175,0.00031343094927377055,0.0002808896933508569,0.0003541218973235869,-3.2465713683459785,0.00027758289702676294,0.594896331738437,1.3495760299224044,0.03955615138187349
financial_daily,IEF,F4,sgd,classification,2,4000,0,-0.9806231274103295,0.0003479432170811214,0.00031971264065217426,0.000383429060514189,-3.227253186682984,0.0003095530368334811,0.5917065390749602,1.3495760299224044,0.03955615138187349
financial_daily,IEF,F4,sgd,classification,3,4000,0,-1.0666133962692645,0.00034923743987222666,0.00030835875103167875,0.0003866371703119806,-3.2273723060214703,0.0003058440685900121,0.594896331738437,1.3495760299224044,0.03955615138187349
financial_daily,IEF,F4,adam,regression,0,276,1,-1.3630704026454448,7.093557732208494e-05,2.4061718528289004e-05,0.00019665309104807316,-4.070688758089423,5.2084349285027765e-05,0.6919033240785534,1.3495760299224044,0.03955615138187349
financial_daily,IEF,F4,adam,regression,1,618,1,0.057224605591429965,7.00797593004302e-05,1.4615591187719252e-05,0.0001664939083590689,-4.109390208556879,0.00010247740358851057,0.6802581223313571,1.3495760299224044,0.03955615138187349
financial_daily,IEF,F4,adam,regression,2,918,1,-1.1600848461416589,6.186367914820354e-05,2.2527112499388724e-05,0.00014981615760480054,-4.125613133007863,4.149444950196004e-05,0.6896095537001061,1.3495760299224044,0.03955615138187349
financial_daily,IEF,F4,adam,regression,3,144,1,3.4152471573942167,7.984200035383315e-05,2.5959357799891135e-05,0.00020642753044996167,-4.112413281601768,0.00011406093593263089,0.6823116263279347,1.3495760299224044,0.03955615138187349
financial_daily,IEF,F4,adam,classification,0,1491,1,-5.362212006125022,5.656907469479538e-06,2.492182775076494e-06,8.936024483485037e-06,-4.635551867729748,6.953885947433852e-06,0.6108452950558214,1.3495760299224044,0.03955615138187349
financial_daily,IEF,F4,adam,classification,1,2353,1,2.152947260884995,1.1170701076549716e-05,3.766058879627049e-06,2.2966983067715872e-05,-4.581894078860765,1.010056380744127e-05,0.6012759170653907,1.3495760299224044,0.03955615138187349
financial_daily,IEF,F4,adam,classification,2,2053,1,-1.7319271110223868,1.1792494396112569e-05,7.117552682584697e-06,2.0512524027544105e-05,-4.606408132093281,5.409902590092608e-06,0.6076555023923444,1.3495760299224044,0.03955615138187349
financial_daily,IEF,F4,adam,classification,3,1792,1,-3.2550286894576606,7.255025775779507e-06,2.847966703185642e-06,1.1344043207515635e-05,-4.724166742766223,2.9358753637576704e-06,0.6124401913875598,1.3495760299224044,0.03955615138187349
financial_daily,IEF,F7,sgd,regression,0,2254,1,-3.259723318460113,3.4206287102874966e-05,2.8363390207455e-05,4.4111160600952925e-05,-3.7231963519271485,2.9681584031323058e-05,0.6529819298433017,1.3495760299224044,0.03955615138187349
financial_daily,IEF,F7,sgd,regression,1,2256,1,-1.4728135613748914,3.6855900051903164e-05,3.1668327541738065e-05,5.214802370035644e-05,-3.7251784066694253,2.3739937569552988e-05,0.6532651368634954,1.3495760299224044,0.03955615138187349
financial_daily,IEF,F7,sgd,regression,2,2035,1,-1.2868737450236547,3.859033588508942e-05,3.2856200428415494e-05,4.7143527244489156e-05,-3.7667465842307633,2.7550049490555858e-05,0.6525206449840435,1.3495760299224044,0.03955615138187349
financial_daily,IEF,F7,sgd,regression,3,2188,1,-3.686259652161053,3.095593011218175e-05,1.9923666527660734e-05,4.571009809275366e-05,-3.7536580957377708,1.882610412145858e-05,0.6528400629753638,1.3495760299224044,0.03955615138187349
financial_daily,IEF,F7,sgd,classification,0,4000,0,-1.0673078812083805,0.0009247670253840709,0.000836279907632233,0.0010209659848516887,-2.7817617649539734,0.0008187319748522621,0.6172248803827751,1.3495760299224044,0.03955615138187349
financial_daily,IEF,F7,sgd,classification,1,4000,0,-0.9866571946826209,0.0008708242045097781,0.0007993097147514866,0.0009581461944270453,-2.7953507135413367,0.0007898165100886234,0.6156299840510366,1.3495760299224044,0.03955615138187349
financial_daily,IEF,F7,sgd,classification,2,4000,0,-0.9780279469865216,0.0009064521044661679,0.0008343008495942708,0.0009952922596241512,-2.787119201481339,0.0008143691341477502,0.6188197767145136,1.3495760299224044,0.03955615138187349
financial_daily,IEF,F7,sgd,classification,3,4000,0,-0.9739146487393254,0.0009202714064064836,0.0008304281499464047,0.0010065170628878852,-2.7874012295038257,0.0008191844236438708,0.6188197767145136,1.3495760299224044,0.03955615138187349
financial_daily,IEF,F7,adam,regression,0,230,1,-1.1925413328915195,0.00010928490460208133,3.465334819198119e-05,0.00034427882193260916,-3.868016237558348,2.8322678162302452e-05,0.6506657881762209,1.3495760299224044,0.03955615138187349
financial_daily,IEF,F7,adam,regression,1,199,1,0.022980293933356988,0.00010009892284721533,2.9232230971477188e-05,0.00025718862191674536,-3.9320980784908226,0.00016968172860866193,0.6503826624236623,1.3495760299224044,0.03955615138187349
financial_daily,IEF,F7,adam,regression,2,342,1,-0.42653808418487466,9.691842526227508e-05,3.7303064771840064e-05,0.0002444552954425504,-3.927241680963443,9.370782522987676e-05,0.6485135001338248,1.3495760299224044,0.03955615138187349
financial_daily,IEF,F7,adam,regression,3,149,1,2.9519351787206274,0.0001114540699441017,3.254402735293331e-05,0.0003168262732761208,-3.9321129869751235,9.858579378370635e-05,0.6553380655948585,1.3495760299224044,0.03955615138187349
financial_daily,IEF,F7,adam,classification,0,3017,1,-2.889543343188191,2.623890415082022e-05,1.835289238281927e-05,3.38414161730557e-05,-4.073575270654974,2.4856084945859615e-05,0.6379585326953748,1.3495760299224044,0.03955615138187349
financial_daily,IEF,F7,adam,classification,1,2401,1,0.3183096793131862,2.901377861386175e-05,2.2859707634765623e-05,5.041892745627924e-05,-4.061085506194882,2.1823150638411515e-05,0.6347687400318979,1.3495760299224044,0.03955615138187349
financial_daily,IEF,F7,adam,classification,2,2461,1,-2.0142281984948505,2.8469225731878032e-05,2.3193412114339738e-05,4.315723713984052e-05,-4.07541343120591,1.7302667924742243e-05,0.6331738437001595,1.3495760299224044,0.03955615138187349
financial_daily,IEF,F7,adam,classification,3,2857,1,-2.711754559311075,2.8425062429366154e-05,1.5850459599350635e-05,3.6509169901129683e-05,-4.0768203693842775,1.838597671660424e-05,0.6347687400318979,1.3495760299224044,0.03955615138187349
financial_daily,IEF,F10,sgd,regression,0,2073,1,-3.609050777805387,5.6163789141910175e-06,4.9928087523701494e-06,8.929290605827094e-06,-4.249514495537203,4.9595009871283035e-06,0.6696856154959175,1.3495760299224044,0.03955615138187349
financial_daily,IEF,F10,sgd,regression,1,1685,1,1.9331611531830701,6.381660241574978e-06,4.63447318738303e-06,9.525714489188174e-06,-4.401074856158344,6.668277758542596e-06,0.6703193590639495,1.3495760299224044,0.03955615138187349
financial_daily,IEF,F10,sgd,regression,2,2048,1,-1.2040540361218728,1.0966921548608885e-05,8.959496158910481e-06,1.3913625794039605e-05,-4.232265742231347,7.293497309954314e-06,0.6691955452258942,1.3495760299224044,0.03955615138187349
financial_daily,IEF,F10,sgd,regression,3,2208,1,-2.6454225813023147,6.397204220554945e-06,4.627260257031534e-06,1.034078209576465e-05,-4.254050324488273,5.178796398635206e-06,0.6696306090402832,1.3495760299224044,0.03955615138187349
financial_daily,IEF,F10,sgd,classification,0,4000,0,-0.7735302069772765,0.0029889132436440556,0.0027889209947363873,0.0032267836792488256,-2.3524009796480314,0.002743828222586108,0.5677830940988836,1.3495760299224044,0.03955615138187349
financial_daily,IEF,F10,sgd,classification,1,4000,0,-0.7858841559812079,0.0029242663090480294,0.00271900549279297,0.0031588353999211826,-2.3579777138681632,0.0026783663868799354,0.5677830940988836,1.3495760299224044,0.03955615138187349
financial_daily,IEF,F10,sgd,classification,2,4000,0,-0.7284718557398189,0.003006539154051041,0.002816331186725799,0.0032250709052624284,-2.3525297059931063,0.002764578960991366,0.5677830940988836,1.3495760299224044,0.03955615138187349
financial_daily,IEF,F10,sgd,classification,3,4000,0,-0.7574013024115535,0.002999410322949706,0.0027857710054488703,0.0032236267721026837,-2.3526868283116382,0.0027479388174999303,0.5677830940988836,1.3495760299224044,0.03955615138187349
financial_daily,IEF,F10,adam,regression,0,109,1,-6.2377923208643615,9.443109306699486e-06,1.2946646981593145e-06,7.422474710094915e-05,-4.781869105835996,1.6871570935459388e-06,0.6693849373806042,1.3495760299224044,0.03955615138187349
financial_daily,IEF,F10,adam,regression,1,133,1,1.4772706984276738,2.4063064217688076e-05,1.8097759961292987e-06,0.00011258097366585264,-4.712289460012766,2.177664252700865e-05,0.668536649087531,1.3495760299224044,0.03955615138187349
financial_daily,IEF,F10,adam,regression,2,87,1,2.3973127597202795,1.5194229040795447e-05,1.763982940311953e-06,7.318616658482199e-05,-4.817708644386338,1.0547642947691993e-05,0.669414538023178,1.3495760299224044,0.03955615138187349
financial_daily,IEF,F10,adam,regression,3,88,1,2.1111823775021645,1.534348042783876e-05,1.5899799599633895e-06,8.457056053037285e-05,-4.85080626729837,7.317853481995969e-05,0.6674530852777661,1.3495760299224044,0.03955615138187349
financial_daily,IEF,F10,adam,classification,0,3564,1,-1.8740498177572822,7.362418149059034e-05,6.357226834560348e-05,8.993472692109548e-05,-3.591569424313184,6.155130061725819e-05,0.5709728867623605,1.3495760299224044,0.03955615138187349
financial_daily,IEF,F10,adam,classification,1,3180,1,-1.932873148777381,6.0061114919350674e-05,4.983687905262167e-05,7.375857142616038e-05,-3.650543033834773,4.889231659590848e-05,0.5709728867623605,1.3495760299224044,0.03955615138187349
financial_daily,IEF,F10,adam,classification,2,3864,1,-1.3035532016297866,8.107123559140809e-05,7.329987511709266e-05,9.332278363438748e-05,-3.586943934284825,6.910436010142277e-05,0.5677830940988836,1.3495760299224044,0.03955615138187349
financial_daily,IEF,F10,adam,classification,3,3673,1,-1.6673962900244435,7.823098361713486e-05,6.450060122468523e-05,9.28023991666183e-05,-3.579619983970619,6.444103170788304e-05,0.569377990430622,1.3495760299224044,0.03955615138187349
financial_daily,IEF,F11,sgd,regression,0,404,1,-0.44203446436704613,3.426295766252889e-05,8.628719786443711e-06,0.00010662182617738629,-4.001412142528318,4.6130466479167496e-05,0.693692295959931,1.3495760299224044,0.03955615138187349
financial_daily,IEF,F11,sgd,regression,1,399,1,1.5543041622976506,3.677330169882181e-05,1.0103149513300235e-05,0.00010918200235552968,-4.069896674464503,6.0432403334374004e-05,0.6923709923568323,1.3495760299224044,0.03955615138187349
financial_daily,IEF,F11,sgd,regression,2,419,1,-2.3573350308705523,4.059365523234707e-05,1.595333610888747e-05,7.225641440400085e-05,-4.047411952077866,2.1225334038685632e-05,0.6935216558079595,1.3495760299224044,0.03955615138187349
financial_daily,IEF,F11,sgd,regression,3,389,1,3.139387955806574,3.9037734540550684e-05,1.5170872736248337e-05,0.00011314965428832703,-4.090456503962179,1.640600084766794e-05,0.6925724042169125,1.3495760299224044,0.03955615138187349
financial_daily,IEF,F11,sgd,classification,0,4000,0,-2.709894772393625,0.00016642546351753045,0.00012499196967294147,0.00020955197618799848,-3.1764223448875173,0.00012007132016913328,0.5374800637958532,1.3495760299224044,0.03955615138187349
financial_daily,IEF,F11,sgd,classification,1,4000,0,-2.2068754545792264,0.00015165749946406313,0.00012805092758506558,0.00017834706705895513,-3.1994794350093527,0.00011992394244485314,0.5263157894736842,1.3495760299224044,0.03955615138187349
financial_daily,IEF,F11,sgd,classification,2,4000,0,-1.8519738328720496,0.00015130336261557655,0.0001261896269802835,0.00017804366867631304,-3.2157022987102666,0.00011478221085623303,0.532695374800638,1.3495760299224044,0.03955615138187349
financial_daily,IEF,F11,sgd,classification,3,4000,0,-2.6615074434914914,0.00016380933232518154,0.00011748715130556077,0.0002050128266032581,-3.1898976591051085,0.00011653103439842009,0.5311004784688995,1.3495760299224044,0.03955615138187349
financial_daily,IEF,F11,adam,regression,0,85,1,-1.1460948905637642,0.000701342239727328,0.00022645622953886013,0.0018793416836097626,-3.140304307604195,0.0006123143514386477,0.6904922117018992,1.3495760299224044,0.03955615138187349
financial_daily,IEF,F11,adam,regression,1,72,1,-0.41941081552916476,0.0005964864555349086,0.00021821679193044098,0.0015416843738185622,-3.174559260099674,0.0007842578600236889,0.68958130681964,1.3495760299224044,0.03955615138187349
financial_daily,IEF,F11,adam,regression,2,70,1,-0.46807657024111715,0.0006612487720212022,0.00021533387915551443,0.001874883609109066,-3.14903951240012,0.0009902383548945374,0.6961884288472183,1.3495760299224044,0.03955615138187349
financial_daily,IEF,F11,adam,regression,3,79,1,1.1779198505400335,0.0006572383892656571,0.0002483090289141254,0.0013370189229510191,-3.1611472033039685,8.122282677348121e-05,0.6914264745672556,1.3495760299224044,0.03955615138187349
financial_daily,IEF,F11,adam,classification,0,354,1,-1.4555848862585574,6.774117093933693e-05,2.3163927907795205e-05,0.000180675413983877,-4.0057738489324475,3.991403222657854e-05,0.5167464114832536,1.3495760299224044,0.03955615138187349
financial_daily,IEF,F11,adam,classification,1,407,1,0.5980414949728085,7.012505894519165e-05,1.711226619765903e-05,0.00015268999891201407,-4.0745080853398905,7.615024379771332e-05,0.4960127591706539,1.3495760299224044,0.03955615138187349
financial_daily,IEF,F11,adam,classification,2,434,1,-1.5005770443506514,6.272276930966141e-05,2.3587121356494637e-05,0.00014232477380480947,-4.064636179048314,3.912922935552119e-05,0.5151515151515151,1.3495760299224044,0.03955615138187349
financial_daily,IEF,F11,adam,classification,3,377,1,1.958051182401843,7.296364868862744e-05,2.7983827549510458e-05,0.00017308706685939263,-4.068198621919341,7.775804761722678e-05,0.5167464114832536,1.3495760299224044,0.03955615138187349
financial_daily,IEF,FA,sgd,regression,0,1231,1,-3.2471645695777425,7.814874473470171e-06,4.2123961063634955e-06,1.9107239471887377e-05,-4.109586135145654,1.7985600547043953e-05,0.6684552452310394,1.3495760299224044,0.03955615138187349
financial_daily,IEF,FA,sgd,regression,1,1223,1,1.4779526383427584,1.0882876479620438e-05,2.5625493922577234e-06,3.773693595113616e-05,-4.124343213401533,7.400299061656746e-06,0.6684614115351146,1.3495760299224044,0.03955615138187349
financial_daily,IEF,FA,sgd,regression,2,1112,1,-1.5913894006201894,1.4563763489264279e-05,8.754398469625418e-06,2.5473214140661795e-05,-4.162920563235951,7.49022104407145e-06,0.6680764120746743,1.3495760299224044,0.03955615138187349
financial_daily,IEF,FA,sgd,regression,3,1173,1,-1.1138721031301597,9.842352354268514e-06,5.284531537406666e-06,1.8628710977373785e-05,-4.1717788317866695,3.8747666598003335e-06,0.6682941012684593,1.3495760299224044,0.03955615138187349
financial_daily,IEF,FA,sgd,classification,0,4000,0,-1.709277036553752,0.0005145396938794439,0.00043486298907539683,0.0006033452400385949,-2.900829693096408,0.00042097018340453077,0.5470494417862839,1.3495760299224044,0.03955615138187349
financial_daily,IEF,FA,sgd,classification,1,4000,0,-1.5704010981360028,0.0004628476693314478,0.0004054676640364582,0.0005398445867232409,-2.9250734726535694,0.0003987843006412098,0.5422647527910686,1.3495760299224044,0.03955615138187349
financial_daily,IEF,FA,sgd,classification,2,4000,0,-1.4913224083906482,0.0004948491141836412,0.00043373524222615215,0.0005678017570742733,-2.9131831367726515,0.0004151692529428799,0.5486443381180224,1.3495760299224044,0.03955615138187349
financial_daily,IEF,FA,sgd,classification,3,4000,0,-1.577178598593897,0.0005150090426984303,0.00042897760560471463,0.0005942467181547174,-2.907469140160144,0.00042413438937393967,0.543859649122807,1.3495760299224044,0.03955615138187349
financial_daily,IEF,FA,adam,regression,0,110,1,-1.1810364891936158,0.0001821637487953025,5.992900611547455e-05,0.0005306355925414287,-3.649782420474144,9.869975612135297e-05,0.6662842254990163,1.3495760299224044,0.03955615138187349
financial_daily,IEF,FA,adam,regression,1,194,1,-0.1613117101500025,0.0001528021587754335,5.229534959841991e-05,0.0004075159194111534,-3.72171854614855,0.00020013314424557595,0.6656752523791143,1.3495760299224044,0.03955615138187349
financial_daily,IEF,FA,adam,regression,2,78,1,-0.5123843762506708,0.00018063184078854886,7.664718262430495e-05,0.0003994152572743255,-3.6933268091904057,0.0002055384929560404,0.6667573689233462,1.3495760299224044,0.03955615138187349
financial_daily,IEF,FA,adam,regression,3,120,1,2.842753468440791,0.00019913393388400896,7.157118646914864e-05,0.00046085683011056573,-3.7094331846982205,0.00024249345051003792,0.6679820410758692,1.3495760299224044,0.03955615138187349
financial_daily,IEF,FA,adam,classification,0,869,1,-2.274526895322605,1.0730942790866417e-05,4.390152918398243e-06,3.878354503634613e-05,-4.447687060765345,3.444784108506847e-05,0.5550239234449761,1.3495760299224044,0.03955615138187349
financial_daily,IEF,FA,adam,classification,1,875,1,3.2359977579588675,1.4491522802670181e-05,5.825958894541563e-06,7.143319846768123e-05,-4.4380076232561585,1.1746989752833583e-05,0.5582137161084529,1.3495760299224044,0.03955615138187349
financial_daily,IEF,FA,adam,classification,2,684,1,-2.5360455125220005,1.9292685585217894e-05,9.211357464053043e-06,4.486416994298681e-05,-4.422738762216212,8.318423115165575e-06,0.5598086124401914,1.3495760299224044,0.03955615138187349
financial_daily,IEF,FA,adam,classification,3,623,1,1.7640475136745077,1.6810391000134285e-05,8.709458671915291e-06,2.87232930931843e-05,-4.583030886921532,8.01923383793005e-06,0.5614035087719298,1.3495760299224044,0.03955615138187349
financial_15m,AAPL,F0,sgd,regression,0,109,1,-0.9276885793398668,0.00013853869789634456,3.973945528373882e-05,0.0003049319876630799,-3.82986285319544,5.4909366518203875e-05,0.5483190016954037,2.0,0.21400029979800542
financial_15m,AAPL,F0,sgd,regression,1,115,1,0.37804741828325533,0.00010290156154579467,4.031143928838344e-05,0.00024899007705975104,-3.8754132427735954,0.0001794373985249092,0.5473797581704064,2.0,0.21400029979800542
financial_15m,AAPL,F0,sgd,regression,2,102,1,-0.9221387525050505,0.00012388958420963625,5.8161891156855145e-05,0.00024813791742633623,-3.859750137270236,7.896905087691953e-05,0.548345284484372,2.0,0.21400029979800542
financial_15m,AAPL,F0,sgd,regression,3,112,1,1.837284983843203,0.00012928342131994454,4.8819682330577546e-05,0.0003014908431986322,-3.8585094103705235,0.00011908172322563356,0.5477956351082113,2.0,0.21400029979800542
financial_15m,AAPL,F0,sgd,classification,0,891,1,-0.22095423911861367,9.632699263054333e-06,3.998525676933259e-06,2.928431113424947e-05,-4.720391185492785,2.627041049451974e-05,0.8846327174402884,2.0,0.21400029979800542
financial_15m,AAPL,F0,sgd,classification,1,3459,1,2.4230319349699876,1.8278138941398497e-05,6.547788072490506e-06,3.038564362586505e-05,-4.615565097929663,1.6686282708230546e-05,0.8841820639927895,2.0,0.21400029979800542
financial_15m,AAPL,F0,sgd,classification,2,584,1,-2.0504207343292973,1.829911383521995e-05,1.3036638905715214e-05,2.4262079314827498e-05,-4.614417180926031,1.8722169018629114e-05,0.8814781433077963,2.0,0.21400029979800542
financial_15m,AAPL,F0,sgd,classification,3,1095,1,2.1291211931323843,1.3087534352061932e-05,6.3164423733336535e-06,3.698183529835808e-05,-4.75213430055844,4.601595614158405e-06,0.8855340243352862,2.0,0.21400029979800542
financial_15m,AAPL,F0,adam,regression,0,339,1,0.2690650485525016,0.002580903955123231,0.0009624429428977685,0.005077943390528708,-2.6494616287555885,0.0004490043708068283,0.5472426011626456,2.0,0.21400029979800542
financial_15m,AAPL,F0,adam,regression,1,817,1,-0.47602620415152097,0.0023624093751731215,0.0009263576880340999,0.004757883978796728,-2.6569326972080924,0.0024553096456250813,0.5462725710407373,2.0,0.21400029979800542
financial_15m,AAPL,F0,adam,regression,2,772,1,-0.11422632882555406,0.0025498323370637802,0.0008871096956688534,0.005196335932888902,-2.643234767176913,0.0010564383828787682,0.550165808703493,2.0,0.21400029979800542
financial_15m,AAPL,F0,adam,regression,3,4000,0,1.0167786143343946,0.002391524978442982,0.0009930906666642068,0.0050544112797055755,-2.635825762710466,0.001144587795148752,0.5476805953650846,2.0,0.21400029979800542
financial_15m,AAPL,F0,adam,classification,0,4000,0,-1.0732699482551191,0.000287370817931755,0.00010121455164144198,0.0007234994363565743,-3.5196855649767036,7.493645901248108e-05,0.8778729157278053,2.0,0.21400029979800542
financial_15m,AAPL,F0,adam,classification,1,4000,0,0.623203334668924,0.0002538253020906944,0.00011111868772691642,0.0004981172841622053,-3.5623613294063405,0.00019799983127483857,0.8801261829652997,2.0,0.21400029979800542
financial_15m,AAPL,F0,adam,classification,2,4000,0,-0.43957808923634195,0.00030326842806912527,0.0001503531443375633,0.0005968262066737945,-3.5386168022012,0.00031372980670150405,0.8841820639927895,2.0,0.21400029979800542
financial_15m,AAPL,F0,adam,classification,3,4000,0,1.1122297940777128,0.00027801665308908055,0.00011779396115232756,0.0005931712097866684,-3.5453774134135307,0.0002415507679758641,0.8904912122577737,2.0,0.21400029979800542
financial_15m,AAPL,F1,sgd,regression,0,547,1,-3.611860797007729,5.754614302682916e-05,3.572307572302849e-05,7.303737016453269e-05,-3.5879561409363343,3.1194792007575686e-05,0.5737489225993003,2.0,0.21400029979800542
financial_15m,AAPL,F1,sgd,regression,1,626,1,-0.41976551488238467,5.088233258433998e-05,4.121538555955467e-05,9.70139454655689e-05,-3.6152177369062306,3.9472652035584e-05,0.5733134053715816,2.0,0.21400029979800542
financial_15m,AAPL,F1,sgd,regression,2,479,1,-2.8041517255278436,3.949073634148982e-05,2.8274975615636873e-05,6.177626968212044e-05,-3.6537782118425484,2.5656024877378528e-05,0.5742847927123151,2.0,0.21400029979800542
financial_15m,AAPL,F1,sgd,regression,3,522,1,-2.366639140270678,5.917348084967287e-05,4.082634619162252e-05,7.428945936971634e-05,-3.6170303002846134,4.004261988136427e-05,0.5732900117995353,2.0,0.21400029979800542
financial_15m,AAPL,F1,sgd,classification,0,4000,0,-1.2502297017204576,0.0008557897868161314,0.0007708326042640943,0.0009701270458622159,-2.6957427056424113,0.0007532972290013552,0.8192879675529517,2.0,0.21400029979800542
financial_15m,AAPL,F1,sgd,classification,1,4000,0,-1.2567949373247416,0.000809596462292217,0.0007246439569710559,0.0009186908499660435,-2.7112961959867383,0.0007117695213282946,0.8192879675529517,2.0,0.21400029979800542
financial_15m,AAPL,F1,sgd,classification,2,4000,0,-1.1222751529968287,0.0008689880751612481,0.0007916429330408513,0.0009691306682956892,-2.696426131662367,0.0007685639622625365,0.8188373141054529,2.0,0.21400029979800542
financial_15m,AAPL,F1,sgd,classification,3,4000,0,-1.197362490333665,0.0008639516789662184,0.0007676101456726914,0.000968040689677401,-2.6967341736249733,0.0007566303376679316,0.8192879675529517,2.0,0.21400029979800542
financial_15m,AAPL,F1,adam,regression,0,82,1,-2.4027927303285903,8.242539849003341e-05,1.0095983540827745e-05,0.0004857141620557659,-3.899649321327931,0.00042065616621509013,0.5754763229075703,2.0,0.21400029979800542
financial_15m,AAPL,F1,adam,regression,1,84,1,-1.6320910030821973,7.666512223194618e-05,1.2759279895012415e-05,0.0004680473947110569,-3.9498698049890253,0.0003144372878601285,0.5730245207063087,2.0,0.21400029979800542
financial_15m,AAPL,F1,adam,regression,2,68,1,-1.1125111575819269,8.620317363463452e-05,1.6206731698754775e-05,0.00039056865570663557,-3.9264336082117706,1.8099199582067172e-05,0.576755704921233,2.0,0.21400029979800542
financial_15m,AAPL,F1,adam,regression,3,87,1,4.920014578463911,0.00012035603413795555,2.0062997272095798e-05,0.0004058629494381802,-3.950998428778191,1.2668314217251635e-05,0.5760582199551436,2.0,0.21400029979800542
financial_15m,AAPL,F1,adam,classification,0,1192,1,-1.7429924694612,4.311690488347238e-05,3.4991393634020904e-05,4.888364693094064e-05,-3.985054087603076,3.387077412558242e-05,0.8314556106354214,2.0,0.21400029979800542
financial_15m,AAPL,F1,adam,classification,1,1215,1,-0.7816863602608551,3.3713339748794725e-05,3.296744015832189e-05,3.5986903551205756e-05,-4.046982920831628,3.2957785832542725e-05,0.8296529968454258,2.0,0.21400029979800542
financial_15m,AAPL,F1,adam,classification,2,1169,1,-0.929925106060971,4.071719714892027e-05,3.814656668139342e-05,4.565891181603384e-05,-4.006706107021194,3.530308347093129e-05,0.8337088778729157,2.0,0.21400029979800542
financial_15m,AAPL,F1,adam,classification,3,1031,1,-1.221867044027739,4.250309842246378e-05,3.493545392233462e-05,4.712680070410525e-05,-4.008804667677227,3.5187954188985746e-05,0.8310049571879224,2.0,0.21400029979800542
financial_15m,AAPL,F2,sgd,regression,0,1467,1,-1.4307169698516413,1.3098638438393616e-05,1.1278170545106015e-05,1.4505071596161233e-05,-4.201211911970777,1.0973002083967398e-05,0.5481695629772636,2.0,0.21400029979800542
financial_15m,AAPL,F2,sgd,regression,1,1342,1,1.7073329368092416,1.5250419920314017e-05,1.0680279678241694e-05,2.1195923532401073e-05,-4.299674016733689,1.4039051351468498e-05,0.548437666651495,2.0,0.21400029979800542
financial_15m,AAPL,F2,sgd,regression,2,1410,1,-0.7230161213224611,1.5158514163736118e-05,1.2685079848880422e-05,1.8732141226685385e-05,-4.218216476128716,1.0984734160821824e-05,0.5478772814027677,2.0,0.21400029979800542
financial_15m,AAPL,F2,sgd,regression,3,1699,1,-0.7761543461520714,1.2170073755390723e-05,1.0971979839531346e-05,1.4829429344120631e-05,-4.218264280338106,1.06612019126305e-05,0.5480104268274293,2.0,0.21400029979800542
financial_15m,AAPL,F2,sgd,classification,0,4000,0,-0.8038961803368762,0.0022511543526343575,0.002098426798957362,0.002438166692745617,-2.4523714342104586,0.002064495244749649,0.6259576385759351,2.0,0.21400029979800542
financial_15m,AAPL,F2,sgd,classification,1,4000,0,-0.8134796777654072,0.00219560150144253,0.0020391830416721887,0.0023786261863288755,-2.4591661618586467,0.0020093210786790486,0.6259576385759351,2.0,0.21400029979800542
financial_15m,AAPL,F2,sgd,classification,2,4000,0,-0.751029446080793,0.0022668712450413238,0.0021223994567953685,0.0024367721835895826,-2.4525866457363295,0.002082583370356119,0.626408292023434,2.0,0.21400029979800542
financial_15m,AAPL,F2,sgd,classification,3,4000,0,-0.7846532966080028,0.00226075282750163,0.0020959166429923883,0.0024357721015705507,-2.4527197931133737,0.002068353121570867,0.6259576385759351,2.0,0.21400029979800542
financial_15m,AAPL,F2,adam,regression,0,45,1,-5.476677968683537,1.6738908580986805e-05,1.7748608533309183e-06,0.00010222063692085206,-4.587724611443809,1.0748726813101214e-05,0.5502367774039367,2.0,0.21400029979800542
financial_15m,AAPL,F2,adam,regression,1,42,1,0.5604812805185798,3.4291825583213895e-05,3.5398405642879918e-06,0.00014030257796907142,-4.519760096165568,4.40657524079313e-05,0.5469973181701695,2.0,0.21400029979800542
financial_15m,AAPL,F2,adam,regression,2,69,1,1.8241130942187918,2.0803144612477643e-05,5.767823072237886e-06,9.407707980589537e-05,-4.598989350163794,8.287475468040049e-06,0.5495996088079451,2.0,0.21400029979800542
financial_15m,AAPL,F2,adam,regression,3,53,1,2.277167822951819,1.729283970934617e-05,2.5307779949092983e-06,0.0001304892778154861,-4.665157940613464,8.168341247607131e-05,0.5472987817196189,2.0,0.21400029979800542
financial_15m,AAPL,F2,adam,classification,0,4000,0,-1.4859755336295144,9.519847955307316e-05,8.460203804316747e-05,0.0001114730601908385,-3.5752990105513094,8.240296593006633e-05,0.626408292023434,2.0,0.21400029979800542
financial_15m,AAPL,F2,adam,classification,1,4000,0,-1.5250395665278658,8.175426697598e-05,7.061022470536059e-05,9.590031662461655e-05,-3.6216197568948334,6.929331358198415e-05,0.626408292023434,2.0,0.21400029979800542
financial_15m,AAPL,F2,adam,classification,2,4000,0,-1.0743328965722176,0.00010196882193221504,9.353117494766737e-05,0.0001141598755463509,-3.573894790922046,8.948279942927982e-05,0.6277602523659306,2.0,0.21400029979800542
financial_15m,AAPL,F2,adam,classification,3,4000,0,-1.344396461554638,9.97706636218765e-05,8.553215974288428e-05,0.00011434399882352774,-3.5660127726284645,8.540784850162266e-05,0.6268589454709329,2.0,0.21400029979800542
financial_15m,AAPL,F4,sgd,regression,0,1443,1,-3.7116211242622033,3.735128996535197e-05,2.4498707990251903e-05,4.4755539298662295e-05,-3.6818727871952985,2.257069539601399e-05,0.5665892176337494,2.0,0.21400029979800542
financial_15m,AAPL,F4,sgd,regression,1,1570,1,-0.4073690435565817,3.855549231710321e-05,3.309028512262416e-05,6.481857725356708e-05,-3.694651320463722,2.6640508515945924e-05,0.565796193512953,2.0,0.21400029979800542
financial_15m,AAPL,F4,sgd,regression,2,1404,1,-1.8568338411772494,2.790016229601607e-05,2.1809289597283868e-05,3.915909990243015e-05,-3.764037533973581,1.7741551519583887e-05,0.5666702540224193,2.0,0.21400029979800542
financial_15m,AAPL,F4,sgd,regression,3,1480,1,-3.2441646156046997,3.679470961591664e-05,2.30712411253801e-05,5.1474730480703116e-05,-3.707332039453002,2.237028771847246e-05,0.5659287599386381,2.0,0.21400029979800542
financial_15m,AAPL,F4,sgd,classification,0,4000,0,-1.2178674718664393,0.000513280721427033,0.0004629765640847603,0.0005803017214806303,-2.9590098105674025,0.0004527382108973622,0.8751689950428121,2.0,0.21400029979800542
financial_15m,AAPL,F4,sgd,classification,1,4000,0,-1.21083602122022,0.00047601425630374524,0.0004274187883588762,0.0005389248410768786,-2.9792396951722004,0.0004213310602895017,0.8751689950428121,2.0,0.21400029979800542
financial_15m,AAPL,F4,sgd,classification,2,4000,0,-1.0590260148192991,0.0005198366139679503,0.0004762553112523904,0.0005767085109986826,-2.9607646520609783,0.00046191308740979863,0.8751689950428121,2.0,0.21400029979800542
financial_15m,AAPL,F4,sgd,classification,3,4000,0,-1.1402677312627407,0.0005178858719300159,0.0004596625118836406,0.0005774211972002842,-2.9613482864791894,0.00045476013870078574,0.8751689950428121,2.0,0.21400029979800542
financial_15m,AAPL,F4,adam,regression,0,158,1,-1.7646187947440655,8.556099137273728e-05,1.7532144932314198e-05,0.00034664117742448343,-3.917560669774151,7.853164334835515e-05,0.5684802186686944,2.0,0.21400029979800542
financial_15m,AAPL,F4,adam,regression,1,192,1,-0.49972568023066144,7.977881067253834e-05,1.866086230309594e-05,0.0003195356104547983,-3.981444012476082,0.00020332393939002103,0.5625601192374952,2.0,0.21400029979800542
financial_15m,AAPL,F4,adam,regression,2,83,1,-0.7276914517189892,7.535798739396141e-05,2.590747753631803e-05,0.00027915797666584616,-3.9707874434267683,5.824969454487994e-05,0.5680301792736198,2.0,0.21400029979800542
financial_15m,AAPL,F4,adam,regression,3,120,1,3.7520653449452284,0.00011393558644162183,2.3885203631358905e-05,0.00035731420541212596,-3.9773395415921295,3.1775103010511904e-05,0.5647457937385638,2.0,0.21400029979800542
financial_15m,AAPL,F4,adam,classification,0,1622,1,-2.246865160226602,2.3721749746857553e-05,1.8510889310804858e-05,2.7482519181137513e-05,-4.231912290737008,1.7981717630426047e-05,0.8819287967552952,2.0,0.21400029979800542
financial_15m,AAPL,F4,adam,classification,1,1682,1,-0.25243918273152927,1.968204804381262e-05,1.790268438687956e-05,2.0920363666956696e-05,-4.289952003570059,2.0332244343458716e-05,0.8810274898602974,2.0,0.21400029979800542
financial_15m,AAPL,F4,adam,classification,2,1803,1,-0.6675698865984113,2.5131605651697204e-05,2.3456262462668434e-05,2.9438434612815746e-05,-4.250809943102,2.0143705399528777e-05,0.8823794502027941,2.0,0.21400029979800542
financial_15m,AAPL,F4,adam,classification,3,1800,1,-1.5949942852708008,2.3852676693336146e-05,1.7933296734897524e-05,2.713619203066351e-05,-4.260046049461221,1.868492791977649e-05,0.8814781433077963,2.0,0.21400029979800542
financial_15m,AAPL,F7,sgd,regression,0,712,1,-2.121646118946255,1.2692240777709162e-05,4.312470639746809e-06,4.0558837622474955e-05,-3.975630193471644,3.19080350761603e-05,0.5699258459558773,2.0,0.21400029979800542
financial_15m,AAPL,F7,sgd,regression,1,695,1,1.3492781709002044,1.2737993298323605e-05,3.376227079355967e-06,7.142615279281383e-05,-3.9932851978845454,1.7898869982973994e-05,0.5681290899011285,2.0,0.21400029979800542
financial_15m,AAPL,F7,sgd,regression,2,656,1,-1.2597834128496521,1.7174668815199703e-05,8.282400406525625e-06,4.0238055609918326e-05,-4.073926496383965,7.520769324404604e-06,0.5693961013848189,2.0,0.21400029979800542
financial_15m,AAPL,F7,sgd,regression,3,619,1,0.5681481926588786,1.547504356618691e-05,7.404535497965206e-06,3.6519010101939115e-05,-4.022501011395515,1.0863476309124614e-05,0.568998048845598,2.0,0.21400029979800542
financial_15m,AAPL,F7,sgd,classification,0,4000,0,-1.651004471468122,0.0002604513776494337,0.00021975694910147614,0.0003016941314238018,-3.174663433662734,0.000213001102856244,0.8882379450202794,2.0,0.21400029979800542
financial_15m,AAPL,F7,sgd,classification,1,4000,0,-1.3823521028436065,0.00022711151282504044,0.00020351052406675812,0.0002598153904525247,-3.2075627929529444,0.000201651273515241,0.885984677782785,2.0,0.21400029979800542
financial_15m,AAPL,F7,sgd,classification,2,4000,0,-1.3984906549712657,0.00024570532199307243,0.00021855096818709202,0.00028026511365621294,-3.1902498965059403,0.00020917801016105434,0.8900405588102749,2.0,0.21400029979800542
financial_15m,AAPL,F7,sgd,classification,3,4000,0,-1.4286283606337697,0.00025893713687210956,0.0002172687332882163,0.00029432539446791716,-3.18613663050827,0.00021542869933773002,0.8882379450202794,2.0,0.21400029979800542
financial_15m,AAPL,F7,adam,regression,0,107,1,-0.6176614420175052,0.00026972686499795144,9.057983011418158e-05,0.0009392800417979226,-3.4916945228516116,0.0005568125917086732,0.5663014566899355,2.0,0.21400029979800542
financial_15m,AAPL,F7,adam,regression,1,93,1,-0.7454375771257585,0.00020913228776373027,7.304231933498917e-05,0.0006719800378178833,-3.551914223034682,0.00040443295133050475,0.5653951042862135,2.0,0.21400029979800542
financial_15m,AAPL,F7,adam,regression,2,78,1,-0.7440705332396486,0.0002701462481471661,0.00010201560546179813,0.0006934921111834269,-3.507842221580417,0.00024455131543083344,0.5713459295812181,2.0,0.21400029979800542
financial_15m,AAPL,F7,adam,regression,3,114,1,2.6913055103503947,0.000281486775628297,0.00010576563015157304,0.0006160183581705928,-3.5445869485460015,0.000256179177603144,0.5673229888964262,2.0,0.21400029979800542
financial_15m,AAPL,F7,adam,classification,0,566,1,-3.447329120964267,7.198319301504595e-06,2.6081325068185964e-06,4.4195439858555835e-05,-4.618699707215408,2.422432605201182e-05,0.8900405588102749,2.0,0.21400029979800542
financial_15m,AAPL,F7,adam,classification,1,663,1,2.276636693425921,1.3496151301312988e-05,4.657783329528598e-06,6.598868162800879e-05,-4.527795253778901,5.1339072378570525e-06,0.8909418657052727,2.0,0.21400029979800542
financial_15m,AAPL,F7,adam,classification,2,637,1,-2.4424453104203834,1.4549210101133078e-05,6.2236715660967885e-06,4.749326991847968e-05,-4.550502663511363,6.331898188418498e-06,0.8918431726002704,2.0,0.21400029979800542
financial_15m,AAPL,F7,adam,classification,3,486,1,-0.7788972623308645,9.742515750792611e-06,5.497722693942997e-06,2.605237649658202e-05,-4.690808667251711,8.100323888043252e-06,0.8900405588102749,2.0,0.21400029979800542
financial_15m,AAPL,F10,sgd,regression,0,2468,1,-3.905141458423131,5.418508619962953e-06,4.705044519345016e-06,8.998934150458694e-06,-4.250575895533469,4.7012957909734335e-06,0.5465628218643519,2.0,0.21400029979800542
financial_15m,AAPL,F10,sgd,regression,1,1739,1,1.6859891108453517,5.665807359544075e-06,4.293251508236237e-06,8.632773288069244e-06,-4.4072454795555265,6.106563972766521e-06,0.5470513253346546,2.0,0.21400029979800542
financial_15m,AAPL,F10,sgd,regression,2,2152,1,-1.2826575148633013,1.0983462234369388e-05,9.023268766849733e-06,1.4026919234885731e-05,-4.228710078734697,7.24575833049646e-06,0.5461126429540447,2.0,0.21400029979800542
financial_15m,AAPL,F10,sgd,regression,3,2381,1,-2.9444684754760693,6.281934923253005e-06,4.307330523700713e-06,1.0382891966334257e-05,-4.253524556214546,4.947202662141465e-06,0.5464558786232763,2.0,0.21400029979800542
financial_15m,AAPL,F10,sgd,classification,0,4000,0,-0.675198583536434,0.0020734093868467977,0.001953333577424222,0.0022177859229097993,-2.5287944843767165,0.0019263546696582274,0.6953582694907616,2.0,0.21400029979800542
financial_15m,AAPL,F10,sgd,classification,1,4000,0,-0.6858459050237555,0.002026244308968848,0.0019023482206529834,0.00216831732800174,-2.534882857005552,0.001878558473234765,0.6953582694907616,2.0,0.21400029979800542
financial_15m,AAPL,F10,sgd,classification,2,4000,0,-0.6283236950682195,0.0020860317394207116,0.0019729961972080197,0.0022165409466815594,-2.528989869090671,0.0019412590840195982,0.6953582694907616,2.0,0.21400029979800542
financial_15m,AAPL,F10,sgd,classification,3,4000,0,-0.6584931402269546,0.0020809929976547434,0.0019510761235484997,0.0022157518385838397,-2.529107141481274,0.0019293447413095495,0.6953582694907616,2.0,0.21400029979800542
financial_15m,AAPL,F10,adam,regression,0,247,1,-6.35839710820231,8.624458358429954e-06,1.237121391385922e-06,7.162930846149622e-05,-4.796170800602323,1.8015709524960804e-06,0.5458872222478759,2.0,0.21400029979800542
financial_15m,AAPL,F10,adam,regression,1,134,1,1.0761648964262325,2.3644465647079353e-05,2.377957023042463e-06,0.0001121453573941026,-4.69473296252414,1.9771120363798112e-05,0.5449014540480082,2.0,0.21400029979800542
financial_15m,AAPL,F10,adam,regression,2,88,1,2.3140446830745467,1.5517040741865526e-05,2.044516275236806e-06,7.113978292959855e-05,-4.8161530507365535,1.1234647240685934e-05,0.5462023774741337,2.0,0.21400029979800542
financial_15m,AAPL,F10,adam,regression,3,90,1,1.97273812972199,1.5284937015628555e-05,1.690429731727266e-06,8.105912984705424e-05,-4.840446234787796,7.176763272857157e-05,0.5439071819247284,2.0,0.21400029979800542
financial_15m,AAPL,F10,adam,classification,0,4000,0,-1.3713143175032927,0.00011309885394868248,0.00010133846129280033,0.00013074632391985312,-3.5347318060182804,9.892644379204532e-05,0.6953582694907616,2.0,0.21400029979800542
financial_15m,AAPL,F10,adam,classification,1,4000,0,-1.3989739720782948,9.893138719768073e-05,8.657885012050138e-05,0.00011440937354848434,-3.5762376194745364,8.503142078521644e-05,0.6953582694907616,2.0,0.21400029979800542
financial_15m,AAPL,F10,adam,classification,2,4000,0,-1.020139764671045,0.00011989606298862798,0.00011040493174975136,0.000133354208267303,-3.5338937460127937,0.0001061180192431567,0.6958089229382605,2.0,0.21400029979800542
financial_15m,AAPL,F10,adam,classification,3,4000,0,-1.2481961394754069,0.00011780824197726061,0.00010227614464321922,0.0001335639244324297,-3.526892944306019,0.00010205289375174825,0.6967102298332583,2.0,0.21400029979800542
financial_15m,AAPL,F11,sgd,regression,0,109,1,-0.9276885793398668,0.00013853869789634456,3.973945528373882e-05,0.0003049319876630799,-3.82986285319544,5.4909366518203875e-05,0.5483190016954037,2.0,0.21400029979800542
financial_15m,AAPL,F11,sgd,regression,1,115,1,0.37804741828325533,0.00010290156154579467,4.031143928838344e-05,0.00024899007705975104,-3.8754132427735954,0.0001794373985249092,0.5473797581704064,2.0,0.21400029979800542
financial_15m,AAPL,F11,sgd,regression,2,102,1,-0.9221387525050505,0.00012388958420963625,5.8161891156855145e-05,0.00024813791742633623,-3.859750137270236,7.896905087691953e-05,0.548345284484372,2.0,0.21400029979800542
financial_15m,AAPL,F11,sgd,regression,3,112,1,1.837284983843203,0.00012928342131994454,4.8819682330577546e-05,0.0003014908431986322,-3.8585094103705235,0.00011908172322563356,0.5477956351082113,2.0,0.21400029979800542
financial_15m,AAPL,F11,sgd,classification,0,891,1,-0.22095423911861367,9.632699263054333e-06,3.998525676933259e-06,2.928431113424947e-05,-4.720391185492785,2.627041049451974e-05,0.8846327174402884,2.0,0.21400029979800542
financial_15m,AAPL,F11,sgd,classification,1,3459,1,2.4230319349699876,1.8278138941398497e-05,6.547788072490506e-06,3.038564362586505e-05,-4.615565097929663,1.6686282708230546e-05,0.8841820639927895,2.0,0.21400029979800542
financial_15m,AAPL,F11,sgd,classification,2,584,1,-2.0504207343292973,1.829911383521995e-05,1.3036638905715214e-05,2.4262079314827498e-05,-4.614417180926031,1.8722169018629114e-05,0.8814781433077963,2.0,0.21400029979800542
financial_15m,AAPL,F11,sgd,classification,3,1095,1,2.1291211931323843,1.3087534352061932e-05,6.3164423733336535e-06,3.698183529835808e-05,-4.75213430055844,4.601595614158405e-06,0.8855340243352862,2.0,0.21400029979800542
financial_15m,AAPL,F11,adam,regression,0,339,1,0.2690650485525016,0.002580903955123231,0.0009624429428977685,0.005077943390528708,-2.6494616287555885,0.0004490043708068283,0.5472426011626456,2.0,0.21400029979800542
financial_15m,AAPL,F11,adam,regression,1,817,1,-0.47602620415152097,0.0023624093751731215,0.0009263576880340999,0.004757883978796728,-2.6569326972080924,0.0024553096456250813,0.5462725710407373,2.0,0.21400029979800542
financial_15m,AAPL,F11,adam,regression,2,772,1,-0.11422632882555406,0.0025498323370637802,0.0008871096956688534,0.005196335932888902,-2.643234767176913,0.0010564383828787682,0.550165808703493,2.0,0.21400029979800542
financial_15m,AAPL,F11,adam,regression,3,4000,0,1.0167786143343946,0.002391524978442982,0.0009930906666642068,0.0050544112797055755,-2.635825762710466,0.001144587795148752,0.5476805953650846,2.0,0.21400029979800542
financial_15m,AAPL,F11,adam,classification,0,4000,0,-1.0732699482551191,0.000287370817931755,0.00010121455164144198,0.0007234994363565743,-3.5196855649767036,7.493645901248108e-05,0.8778729157278053,2.0,0.21400029979800542
financial_15m,AAPL,F11,adam,classification,1,4000,0,0.623203334668924,0.0002538253020906944,0.00011111868772691642,0.0004981172841622053,-3.5623613294063405,0.00019799983127483857,0.8801261829652997,2.0,0.21400029979800542
financial_15m,AAPL,F11,adam,classification,2,4000,0,-0.43957808923634195,0.00030326842806912527,0.0001503531443375633,0.0005968262066737945,-3.5386168022012,0.00031372980670150405,0.8841820639927895,2.0,0.21400029979800542
financial_15m,AAPL,F11,adam,classification,3,4000,0,1.1122297940777128,0.00027801665308908055,0.00011779396115232756,0.0005931712097866684,-3.5453774134135307,0.0002415507679758641,0.8904912122577737,2.0,0.21400029979800542
financial_15m,AAPL,FA,sgd,regression,0,582,1,-1.2769831762134627,1.5010532390421674e-05,3.5350695538852797e-06,6.071491332343817e-05,-3.944196486527581,3.864454092497001e-05,0.5971255865397997,2.0,0.21400029979800542
financial_15m,AAPL,FA,sgd,regression,1,595,1,2.023890118795743,1.7436403991960955e-05,4.260740510970888e-06,8.956128919596591e-05,-3.940995103628138,3.201064103991962e-05,0.5949145892663491,2.0,0.21400029979800542
financial_15m,AAPL,FA,sgd,regression,2,569,1,-1.0636602381819016,1.9112775005442528e-05,7.457121806966402e-06,4.876953112658559e-05,-4.119056427059422,7.227540216554969e-06,0.5965062517764652,2.0,0.21400029979800542
financial_15m,AAPL,FA,sgd,regression,3,551,1,2.195518632896597,2.189204866507203e-05,9.210768583842652e-06,5.127794910172296e-05,-3.942172792331595,1.7060173366414414e-05,0.5962796744274018,2.0,0.21400029979800542
financial_15m,AAPL,FA,sgd,classification,0,4000,0,-1.43456980546279,0.00025945308897524664,0.00022794101593281944,0.0002980997459137243,-3.1617354912102194,0.00022214444416723364,0.8630013519603424,2.0,0.21400029979800542
financial_15m,AAPL,FA,sgd,classification,1,4000,0,-1.268763444464834,0.0002342866122254837,0.00021190312145424856,0.00026742374292571496,-3.190703934346421,0.00021028636305897027,0.8630013519603424,2.0,0.21400029979800542
financial_15m,AAPL,FA,sgd,classification,2,4000,0,-1.159829485924461,0.0002545992887308717,0.00023082045927415694,0.00028397676739042965,-3.1739914403210583,0.0002212532226263167,0.8630013519603424,2.0,0.21400029979800542
financial_15m,AAPL,FA,sgd,classification,3,4000,0,-1.3006612773709831,0.0002643754882417466,0.00022716150987732848,0.00029872556069583336,-3.1648862130990465,0.0002262465513458561,0.8630013519603424,2.0,0.21400029979800542
financial_15m,AAPL,FA,adam,regression,0,105,1,-0.21219924327988515,0.00035049374332125265,0.00011761861340048654,0.0011887036260633686,-3.3968185949304694,0.0006153679592469528,0.59508977646018,2.0,0.21400029979800542
financial_15m,AAPL,FA,adam,regression,1,88,1,-0.7266385821528994,0.0002718430177458034,9.166305756824713e-05,0.0008795426489954398,-3.445627390910339,0.000647977537679285,0.5922615937009614,2.0,0.21400029979800542
financial_15m,AAPL,FA,adam,regression,2,79,1,-0.5872865058781368,0.0003407700524357439,0.00013141057026067553,0.0010114029889765523,-3.402164977252801,0.00040765648370150593,0.6018360786152086,2.0,0.21400029979800542
financial_15m,AAPL,FA,adam,regression,3,94,1,2.2327379790962985,0.00033034566095360826,0.0001361393111205218,0.0008089341419754112,-3.4392148557434186,0.00026085808936181037,0.5886028412911047,2.0,0.21400029979800542
financial_15m,AAPL,FA,adam,classification,0,574,1,-3.559831772193485,7.1983501495930525e-06,2.6543147197733477e-06,3.690791286977688e-05,-4.586442248986556,2.2182663196718566e-05,0.8661559260928346,2.0,0.21400029979800542
financial_15m,AAPL,FA,adam,classification,1,658,1,2.2397377028135184,1.3464261293679871e-05,4.0501980832963435e-06,6.119908623183773e-05,-4.502152990105246,4.5127342626407355e-06,0.8639026588553402,2.0,0.21400029979800542
financial_15m,AAPL,FA,adam,classification,2,631,1,-1.684262708954334,1.3410749795477983e-05,5.955083123999714e-06,4.632919338100424e-05,-4.597210206873333,4.536417342318557e-06,0.864803965750338,2.0,0.21400029979800542
financial_15m,AAPL,FA,adam,classification,3,585,1,-3.2009382446031847,9.152709930785694e-06,2.9475328255452445e-06,2.0471773833458718e-05,-4.619624091521173,5.533814182881597e-06,0.8657052726453357,2.0,0.21400029979800542
financial_15m,ADA-USD,F0,sgd,regression,0,230,1,-0.9101461502358914,0.00012120056162505125,2.911626944060153e-05,0.0002532663453495498,-3.903081124303371,5.907571619809253e-05,0.9509332579067851,1.5410161567776177,0.046981938443697
financial_15m,ADA-USD,F0,sgd,regression,1,195,1,0.34376029935968344,8.601233398582232e-05,3.229160749870994e-05,0.00021302461158943274,-3.9441002842392154,0.00015208368534491113,0.9504848800646852,1.5410161567776177,0.046981938443697
financial_15m,ADA-USD,F0,sgd,regression,2,142,1,-1.0490101463709032,0.00010797616326698368,4.888108656329401e-05,0.00020544588270082463,-3.9201622719635294,8.010909817780826e-05,0.9505231300367651,1.5410161567776177,0.046981938443697
financial_15m,ADA-USD,F0,sgd,regression,3,104,1,2.1556315728030153,0.0001106852634763763,4.27530771171928e-05,0.000267540719493338,-3.9223097983245463,0.00011491642523674046,0.950864468855191,1.5410161567776177,0.046981938443697
financial_15m,ADA-USD,F0,sgd,classification,0,1679,1,-0.9191322049225216,7.512060459027815e-06,2.8983558746646908e-06,2.3171042684743404e-05,-4.728602311278401,2.0600592819376006e-05,0.5157159487776485,1.5410161567776177,0.046981938443697
financial_15m,ADA-USD,F0,sgd,classification,1,2817,1,2.281428830782522,1.6317040851949376e-05,6.2177258308165166e-06,2.677917748176356e-05,-4.616663587131155,1.414681337234102e-05,0.5139697322467986,1.5410161567776177,0.046981938443697
financial_15m,ADA-USD,F0,sgd,classification,2,2304,1,-2.043539091694874,1.6689355018361872e-05,1.1943108662628968e-05,2.1720541375254968e-05,-4.533080991447712,1.5727284650988832e-05,0.5081490104772992,1.5410161567776177,0.046981938443697
financial_15m,ADA-USD,F0,sgd,classification,3,1073,1,1.9762634646073571,1.1779104520899036e-05,5.878070572662687e-06,3.2712809767694604e-05,-4.788357612290671,3.860220905122605e-06,0.5162980209545984,1.5410161567776177,0.046981938443697
financial_15m,ADA-USD,F0,adam,regression,0,4000,0,0.17893652055489367,0.0022086331756546503,0.0007936556696337682,0.004440202715731763,-2.715351199097181,0.0006408722904483242,0.9505900682265755,1.5410161567776177,0.046981938443697
financial_15m,ADA-USD,F0,adam,regression,1,3714,1,-0.4194734594490544,0.002032636642183358,0.0008182060629064228,0.004137361061219655,-2.7173173158101998,0.00174000182707023,0.9501761467422882,1.5410161567776177,0.046981938443697
financial_15m,ADA-USD,F0,adam,regression,2,4000,0,0.09161922562651684,0.002213086208663683,0.0008477292888042637,0.0046671203191463485,-2.71000626055242,0.0013681272366339496,0.9504435541979708,1.5410161567776177,0.046981938443697
financial_15m,ADA-USD,F0,adam,regression,3,334,1,0.7177699907984977,0.001947469454608594,0.0007862275578181999,0.004276017222711463,-2.705363862936583,0.00047444814729636974,0.9502167707827188,1.5410161567776177,0.046981938443697
financial_15m,ADA-USD,F0,adam,classification,0,4000,0,-1.2244017864034373,0.0002550745569329495,8.278237272574035e-05,0.0006827873783917285,-3.560806149161279,6.377936136526241e-05,0.5046565774155995,1.5410161567776177,0.046981938443697
financial_15m,ADA-USD,F0,adam,classification,1,1859,1,0.6311471632515973,0.00022630310469522413,9.133877444032457e-05,0.0004924306439450801,-3.607416739701266,0.0001776946228335572,0.5145518044237486,1.5410161567776177,0.046981938443697
financial_15m,ADA-USD,F0,adam,classification,2,4000,0,-0.34882552637969433,0.0002700034981503492,0.00013489945458690283,0.0005530718770325728,-3.5877873893673136,0.00028118502108249587,0.5186263096623981,1.5410161567776177,0.046981938443697
financial_15m,ADA-USD,F0,adam,classification,3,4000,0,1.3625968214599502,0.0002526988137441224,9.90371333523184e-05,0.0005700921888509464,-3.5891500003161347,0.00025811134735509905,0.5081490104772992,1.5410161567776177,0.046981938443697
financial_15m,ADA-USD,F1,sgd,regression,0,502,1,-3.471759615114436,6.046557802604563e-05,3.70956199371402e-05,7.528631947539567e-05,-3.6163290267656674,3.2168053955732515e-05,1.003750124284968,1.5410161567776177,0.046981938443697
financial_15m,ADA-USD,F1,sgd,regression,1,602,1,-0.571044890814183,5.0604460638866595e-05,4.12670304951084e-05,9.137599357665648e-05,-3.645645401925993,3.743912951326322e-05,1.003492821271025,1.5410161567776177,0.046981938443697
financial_15m,ADA-USD,F1,sgd,regression,2,453,1,-3.0367634428985864,4.1095677226798226e-05,2.8382409418323622e-05,6.355073797707508e-05,-3.6784738804710706,2.558934456426562e-05,1.0052932086884432,1.5410161567776177,0.046981938443697
financial_15m,ADA-USD,F1,sgd,regression,3,478,1,-2.3364835944505877,5.915304010801397e-05,4.0970304204271666e-05,7.369446700229272e-05,-3.6505553170689753,3.9154459737847236e-05,1.0032237329421168,1.5410161567776177,0.046981938443697
financial_15m,ADA-USD,F1,sgd,classification,0,4000,0,-1.4510111675626505,0.001805526900077189,0.0015960805927279227,0.002084293353109144,-2.3310473867886623,0.0015518946541138597,0.48020954598370197,1.5410161567776177,0.046981938443697
financial_15m,ADA-USD,F1,sgd,classification,1,4000,0,-1.464917247239338,0.0017294554926451729,0.0015191254538521604,0.0019983476161784166,-2.342492587552043,0.0014831997016991232,0.48137369033760186,1.5410161567776177,0.046981938443697
financial_15m,ADA-USD,F1,sgd,classification,2,4000,0,-1.3479522738348606,0.0018296938069770393,0.0016322916247371575,0.0020828558184506326,-2.3312956044744144,0.0015783938742996164,0.48137369033760186,1.5410161567776177,0.046981938443697
financial_15m,ADA-USD,F1,sgd,classification,3,4000,0,-1.4095984934472234,0.0018206551963457064,0.0015911807628552154,0.002080068945410194,-2.331621725367193,0.0015578138524355452,0.4807916181606519,1.5410161567776177,0.046981938443697
financial_15m,ADA-USD,F1,adam,regression,0,55,1,-2.7123540733768707,7.130416334505002e-05,8.297409378375504e-06,0.00043958793616551844,-3.9497546912403605,0.0003445170605087407,1.0130254463407231,1.5410161567776177,0.046981938443697
financial_15m,ADA-USD,F1,adam,regression,1,84,1,-1.2033170348073379,6.78107861623136e-05,1.2533957431157886e-05,0.00043374012000563776,-3.999884440876751,0.000268326163412913,1.003182360124152,1.5410161567776177,0.046981938443697
financial_15m,ADA-USD,F1,adam,regression,2,52,1,-1.020832228812246,7.450005978682094e-05,1.4498782050732806e-05,0.0003542034921660392,-3.9797081456119914,1.9422335254264042e-05,1.0142308923305183,1.5410161567776177,0.046981938443697
financial_15m,ADA-USD,F1,adam,regression,3,85,1,5.134011431445118,0.00010535759342706325,1.7456154519592807e-05,0.00036866476062447084,-4.011408178366189,1.1703938836367116e-05,1.0106723049531705,1.5410161567776177,0.046981938443697
financial_15m,ADA-USD,F1,adam,classification,0,832,1,-2.599752555288829,4.7706619749009775e-05,3.349722003436825e-05,5.6843187765889775e-05,-3.8114809777393215,3.165958324669053e-05,0.4807916181606519,1.5410161567776177,0.046981938443697
financial_15m,ADA-USD,F1,adam,classification,1,836,1,-0.8557453191425858,3.7068547547085585e-05,3.4418446461792925e-05,3.979269571478487e-05,-3.8780469774942934,3.570121496613749e-05,0.48253783469150174,1.5410161567776177,0.046981938443697
financial_15m,ADA-USD,F1,adam,classification,2,912,1,-1.7054528861693727,4.152338032141927e-05,3.627905204237421e-05,5.122020088653816e-05,-3.836546203266859,3.1463889846486366e-05,0.479627473806752,1.5410161567776177,0.046981938443697
financial_15m,ADA-USD,F1,adam,classification,3,782,1,-1.9191368083672928,4.684095314209507e-05,3.426724483350704e-05,5.4938705647150536e-05,-3.836051080727532,3.455978884288079e-05,0.48370197904540163,1.5410161567776177,0.046981938443697
financial_15m,ADA-USD,F2,sgd,regression,0,1413,1,-1.4350541640710397,1.0663463165831927e-05,9.188825617600347e-06,1.1936338264881335e-05,-4.253642761317953,8.923128429442436e-06,0.959473102627895,1.5410161567776177,0.046981938443697
financial_15m,ADA-USD,F2,sgd,regression,1,1242,1,2.1453116095804026,1.3523572496174354e-05,8.651952309906972e-06,1.9811322976497157e-05,-4.357378868700644,1.2133595265967317e-05,0.960120853972772,1.5410161567776177,0.046981938443697
financial_15m,ADA-USD,F2,sgd,regression,2,1380,1,-0.6853589572391019,1.3160567100367777e-05,1.0614979462215483e-05,1.6875351167117727e-05,-4.26661560603372,9.157774188745273e-06,0.959161514009516,1.5410161567776177,0.046981938443697
financial_15m,ADA-USD,F2,sgd,regression,3,1459,1,-0.724634675506444,9.872938842757188e-06,9.05207280544685e-06,1.2350931533905552e-05,-4.26985968387857,8.700276006953486e-06,0.9593617732634534,1.5410161567776177,0.046981938443697
financial_15m,ADA-USD,F2,sgd,classification,0,4000,0,-0.9081840518211165,0.0028597580103205877,0.0026397072632674966,0.0031282505157383435,-2.3280209120244155,0.0025907797379255185,0.47264260768335276,1.5410161567776177,0.046981938443697
financial_15m,ADA-USD,F2,sgd,classification,1,4000,0,-0.9199617602425474,0.002789925303741724,0.002565160933830101,0.00305321339824288,-2.3345576694676122,0.0025214724604241587,0.47264260768335276,1.5410161567776177,0.046981938443697
financial_15m,ADA-USD,F2,sgd,classification,2,4000,0,-0.855014468788387,0.0028802296148417897,0.002670589561488901,0.0031268465302338694,-2.328162895385352,0.0026140886927008182,0.47380675203725264,1.5410161567776177,0.046981938443697
financial_15m,ADA-USD,F2,sgd,classification,3,4000,0,-0.8889017542205412,0.002872102289128163,0.0026364768824424217,0.00312506355503961,-2.3283395233130513,0.0025956818044302384,0.47264260768335276,1.5410161567776177,0.046981938443697
financial_15m,ADA-USD,F2,adam,regression,0,41,1,-5.562725393630104,1.7291482614736966e-05,1.6831676055838733e-06,0.00010374175840506395,-4.599225954205401,9.471129738367667e-06,0.9643199240322515,1.5410161567776177,0.046981938443697
financial_15m,ADA-USD,F2,adam,regression,1,40,1,0.5574554581691235,3.447785446372939e-05,3.3638855565308108e-06,0.00014234796007241558,-4.519419841967532,4.65442682239175e-05,0.9584755686319714,1.5410161567776177,0.046981938443697
financial_15m,ADA-USD,F2,adam,regression,2,68,1,2.187760459332286,2.0234555249441033e-05,5.187771540113363e-06,9.479499869758736e-05,-4.622704464057196,6.9377964291596254e-06,0.964461093235468,1.5410161567776177,0.046981938443697
financial_15m,ADA-USD,F2,adam,regression,3,51,1,1.7454986954496625,1.7298192672192087e-05,2.004540646569707e-06,0.00013600266387490996,-4.6709928931094575,7.972061738559949e-05,0.9592806967725259,1.5410161567776177,0.046981938443697
financial_15m,ADA-USD,F2,adam,classification,0,2638,1,-2.058640795540575,5.27329517574006e-05,4.483427159400207e-05,6.575790108151756e-05,-3.6952775639274202,4.341448835505341e-05,0.47380675203725264,1.5410161567776177,0.046981938443697
financial_15m,ADA-USD,F2,adam,classification,1,2340,1,-2.1046625444908087,4.0695303019706674e-05,3.3202197356611175e-05,5.1046705768329594e-05,-3.7683990716734463,3.2778671274668925e-05,0.47380675203725264,1.5410161567776177,0.046981938443697
financial_15m,ADA-USD,F2,adam,classification,2,2411,1,-1.3302434812266986,5.915220296966311e-05,5.368072764361569e-05,6.874390840418713e-05,-3.6901870966649004,5.0034909347930386e-05,0.47264260768335276,1.5410161567776177,0.046981938443697
financial_15m,ADA-USD,F2,adam,classification,3,2636,1,-1.7865861095151188,5.653151357770847e-05,4.571263178722153e-05,6.797687711222819e-05,-3.68246534133012,4.575794524109236e-05,0.4732246798603027,1.5410161567776177,0.046981938443697
financial_15m,ADA-USD,F4,sgd,regression,0,682,1,-3.575779731856669,2.077679052161481e-05,1.4948482023855367e-05,4.022640540481327e-05,-3.7878235577413797,2.2851337442225904e-05,1.0312206979651608,1.5410161567776177,0.046981938443697
financial_15m,ADA-USD,F4,sgd,regression,1,715,1,-1.1480923943067984,2.5535418774218968e-05,1.1628748752140714e-05,8.324329773885122e-05,-3.7708656476804743,1.8022401865143987e-05,1.028192637208601,1.5410161567776177,0.046981938443697
financial_15m,ADA-USD,F4,sgd,regression,2,644,1,-0.6625408444673546,2.2320175160237006e-05,1.4251466905343596e-05,4.469908675768487e-05,-3.8772052165374515,1.2047255363101684e-05,1.0318099442679787,1.5410161567776177,0.046981938443697
financial_15m,ADA-USD,F4,sgd,regression,3,601,1,-2.900045490232762,2.186560224751394e-05,1.125147824986688e-05,3.684659696518927e-05,-3.8150336122598576,1.640388353070383e-05,1.029528761509371,1.5410161567776177,0.046981938443697
financial_15m,ADA-USD,F4,sgd,classification,0,4000,0,-1.416806782679289,0.0010817847839850727,0.0009519710034745273,0.0012370799717751717,-2.534280263693705,0.0009269191086203069,0.48370197904540163,1.5410161567776177,0.046981938443697
financial_15m,ADA-USD,F4,sgd,classification,1,4000,0,-1.3357846366751756,0.0010142707762529663,0.0009067905030171238,0.0011560265009685068,-2.5508770062058574,0.0008926229076699171,0.4831199068684517,1.5410161567776177,0.046981938443697
financial_15m,ADA-USD,F4,sgd,classification,2,4000,0,-1.3049689843975194,0.0010646217411649477,0.0009539834425897425,0.0012045620547628995,-2.53979371192416,0.0009229520374693117,0.4819557625145518,1.5410161567776177,0.046981938443697
financial_15m,ADA-USD,F4,sgd,classification,3,4000,0,-1.3278830177147614,0.0010813528565045687,0.000943123301279074,0.0012219812389993555,-2.5384025908534222,0.0009286556464895645,0.48370197904540163,1.5410161567776177,0.046981938443697
financial_15m,ADA-USD,F4,adam,regression,0,89,1,-0.9777719724090163,0.0001651300409374186,5.613455535122581e-05,0.0007257585767527942,-3.618000950315565,0.0005539695621483796,1.0264774942286614,1.5410161567776177,0.046981938443697
financial_15m,ADA-USD,F4,adam,regression,1,80,1,-1.426497769433955,0.00014565575581395175,4.304065783384162e-05,0.0005764032700210429,-3.675390545152579,0.0004897168974434771,1.0208360516705846,1.5410161567776177,0.046981938443697
financial_15m,ADA-USD,F4,adam,regression,2,68,1,-0.7420835206140166,0.00018174543629307535,6.019107753446916e-05,0.0006065346808767844,-3.6403456042702618,9.52643777496315e-05,1.0349273328341744,1.5410161567776177,0.046981938443697
financial_15m,ADA-USD,F4,adam,regression,3,88,1,2.9442627534836334,0.000206553569151015,6.500193199666108e-05,0.0005360586725223119,-3.667312058186615,0.00012274933650728,1.0258397461512745,1.5410161567776177,0.046981938443697
financial_15m,ADA-USD,F4,adam,classification,0,683,1,-4.672026809710896,8.731346189603514e-06,3.487372948568519e-06,2.3978479606682493e-05,-4.257514574516376,1.489015817503641e-05,0.4819557625145518,1.5410161567776177,0.046981938443697
financial_15m,ADA-USD,F4,adam,classification,1,726,1,1.4676966972595953,1.2825855772228016e-05,5.047160032443512e-06,6.013162127979653e-05,-4.235898027609083,3.324595941571621e-06,0.4831199068684517,1.5410161567776177,0.046981938443697
financial_15m,ADA-USD,F4,adam,classification,2,660,1,-1.9554747612127195,1.3004677603122835e-05,6.329197227285491e-06,3.5557153946631354e-05,-4.270722984687414,5.8146529048616365e-06,0.48370197904540163,1.5410161567776177,0.046981938443697
financial_15m,ADA-USD,F4,adam,classification,3,589,1,-4.332162377481656,9.799018408407001e-06,3.4626700690260404e-06,1.9051943799491313e-05,-4.306768689755697,7.605081786684917e-06,0.4842840512223516,1.5410161567776177,0.046981938443697
financial_15m,ADA-USD,F7,sgd,regression,0,2056,1,-2.5654409500502817,6.207947734349686e-05,4.99037503042412e-05,7.11568284322122e-05,-3.5542886959854423,4.740786884830194e-05,0.9236166988238802,1.5410161567776177,0.046981938443697
financial_15m,ADA-USD,F7,sgd,regression,1,1859,1,-0.5910893588951112,6.815920333627128e-05,6.220778575618554e-05,8.846658871271148e-05,-3.555787414927949,5.251708493911327e-05,0.9241156838536175,1.5410161567776177,0.046981938443697
financial_15m,ADA-USD,F7,sgd,regression,2,1815,1,-1.347786309778707,5.414621261666663e-05,4.594106666076469e-05,6.434529171367487e-05,-3.6104547218730416,4.019467872750369e-05,0.9232105938121737,1.5410161567776177,0.046981938443697
financial_15m,ADA-USD,F7,sgd,regression,3,1815,1,-2.311074424044387,6.468830978283618e-05,4.753915999061766e-05,8.193763148757324e-05,-3.567414678049925,4.7087404007803555e-05,0.9236539027265166,1.5410161567776177,0.046981938443697
financial_15m,ADA-USD,F7,sgd,classification,0,4000,0,-0.9682784549692167,0.0014978851128869502,0.0013745652202756138,0.0016442907475066183,-2.5678715289184435,0.0013491538271860816,0.5215366705471478,1.5410161567776177,0.046981938443697
financial_15m,ADA-USD,F7,sgd,classification,1,4000,0,-0.9357170349563164,0.0014325200563279393,0.0013199644146283643,0.0015703897954531356,-2.579132277570965,0.0013030406432929344,0.5221187427240978,1.5410161567776177,0.046981938443697
financial_15m,ADA-USD,F7,sgd,classification,2,4000,0,-0.8947650102810984,0.0014913943427544347,0.0013834849992814377,0.0016257104798210707,-2.5701988200471915,0.001353250365594937,0.5186263096623981,1.5410161567776177,0.046981938443697
financial_15m,ADA-USD,F7,sgd,classification,3,4000,0,-0.9100108409369849,0.001497166531560516,0.0013671128309339757,0.001630016473881206,-2.5710576702730843,0.0013492509269248617,0.5209545983701979,1.5410161567776177,0.046981938443697
financial_15m,ADA-USD,F7,adam,regression,0,226,1,-1.993434447391497,8.30592814051175e-05,1.466975598110121e-05,0.00033458693825661113,-3.949197418333122,4.3792556874924405e-05,0.9151662705380206,1.5410161567776177,0.046981938443697
financial_15m,ADA-USD,F7,adam,regression,1,195,1,-0.22407917102643365,7.673827789457922e-05,1.8157452725354627e-05,0.0002762931897618536,-4.023012825345582,0.00018674122001867443,0.9156362687297215,1.5410161567776177,0.046981938443697
financial_15m,ADA-USD,F7,adam,regression,2,141,1,-0.6743568943476036,7.22463775253961e-05,2.0661303358087667e-05,0.0002489232841037421,-4.008983159515067,5.369243905409789e-05,0.9151723946902118,1.5410161567776177,0.046981938443697
financial_15m,ADA-USD,F7,adam,regression,3,146,1,3.689366226574354,0.00010116248752910822,1.712692317311783e-05,0.000323778497638951,-4.018914997567478,2.4636623304785535e-05,0.9175996098167553,1.5410161567776177,0.046981938443697
financial_15m,ADA-USD,F7,adam,classification,0,3606,1,-1.8606718813944345,7.704512871771016e-05,6.323815066962155e-05,8.798324977415199e-05,-3.690592794367829,6.035228628284869e-05,0.5389988358556461,1.5410161567776177,0.046981938443697
financial_15m,ADA-USD,F7,adam,classification,1,3214,1,-0.44367874771272375,7.131456424229403e-05,6.775049131137954e-05,7.66835887048103e-05,-3.717011936464988,6.713242019527909e-05,0.5366705471478463,1.5410161567776177,0.046981938443697
financial_15m,ADA-USD,F7,adam,classification,2,3378,1,-1.3429730466620886,7.175696250885262e-05,6.46776336382712e-05,8.573928606101681e-05,-3.70803559153786,5.82944896017842e-05,0.5389988358556461,1.5410161567776177,0.046981938443697
financial_15m,ADA-USD,F7,adam,classification,3,3704,1,-1.4823281288758903,8.09316716261695e-05,6.499273672642608e-05,9.264291051824125e-05,-3.6963611552469704,6.618669654154512e-05,0.5384167636786962,1.5410161567776177,0.046981938443697
financial_15m,ADA-USD,F10,sgd,regression,0,1706,1,-1.983342737082182,9.366413735474305e-06,8.379304363740005e-06,1.1373993044100922e-05,-4.220495984609247,8.210188949829616e-06,0.9613934695299701,1.5410161567776177,0.046981938443697
financial_15m,ADA-USD,F10,sgd,regression,1,1467,1,1.9371278632498687,1.1161815407505484e-05,7.913716167330097e-06,1.5730784293747047e-05,-4.341359938926896,1.0872000954489697e-05,0.9622487582428008,1.5410161567776177,0.046981938443697
financial_15m,ADA-USD,F10,sgd,regression,2,1771,1,-0.7816370669455364,1.309757895656676e-05,1.0851764815247871e-05,1.622261525216237e-05,-4.226308871984051,9.392210613945713e-06,0.960897307496739,1.5410161567776177,0.046981938443697
financial_15m,ADA-USD,F10,sgd,regression,3,1844,1,-1.232000121941691,9.184078698466071e-06,8.049621617915875e-06,1.230386376889442e-05,-4.232562301707848,8.122715590303805e-06,0.9612639009007365,1.5410161567776177,0.046981938443697
financial_15m,ADA-USD,F10,sgd,classification,0,4000,0,-0.8386945404829708,0.0028608280734137613,0.002655111465757617,0.0031084483537830005,-2.3518113156574207,0.002609032080062574,0.47729918509895225,1.5410161567776177,0.046981938443697
financial_15m,ADA-USD,F10,sgd,classification,1,4000,0,-0.8512847040481666,0.00279396878237139,0.002583221164290603,0.003037504777003618,-2.3579259596797226,0.002541947309014876,0.47846332945285214,1.5410161567776177,0.046981938443697
financial_15m,ADA-USD,F10,sgd,classification,2,4000,0,-0.7890542998319404,0.002879630171204779,0.002683988914652683,0.003106869645763437,-2.3519468225755524,0.0026308799489345325,0.47729918509895225,1.5410161567776177,0.046981938443697
financial_15m,ADA-USD,F10,sgd,classification,3,4000,0,-0.8207864300899989,0.0028720467753272447,0.0026518879134028142,0.003105216285484165,-2.352123531770153,0.002613446123020941,0.4778812572759022,1.5410161567776177,0.046981938443697
financial_15m,ADA-USD,F10,adam,regression,0,59,1,-6.259737020522784,1.2692478376582101e-05,1.2930724448275876e-06,8.730845390027369e-05,-4.692287268567722,4.7856488067907415e-06,0.9659333772447278,1.5410161567776177,0.046981938443697
financial_15m,ADA-USD,F10,adam,regression,1,132,1,1.1469869621259203,2.912903815423428e-05,2.9669815548627364e-06,0.00012493030134094532,-4.615720583085817,3.12620896417722e-05,0.9605376095015847,1.5410161567776177,0.046981938443697
financial_15m,ADA-USD,F10,adam,regression,2,77,1,2.825594038360138,1.6715444112805395e-05,2.8681447088433743e-06,8.391771084950387e-05,-4.739179073297184,8.715600150786847e-06,0.9665902463672748,1.5410161567776177,0.046981938443697
financial_15m,ADA-USD,F10,adam,regression,3,61,1,1.6165313869557976,1.746401019019265e-05,1.6635167396423897e-06,0.00010445361250087177,-4.768259530886416,7.985627952988785e-05,0.9601488272016145,1.5410161567776177,0.046981938443697
financial_15m,ADA-USD,F10,adam,classification,0,3098,1,-1.8421650865222126,6.39144566261016e-05,5.5380099001338454e-05,7.775261289002974e-05,-3.6498461782014884,5.374332527100248e-05,0.47729918509895225,1.5410161567776177,0.046981938443697
financial_15m,ADA-USD,F10,adam,classification,1,2781,1,-1.8368845385805508,5.1181221148876064e-05,4.3043008608591515e-05,6.229366263615799e-05,-3.715313376755359,4.251493211596538e-05,0.47846332945285214,1.5410161567776177,0.046981938443697
financial_15m,ADA-USD,F10,adam,classification,2,3141,1,-1.232849578831717,7.030546346418698e-05,6.422006447631496e-05,8.065749629911741e-05,-3.645956040588835,6.042841892376007e-05,0.4767171129220023,1.5410161567776177,0.046981938443697
financial_15m,ADA-USD,F10,adam,classification,3,3215,1,-1.6067030750454612,6.763471094702935e-05,5.6051713583465696e-05,7.982258232007635e-05,-3.6389686962399814,5.605601924260134e-05,0.47846332945285214,1.5410161567776177,0.046981938443697
financial_15m,ADA-USD,F11,sgd,regression,0,378,1,-0.7624867651881462,3.297685799488212e-05,7.89109328647826e-06,0.00012575715894657134,-3.9169132966377678,4.3703641882723614e-05,1.1042599936586417,1.5410161567776177,0.046981938443697
financial_15m,ADA-USD,F11,sgd,regression,1,372,1,1.403756370963273,3.73678852202046e-05,1.0550802287181958e-05,0.00012003558495970815,-3.9822756632796077,7.666722516969787e-05,1.100046790467629,1.5410161567776177,0.046981938443697
financial_15m,ADA-USD,F11,sgd,regression,2,377,1,-1.9024893938468215,4.055459880620964e-05,1.52959243644813e-05,8.373880991980743e-05,-3.932880567889357,2.3516721670578754e-05,1.1030236618999127,1.5410161567776177,0.046981938443697
financial_15m,ADA-USD,F11,sgd,regression,3,367,1,3.5896247372512726,4.179345735157662e-05,1.6128422837587036e-05,0.00012455077283206168,-3.972776225503693,1.8557392675085057e-05,1.1007229885244378,1.5410161567776177,0.046981938443697
financial_15m,ADA-USD,F11,sgd,classification,0,4000,0,-2.404672024371124,0.0003733260188847191,0.00029142549492992684,0.00046430072841402507,-2.858071558593413,0.0002805854954606116,0.4819557625145518,1.5410161567776177,0.046981938443697
financial_15m,ADA-USD,F11,sgd,classification,1,4000,0,-2.1228300553437394,0.0003615947465522844,0.0003018612171709988,0.00043618820855047014,-2.864425251157956,0.00028584934464103,0.4807916181606519,1.5410161567776177,0.046981938443697
financial_15m,ADA-USD,F11,sgd,classification,2,4000,0,-1.8253911356815544,0.0003740014299112085,0.0003114730977412143,0.00043183772138539057,-2.8736860672903983,0.00029213975629034205,0.4819557625145518,1.5410161567776177,0.046981938443697
financial_15m,ADA-USD,F11,sgd,classification,3,4000,0,-2.447115739757091,0.00037520798487146223,0.00028270901364066094,0.00046475192673168337,-2.858922783533145,0.00027983712247923906,0.48020954598370197,1.5410161567776177,0.046981938443697
financial_15m,ADA-USD,F11,adam,regression,0,93,1,-0.9038868577442157,0.0007773495172178333,0.00026445453672187854,0.002133816800320401,-3.0985891770844085,0.0003647039376513427,1.0969164451508182,1.5410161567776177,0.046981938443697
financial_15m,ADA-USD,F11,adam,regression,1,84,1,-0.3787732277336334,0.0006383860004826645,0.00022640794208776213,0.0017882636678444497,-3.1353016041384887,0.0010670233223774063,1.0934698233325182,1.5410161567776177,0.046981938443697
financial_15m,ADA-USD,F11,adam,regression,2,80,1,-0.4139271843598022,0.0007418226295480834,0.00026795728148295536,0.0021733409698458305,-3.1048731997605503,0.0011764756575972752,1.1137432649040686,1.5410161567776177,0.046981938443697
financial_15m,ADA-USD,F11,adam,regression,3,87,1,0.9471366150661226,0.0007009152855115416,0.0002485924698472663,0.001572381881072512,-3.129784561168892,8.77505266066222e-05,1.0971186727062179,1.5410161567776177,0.046981938443697
financial_15m,ADA-USD,F11,adam,classification,0,361,1,-1.615124930619823,4.7905545584731476e-05,1.58415409231331e-05,0.00016716155529975844,-4.0273102719682665,4.8648368784902693e-05,0.48253783469150174,1.5410161567776177,0.046981938443697
financial_15m,ADA-USD,F11,adam,classification,1,406,1,0.7768981487333636,6.025477682681294e-05,1.5737343387852975e-05,0.00014327580922240266,-4.085207708424917,7.616245457896893e-05,0.48661233993015135,1.5410161567776177,0.046981938443697
financial_15m,ADA-USD,F11,adam,classification,2,431,1,-1.1501367996127607,5.428793070828967e-05,1.7611012680234502e-05,0.00013223108236344524,-4.0958971638311095,3.877406984192107e-05,0.4842840512223516,1.5410161567776177,0.046981938443697
financial_15m,ADA-USD,F11,adam,classification,3,378,1,2.342522214551923,6.221933444432764e-05,2.0895595400849215e-05,0.0001517665341044071,-4.105589177712135,3.834533742589936e-05,0.48661233993015135,1.5410161567776177,0.046981938443697
financial_15m,ADA-USD,FA,sgd,regression,0,660,1,-2.9744962368652645,1.1353080824453988e-05,5.098017246570729e-06,3.197795299395872e-05,-3.9822572920453174,2.308634488142985e-05,1.012500163664991,1.5410161567776177,0.046981938443697
financial_15m,ADA-USD,FA,sgd,regression,1,664,1,0.3111145226663806,1.258563654978591e-05,4.181607207785457e-06,7.127495916391155e-05,-3.9767577690169738,1.3578868683027832e-05,1.009588338974174,1.5410161567776177,0.046981938443697
financial_15m,ADA-USD,FA,sgd,regression,2,627,1,-0.45006872314210244,1.6401559709110684e-05,8.136545281566395e-06,3.787404347263254e-05,-4.083162453249415,7.961807048372928e-06,1.012370379827299,1.5410161567776177,0.046981938443697
financial_15m,ADA-USD,FA,sgd,regression,3,583,1,-0.757020308774495,1.4931992841734907e-05,6.20690904324323e-06,2.9498503056196e-05,-4.020590722907625,1.1537054812137612e-05,1.010982521313957,1.5410161567776177,0.046981938443697
financial_15m,ADA-USD,FA,sgd,classification,0,4000,0,-1.5930433414058929,0.000806784768294893,0.0006924352142224124,0.0009349545359285768,-2.658764124874082,0.0006713614032912821,0.4848661233993015,1.5410161567776177,0.046981938443697
financial_15m,ADA-USD,FA,sgd,classification,1,4000,0,-1.4602172255372667,0.0007463579601359883,0.0006605271397770589,0.0008596153439025633,-2.677860549182818,0.0006493701117607531,0.4883585564610012,1.5410161567776177,0.046981938443697
financial_15m,ADA-USD,FA,sgd,classification,2,4000,0,-1.4519756320325117,0.00077912346225345,0.0006864080487554286,0.0008914197248790492,-2.668428640918791,0.0006603234598252869,0.4842840512223516,1.5410161567776177,0.046981938443697
financial_15m,ADA-USD,FA,sgd,classification,3,4000,0,-1.480464094598895,0.0008062717176172095,0.0006858693061905979,0.0009225584308909954,-2.664157993201745,0.000675556596552679,0.4860302677532014,1.5410161567776177,0.046981938443697
financial_15m,ADA-USD,FA,adam,regression,0,95,1,-0.9592894057532507,0.0002142800615523995,7.324015040433333e-05,0.0007964768938192377,-3.548417863437947,0.0005498722977594486,1.0071781261226636,1.5410161567776177,0.046981938443697
financial_15m,ADA-USD,FA,adam,regression,1,80,1,-1.0846084348960774,0.000174464402126976,5.7673036971428884e-05,0.00060537822987338,-3.611847427721587,0.0004315708124669367,1.0036654169240367,1.5410161567776177,0.046981938443697
financial_15m,ADA-USD,FA,adam,regression,2,68,1,-0.8002343162483331,0.00022950753119233474,8.367268605651079e-05,0.0006138532569095756,-3.5713888468409123,0.00015692707923811272,1.0159707691991975,1.5410161567776177,0.046981938443697
financial_15m,ADA-USD,FA,adam,regression,3,87,1,2.853206295280012,0.00024745642250532116,9.08477840184885e-05,0.0005658442432786733,-3.6014675752651697,0.00021501239757178275,1.006959812343848,1.5410161567776177,0.046981938443697
financial_15m,ADA-USD,FA,adam,classification,0,602,1,-2.7876790852639375,8.640012870266012e-06,3.6554188814766203e-06,3.770284990655973e-05,-4.3756756233729135,2.6334447772741997e-05,0.479627473806752,1.5410161567776177,0.046981938443697
financial_15m,ADA-USD,FA,adam,classification,1,651,1,2.532723121660664,1.201428285377144e-05,3.971590810552871e-06,7.445971283788944e-05,-4.355030716314264,6.309188705267959e-06,0.4819557625145518,1.5410161567776177,0.046981938443697
financial_15m,ADA-USD,FA,adam,classification,2,626,1,-1.8641955151419045,1.5460550613056364e-05,6.898966371646462e-06,4.554365571794108e-05,-4.4075731867021295,6.856524470741534e-06,0.48370197904540163,1.5410161567776177,0.046981938443697
financial_15m,ADA-USD,FA,adam,classification,3,570,1,0.33816698926601163,1.3649470453325482e-05,6.810557162584468e-06,2.297010485671242e-05,-4.4373735516038355,1.0671096178414447e-05,0.4807916181606519,1.5410161567776177,0.046981938443697
financial_15m,AUDUSD=X,F0,sgd,regression,0,99,1,-0.8485651356185324,0.00014196823115920085,3.9104377103150495e-05,0.000305884356661887,-3.8410733227595504,5.677282746033556e-05,0.5049312413951655,1.2850845160925815,0.07878494618365484
financial_15m,AUDUSD=X,F0,sgd,regression,1,75,1,0.42240979348111884,0.00010456873891250083,4.022245353698506e-05,0.0002521325646570194,-3.8900667626811547,0.00018355019131268901,0.5049194917708952,1.2850845160925815,0.07878494618365484
financial_15m,AUDUSD=X,F0,sgd,regression,2,112,1,-0.8812423843284835,0.00012631780260991237,6.008468018433258e-05,0.0002615485373236963,-3.855586240473948,8.107098530176724e-05,0.505082273602653,1.2850845160925815,0.07878494618365484
financial_15m,AUDUSD=X,F0,sgd,regression,3,92,1,1.7890161293055493,0.0001311261631321267,4.9829598615342944e-05,0.0003041339590210711,-3.8612452073972303,0.0001198501037799616,0.5048674875748348,1.2850845160925815,0.07878494618365484
financial_15m,AUDUSD=X,F0,sgd,classification,0,677,1,-0.1833752633525922,1.0612916554328205e-05,4.214458753328773e-06,2.92755802227833e-05,-4.713253637589938,2.5837560934631396e-05,0.34498411257376305,1.2850845160925815,0.07878494618365484
financial_15m,AUDUSD=X,F0,sgd,classification,1,2418,1,2.33328599278514,1.8679382427578295e-05,6.939609191114388e-06,3.006916508344584e-05,-4.601003755543462,1.7241735552336592e-05,0.3486155242850658,1.2850845160925815,0.07878494618365484
financial_15m,AUDUSD=X,F0,sgd,classification,2,2107,1,-1.85396270690879,1.967223171030115e-05,1.370982087629119e-05,2.5623544051586658e-05,-4.523307753744579,2.1161654736631e-05,0.3486155242850658,1.2850845160925815,0.07878494618365484
financial_15m,AUDUSD=X,F0,sgd,classification,3,1072,1,2.1151902771101425,1.3959194230702637e-05,6.314795702373153e-06,4.2594791573557745e-05,-4.711900695725577,4.119433421118747e-06,0.3445301861098502,1.2850845160925815,0.07878494618365484
financial_15m,AUDUSD=X,F0,adam,regression,0,4000,0,0.2873846215076392,0.0026219121049038557,0.001054465950728506,0.0050769089919355265,-2.644730986463925,0.0006498263134226104,0.5047137929818215,1.2850845160925815,0.07878494618365484
financial_15m,AUDUSD=X,F0,adam,regression,1,4000,0,-0.6315899335478359,0.002395220256708751,0.0009456362466542142,0.0050356726208587495,-2.6554471795419974,0.0021511297813846253,0.5053714732652916,1.2850845160925815,0.07878494618365484
financial_15m,AUDUSD=X,F0,adam,regression,2,773,1,-0.09018622995011674,0.0026595971787471287,0.0009882741504955766,0.005329300250673498,-2.6388905977725714,0.001280509949186047,0.5055786443722499,1.2850845160925815,0.07878494618365484
financial_15m,AUDUSD=X,F0,adam,regression,3,4000,0,1.0057767629407934,0.0023780470716588294,0.0008817583461525608,0.005283457457854722,-2.6336088344623376,0.0011331708780120949,0.5053481094112975,1.2850845160925815,0.07878494618365484
financial_15m,AUDUSD=X,F0,adam,classification,0,4000,0,-1.214141736280809,0.0002741424093732497,0.00010157117019743349,0.0008279430282805312,-3.5011166379708323,8.361481714085497e-05,0.3495233772128915,1.2850845160925815,0.07878494618365484
financial_15m,AUDUSD=X,F0,adam,classification,1,4000,0,0.7075998241399213,0.0002767038420231018,0.00011128470154201822,0.0005755243996887292,-3.5425003516268485,0.0002020246883968526,0.3472537448933273,1.2850845160925815,0.07878494618365484
financial_15m,AUDUSD=X,F0,adam,classification,2,4000,0,-0.37806809987271384,0.00032819733379191296,0.00015333924253770276,0.0006636368324634831,-3.522338359889171,0.00034698254812068704,0.3477076713572401,1.2850845160925815,0.07878494618365484
financial_15m,AUDUSD=X,F0,adam,classification,3,4000,0,1.0135603569343137,0.0002993815429588077,0.00011570853776409615,0.0006409074718827746,-3.5197486962059155,0.00024189884054842881,0.3454380390376759,1.2850845160925815,0.07878494618365484
financial_15m,AUDUSD=X,F1,sgd,regression,0,675,1,-3.4355477524893794,5.606714794979043e-05,3.413200625676285e-05,6.822222829000612e-05,-3.6450206759364248,2.9970280694761525e-05,0.5259367222872368,1.2850845160925815,0.07878494618365484
financial_15m,AUDUSD=X,F1,sgd,regression,1,731,1,-0.430416736321772,4.7748121390721454e-05,4.0063296224621525e-05,8.352948128991993e-05,-3.670660950202504,3.564104586708928e-05,0.5258736964774343,1.2850845160925815,0.07878494618365484
financial_15m,AUDUSD=X,F1,sgd,regression,2,569,1,-2.8669372886096367,3.8630217608534105e-05,2.6732878778362342e-05,5.705755963476025e-05,-3.711523194711425,2.385694035760598e-05,0.5264262322986016,1.2850845160925815,0.07878494618365484
financial_15m,AUDUSD=X,F1,sgd,regression,3,595,1,-2.3978195641521824,5.428332711157499e-05,3.7811877167888395e-05,6.903864398675693e-05,-3.6769878934255855,3.588767460939921e-05,0.5257109110323452,1.2850845160925815,0.07878494618365484
financial_15m,AUDUSD=X,F1,sgd,classification,0,4000,0,-1.4725127155991216,0.0014905150495498642,0.0013156448338483531,0.001724813779237003,-2.413874425558671,0.0012791996221129115,0.6482069904675443,1.2850845160925815,0.07878494618365484
financial_15m,AUDUSD=X,F1,sgd,classification,1,4000,0,-1.4859749050430087,0.0014203333083199151,0.0012454913597877734,0.0016457965167924707,-2.4266265882783977,0.0012167472955726477,0.6486609169314571,1.2850845160925815,0.07878494618365484
financial_15m,AUDUSD=X,F1,sgd,classification,2,4000,0,-1.3581528217631973,0.0015119303911501243,0.0013484437937908082,0.0017234464373316527,-2.4142030143940394,0.0013030061567940762,0.6495687698592828,1.2850845160925815,0.07878494618365484
financial_15m,AUDUSD=X,F1,sgd,classification,3,4000,0,-1.4254283989155991,0.0015039228456263818,0.0013108385068938348,0.0017210214961084396,-2.4145710049520566,0.0012844894083753912,0.6482069904675443,1.2850845160925815,0.07878494618365484
financial_15m,AUDUSD=X,F1,adam,regression,0,86,1,-2.7405581923913034,7.211471781691742e-05,7.79689969771258e-06,0.00039215998024171565,-3.969111717302342,0.00024026139622698964,0.5293219125928535,1.2850845160925815,0.07878494618365484
financial_15m,AUDUSD=X,F1,adam,regression,1,93,1,-0.75544429178414,6.048422405666383e-05,1.3229195288359035e-05,0.0003971497070473689,-4.025304862449193,0.00023230703734562316,0.5257650311553503,1.2850845160925815,0.07878494618365484
financial_15m,AUDUSD=X,F1,adam,regression,2,68,1,-1.0143702707405988,6.801983522552224e-05,1.6074354663730722e-05,0.000314003549639083,-3.9981180427190703,2.8591929496063493e-05,0.5287805689008603,1.2850845160925815,0.07878494618365484
financial_15m,AUDUSD=X,F1,adam,regression,3,93,1,5.022126072004842,0.00010335926158272251,1.7128805068754753e-05,0.00035709035451013193,-4.034102683654403,1.1171805444555543e-05,0.5285615637206242,1.2850845160925815,0.07878494618365484
financial_15m,AUDUSD=X,F1,adam,classification,0,871,1,-2.6780947406605944,4.0433893674197074e-05,2.8023727564197446e-05,4.822104669789256e-05,-3.8937373711571808,2.6369056325759474e-05,0.643213799364503,1.2850845160925815,0.07878494618365484
financial_15m,AUDUSD=X,F1,adam,classification,1,879,1,-0.6667390972583587,3.2388773332717716e-05,2.8980584372309417e-05,3.4499652984345275e-05,-3.9568286328303848,3.121555707505562e-05,0.6423059464366773,1.2850845160925815,0.07878494618365484
financial_15m,AUDUSD=X,F1,adam,classification,2,960,1,-1.6126270762925055,3.589580445921415e-05,3.110939739277352e-05,4.384183773350005e-05,-3.9205158044445616,2.6454155049204312e-05,0.643213799364503,1.2850845160925815,0.07878494618365484
financial_15m,AUDUSD=X,F1,adam,classification,3,801,1,-1.9856207389568707,3.9977427204723217e-05,2.858524764651465e-05,4.713738054319604e-05,-3.918511176157713,2.9169245008770608e-05,0.6427598729005901,1.2850845160925815,0.07878494618365484
financial_15m,AUDUSD=X,F2,sgd,regression,0,1461,1,-1.535939114753542,1.019366942714867e-05,8.801065652506432e-06,1.1527955535788682e-05,-4.252441985570231,8.552644431774173e-06,0.5095779205512603,1.2850845160925815,0.07878494618365484
financial_15m,AUDUSD=X,F2,sgd,regression,1,1305,1,2.1598514016467263,1.2890231723283845e-05,8.310769775192302e-06,1.8915941667817816e-05,-4.3601788474953755,1.1723797971371632e-05,0.509894694863143,1.2850845160925815,0.07878494618365484
financial_15m,AUDUSD=X,F2,sgd,regression,2,1391,1,-0.6825781965598356,1.2876845508687424e-05,1.0381577990843852e-05,1.6451171391146086e-05,-4.265429782153136,8.931286633274151e-06,0.509363914340057,1.2850845160925815,0.07878494618365484
financial_15m,AUDUSD=X,F2,sgd,regression,3,1681,1,-0.8182382081283075,9.477326235840645e-06,8.631552177551314e-06,1.2090783524078578e-05,-4.267722962864063,8.342283288278624e-06,0.5094864268894016,1.2850845160925815,0.07878494618365484
financial_15m,AUDUSD=X,F2,sgd,classification,0,4000,0,-0.9217589996926664,0.0026352652678748706,0.002429568545197874,0.0028871510127216064,-2.3628844389004793,0.002383915943079918,0.5810258738084431,1.2850845160925815,0.07878494618365484
financial_15m,AUDUSD=X,F2,sgd,classification,1,4000,0,-0.9345722947527583,0.002567512970307821,0.0023572556759477487,0.002814334745902843,-2.369718879123668,0.0023166988241077264,0.5810258738084431,1.2850845160925815,0.07878494618365484
financial_15m,AUDUSD=X,F2,sgd,classification,2,4000,0,-0.8655134019579532,0.002655267650438352,0.0024596724292022193,0.0028857987332912274,-2.363033272920819,0.002406607784136538,0.5814798002723559,1.2850845160925815,0.07878494618365484
financial_15m,AUDUSD=X,F2,sgd,classification,3,4000,0,-0.9016238268087271,0.0026473403255294087,0.002426423087362859,0.0028841608656035,-2.3631986164162497,0.002388701606468445,0.5814798002723559,1.2850845160925815,0.07878494618365484
financial_15m,AUDUSD=X,F2,adam,regression,0,44,1,-5.641074835864872,1.662400585752665e-05,1.6593176804426038e-06,0.00010108319965580985,-4.612602359459881,9.174779089493986e-06,0.5115514309437608,1.2850845160925815,0.07878494618365484
financial_15m,AUDUSD=X,F2,adam,regression,1,41,1,0.7355179583492462,3.3873135456666946e-05,3.1902574298679803e-06,0.00014042014651110372,-4.542093743745168,4.379423143041917e-05,0.5088176116358165,1.2850845160925815,0.07878494618365484
financial_15m,AUDUSD=X,F2,adam,regression,2,69,1,1.8117787122418412,1.998294561874544e-05,5.049619167416448e-06,9.329741984283384e-05,-4.623458278302622,7.99181571220723e-06,0.5114977322674618,1.2850845160925815,0.07878494618365484
financial_15m,AUDUSD=X,F2,adam,regression,3,53,1,1.791639636698162,1.688482106176113e-05,1.7870144489480644e-06,0.00013022710934553687,-4.692447091557773,8.123428887676247e-05,0.5091148142091139,1.2850845160925815,0.07878494618365484
financial_15m,AUDUSD=X,F2,adam,classification,0,2866,1,-1.9242219704368646,5.516715596214272e-05,4.7416235958004805e-05,6.782466091683972e-05,-3.7048068964056,4.5992551248678556e-05,0.5810258738084431,1.2850845160925815,0.07878494618365484
financial_15m,AUDUSD=X,F2,adam,classification,1,2434,1,-1.9797215802263721,4.339666399389493e-05,3.5801401168243554e-05,5.364336166515823e-05,-3.7737022934195,3.524513764145985e-05,0.5810258738084431,1.2850845160925815,0.07878494618365484
financial_15m,AUDUSD=X,F2,adam,classification,2,2591,1,-1.2558294608795262,6.141728794364514e-05,5.595214864975029e-05,7.068188152033596e-05,-3.7005657308428455,5.2463570559173464e-05,0.5810258738084431,1.2850845160925815,0.07878494618365484
financial_15m,AUDUSD=X,F2,adam,classification,3,2736,1,-1.6800540299662696,5.8892436178055654e-05,4.830304434726353e-05,7.008561523321845e-05,-3.6924516496359763,4.8311459703142705e-05,0.5810258738084431,1.2850845160925815,0.07878494618365484
financial_15m,AUDUSD=X,F4,sgd,regression,0,728,1,-3.6828798579174564,1.601437230991517e-05,1.108118115920991e-05,3.2764237425714804e-05,-3.8585579903185745,1.895433764801106e-05,0.5453397052294392,1.2850845160925815,0.07878494618365484
financial_15m,AUDUSD=X,F4,sgd,regression,1,756,1,-0.743617264529221,2.2234759080194803e-05,1.0443643569800523e-05,7.677411240733723e-05,-3.8236740618153373,1.4700193485166433e-05,0.5437886357441318,1.2850845160925815,0.07878494618365484
financial_15m,AUDUSD=X,F4,sgd,regression,2,679,1,-0.2938060257059044,1.8413703759085822e-05,1.0811597231273639e-05,3.9114420461543416e-05,-3.9561198676728524,9.26500111480993e-06,0.5454066787133052,1.2850845160925815,0.07878494618365484
financial_15m,AUDUSD=X,F4,sgd,regression,3,641,1,-3.2962508510797615,1.816195967340315e-05,7.95414419658932e-06,3.137881508507805e-05,-3.8745047550067553,1.2704756570452746e-05,0.5445185511439222,1.2850845160925815,0.07878494618365484
financial_15m,AUDUSD=X,F4,sgd,classification,0,4000,0,-1.4180577750314838,0.0008977958807946056,0.0007908882566727527,0.001027998252478024,-2.6198646070050624,0.0007701877725657766,0.6454834316840672,1.2850845160925815,0.07878494618365484
financial_15m,AUDUSD=X,F4,sgd,classification,1,4000,0,-1.346943507207444,0.0008369059427860419,0.0007469476615963347,0.0009562631640682005,-2.637878053263788,0.0007357814309192257,0.6463912846118929,1.2850845160925815,0.07878494618365484
financial_15m,AUDUSD=X,F4,sgd,classification,2,4000,0,-1.2922670357626689,0.0008874442504315733,0.000796330731712277,0.0010036018318591712,-2.624949681634619,0.0007701565500443937,0.6450295052201543,1.2850845160925815,0.07878494618365484
financial_15m,AUDUSD=X,F4,sgd,classification,3,4000,0,-1.3250701077173324,0.0008989043157806847,0.0007833295528631729,0.001016163565064876,-2.623900061762551,0.000772172331159388,0.6454834316840672,1.2850845160925815,0.07878494618365484
financial_15m,AUDUSD=X,F4,adam,regression,0,87,1,-1.1118317406794243,0.0001516149723413931,5.219273595003512e-05,0.0006860068518489281,-3.645919357501066,0.0005244066948000185,0.5431673049608735,1.2850845160925815,0.07878494618365484
financial_15m,AUDUSD=X,F4,adam,regression,1,80,1,-1.396565310093567,0.00013706178282326564,4.0683491200576046e-05,0.0005478012032981346,-3.702736051252313,0.000434467403423942,0.5405362669325415,1.2850845160925815,0.07878494618365484
financial_15m,AUDUSD=X,F4,adam,regression,2,68,1,-0.7335098053217295,0.00016932152536514193,5.4200891794162574e-05,0.0005566981196337514,-3.67279008055397,8.69417256116243e-05,0.5469403450853294,1.2850845160925815,0.07878494618365484
financial_15m,AUDUSD=X,F4,adam,regression,3,87,1,3.0193198795867233,0.00019632308133669664,5.7807550483241094e-05,0.000523643295677643,-3.69591028548799,0.00010484470329178473,0.5419706818581835,1.2850845160925815,0.07878494618365484
financial_15m,AUDUSD=X,F4,adam,classification,0,673,1,-5.495775861681535,6.673032171220937e-06,1.9220253343636124e-06,1.840806439375794e-05,-4.383906193525387,1.1336934141531646e-05,0.6482069904675443,1.2850845160925815,0.07878494618365484
financial_15m,AUDUSD=X,F4,adam,classification,1,733,1,2.5645325885496835,1.3573817776671813e-05,5.3792072661941865e-06,4.882041950248697e-05,-4.335249572305962,5.286580454702145e-06,0.6500226963231956,1.2850845160925815,0.07878494618365484
financial_15m,AUDUSD=X,F4,adam,classification,2,655,1,-2.4450220652137498,1.1460998950761929e-05,4.972074933878233e-06,3.0432506482524224e-05,-4.370465517082409,4.1307464692535864e-06,0.64593735814798,1.2850845160925815,0.07878494618365484
financial_15m,AUDUSD=X,F4,adam,classification,3,586,1,-7.023420741983997,8.681912993479813e-06,6.805210953938488e-07,1.673530591953413e-05,-4.411549627242055,4.923327879947335e-06,0.6463912846118929,1.2850845160925815,0.07878494618365484
financial_15m,AUDUSD=X,F7,sgd,regression,0,3786,1,-3.3723418073314173,6.490264385471056e-05,4.094599885931567e-05,8.031597607303264e-05,-3.5712295641734664,3.853243521461345e-05,0.5023481546096803,1.2850845160925815,0.07878494618365484
financial_15m,AUDUSD=X,F7,sgd,regression,1,3313,1,-1.038997818864011,5.500494417734398e-05,5.052460721216422e-05,6.253268317522318e-05,-3.6195812394419673,4.897847721472254e-05,0.5024337551014509,1.2850845160925815,0.07878494618365484
financial_15m,AUDUSD=X,F7,sgd,regression,2,3360,1,-2.635578888596756,4.7417266197403635e-05,3.9269282892992905e-05,6.31245842107032e-05,-3.6264996843036506,3.485753031936053e-05,0.5021908125506677,1.2850845160925815,0.07878494618365484
financial_15m,AUDUSD=X,F7,sgd,regression,3,3712,1,-2.522725599219663,6.438348150825888e-05,4.460333782429233e-05,8.015990371699172e-05,-3.6049797376850536,4.388735789468176e-05,0.5023103881365731,1.2850845160925815,0.07878494618365484
financial_15m,AUDUSD=X,F7,sgd,classification,0,4000,0,-0.790460917218708,0.0011603062021848755,0.0010828408328935927,0.0012552799381293223,-2.7395395375844966,0.0010662139130352452,0.6509305492510213,1.2850845160925815,0.07878494618365484
financial_15m,AUDUSD=X,F7,sgd,classification,1,4000,0,-0.791963993202459,0.0011150735651492896,0.0010376390174006004,0.0012070522303524265,-2.7498913967420076,0.0010251061281373746,0.6504766227871085,1.2850845160925815,0.07878494618365484
financial_15m,AUDUSD=X,F7,sgd,classification,2,4000,0,-0.7183219133095431,0.0011669505485744612,0.0010975537754156352,0.0012518658193760154,-2.740107304533893,0.0010770021721942255,0.6513844757149342,1.2850845160925815,0.07878494618365484
financial_15m,AUDUSD=X,F7,sgd,classification,3,4000,0,-0.7514374272391339,0.0011634483792937315,0.0010787641229984153,0.0012495763316493695,-2.7412298711474556,0.0010671035685948327,0.6509305492510213,1.2850845160925815,0.07878494618365484
financial_15m,AUDUSD=X,F7,adam,regression,0,263,1,-2.078491251714076,4.655687329966931e-05,4.978240982563659e-06,0.0001879326825323049,-4.2278803722506275,4.93867424418126e-05,0.5017107950883003,1.2850845160925815,0.07878494618365484
financial_15m,AUDUSD=X,F7,adam,regression,1,217,1,0.29241274960876357,4.50818422340967e-05,6.234031263637898e-06,0.00016358221519361074,-4.258245570698781,9.983649855525165e-05,0.5011766561471308,1.2850845160925815,0.07878494618365484
financial_15m,AUDUSD=X,F7,adam,regression,2,156,1,-0.316540586933216,3.190707370307558e-05,6.64731272458136e-06,0.0001294937413590757,-4.378248149346951,3.9945174340382876e-06,0.5010524792714187,1.2850845160925815,0.07878494618365484
financial_15m,AUDUSD=X,F7,adam,regression,3,171,1,4.2538642869200585,4.401025593530689e-05,5.429708504426508e-06,0.0001710882290871056,-4.285428874911545,5.186454752981743e-05,0.5010414450586571,1.2850845160925815,0.07878494618365484
financial_15m,AUDUSD=X,F7,adam,classification,0,4000,0,-1.5655375141960577,8.098898096900792e-05,6.787552131288893e-05,9.13633061413735e-05,-3.7340808814270656,6.594548115193704e-05,0.6613708579210168,1.2850845160925815,0.07878494618365484
financial_15m,AUDUSD=X,F7,adam,classification,1,4000,0,-0.860521309689572,6.710815858777827e-05,6.433092487428548e-05,7.248199921017429e-05,-3.7798613777072405,6.394769331141489e-05,0.657739446209714,1.2850845160925815,0.07878494618365484
financial_15m,AUDUSD=X,F7,adam,classification,2,4000,0,-1.055956049952972,7.624272131602985e-05,7.06513811264953e-05,8.616606187991687e-05,-3.7490631736054985,6.638306901751272e-05,0.6631865637766682,1.2850845160925815,0.07878494618365484
financial_15m,AUDUSD=X,F7,adam,classification,3,4000,0,-1.153683880689929,8.01424720235711e-05,6.793422999398224e-05,8.855253697009437e-05,-3.7536685133360668,6.79773649815622e-05,0.660916931457104,1.2850845160925815,0.07878494618365484
financial_15m,AUDUSD=X,F10,sgd,regression,0,1610,1,-1.7504056505380723,9.140275665480001e-06,8.144513061531855e-06,1.070062456434878e-05,-4.246623307810594,7.966230853678279e-06,0.5087702254293692,1.2850845160925815,0.07878494618365484
financial_15m,AUDUSD=X,F10,sgd,regression,1,1397,1,2.1818260457328784,1.146945440039144e-05,7.683417850997405e-06,1.6662364536389302e-05,-4.363660971834158,1.0892550753310759e-05,0.5091105121040307,1.2850845160925815,0.07878494618365484
financial_15m,AUDUSD=X,F10,sgd,regression,2,1516,1,-0.6768711403448888,1.2681593711396962e-05,1.0334592600546386e-05,1.5942361245749942e-05,-4.252422553525199,8.958857295997224e-06,0.5085217242823585,1.2850845160925815,0.07878494618365484
financial_15m,AUDUSD=X,F10,sgd,regression,3,1751,1,-1.0127976550655644,8.736751915079583e-06,7.894879438260987e-06,1.1579295033758002e-05,-4.258678838869676,7.82735402279773e-06,0.5087240367663043,1.2850845160925815,0.07878494618365484
financial_15m,AUDUSD=X,F10,sgd,classification,0,4000,0,-0.8906901562247233,0.0026285162904156347,0.002429483772059891,0.002871093843194025,-2.374685041438796,0.0023851889894964656,0.6173399909214707,1.2850845160925815,0.07878494618365484
financial_15m,AUDUSD=X,F10,sgd,classification,1,4000,0,-0.9036619315009058,0.002562254966638906,0.0023585713752150676,0.0028002097292782755,-2.3813333120701317,0.0023191775658700843,0.6173399909214707,1.2850845160925815,0.07878494618365484
financial_15m,AUDUSD=X,F10,sgd,classification,2,4000,0,-0.8361359681990739,0.0026477995324196884,0.0024586431703423955,0.0028697135562240623,-2.374826186287637,0.002407183717800348,0.6168860644575579,1.2850845160925815,0.07878494618365484
financial_15m,AUDUSD=X,F10,sgd,classification,3,4000,0,-0.8712270333731768,0.002640109014387452,0.002426361410362807,0.0028681269950265923,-2.3749883695090954,0.00238975993841745,0.6173399909214707,1.2850845160925815,0.07878494618365484
financial_15m,AUDUSD=X,F10,adam,regression,0,50,1,-6.106660143005017,1.4240424199849562e-05,1.3946988995083725e-06,9.194634625345865e-05,-4.66628615089545,5.114942529801901e-06,0.5095435005101654,1.2850845160925815,0.07878494618365484
financial_15m,AUDUSD=X,F10,adam,regression,1,51,1,1.194973493075878,3.066748611013215e-05,2.7710920824151506e-06,0.0001313547421937024,-4.600731645015031,3.547141034974837e-05,0.507987086450183,1.2850845160925815,0.07878494618365484
financial_15m,AUDUSD=X,F10,adam,regression,2,72,1,2.8244200749308543,1.690291715007426e-05,2.861646338136648e-06,8.707808989880588e-05,-4.7176990770777865,7.542089108865374e-06,0.509390018625972,1.2850845160925815,0.07878494618365484
financial_15m,AUDUSD=X,F10,adam,regression,3,57,1,1.4540830964928773,1.7081540315294447e-05,1.5866352919417941e-06,0.00011258606324405525,-4.755863295835533,8.132630197184824e-05,0.5078005796380758,1.2850845160925815,0.07878494618365484
financial_15m,AUDUSD=X,F10,adam,classification,0,3075,1,-1.8027023861198974,6.256984065074086e-05,5.4359291435183846e-05,7.591541134745625e-05,-3.6728865754877797,5.278577791740348e-05,0.6177939173853836,1.2850845160925815,0.07878494618365484
financial_15m,AUDUSD=X,F10,adam,classification,1,2764,1,-1.8414000943122766,5.0520497688681436e-05,4.228677910217602e-05,6.146805180901838e-05,-3.7359782202653555,4.160145232015544e-05,0.6159782115297322,1.2850845160925815,0.07878494618365484
financial_15m,AUDUSD=X,F10,adam,classification,2,3109,1,-1.2067640032209863,6.901163681718036e-05,6.300550615998331e-05,7.882972690515375e-05,-3.669071984963149,5.941898954293931e-05,0.6168860644575579,1.2850845160925815,0.07878494618365484
financial_15m,AUDUSD=X,F10,adam,classification,3,3190,1,-1.585702881088392,6.648367435812549e-05,5.5268566969349867e-05,7.835111143174593e-05,-3.661008174642129,5.524313811713717e-05,0.6168860644575579,1.2850845160925815,0.07878494618365484
financial_15m,AUDUSD=X,F11,sgd,regression,0,382,1,-0.5225218941585216,3.4895831980600255e-05,8.771139505445584e-06,0.00011940855170762732,-3.9586531337780415,4.5118059408723184e-05,0.5598911577172474,1.2850845160925815,0.07878494618365484
financial_15m,AUDUSD=X,F11,sgd,regression,1,377,1,1.5048602449319795,3.800735296280874e-05,1.1296184233221828e-05,0.00011700777836370602,-4.0249905680595575,7.236631901337696e-05,0.5583584520335164,1.2850845160925815,0.07878494618365484
financial_15m,AUDUSD=X,F11,sgd,regression,2,382,1,-1.7656021013446366,4.248877658941123e-05,1.628917362014479e-05,8.025132136650089e-05,-3.975828087561699,2.825349622660276e-05,0.5593165493245438,1.2850845160925815,0.07878494618365484
financial_15m,AUDUSD=X,F11,sgd,regression,3,369,1,3.447537284631084,4.193717937172403e-05,1.6376912556702127e-05,0.00012608343497133692,-4.0167772014896315,1.9099706526431623e-05,0.5584798969692476,1.2850845160925815,0.07878494618365484
financial_15m,AUDUSD=X,F11,sgd,classification,0,4000,0,-2.6599697373472386,0.00022456527505307166,0.00017057798955157763,0.00028603702874360743,-3.049515233391916,0.0001641740682389107,0.6563776668179755,1.2850845160925815,0.07878494618365484
financial_15m,AUDUSD=X,F11,sgd,classification,1,4000,0,-2.2489990770827055,0.0002152109900319538,0.0001778032881415042,0.0002607788041641276,-3.059973936677836,0.0001671595758284756,0.6554698138901498,1.2850845160925815,0.07878494618365484
financial_15m,AUDUSD=X,F11,sgd,classification,2,4000,0,-1.8392992207384344,0.00022836637290367517,0.00019019544466810856,0.0002631629155706117,-3.065929007929331,0.00017739141487784825,0.6572855197458012,1.2850845160925815,0.07878494618365484
financial_15m,AUDUSD=X,F11,sgd,classification,3,4000,0,-2.6862142468872277,0.00022383827453726816,0.0001625024764013072,0.00028196136335938534,-3.052791135396591,0.0001612744917269262,0.6563776668179755,1.2850845160925815,0.07878494618365484
financial_15m,AUDUSD=X,F11,adam,regression,0,83,1,-1.0429552254162568,0.0007759623258743973,0.00024684228532571953,0.0020792332099341723,-3.104372659090077,0.00046322325660472794,0.5565590184111696,1.2850845160925815,0.07878494618365484
financial_15m,AUDUSD=X,F11,adam,regression,1,74,1,-0.3415436756592224,0.0006618713245224011,0.0002370253924254829,0.001701896750696138,-3.1376793796483917,0.0009886498663558725,0.5559038762009183,1.2850845160925815,0.07878494618365484
financial_15m,AUDUSD=X,F11,adam,regression,2,72,1,-0.43848787390717814,0.0007561544159832552,0.0002592240097269439,0.0021112576113278014,-3.10919326650582,0.0011792404803300691,0.5639203079675095,1.2850845160925815,0.07878494618365484
financial_15m,AUDUSD=X,F11,adam,regression,3,78,1,0.8287963462460026,0.000692456048082578,0.00025510910176800537,0.0015100625314925968,-3.1297063458365035,6.731606049818558e-05,0.5573034075108408,1.2850845160925815,0.07878494618365484
financial_15m,AUDUSD=X,F11,adam,classification,0,352,1,-1.4791523675948506,5.1786688277072856e-05,1.8111883549013138e-05,0.00016417007540053032,-4.050855944013563,5.112141362678849e-05,0.6532001815705856,1.2850845160925815,0.07878494618365484
financial_15m,AUDUSD=X,F11,adam,classification,1,346,1,0.6934066204890611,5.928982942385858e-05,1.6654241242456404e-05,0.00014262539136942015,-4.098265590542244,7.621103888679143e-05,0.6545619609623241,1.2850845160925815,0.07878494618365484
financial_15m,AUDUSD=X,F11,adam,classification,2,426,1,-1.0757580768915593,5.8481908363810004e-05,2.0432085375436247e-05,0.00013288176707984808,-4.10688764237302,4.556734885228015e-05,0.6522923286427599,1.2850845160925815,0.07878494618365484
financial_15m,AUDUSD=X,F11,adam,classification,3,376,1,2.4046242154216886,6.476348338593152e-05,2.246588185417457e-05,0.00016243579979496314,-4.11027545239211,5.20550917494793e-05,0.6541080344984113,1.2850845160925815,0.07878494618365484
financial_15m,AUDUSD=X,FA,sgd,regression,0,744,1,-2.4770656458795024,1.07058848130055e-05,4.743532113292286e-06,3.0943759881226476e-05,-3.997798757903066,2.4941122123174157e-05,0.540320917627257,1.2850845160925815,0.07878494618365484
financial_15m,AUDUSD=X,FA,sgd,regression,1,727,1,0.8582352426148829,1.1547781049046443e-05,4.109980507547108e-06,6.650001178358427e-05,-3.9862435784877515,1.334504269476537e-05,0.5388155574139954,1.2850845160925815,0.07878494618365484
financial_15m,AUDUSD=X,FA,sgd,regression,2,670,1,-0.55046152902352,1.5683640705756657e-05,7.669607021151657e-06,3.5862988398752245e-05,-4.120820373104034,6.882228974396712e-06,0.5402307503315973,1.2850845160925815,0.07878494618365484
financial_15m,AUDUSD=X,FA,sgd,regression,3,638,1,-0.45463149347659904,1.4683720689853625e-05,6.335603713975307e-06,2.8898459316275583e-05,-4.024508797978313,1.0225515335371825e-05,0.539635815307067,1.2850845160925815,0.07878494618365484
financial_15m,AUDUSD=X,FA,sgd,classification,0,4000,0,-1.5709338710089804,0.0006461107643217131,0.0005559533301171123,0.0007471593906510653,-2.752424535268532,0.0005396634788150661,0.6404902405810259,1.2850845160925815,0.07878494618365484
financial_15m,AUDUSD=X,FA,sgd,classification,1,4000,0,-1.4208410376650222,0.0005945110105185741,0.0005290529361162512,0.0006827273520256311,-2.7734431293523647,0.0005210813721517742,0.6413980935088516,1.2850845160925815,0.07878494618365484
financial_15m,AUDUSD=X,FA,sgd,classification,2,4000,0,-1.4063833436504094,0.000623436730730606,0.0005514740494738405,0.0007094821606325889,-2.7631862252528574,0.0005303852697221831,0.6409441670449387,1.2850845160925815,0.07878494618365484
financial_15m,AUDUSD=X,FA,sgd,classification,3,4000,0,-1.4514544916018415,0.0006474000225115304,0.0005508019232962364,0.000738741208422085,-2.757800001424366,0.0005441561924004225,0.6395823876532002,1.2850845160925815,0.07878494618365484
financial_15m,AUDUSD=X,FA,adam,regression,0,104,1,-0.9347046910891168,0.00021988746862152856,6.973452822541928e-05,0.0007912766985362673,-3.5454246955023043,0.0005119933248084364,0.5379073580200237,1.2850845160925815,0.07878494618365484
financial_15m,AUDUSD=X,FA,adam,regression,1,84,1,-0.9226084868075507,0.0001778111907784324,5.97894864104554e-05,0.0005895667401330107,-3.611065737324945,0.0003770416737543713,0.5359809088638157,1.2850845160925815,0.07878494618365484
financial_15m,AUDUSD=X,FA,adam,regression,2,72,1,-0.7772746154599832,0.0002364948600120477,8.81552841045085e-05,0.0005943631761927073,-3.5697773971837847,0.00017560351364125326,0.5432007116872175,1.2850845160925815,0.07878494618365484
financial_15m,AUDUSD=X,FA,adam,regression,3,93,1,2.8590020292604503,0.00025458034307163015,9.08952371581053e-05,0.0005494649624733638,-3.6013269870064084,0.00023119187450345736,0.5355547625876126,1.2850845160925815,0.07878494618365484
financial_15m,AUDUSD=X,FA,adam,classification,0,594,1,-2.8654199576301926,8.560608430158431e-06,3.581519949051982e-06,4.180807953858523e-05,-4.397088495413236,2.782042215561294e-05,0.6423059464366773,1.2850845160925815,0.07878494618365484
financial_15m,AUDUSD=X,FA,adam,classification,1,652,1,2.32724412471917,1.2416152739534966e-05,3.96044347653962e-06,7.736301806574879e-05,-4.377416549257987,6.622267970697654e-06,0.6404902405810259,1.2850845160925815,0.07878494618365484
financial_15m,AUDUSD=X,FA,adam,classification,2,628,1,-1.9210594780020862,1.5636762917946758e-05,7.076973103382836e-06,4.754407226344933e-05,-4.4216975924732305,6.703815199779312e-06,0.6413980935088516,1.2850845160925815,0.07878494618365484
financial_15m,AUDUSD=X,FA,adam,classification,3,571,1,0.19679770771275235,1.359825509576282e-05,6.838275718076188e-06,2.366958082949462e-05,-4.465228009807699,1.0483708533136126e-05,0.6441216522923287,1.2850845160925815,0.07878494618365484
financial_15m,BTC-USD,F0,sgd,regression,0,75,1,-0.8741225325849599,0.00012785885386488966,3.0799985780141924e-05,0.00026700245831084887,-3.900344958526015,6.045786844753632e-05,0.8338556892156959,1.478380727908568,0.05470570952782345
financial_15m,BTC-USD,F0,sgd,regression,1,167,1,0.36530368239587696,9.040102446006835e-05,3.4601139160840996e-05,0.0002231950233609688,-3.9337595319927585,0.00015910990846764662,0.833767132111468,1.478380727908568,0.05470570952782345
financial_15m,BTC-USD,F0,sgd,regression,2,132,1,-1.0052205073854323,0.00011270554236822553,5.218593499364747e-05,0.00022170334139865779,-3.9026788485890784,8.02960034789709e-05,0.8334478198472255,1.478380727908568,0.05470570952782345
financial_15m,BTC-USD,F0,sgd,regression,3,104,1,2.0390343609781008,0.00011753019035524106,4.355021614022803e-05,0.0002776408995417304,-3.906786512649928,0.00011751032551271734,0.8339915362783242,1.478380727908568,0.05470570952782345
financial_15m,BTC-USD,F0,sgd,classification,0,1181,1,-0.6906169811688477,8.289384153971738e-06,3.133546967828568e-06,2.4276481326580663e-05,-4.632396867103985,2.1305798379241434e-05,0.5122235157159488,1.478380727908568,0.05470570952782345
financial_15m,BTC-USD,F0,sgd,classification,1,1291,1,2.1576833799762474,1.6917696113273728e-05,6.413332161710394e-06,2.7053674955259472e-05,-4.524529280016909,1.5051737460165366e-05,0.510477299185099,1.478380727908568,0.05470570952782345
financial_15m,BTC-USD,F0,sgd,classification,2,2068,1,-1.9062881489030612,1.6974669480318985e-05,1.2720165672037985e-05,2.233452544250616e-05,-4.461654363550435,1.7565984124436428e-05,0.5203725261932479,1.478380727908568,0.05470570952782345
financial_15m,BTC-USD,F0,sgd,classification,3,1040,1,1.9825234976384014,1.232705927809764e-05,5.944587247790569e-06,3.490715295657104e-05,-4.706034351182488,3.91112829738442e-06,0.5186263096623981,1.478380727908568,0.05470570952782345
financial_15m,BTC-USD,F0,adam,regression,0,4000,0,0.2541222147975294,0.0023547852790431066,0.000880443761564082,0.004698173423643856,-2.696170323418866,0.0006476812946527784,0.8343155275012124,1.478380727908568,0.05470570952782345
financial_15m,BTC-USD,F0,adam,regression,1,817,1,-0.5333241901359264,0.00212314335781475,0.0008453597873988056,0.004363270316808133,-2.7002585712306417,0.0016655149826861307,0.8340616751282499,1.478380727908568,0.05470570952782345
financial_15m,BTC-USD,F0,adam,regression,2,4000,0,0.028658764978760392,0.0023863673218438696,0.0008500155689806384,0.004850183685541972,-2.6916901714439248,0.0013973033498553711,0.8339794053963876,1.478380727908568,0.05470570952782345
financial_15m,BTC-USD,F0,adam,regression,3,334,1,0.820910891545045,0.002042581129180544,0.0008053360307359937,0.004534776961361986,-2.686394162043633,0.0007488983865278187,0.8334260688605839,1.478380727908568,0.05470570952782345
financial_15m,BTC-USD,F0,adam,classification,0,3000,1,-1.2572685677000726,0.0002553726998974769,8.588208440318418e-05,0.0007153129595334587,-3.546568872930564,7.011661798452113e-05,0.519208381839348,1.478380727908568,0.05470570952782345
financial_15m,BTC-USD,F0,adam,classification,1,1858,1,0.6930999688003293,0.00023844631856315504,9.579270563960781e-05,0.0005145137602143963,-3.5912860591467743,0.00017959483274772274,0.5087310826542492,1.478380727908568,0.05470570952782345
financial_15m,BTC-USD,F0,adam,classification,2,2555,1,-0.37037311618644014,0.0002868390973255651,0.0001377317983565689,0.0005943705898276836,-3.5713413113515333,0.00029712296714642624,0.4935972060535506,1.478380727908568,0.05470570952782345
financial_15m,BTC-USD,F0,adam,classification,3,4000,0,1.2056695790350116,0.00026326639780804417,0.00010230959187348163,0.0005840833678194754,-3.5706011154538713,0.0002594465674108682,0.5133876600698487,1.478380727908568,0.05470570952782345
financial_15m,BTC-USD,F1,sgd,regression,0,673,1,-3.488456804288026,5.734729727960232e-05,3.4371417618755055e-05,7.036236304189635e-05,-3.636673296810183,3.004576191547955e-05,0.8839574725591547,1.478380727908568,0.05470570952782345
financial_15m,BTC-USD,F1,sgd,regression,1,730,1,-0.534167927648381,4.742447995896553e-05,3.9472118589972976e-05,8.238417657582962e-05,-3.6666414955526623,3.490357363997071e-05,0.8838390825540705,1.478380727908568,0.05470570952782345
financial_15m,BTC-USD,F1,sgd,regression,2,567,1,-3.070724368818625,3.88944385974298e-05,2.641924375990375e-05,5.856066094388591e-05,-3.7017551473071273,2.347869625547519e-05,0.8853782895576192,1.478380727908568,0.05470570952782345
financial_15m,BTC-USD,F1,sgd,regression,3,595,1,-2.425969019290662,5.4708938500920836e-05,3.800391610471213e-05,6.973065553647457e-05,-3.6720118954309946,3.5749320564527945e-05,0.8834893000520941,1.478380727908568,0.05470570952782345
financial_15m,BTC-USD,F1,sgd,classification,0,4000,0,-1.394330465434438,0.0016898249664312084,0.0015014232126848298,0.0019397648111083904,-2.376594111336599,0.0014618620185155467,0.49243306169965073,1.478380727908568,0.05470570952782345
financial_15m,BTC-USD,F1,sgd,classification,1,4000,0,-1.405011316246109,0.0016166305031233238,0.0014281860346497704,0.0018574759044186861,-2.3884136420821886,0.001396600568457119,0.4918509895227008,1.478380727908568,0.05470570952782345
financial_15m,BTC-USD,F1,sgd,classification,2,4000,0,-1.2912861106090923,0.0017111105537869521,0.0015347184978416343,0.0019375833472662887,-2.3769710926204604,0.0014859819713033725,0.4912689173457509,1.478380727908568,0.05470570952782345
financial_15m,BTC-USD,F1,sgd,classification,3,4000,0,-1.351246166932055,0.0017030859958201677,0.0014962256006294445,0.0019350541615934008,-2.377343478548657,0.0014669553749729958,0.49243306169965073,1.478380727908568,0.05470570952782345
financial_15m,BTC-USD,F1,adam,regression,0,85,1,-2.826438665778431,7.009057679201559e-05,7.043164555725398e-06,0.0003867206871667472,-3.982095133221547,0.0002352987092737716,0.8916347428817208,1.478380727908568,0.05470570952782345
financial_15m,BTC-USD,F1,adam,regression,1,93,1,-0.6905633050606675,5.968692925833831e-05,1.1761910834480784e-05,0.00039420481869994973,-4.036637118488092,0.00022859895893757442,0.8823120597603732,1.478380727908568,0.05470570952782345
financial_15m,BTC-USD,F1,adam,regression,2,68,1,-0.9702544978134863,6.533669879489631e-05,1.550142171673297e-05,0.0003090953209150799,-4.014671404530208,2.716772126037203e-05,0.8924321015337606,1.478380727908568,0.05470570952782345
financial_15m,BTC-USD,F1,adam,regression,3,93,1,5.07108231936154,9.7864000438211e-05,1.6245235893275753e-05,0.0003555525038975681,-4.0494715402587484,1.1093048779082499e-05,0.8892307547052545,1.478380727908568,0.05470570952782345
financial_15m,BTC-USD,F1,adam,classification,0,1154,1,-2.745636123903973,4.7897076757131974e-05,3.3084021146601055e-05,5.766994304380418e-05,-3.8050397267838285,3.1104167918677314e-05,0.4883585564610012,1.478380727908568,0.05470570952782345
financial_15m,BTC-USD,F1,adam,classification,1,1115,1,-0.8333996673358504,3.728756218784902e-05,3.388554585154046e-05,3.999559720447927e-05,-3.8707694615950805,3.561150875521387e-05,0.48777648428405124,1.478380727908568,0.05470570952782345
financial_15m,BTC-USD,F1,adam,classification,2,1127,1,-1.8098926540027511,4.180997925207814e-05,3.6053476882039725e-05,5.2463504085133094e-05,-3.829611780197454,3.078532168776002e-05,0.48952270081490107,1.478380727908568,0.05470570952782345
financial_15m,BTC-USD,F1,adam,classification,3,920,1,-2.03574414708502,4.693918556484545e-05,3.372157899166799e-05,5.560074604385902e-05,-3.8326457503852445,3.406634306492266e-05,0.48661233993015135,1.478380727908568,0.05470570952782345
financial_15m,BTC-USD,F2,sgd,regression,0,1664,1,-2.026211209267794,9.260202495986643e-06,8.075953811980112e-06,1.1186086189463613e-05,-4.229562923418884,7.874716693515744e-06,0.8418302482678696,1.478380727908568,0.05470570952782345
financial_15m,BTC-USD,F2,sgd,regression,1,1455,1,2.023694697846704,1.1017286271817286e-05,7.555961767552264e-06,1.5703634727105916e-05,-4.353107883627947,1.0638357005169088e-05,0.8424888433865462,1.478380727908568,0.05470570952782345
financial_15m,BTC-USD,F2,sgd,regression,2,1745,1,-0.8347553172113161,1.2576971902790645e-05,1.030415389051363e-05,1.574676240522959e-05,-4.239499541248353,8.802076446005906e-06,0.8415101542043767,1.478380727908568,0.05470570952782345
financial_15m,BTC-USD,F2,sgd,regression,3,1800,1,-1.2448257836300314,8.920668076204888e-06,7.734605689124084e-06,1.1972209099466139e-05,-4.244448864263225,7.77246484115684e-06,0.8417151984272543,1.478380727908568,0.05470570952782345
financial_15m,BTC-USD,F2,sgd,classification,0,4000,0,-0.8349133008804548,0.002791429763725683,0.0025922414108185683,0.003031930016031743,-2.3614395620760713,0.002547689633889258,0.48661233993015135,1.478380727908568,0.05470570952782345
financial_15m,BTC-USD,F2,sgd,classification,1,4000,0,-0.8468973265813331,0.0027259874670034472,0.002521970205044188,0.002962325349969494,-2.367628644841971,0.0024821284743491,0.4871944121071013,1.478380727908568,0.05470570952782345
financial_15m,BTC-USD,F2,sgd,classification,2,4000,0,-0.7850219467822864,0.002809944495825897,0.0026205807686750034,0.003030448130903049,-2.3615796366648927,0.0025691333096297736,0.4871944121071013,1.478380727908568,0.05470570952782345
financial_15m,BTC-USD,F2,sgd,classification,3,4000,0,-0.8168758411148799,0.0028024431257455164,0.0025890971830870553,0.0030287691135988805,-2.3617563496054137,0.002552009083589331,0.4871944121071013,1.478380727908568,0.05470570952782345
financial_15m,BTC-USD,F2,adam,regression,0,55,1,-5.85539097775011,1.3372568657260163e-05,1.2146938715436671e-06,9.097308057838551e-05,-4.668698703877658,7.535426630987634e-06,0.8460815124932349,1.478380727908568,0.05470570952782345
financial_15m,BTC-USD,F2,adam,regression,1,131,1,0.5302878065404338,2.958409985119288e-05,3.5175989796624715e-06,0.00012693774738476034,-4.575535783709187,3.286629256746179e-05,0.8409770829166953,1.478380727908568,0.05470570952782345
financial_15m,BTC-USD,F2,adam,regression,2,76,1,1.7990355893202545,1.8801675507724123e-05,4.7839981364368906e-06,8.724993440712397e-05,-4.67028324428978,1.007524173606455e-05,0.8472824543454872,1.478380727908568,0.05470570952782345
financial_15m,BTC-USD,F2,adam,regression,3,60,1,1.7826996842114764,1.785977271444856e-05,1.9146487271895606e-06,0.00010593895445111103,-4.730443129161291,8.01518227684212e-05,0.8411071559055328,1.478380727908568,0.05470570952782345
financial_15m,BTC-USD,F2,adam,classification,0,3069,1,-1.999515006143833,6.011394200951447e-05,5.1283168890947014e-05,7.434745634363244e-05,-3.659462647631598,4.9569156157105536e-05,0.4883585564610012,1.478380727908568,0.05470570952782345
financial_15m,BTC-USD,F2,adam,classification,1,2725,1,-2.0424150726013344,4.698805684476556e-05,3.862032720827094e-05,5.846265465520535e-05,-3.728436278075347,3.808751162565407e-05,0.4883585564610012,1.478380727908568,0.05470570952782345
financial_15m,BTC-USD,F2,adam,classification,2,3095,1,-1.3365535081059794,6.650772578167862e-05,6.021335732994029e-05,7.716578138406146e-05,-3.655284456383231,5.6328377333508196e-05,0.4871944121071013,1.478380727908568,0.05470570952782345
financial_15m,BTC-USD,F2,adam,classification,3,3152,1,-1.7432084283923917,6.395435662092698e-05,5.199445196997418e-05,7.648391013513266e-05,-3.648354221179917,5.2004201591503594e-05,0.4883585564610012,1.478380727908568,0.05470570952782345
financial_15m,BTC-USD,F4,sgd,regression,0,755,1,-3.4560165288570284,2.0491338728343433e-05,1.490308369449447e-05,3.742274415140749e-05,-3.793210334131857,2.3175952087880537e-05,0.8893148107276575,1.478380727908568,0.05470570952782345
financial_15m,BTC-USD,F4,sgd,regression,1,789,1,-1.0727402828505124,2.508326443526192e-05,1.247994451975669e-05,7.843169987820035e-05,-3.770911076611359,1.6396216897422003e-05,0.8870229991355775,1.478380727908568,0.05470570952782345
financial_15m,BTC-USD,F4,sgd,regression,2,702,1,-0.7437767055602954,2.1669775594059977e-05,1.3251317590888886e-05,4.212301417852625e-05,-3.889784080970683,1.0799345599757152e-05,0.8893528691347636,1.478380727908568,0.05470570952782345
financial_15m,BTC-USD,F4,sgd,regression,3,681,1,-3.128118892729039,2.112694307734536e-05,1.0927917531410943e-05,3.449583233201535e-05,-3.817779345207531,1.4542841060886639e-05,0.8881532359276345,1.478380727908568,0.05470570952782345
financial_15m,BTC-USD,F4,sgd,classification,0,4000,0,-1.3874280451862955,0.001158044250886221,0.0010196265043959886,0.0013192185997421449,-2.5251197713927636,0.0009928299772813808,0.5023282887077998,1.478380727908568,0.05470570952782345
financial_15m,BTC-USD,F4,sgd,classification,1,4000,0,-1.2980727037734716,0.0010892111816381133,0.0009762045038322015,0.0012357246377892276,-2.5408180278553214,0.0009608076349901963,0.5023282887077998,1.478380727908568,0.05470570952782345
financial_15m,BTC-USD,F4,sgd,classification,2,4000,0,-1.2848926342190499,0.00113551775274913,0.001018211670291798,0.0012818981222163226,-2.5309718704402786,0.0009859168838944566,0.5023282887077998,1.478380727908568,0.05470570952782345
financial_15m,BTC-USD,F4,sgd,classification,3,4000,0,-1.297177003690563,0.0011563460137325985,0.0010114028839923132,0.0013026447007620783,-2.5295325741031913,0.0009951176626460901,0.5023282887077998,1.478380727908568,0.05470570952782345
financial_15m,BTC-USD,F4,adam,regression,0,97,1,-1.0603977118216057,0.00015853942467376276,5.257412257770653e-05,0.0007009028796273317,-3.6324591411727205,0.0005181945015518577,0.886316780343164,1.478380727908568,0.05470570952782345
financial_15m,BTC-USD,F4,adam,regression,1,83,1,-1.3444309334005067,0.00014205617626123477,4.2266271553611884e-05,0.0005521678248710512,-3.694293061869195,0.00042335054114128333,0.8826926244938854,1.478380727908568,0.05470570952782345
financial_15m,BTC-USD,F4,adam,regression,2,70,1,-0.7827966833422582,0.00017696118976117496,5.547704137918566e-05,0.0005499113231600113,-3.6592280211699015,9.330213815363898e-05,0.8925253992457319,1.478380727908568,0.05470570952782345
financial_15m,BTC-USD,F4,adam,regression,3,93,1,3.020936888356592,0.00020316748018610396,6.140483373554308e-05,0.0005215979761958099,-3.685931375424998,0.00012608661223672976,0.8847361663166982,1.478380727908568,0.05470570952782345
financial_15m,BTC-USD,F4,adam,classification,0,759,1,-4.657182584780439,8.98765998554713e-06,4.0304576656310335e-06,2.164853902651122e-05,-4.241546732058365,1.353294677120746e-05,0.49825378346915017,1.478380727908568,0.05470570952782345
financial_15m,BTC-USD,F4,adam,classification,1,813,1,1.5161367873857678,1.2668546387520712e-05,5.053687346708972e-06,5.9302361586872554e-05,-4.224086888221026,3.66612844643061e-06,0.4976717112922002,1.478380727908568,0.05470570952782345
financial_15m,BTC-USD,F4,adam,classification,2,701,1,-2.0523041431507347,1.1218265459763709e-05,5.292715057941957e-06,3.2955091519027944e-05,-4.288409357045981,4.262872372801443e-06,0.5023282887077998,1.478380727908568,0.05470570952782345
financial_15m,BTC-USD,F4,adam,classification,3,655,1,-4.3090712402810665,1.0276864348959862e-05,3.846453942664211e-06,1.8898054648440383e-05,-4.27755175914365,7.340951949367049e-06,0.49534342258440045,1.478380727908568,0.05470570952782345
financial_15m,BTC-USD,F7,sgd,regression,0,3300,1,-2.219870223458945,8.798529843424245e-05,7.242066219043828e-05,0.00010170035977344563,-3.4839716487514907,6.980264085847537e-05,0.8129439667155867,1.478380727908568,0.05470570952782345
financial_15m,BTC-USD,F7,sgd,regression,1,3293,1,-0.9058825236280414,9.668053490280804e-05,8.704676280502708e-05,0.00010819860428498919,-3.4825070245319476,7.725520745146251e-05,0.8132408280834464,1.478380727908568,0.05470570952782345
financial_15m,BTC-USD,F7,sgd,regression,2,2931,1,-1.2321000882949025,8.084309543801186e-05,6.979663446389815e-05,9.092521142184875e-05,-3.530759339410329,6.276492872536182e-05,0.8129731745150443,1.478380727908568,0.05470570952782345
financial_15m,BTC-USD,F7,sgd,regression,3,3380,1,-2.117054852635814,9.263518996125083e-05,7.025858314454383e-05,0.00011360778768686374,-3.491332453633471,7.007329325940141e-05,0.8130589582230013,1.478380727908568,0.05470570952782345
financial_15m,BTC-USD,F7,sgd,classification,0,4000,0,-0.9419726726258739,0.0012937047712045183,0.0011898978049056958,0.001417202983094652,-2.6471745794459585,0.0011684587521798824,0.5419091967403958,1.478380727908568,0.05470570952782345
financial_15m,BTC-USD,F7,sgd,classification,1,4000,0,-0.9139462274870684,0.0012347415995232949,0.0011391146385269556,0.001351371877447164,-2.658767391864753,0.0011249424767998133,0.5419091967403958,1.478380727908568,0.05470570952782345
financial_15m,BTC-USD,F7,sgd,classification,2,4000,0,-0.8637468559840831,0.0012898652190525088,0.0011994678351859255,0.00140213127174668,-2.649341815454399,0.0011735876913496794,0.540745052386496,1.478380727908568,0.05470570952782345
financial_15m,BTC-USD,F7,sgd,classification,3,4000,0,-0.8835583152332569,0.0012938255970915283,0.0011833854580930708,0.001405385147458818,-2.6502689689405954,0.00116879612769617,0.5413271245634459,1.478380727908568,0.05470570952782345
financial_15m,BTC-USD,F7,adam,regression,0,249,1,-1.9110450837175503,7.597914099080956e-05,1.1944723721703957e-05,0.00027288280382753395,-4.00147100074178,2.7208255418179856e-05,0.810501316778859,1.478380727908568,0.05470570952782345
financial_15m,BTC-USD,F7,adam,regression,1,202,1,-0.09450269317210737,7.045078787952191e-05,1.7240589870489172e-05,0.00021302754367361282,-4.072358933531482,0.0001585238906079974,0.8109984035356658,1.478380727908568,0.05470570952782345
financial_15m,BTC-USD,F7,adam,regression,2,258,1,-0.45973774939652395,6.219258223725634e-05,1.900389652882629e-05,0.00021003222010789979,-4.070901520947197,3.7931303140753175e-05,0.8116149443417637,1.478380727908568,0.05470570952782345
financial_15m,BTC-USD,F7,adam,regression,3,295,1,3.7430656407447764,8.370275319008135e-05,1.1764211768840795e-05,0.000256181565826852,-4.075842176406872,3.36838802167321e-05,0.8112968633064335,1.478380727908568,0.05470570952782345
financial_15m,BTC-USD,F7,adam,classification,0,3790,1,-2.0046085332871137,6.339778409881645e-05,5.119635190191004e-05,7.321934390925107e-05,-3.7687040481345857,4.8844765733395476e-05,0.5535506402793946,1.478380727908568,0.05470570952782345
financial_15m,BTC-USD,F7,adam,classification,1,3412,1,-0.4832657571532836,5.762130391901329e-05,5.435787657129042e-05,6.17288300103448e-05,-3.7995659793529963,5.461619672667082e-05,0.5506402793946449,1.478380727908568,0.05470570952782345
financial_15m,BTC-USD,F7,adam,classification,2,3863,1,-1.3294751573691628,5.9906032088494614e-05,5.3829741372676536e-05,7.183525962676955e-05,-3.7867295330088155,4.779987364999107e-05,0.5547147846332945,1.478380727908568,0.05470570952782345
financial_15m,BTC-USD,F7,adam,classification,3,3787,1,-1.6082661528507771,6.614398620038601e-05,5.2012225480054776e-05,7.636808072439295e-05,-3.77581092844043,5.3129477510500744e-05,0.5541327124563445,1.478380727908568,0.05470570952782345
financial_15m,BTC-USD,F10,sgd,regression,0,1506,1,-1.6723416482290412,9.21055888943512e-06,8.17234733591952e-06,1.0649305288089163e-05,-4.252732905247394,7.974721472433025e-06,0.8415135381478723,1.478380727908568,0.05470570952782345
financial_15m,BTC-USD,F10,sgd,regression,1,1374,1,2.2395831688918424,1.1676594576827e-05,7.687025095523547e-06,1.717823265701157e-05,-4.368160321608795,1.0983673805809396e-05,0.8420432501305276,1.478380727908568,0.05470570952782345
financial_15m,BTC-USD,F10,sgd,regression,2,1446,1,-0.6623894939460659,1.2597072411501755e-05,1.0202173706116392e-05,1.5947452278032705e-05,-4.25962405260535,8.83294227451789e-06,0.8412683941978799,1.478380727908568,0.05470570952782345
financial_15m,BTC-USD,F10,sgd,regression,3,1716,1,-0.9320942836075112,8.714825983046704e-06,7.944790912888061e-06,1.1466432575178999e-05,-4.26568297657023,7.810966563015318e-06,0.8414085306990478,1.478380727908568,0.05470570952782345
financial_15m,BTC-USD,F10,sgd,classification,0,4000,0,-0.8256247881430873,0.002742254881246441,0.0025498528750487136,0.0029756331344438563,-2.365993278775048,0.0025068963658297213,0.48020954598370197,1.478380727908568,0.05470570952782345
financial_15m,BTC-USD,F10,sgd,classification,1,4000,0,-0.8363311202430076,0.002678760389912163,0.0024817863055300285,0.0029078422237965537,-2.3722383389388466,0.0024434266880678287,0.48020954598370197,1.478380727908568,0.05470570952782345
financial_15m,BTC-USD,F10,sgd,classification,2,4000,0,-0.7760373390466501,0.0027604347087230247,0.002577485169592439,0.0029742498014612264,-2.3661575226031584,0.002527790957098121,0.479627473806752,1.478380727908568,0.05470570952782345
financial_15m,BTC-USD,F10,sgd,classification,3,4000,0,-0.8077428662343344,0.0027531750862520733,0.0025468965474434893,0.0029727625849484155,-2.366306126127052,0.002511207875524953,0.48020954598370197,1.478380727908568,0.05470570952782345
financial_15m,BTC-USD,F10,adam,regression,0,48,1,-6.033439130866322,1.4892378198423617e-05,1.3953236992094178e-06,9.442356167500136e-05,-4.653874740381445,5.875597832551798e-06,0.8455211503939576,1.478380727908568,0.05470570952782345
financial_15m,BTC-USD,F10,adam,regression,1,45,1,1.083562007756074,3.157644101951222e-05,2.9812416715315106e-06,0.00013436621930620462,-4.580883939921634,3.786247120525279e-05,0.8409368189574008,1.478380727908568,0.05470570952782345
financial_15m,BTC-USD,F10,adam,regression,2,71,1,2.9238278759182292,1.735483764663447e-05,3.1154262665608854e-06,8.838237971744684e-05,-4.707890528553992,7.116834414144943e-06,0.8467398030539521,1.478380727908568,0.05470570952782345
financial_15m,BTC-USD,F10,adam,regression,3,55,1,1.429543328495792,1.702758012770715e-05,1.7045687409551286e-06,0.00011576683322479733,-4.734410032932561,8.168850563521639e-05,0.8408476970396,1.478380727908568,0.05470570952782345
financial_15m,BTC-USD,F10,adam,classification,0,3316,1,-1.8688089456473649,6.856682635362777e-05,5.924401960827223e-05,8.368995087084908e-05,-3.6251266658651975,5.7405982415627964e-05,0.47846332945285214,1.478380727908568,0.05470570952782345
financial_15m,BTC-USD,F10,adam,classification,1,2878,1,-1.9017280549640379,5.528362366842153e-05,4.608195162111494e-05,6.768398119300155e-05,-3.68753249135424,4.535226305591984e-05,0.4790454016298021,1.478380727908568,0.05470570952782345
financial_15m,BTC-USD,F10,adam,classification,2,3381,1,-1.2755067213405848,7.546029834268374e-05,6.852888609747539e-05,8.677595062034127e-05,-3.621108823433944,6.452527712218557e-05,0.4790454016298021,1.478380727908568,0.05470570952782345
financial_15m,BTC-USD,F10,adam,classification,3,3340,1,-1.6456693652167085,7.272233753712847e-05,6.0039960834770375e-05,8.614987141328716e-05,-3.61398021105237,6.001118881848992e-05,0.4790454016298021,1.478380727908568,0.05470570952782345
financial_15m,BTC-USD,F11,sgd,regression,0,385,1,-0.676189249229274,3.418339089981861e-05,8.34708942320595e-06,0.00012657691340281125,-3.9114714940547515,4.380311253573953e-05,0.9551772977309368,1.478380727908568,0.05470570952782345
financial_15m,BTC-USD,F11,sgd,regression,1,382,1,1.4120425870716864,3.836196106795851e-05,1.0791137638919405e-05,0.00011988435819566988,-3.9764098005287303,7.650960252114022e-05,0.9513524156241218,1.478380727908568,0.05470570952782345
financial_15m,BTC-USD,F11,sgd,regression,2,397,1,-1.8410062753135297,4.2139371921149705e-05,1.5761805546561707e-05,8.32348008954652e-05,-3.927112742544971,2.5545041926032772e-05,0.9544855902269918,1.478380727908568,0.05470570952782345
financial_15m,BTC-USD,F11,sgd,regression,3,375,1,3.5096351218448474,4.234102417796637e-05,1.6291594278637013e-05,0.00012655222615565807,-3.9666930321509195,1.9309806025785335e-05,0.9520950041603438,1.478380727908568,0.05470570952782345
financial_15m,BTC-USD,F11,sgd,classification,0,4000,0,-2.343606464709328,0.0003503242989308069,0.00027550846555107864,0.00043359148303496336,-2.8994688524163243,0.00026619645142782607,0.47613504074505236,1.478380727908568,0.05470570952782345
financial_15m,BTC-USD,F11,sgd,classification,1,4000,0,-2.0521801796711414,0.00033747184415006907,0.0002836999624266136,0.00040375172828910534,-2.907123666353792,0.00026864224659168705,0.4790454016298021,1.478380727908568,0.05470570952782345
financial_15m,BTC-USD,F11,sgd,classification,2,4000,0,-1.740174072909016,0.00035273829763433386,0.00029704200944221775,0.0004048372755425777,-2.9142740329626458,0.00027972235731398254,0.47846332945285214,1.478380727908568,0.05470570952782345
financial_15m,BTC-USD,F11,sgd,classification,3,4000,0,-2.3698845494549916,0.00034878585171709193,0.0002656348499756716,0.00042871540604083223,-2.9025514499448826,0.0002626712800139525,0.47846332945285214,1.478380727908568,0.05470570952782345
financial_15m,BTC-USD,F11,adam,regression,0,91,1,-0.9663009509942828,0.0007932529235477732,0.000263357038924094,0.00214911648455132,-3.0944726672521687,0.00038452664239833076,0.9501815090339515,1.478380727908568,0.05470570952782345
financial_15m,BTC-USD,F11,adam,regression,1,81,1,-0.37503498385491396,0.0006490072160154907,0.0002355397152441319,0.0017551006160262776,-3.1299023563794015,0.0010572828037661664,0.9460687405729873,1.478380727908568,0.05470570952782345
financial_15m,BTC-USD,F11,adam,regression,2,78,1,-0.4216772029596149,0.0007543652795819907,0.0002651233823930511,0.0021563334927920588,-3.1000182381432344,0.001188096211649393,0.9624758467112772,1.478380727908568,0.05470570952782345
financial_15m,BTC-USD,F11,adam,regression,3,86,1,0.8963771799267715,0.0007094219398338204,0.0002545880768468026,0.0016026108421490553,-3.1238297167493694,7.432509023959011e-05,0.9496981636318502,1.478380727908568,0.05470570952782345
financial_15m,BTC-USD,F11,adam,classification,0,363,1,-1.6043509397128868,5.095506498253834e-05,1.6701671620683996e-05,0.00016871267746425855,-4.028234879363577,5.079628725704713e-05,0.4831199068684517,1.478380727908568,0.05470570952782345
financial_15m,BTC-USD,F11,adam,classification,1,408,1,0.762693034617408,5.9679706252276776e-05,1.5913952199495272e-05,0.00014483969797772947,-4.086111072822084,7.636456379668016e-05,0.48137369033760186,1.478380727908568,0.05470570952782345
financial_15m,BTC-USD,F11,adam,classification,2,433,1,-1.0221200941289397,5.677016783643706e-05,1.881004403129351e-05,0.00013297516189532643,-4.0936133788251805,4.22679575887218e-05,0.48370197904540163,1.478380727908568,0.05470570952782345
financial_15m,BTC-USD,F11,adam,classification,3,378,1,2.4919051946639907,6.343169336555705e-05,2.1012835045225964e-05,0.00016169835239840104,-4.10423966056878,5.044277745072776e-05,0.4860302677532014,1.478380727908568,0.05470570952782345
financial_15m,BTC-USD,FA,sgd,regression,0,692,1,-2.8469073487307988,1.0061703796088429e-05,4.242181909367077e-06,2.9231292066530746e-05,-4.031466267217403,2.2776822398669655e-05,0.8918980020994532,1.478380727908568,0.05470570952782345
financial_15m,BTC-USD,FA,sgd,regression,1,707,1,0.7052562823795686,1.1211729473653823e-05,3.793986517745301e-06,6.634263580295759e-05,-4.015792823478933,1.2076380039103964e-05,0.8894568271540078,1.478380727908568,0.05470570952782345
financial_15m,BTC-USD,FA,sgd,regression,2,639,1,-0.649776080687892,1.6072617110057734e-05,8.15455540078839e-06,3.6271700034785184e-05,-4.12250580530274,8.057340291848168e-06,0.8917651460667708,1.478380727908568,0.05470570952782345
financial_15m,BTC-USD,FA,sgd,regression,3,601,1,-0.5341585735583123,1.3460674576136866e-05,5.2164432081012405e-06,2.71635930793463e-05,-4.065373888377916,9.940962653651015e-06,0.8906832810672685,1.478380727908568,0.05470570952782345
financial_15m,BTC-USD,FA,sgd,classification,0,4000,0,-1.5668496437408685,0.0008158368342762708,0.0007018698903767495,0.0009428436424951691,-2.6566693982061116,0.0006808774257516617,0.4912689173457509,1.478380727908568,0.05470570952782345
financial_15m,BTC-USD,FA,sgd,classification,1,4000,0,-1.42755115660158,0.0007570553717860064,0.0006719812452076068,0.0008689871744251849,-2.6752691046378922,0.0006608462886933777,0.48952270081490107,1.478380727908568,0.05470570952782345
financial_15m,BTC-USD,FA,sgd,classification,2,4000,0,-1.4282224019565064,0.0007884754199771033,0.0006961242759538188,0.0008998248947334947,-2.6661519316512132,0.0006702855822096595,0.49068684516880096,1.478380727908568,0.05470570952782345
financial_15m,BTC-USD,FA,sgd,classification,3,4000,0,-1.454768807508911,0.0008153470724054947,0.0006958184423799431,0.0009307318893099925,-2.6619515757675773,0.0006853710795279916,0.4918509895227008,1.478380727908568,0.05470570952782345
financial_15m,BTC-USD,FA,adam,regression,0,96,1,-1.0205084522909642,0.00020911180579153186,6.500030857339991e-05,0.0007706661321687397,-3.554455472587645,0.0005181568195110932,0.8879786589118586,1.478380727908568,0.05470570952782345
financial_15m,BTC-USD,FA,adam,regression,1,80,1,-1.0143244037203358,0.0001732996688145292,5.840692905454679e-05,0.0005905289971272818,-3.619416345852627,0.0003895487831506057,0.8849898802546099,1.478380727908568,0.05470570952782345
financial_15m,BTC-USD,FA,adam,regression,2,68,1,-0.7734064809097846,0.00022936095212197383,8.499472503793441e-05,0.000587686925025897,-3.5795903443161383,0.00015945914716387395,0.8960187176346774,1.478380727908568,0.05470570952782345
financial_15m,BTC-USD,FA,adam,regression,3,87,1,2.876222528026715,0.00025114879903400777,8.814535014894287e-05,0.0005468682481493199,-3.609491940376756,0.00022270569291409239,0.8860864157639552,1.478380727908568,0.05470570952782345
financial_15m,BTC-USD,FA,adam,classification,0,657,1,-3.2068915219656455,8.173626056129303e-06,3.418473749062199e-06,4.178228823647961e-05,-4.3732597405385505,2.6026962385719986e-05,0.4988358556461001,1.478380727908568,0.05470570952782345
financial_15m,BTC-USD,FA,adam,classification,1,653,1,1.918136755938828,1.3285693324062906e-05,3.932328697155444e-06,7.916203076818787e-05,-4.3472734993868185,6.118940457103054e-06,0.4976717112922002,1.478380727908568,0.05470570952782345
financial_15m,BTC-USD,FA,adam,classification,2,630,1,-1.9325095008477648,1.597927006407923e-05,7.494818982129255e-06,4.934961416063711e-05,-4.367117459182652,7.92171934429969e-06,0.4930151338766007,1.478380727908568,0.05470570952782345
financial_15m,BTC-USD,FA,adam,classification,3,574,1,0.22389262562381387,1.3834513420708548e-05,6.537191169958741e-06,2.3927708132155375e-05,-4.429888306663782,1.1114613929016437e-05,0.4976717112922002,1.478380727908568,0.05470570952782345
financial_5m,AAPL,F0,sgd,regression,0,245,1,-0.9000539539528529,0.00013526435999458705,3.7352706575579984e-05,0.0002925436413857944,-3.8570268595606323,5.566817350599951e-05,0.6281934191463958,2.0,0.20095208304480786
financial_5m,AAPL,F0,sgd,regression,1,202,1,0.3693225544589254,9.905855588879046e-05,3.834583544279065e-05,0.00023814585337647177,-3.9087303708951118,0.00018036824522279428,0.6278017852918438,2.0,0.20095208304480786
financial_5m,AAPL,F0,sgd,regression,2,141,1,-0.9189081176911433,0.00012144161648319356,5.675983730340425e-05,0.00023932258492096107,-3.878472149477655,8.21934231784099e-05,0.6282807681326456,2.0,0.20095208304480786
financial_5m,AAPL,F0,sgd,regression,3,98,1,1.9757004631641146,0.00012455247164710312,4.832418707027958e-05,0.00029695820249280014,-3.8803179628639994,0.00012015383675462048,0.6278715860923606,2.0,0.20095208304480786
financial_5m,AAPL,F0,sgd,classification,0,1685,1,-0.5780177778467734,9.038579142420754e-06,3.5422402271788714e-06,2.699803243826621e-05,-4.760808409860706,2.403031138172309e-05,0.8958834134615384,2.0,0.20095208304480786
financial_5m,AAPL,F0,sgd,classification,1,4000,0,2.3681214937647135,1.7477971048207435e-05,6.2820322495238015e-06,2.841809915403215e-05,-4.6803810874003435,1.6098781361690154e-05,0.8976862980769231,2.0,0.20095208304480786
financial_5m,AAPL,F0,sgd,classification,2,2315,1,-2.011335293084569,1.855381180173674e-05,1.3230252906291795e-05,2.4284560219129953e-05,-4.644138251812925,1.800420984268117e-05,0.8952824519230769,2.0,0.20095208304480786
financial_5m,AAPL,F0,sgd,classification,3,1103,1,2.1510346856750573,1.3060602688735141e-05,6.166548053967592e-06,3.683267958507619e-05,-4.804644312157269,4.063659424697708e-06,0.8970853365384616,2.0,0.20095208304480786
financial_5m,AAPL,F0,adam,regression,0,4000,0,0.19827305763548633,0.002470296729770654,0.0009373393339418431,0.004917694040221465,-2.6635510737178025,0.0005426294262987324,0.6275172066176545,2.0,0.20095208304480786
financial_5m,AAPL,F0,adam,regression,1,4000,0,-0.4450249890788697,0.0022853068195426134,0.0009292655093892936,0.004659083908249024,-2.6705944514135935,0.0021508448786746698,0.6268651305621659,2.0,0.20095208304480786
financial_5m,AAPL,F0,adam,regression,2,773,1,-0.021343757160576234,0.0025612453963442146,0.0009115502098566493,0.005142485083179955,-2.6588379140329303,0.0012172808908324532,0.6278630238654357,2.0,0.20095208304480786
financial_5m,AAPL,F0,adam,regression,3,4000,0,0.9496200277405041,0.0022669705773848314,0.0009542277230455753,0.004966280231382013,-2.649570821879511,0.000978658124129774,0.6279115332004127,2.0,0.20095208304480786
financial_5m,AAPL,F0,adam,classification,0,4000,0,-1.0455449842177935,0.00027836605194421244,9.575209794223156e-05,0.0006977333262047195,-3.5340822528714417,6.793029253507138e-05,0.8949819711538461,2.0,0.20095208304480786
financial_5m,AAPL,F0,adam,classification,1,4000,0,0.5405723002275671,0.0002464218651624636,0.00010811421987219725,0.00048086951794494305,-3.578926698350645,0.00019843146680139514,0.10186298076923077,2.0,0.20095208304480786
financial_5m,AAPL,F0,adam,classification,2,4000,0,-0.3140980078933288,0.0002933368817368407,0.00014626445810932828,0.0005758379512568247,-3.5576752778105973,0.000296911984448141,0.8946814903846154,2.0,0.20095208304480786
financial_5m,AAPL,F0,adam,classification,3,4000,0,1.2123390944302754,0.0002630687979631816,0.00011446258941331526,0.0005741047314008184,-3.561406637261731,0.0002398627418264356,0.9032451923076923,2.0,0.20095208304480786
financial_5m,AAPL,F1,sgd,regression,0,399,1,-3.6295328973350927,5.804899423331755e-05,3.572182565230247e-05,7.483412746460821e-05,-3.597771858556585,3.090639301511793e-05,0.6579095762677869,2.0,0.20095208304480786
financial_5m,AAPL,F1,sgd,regression,1,501,1,-0.48439025224152094,5.017456990690488e-05,3.948675692888401e-05,9.88060773246395e-05,-3.626976837440798,3.893379048902413e-05,0.6575238712207925,2.0,0.20095208304480786
financial_5m,AAPL,F1,sgd,regression,2,410,1,-2.9037359486499024,3.9416604658625324e-05,2.7826397676873847e-05,6.372726520019309e-05,-3.6622831906079174,2.5408443657634818e-05,0.6587752273593502,2.0,0.20095208304480786
financial_5m,AAPL,F1,sgd,regression,3,399,1,-2.3341790044304633,5.894283273271188e-05,4.0613882310815066e-05,7.433318083758535e-05,-3.628787321736272,4.026256753889118e-05,0.6575061279927769,2.0,0.20095208304480786
financial_5m,AAPL,F1,sgd,classification,0,4000,0,-1.2480426567440317,0.0006490409791200275,0.0005846619667005372,0.0007362841086863317,-2.8276539092825907,0.0005712829979085959,0.8774038461538461,2.0,0.20095208304480786
financial_5m,AAPL,F1,sgd,classification,1,4000,0,-1.2582016047011861,0.0006090782806504145,0.000544394797866056,0.0006921825858783868,-2.845316986404465,0.0005351531100569219,0.8774038461538461,2.0,0.20095208304480786
financial_5m,AAPL,F1,sgd,classification,2,4000,0,-1.1022090035289147,0.000660855187391142,0.000602862829410727,0.000736021327949892,-2.8283721222886933,0.000584719645251877,0.8777043269230769,2.0,0.20095208304480786
financial_5m,AAPL,F1,sgd,classification,3,4000,0,-1.1879135280564161,0.0006561935101478411,0.0005818065023895142,0.0007349945083900281,-2.828755323878574,0.0005743077672643263,0.8774038461538461,2.0,0.20095208304480786
financial_5m,AAPL,F1,adam,regression,0,53,1,-2.402239092166455,8.313492295575038e-05,1.004669145539933e-05,0.0005273405066056557,-3.8919362708972014,0.0004638662177890863,0.6624249594188177,2.0,0.20095208304480786
financial_5m,AAPL,F1,adam,regression,1,81,1,-1.756121296616606,7.960376975498336e-05,1.1426629421736164e-05,0.0004909320509178363,-3.941101455496984,0.00034154250990220647,0.6580852796340798,2.0,0.20095208304480786
financial_5m,AAPL,F1,adam,regression,2,51,1,-1.097843595179251,8.729818260968279e-05,1.5519536295327542e-05,0.0004147163828337271,-3.9121966977931897,1.632243475405253e-05,0.6637162193401854,2.0,0.20095208304480786
financial_5m,AAPL,F1,adam,regression,3,75,1,4.882291443429045,0.00012269120335124285,2.0841497385742743e-05,0.00042578323453262043,-3.9415624865774928,1.114173435938906e-05,0.6617938984587762,2.0,0.20095208304480786
financial_5m,AAPL,F1,adam,classification,0,1188,1,-1.9659528187402988,2.976898998757702e-05,2.3127038229791156e-05,3.407044391869414e-05,-4.143910210735287,2.2276091750471798e-05,0.8802584134615384,2.0,0.20095208304480786
financial_5m,AAPL,F1,adam,classification,1,1209,1,-0.7040551759402497,2.1944805532488896e-05,2.137687183534815e-05,2.3184691762209286e-05,-4.2192840583047895,2.20723229115027e-05,0.8796574519230769,2.0,0.20095208304480786
financial_5m,AAPL,F1,adam,classification,2,1161,1,-0.939243554019936,2.7847850886658044e-05,2.5961567011917593e-05,3.137740583077759e-05,-4.172007119316086,2.3499508280380065e-05,0.8796574519230769,2.0,0.20095208304480786
financial_5m,AAPL,F1,adam,classification,3,946,1,-1.3141340854069237,2.8563591164872884e-05,2.2716203574485466e-05,3.1891793602922144e-05,-4.17810400237167,2.302842525578268e-05,0.8798076923076923,2.0,0.20095208304480786
financial_5m,AAPL,F2,sgd,regression,0,1206,1,-1.135611284490014,1.3658754294555399e-05,1.1447140800257062e-05,1.479258044871436e-05,-4.245324458026269,1.1086305887018963e-05,0.6352624356410264,2.0,0.20095208304480786
financial_5m,AAPL,F2,sgd,regression,1,1040,1,1.9424709707330075,1.648441090114273e-05,1.0918830369993427e-05,2.4875386720965067e-05,-4.32053635168356,1.4422990274510505e-05,0.6356028173426727,2.0,0.20095208304480786
financial_5m,AAPL,F2,sgd,regression,2,1224,1,-0.688108837921878,1.53089967700363e-05,1.2430592924001626e-05,1.978972742322415e-05,-4.258827784461764,1.0622126783175764e-05,0.6352721666530251,2.0,0.20095208304480786
financial_5m,AAPL,F2,sgd,regression,3,1310,1,-0.5346306095341075,1.2474261361609505e-05,1.1423522430795062e-05,1.4724835533576375e-05,-4.260358868020805,1.0824657164786945e-05,0.6352225452628384,2.0,0.20095208304480786
financial_5m,AAPL,F2,sgd,classification,0,4000,0,-0.7908173527527421,0.001274460252769291,0.0011906200208203273,0.0013795464745163717,-2.6950910928807357,0.0011721439499031011,0.7810997596153846,2.0,0.20095208304480786
financial_5m,AAPL,F2,sgd,classification,1,4000,0,-0.8005841846248489,0.001234230654749285,0.001147835991146738,0.001336735111699726,-2.704125006344152,0.0011324289058435599,0.7809495192307693,2.0,0.20095208304480786
financial_5m,AAPL,F2,sgd,classification,2,4000,0,-0.7225805493212653,0.0012859001463626975,0.0012080377186623513,0.0013791948058327382,-2.695413758293064,0.0011853738278509904,0.78125,2.0,0.20095208304480786
financial_5m,AAPL,F2,sgd,classification,3,4000,0,-0.76577528808095,0.0012813923039755731,0.0011885537618101763,0.0013784804413602815,-2.695586916396983,0.001175007901724166,0.7809495192307693,2.0,0.20095208304480786
financial_5m,AAPL,F2,adam,regression,0,35,1,-5.269559063834958,2.219297648951134e-05,1.8456205919287145e-06,0.00011845691171111979,-4.531850424621747,1.1504279666244919e-05,0.6400209933006594,2.0,0.20095208304480786
financial_5m,AAPL,F2,adam,regression,1,36,1,0.6186121137020807,3.9175579797168464e-05,3.6188443545225593e-06,0.00015504048054004561,-4.473321659979607,6.139681113609615e-05,0.6353962980358449,2.0,0.20095208304480786
financial_5m,AAPL,F2,adam,regression,2,57,1,2.0635128136338388,2.253745655197045e-05,5.073166948072097e-06,0.0001068698837044402,-4.56602271040538,4.785777452922547e-06,0.6399703550930173,2.0,0.20095208304480786
financial_5m,AAPL,F2,adam,regression,3,41,1,1.9842623363145888,1.9477671907256308e-05,2.5918872830373277e-06,0.0001683538737394083,-4.605807131615898,7.290292473230367e-05,0.6369054209000494,2.0,0.20095208304480786
financial_5m,AAPL,F2,adam,classification,0,4000,0,-1.1549939447175481,7.875404638726682e-05,7.20313054388244e-05,8.904404463979052e-05,-3.733721889171345,7.062039019855168e-05,0.7814002403846154,2.0,0.20095208304480786
financial_5m,AAPL,F2,adam,classification,1,4000,0,-1.14116689165475,6.872801111113236e-05,6.166022609383563e-05,7.751988689754373e-05,-3.7792670816922893,6.0858242671825654e-05,0.7809495192307693,2.0,0.20095208304480786
financial_5m,AAPL,F2,adam,classification,2,4000,0,-0.8033196702992014,8.31535735132238e-05,7.809078749425662e-05,9.062968001364061e-05,-3.735886814526278,7.542910840732295e-05,0.7807992788461539,2.0,0.20095208304480786
financial_5m,AAPL,F2,adam,classification,3,4000,0,-1.0269552310537196,8.17492484581124e-05,7.269822424133285e-05,9.089079026382785e-05,-3.728115143321467,7.263071295131203e-05,0.7809495192307693,2.0,0.20095208304480786
financial_5m,AAPL,F4,sgd,regression,0,975,1,-4.085416080782909,2.6630987988234973e-05,1.7399117485067672e-05,3.540418165723295e-05,-3.748860961983182,1.7520610122884782e-05,0.6641212837232626,2.0,0.20095208304480786
financial_5m,AAPL,F4,sgd,regression,1,1097,1,-0.412474847501111,3.034953764351583e-05,2.296661659365704e-05,7.13688353840844e-05,-3.745148089046218,1.7485150768323857e-05,0.6628337849516643,2.0,0.20095208304480786
financial_5m,AAPL,F4,sgd,regression,2,933,1,-1.4326093730523886,2.3040980196653217e-05,1.74443372897186e-05,3.9605074758712964e-05,-3.8220542689210513,1.4846764714987919e-05,0.6642219266994884,2.0,0.20095208304480786
financial_5m,AAPL,F4,sgd,regression,3,898,1,-3.5849319737418526,2.7695491857634257e-05,1.622064123604638e-05,3.991544068134499e-05,-3.7723284218853532,1.5591069274943085e-05,0.6632508334721916,2.0,0.20095208304480786
financial_5m,AAPL,F4,sgd,classification,0,4000,0,-1.4136688949012712,0.0003763368746877732,0.0003330768982525232,0.0004333624629496244,-3.0366335215271865,0.00032472007599251265,0.8981370192307693,2.0,0.20095208304480786
financial_5m,AAPL,F4,sgd,classification,1,4000,0,-1.3794995794079998,0.00033967471988791316,0.0003011655775238295,0.00039199513796720956,-3.0631666898744006,0.00029752229815510395,0.8981370192307693,2.0,0.20095208304480786
financial_5m,AAPL,F4,sgd,classification,2,4000,0,-1.2075820421791696,0.00037921341811811266,0.0003437048614282332,0.0004272471743320786,-3.0403209390788444,0.00033121331969203626,0.8984375,2.0,0.20095208304480786
financial_5m,AAPL,F4,sgd,classification,3,4000,0,-1.2982780266688643,0.0003794657548196283,0.000329202808636414,0.00042951201280987074,-3.040597367517501,0.000326258266791251,0.8982872596153846,2.0,0.20095208304480786
financial_5m,AAPL,F4,adam,regression,0,98,1,-1.5132361052022505,0.00011147252239966364,2.9936680806256723e-05,0.00047348216902351264,-3.7961665901105297,0.00029460209310878645,0.662976696926139,2.0,0.20095208304480786
financial_5m,AAPL,F4,adam,regression,1,92,1,-1.1661480492830871,9.285987467150578e-05,2.690107236189425e-05,0.00044235443863638936,-3.8538246865652064,0.0002810299523061422,0.6587365215460955,2.0,0.20095208304480786
financial_5m,AAPL,F4,adam,regression,2,71,1,-0.6038528713625898,0.00010428706838846571,3.29827643858293e-05,0.00037795776965617056,-3.836048219106441,6.253813001602749e-05,0.6648677886205724,2.0,0.20095208304480786
financial_5m,AAPL,F4,adam,regression,3,115,1,3.7016457023265095,0.0001507402882742801,3.279316441899773e-05,0.0003975274691581305,-3.853581403729775,5.200246471842133e-05,0.6610577058385212,2.0,0.20095208304480786
financial_5m,AAPL,F4,adam,classification,0,843,1,-5.242131735326314,6.878406018094243e-06,3.0959115490947344e-06,9.644184090477696e-06,-4.570736182722907,5.331377382726258e-06,0.9017427884615384,2.0,0.20095208304480786
financial_5m,AAPL,F4,adam,classification,1,1225,1,3.0477807812748594,1.1192913615118674e-05,4.307961505117722e-06,1.9186951379853372e-05,-4.592404852660617,1.1441646839818058e-05,0.9015925480769231,2.0,0.20095208304480786
financial_5m,AAPL,F4,adam,classification,2,789,1,-2.3768804063412072,1.0527899807749137e-05,6.879847189125491e-06,2.067454959856151e-05,-4.547396543516832,4.821366227065875e-06,0.9006911057692307,2.0,0.20095208304480786
financial_5m,AAPL,F4,adam,classification,3,744,1,-4.550351122017537,7.776328380092928e-06,2.195050413168166e-06,1.113888234857934e-05,-4.631826755008707,3.934865368621579e-06,0.9020432692307693,2.0,0.20095208304480786
financial_5m,AAPL,F7,sgd,regression,0,639,1,-2.619037011490426,1.465311308831279e-05,5.498866134129645e-06,4.804132689551188e-05,-3.913763375404339,3.414719517088106e-05,0.6714571608739534,2.0,0.20095208304480786
financial_5m,AAPL,F7,sgd,regression,1,626,1,0.13184412294549072,1.5971291131643034e-05,4.016322130481551e-06,8.143463948415509e-05,-3.9216985916784193,2.1679659417600043e-05,0.6691352519967727,2.0,0.20095208304480786
financial_5m,AAPL,F7,sgd,regression,2,599,1,-1.2947479452451647,2.0364383785942425e-05,1.03141008450866e-05,4.7039979094391894e-05,-3.97686211228522,1.0070623490507118e-05,0.6710931176108743,2.0,0.20095208304480786
financial_5m,AAPL,F7,sgd,regression,3,570,1,0.060066794855603914,1.6939244577996183e-05,6.3815619935502585e-06,3.750979179666678e-05,-3.955070868227995,1.3081742908770713e-05,0.6703756430523499,2.0,0.20095208304480786
financial_5m,AAPL,F7,sgd,classification,0,4000,0,-1.789190265061647,0.00026192870559539594,0.0002161567672870093,0.00030529246386466345,-3.1647891304795013,0.00020876449617519816,0.9005408653846154,2.0,0.20095208304480786
financial_5m,AAPL,F7,sgd,classification,1,4000,0,-1.4423988273906942,0.00022886457253044459,0.00020440139275155995,0.00026164717837406237,-3.1956040552671814,0.00020202297812500333,0.8999399038461539,2.0,0.20095208304480786
financial_5m,AAPL,F7,sgd,classification,2,4000,0,-1.5326635362311836,0.00024162128843454418,0.00021190565989579287,0.000278045171717186,-3.1839170681674607,0.00020231594217115064,0.9000901442307693,2.0,0.20095208304480786
financial_5m,AAPL,F7,sgd,classification,3,4000,0,-1.5476792499300112,0.00025955587804701256,0.0002142858928090993,0.0002973900793317593,-3.177671161714674,0.00021208843862151544,0.9005408653846154,2.0,0.20095208304480786
financial_5m,AAPL,F7,adam,regression,0,107,1,-0.4436818722230767,0.0002739520383459555,9.712693811914818e-05,0.001019130689586101,-3.4748503415863317,0.0006065407424384447,0.6692002480198705,2.0,0.20095208304480786
financial_5m,AAPL,F7,adam,regression,1,90,1,-0.8783990317393792,0.00021211476626721289,7.725910070492186e-05,0.0007305766553254906,-3.5288958359013907,0.0005163421300479943,0.6664705914191809,2.0,0.20095208304480786
financial_5m,AAPL,F7,adam,regression,2,79,1,-0.7597406423153973,0.0002822917270965995,9.888214960442304e-05,0.0008028378270340538,-3.4843947720907336,0.0002464768856917748,0.6750165915714181,2.0,0.20095208304480786
financial_5m,AAPL,F7,adam,regression,3,96,1,2.558500933468362,0.0002819573257446924,0.00011183975594762736,0.0006533782265475927,-3.5229152326916924,0.00024657740396390334,0.6663951139756504,2.0,0.20095208304480786
financial_5m,AAPL,F7,adam,classification,0,549,1,-3.166088695935506,8.005521283319808e-06,2.759295728349512e-06,4.7122999047113836e-05,-4.597320959484889,2.4986587140960252e-05,0.8994891826923077,2.0,0.20095208304480786
financial_5m,AAPL,F7,adam,classification,1,652,1,1.7382818754095166,1.4357142821608596e-05,4.1885478029715165e-06,7.961560084712699e-05,-4.5222794886146165,4.904563821526404e-06,0.9008413461538461,2.0,0.20095208304480786
financial_5m,AAPL,F7,adam,classification,2,627,1,-2.1766707090397213,1.5151347403682938e-05,7.325320352516695e-06,5.263719360648339e-05,-4.538628033424909,7.578866017606405e-06,0.9000901442307693,2.0,0.20095208304480786
financial_5m,AAPL,F7,adam,classification,3,443,1,-0.34586317080456236,1.1169857001203226e-05,4.8788001765328155e-06,2.6764972678840314e-05,-4.673882659995223,1.1205312388914695e-05,0.900390625,2.0,0.20095208304480786
financial_5m,AAPL,F10,sgd,regression,0,2061,1,-3.0653085025320634,5.850941956661703e-06,5.316883073544941e-06,8.630142727054763e-06,-4.2746984531512435,5.24674008889045e-06,0.6341790365127628,2.0,0.20095208304480786
financial_5m,AAPL,F10,sgd,regression,1,1611,1,2.2448637549027053,7.202985893466976e-06,4.9041540840245736e-06,1.0724981635186066e-05,-4.418971153841118,7.345595326699643e-06,0.6346319095277674,2.0,0.20095208304480786
financial_5m,AAPL,F10,sgd,regression,2,1944,1,-1.0014171018096436,1.0972176202410307e-05,8.90982370948547e-06,1.3938759322139453e-05,-4.259398234420996,7.3692550754664954e-06,0.6339152248844903,2.0,0.20095208304480786
financial_5m,AAPL,F10,sgd,regression,3,1913,1,-2.187941982641674,6.3542631162929064e-06,4.948477100114116e-06,9.85266830477722e-06,-4.280143153531567,5.370987343932896e-06,0.6341133356857507,2.0,0.20095208304480786
financial_5m,AAPL,F10,sgd,classification,0,4000,0,-0.6499728514340761,0.0011993217000475322,0.0011331789424796695,0.0012804303110663347,-2.7691998178996604,0.0011184321634175294,0.7914663461538461,2.0,0.20095208304480786
financial_5m,AAPL,F10,sgd,classification,1,4000,0,-0.6614836194482996,0.0011651157368822518,0.0010962872085010203,0.001244828036457675,-2.7770439588775764,0.0010839202213850552,0.7913161057692307,2.0,0.20095208304480786
financial_5m,AAPL,F10,sgd,classification,2,4000,0,-0.5914033307540988,0.0012083563587638024,0.001147332817730682,0.0012799784441501778,-2.7694562888824104,0.0011292352728796023,0.7916165865384616,2.0,0.20095208304480786
financial_5m,AAPL,F10,sgd,classification,3,4000,0,-0.6286857001558837,0.001204634001530726,0.001131292044034006,0.0012793092025462011,-2.769641105109794,0.0011205707650407417,0.7914663461538461,2.0,0.20095208304480786
financial_5m,AAPL,F10,adam,regression,0,107,1,-6.242269947995518,1.0130090282941106e-05,1.3193951569647348e-06,7.926280026416822e-05,-4.760562596265027,1.925999638526222e-06,0.636357841629969,2.0,0.20095208304480786
financial_5m,AAPL,F10,adam,regression,1,133,1,1.368723287602378,2.6221352891409933e-05,2.092335871916269e-06,0.00011752690183841921,-4.690780688152659,2.267406265137242e-05,0.6339820249464084,2.0,0.20095208304480786
financial_5m,AAPL,F10,adam,regression,2,85,1,2.4383364443367537,1.5317086500788777e-05,1.750363456721966e-06,7.756663704931495e-05,-4.800551996329699,9.699195946285068e-06,0.6369834539952799,2.0,0.20095208304480786
financial_5m,AAPL,F10,adam,regression,3,74,1,1.7770001602462582,1.611879371065218e-05,1.541593114342841e-06,8.968632513186949e-05,-4.831761777073819,7.424231082650635e-05,0.6334533493855444,2.0,0.20095208304480786
financial_5m,AAPL,F10,adam,classification,0,4000,0,-1.1078838476668842,9.058534114446488e-05,8.310135345450879e-05,0.00010188338600633744,-3.6940500626543287,8.152322404090979e-05,0.7917668269230769,2.0,0.20095208304480786
financial_5m,AAPL,F10,adam,classification,1,4000,0,-1.0994652048388478,7.989572603167702e-05,7.197688545297016e-05,8.966089623310346e-05,-3.736090014008019,7.103490182461085e-05,0.7917668269230769,2.0,0.20095208304480786
financial_5m,AAPL,F10,adam,classification,2,4000,0,-0.7910353431317625,9.516607470518812e-05,8.940258983649815e-05,0.00010350405144786931,-3.6960753935086177,8.653372827110578e-05,0.7917668269230769,2.0,0.20095208304480786
financial_5m,AAPL,F10,adam,classification,3,4000,0,-0.9907202753923052,9.364769452550156e-05,8.366571780477315e-05,0.00010365492261115407,-3.6900348425287293,8.357070336376331e-05,0.7916165865384616,2.0,0.20095208304480786
financial_5m,AAPL,F11,sgd,regression,0,245,1,-0.9000539539528529,0.00013526435999458705,3.7352706575579984e-05,0.0002925436413857944,-3.8570268595606323,5.566817350599951e-05,0.6281934191463958,2.0,0.20095208304480786
financial_5m,AAPL,F11,sgd,regression,1,202,1,0.3693225544589254,9.905855588879046e-05,3.834583544279065e-05,0.00023814585337647177,-3.9087303708951118,0.00018036824522279428,0.6278017852918438,2.0,0.20095208304480786
financial_5m,AAPL,F11,sgd,regression,2,141,1,-0.9189081176911433,0.00012144161648319356,5.675983730340425e-05,0.00023932258492096107,-3.878472149477655,8.21934231784099e-05,0.6282807681326456,2.0,0.20095208304480786
financial_5m,AAPL,F11,sgd,regression,3,98,1,1.9757004631641146,0.00012455247164710312,4.832418707027958e-05,0.00029695820249280014,-3.8803179628639994,0.00012015383675462048,0.6278715860923606,2.0,0.20095208304480786
financial_5m,AAPL,F11,sgd,classification,0,1685,1,-0.5780177778467734,9.038579142420754e-06,3.5422402271788714e-06,2.699803243826621e-05,-4.760808409860706,2.403031138172309e-05,0.8958834134615384,2.0,0.20095208304480786
financial_5m,AAPL,F11,sgd,classification,1,4000,0,2.3681214937647135,1.7477971048207435e-05,6.2820322495238015e-06,2.841809915403215e-05,-4.6803810874003435,1.6098781361690154e-05,0.8976862980769231,2.0,0.20095208304480786
financial_5m,AAPL,F11,sgd,classification,2,2315,1,-2.011335293084569,1.855381180173674e-05,1.3230252906291795e-05,2.4284560219129953e-05,-4.644138251812925,1.800420984268117e-05,0.8952824519230769,2.0,0.20095208304480786
financial_5m,AAPL,F11,sgd,classification,3,1103,1,2.1510346856750573,1.3060602688735141e-05,6.166548053967592e-06,3.683267958507619e-05,-4.804644312157269,4.063659424697708e-06,0.8970853365384616,2.0,0.20095208304480786
financial_5m,AAPL,F11,adam,regression,0,4000,0,0.19827305763548633,0.002470296729770654,0.0009373393339418431,0.004917694040221465,-2.6635510737178025,0.0005426294262987324,0.6275172066176545,2.0,0.20095208304480786
financial_5m,AAPL,F11,adam,regression,1,4000,0,-0.4450249890788697,0.0022853068195426134,0.0009292655093892936,0.004659083908249024,-2.6705944514135935,0.0021508448786746698,0.6268651305621659,2.0,0.20095208304480786
financial_5m,AAPL,F11,adam,regression,2,773,1,-0.021343757160576234,0.0025612453963442146,0.0009115502098566493,0.005142485083179955,-2.6588379140329303,0.0012172808908324532,0.6278630238654357,2.0,0.20095208304480786
financial_5m,AAPL,F11,adam,regression,3,4000,0,0.9496200277405041,0.0022669705773848314,0.0009542277230455753,0.004966280231382013,-2.649570821879511,0.000978658124129774,0.6279115332004127,2.0,0.20095208304480786
financial_5m,AAPL,F11,adam,classification,0,4000,0,-1.0455449842177935,0.00027836605194421244,9.575209794223156e-05,0.0006977333262047195,-3.5340822528714417,6.793029253507138e-05,0.8949819711538461,2.0,0.20095208304480786
financial_5m,AAPL,F11,adam,classification,1,4000,0,0.5405723002275671,0.0002464218651624636,0.00010811421987219725,0.00048086951794494305,-3.578926698350645,0.00019843146680139514,0.10186298076923077,2.0,0.20095208304480786
financial_5m,AAPL,F11,adam,classification,2,4000,0,-0.3140980078933288,0.0002933368817368407,0.00014626445810932828,0.0005758379512568247,-3.5576752778105973,0.000296911984448141,0.8946814903846154,2.0,0.20095208304480786
financial_5m,AAPL,F11,adam,classification,3,4000,0,1.2123390944302754,0.0002630687979631816,0.00011446258941331526,0.0005741047314008184,-3.561406637261731,0.0002398627418264356,0.9032451923076923,2.0,0.20095208304480786
financial_5m,AAPL,FA,sgd,regression,0,573,1,-1.6542897139039532,1.3376883645009515e-05,2.9756724344316513e-06,5.1621384368879694e-05,-4.012128049737673,3.498440625008924e-05,0.6876823165179278,2.0,0.20095208304480786
financial_5m,AAPL,FA,sgd,regression,1,583,1,1.9521060547807556,1.5696443711881656e-05,3.731686047309631e-06,8.491164115403225e-05,-4.003406792458787,2.665192129905178e-05,0.6851352710722977,2.0,0.20095208304480786
financial_5m,AAPL,FA,sgd,regression,2,563,1,-1.1312111216921288,1.8454857479523364e-05,7.947991395872945e-06,4.6550574132171384e-05,-4.147585015669122,8.46433449637264e-06,0.6871729808499742,2.0,0.20095208304480786
financial_5m,AAPL,FA,sgd,regression,3,537,1,2.2092932103330507,1.877624079450166e-05,7.411329730247683e-06,4.459024510403577e-05,-4.021118884880185,1.5805217529951106e-05,0.6865125119240947,2.0,0.20095208304480786
financial_5m,AAPL,FA,sgd,classification,0,4000,0,-1.5313978822372158,0.0002387445648279034,0.00020590806938025147,0.00027562260241682004,-3.211068363518702,0.00020012850731666976,0.8832632211538461,2.0,0.20095208304480786
financial_5m,AAPL,FA,sgd,classification,1,4000,0,-1.3289926615939578,0.00020990766159540954,0.00018873440980271317,0.00024057058969743981,-3.2440928944104854,0.00018756691298829018,0.8826622596153846,2.0,0.20095208304480786
financial_5m,AAPL,FA,sgd,classification,2,4000,0,-1.2700226622262376,0.00023057306730538566,0.00020734121226596397,0.00026021037179909133,-3.2243443996361005,0.00019835184688473325,0.8832632211538461,2.0,0.20095208304480786
financial_5m,AAPL,FA,sgd,classification,3,4000,0,-1.3488345464892313,0.00024022787347761633,0.00020385427569256283,0.00027202165572451955,-3.218494616153527,0.0002027588625331946,0.8828125,2.0,0.20095208304480786
financial_5m,AAPL,FA,adam,regression,0,102,1,-0.36193352841343623,0.0003193966494404565,0.00010776948386374359,0.0011283242454595398,-3.4267672760707764,0.0006169833644862828,0.6847744819133454,2.0,0.20095208304480786
financial_5m,AAPL,FA,adam,regression,1,81,1,-0.7887797851713121,0.0002408627796430768,8.959761421079533e-05,0.0008009225724903526,-3.478399376226094,0.0005971867014975531,0.6821190992462157,2.0,0.20095208304480786
financial_5m,AAPL,FA,adam,regression,2,74,1,-0.60276730702847,0.00032164415901727076,0.00012336739842007703,0.0009073778300843576,-3.4353878556707786,0.0003182437120282451,0.6922037163376242,2.0,0.20095208304480786
financial_5m,AAPL,FA,adam,regression,3,89,1,2.368555044321169,0.00031268844044300253,0.00012671836881282815,0.0007349530504724989,-3.47153449288929,0.00025464152234470867,0.6810425080777462,2.0,0.20095208304480786
financial_5m,AAPL,FA,adam,classification,0,572,1,-2.9502845998476865,7.213012863423655e-06,2.6921391867169186e-06,4.371950990931305e-05,-4.632795951331882,2.4018474833052156e-05,0.8844651442307693,2.0,0.20095208304480786
financial_5m,AAPL,FA,adam,classification,1,663,1,2.409164267655662,1.3872891095860117e-05,4.229579272222191e-06,6.321991722120322e-05,-4.530272580075644,4.8974726030727245e-06,0.8831129807692307,2.0,0.20095208304480786
financial_5m,AAPL,FA,adam,classification,2,638,1,-2.187336726395515,1.445642366654372e-05,6.092527480667093e-06,4.9163641780064195e-05,-4.589271017059331,5.645438103919194e-06,0.8834134615384616,2.0,0.20095208304480786
financial_5m,AAPL,FA,adam,classification,3,575,1,-1.5625198798920217,8.721570430708067e-06,4.215383788065293e-06,2.185438646498011e-05,-4.686912676103444,7.663207189636544e-06,0.8838641826923077,2.0,0.20095208304480786
financial_5m,ADA-USD,F0,sgd,regression,0,225,1,-0.9117799119677756,0.0001175834322474445,2.949741708259593e-05,0.00025528445965921086,-3.901292971997513,5.4431328541936516e-05,0.9781839121034341,1.6045034799830389,0.03994428663815392
financial_5m,ADA-USD,F0,sgd,regression,1,167,1,0.35658435274412803,8.377620587652795e-05,3.151981170754235e-05,0.00020948547178187524,-3.949994971781008,0.0001487019812077722,0.9777102504278758,1.6045034799830389,0.03994428663815392
financial_5m,ADA-USD,F0,sgd,regression,2,122,1,-1.0411243433306383,0.00010698897154477001,4.911980822094943e-05,0.0002033415519044351,-3.9324001450138386,8.017058408876604e-05,0.9781965506464243,1.6045034799830389,0.03994428663815392
financial_5m,ADA-USD,F0,sgd,regression,3,113,1,2.1303825874680307,0.00011002526756101363,4.2797039474374985e-05,0.0002620479520727514,-3.9308438436246917,0.00011387222824501331,0.9778222606815422,1.6045034799830389,0.03994428663815392
financial_5m,ADA-USD,F0,sgd,classification,0,899,1,-0.927099436126928,7.196565383862053e-06,2.9316301157099577e-06,2.4525847275039784e-05,-4.772110384680194,2.1974642390174227e-05,0.49330487094896175,1.6045034799830389,0.03994428663815392
financial_5m,ADA-USD,F0,sgd,classification,1,3459,1,2.41507946632702,1.5838632341246825e-05,5.897596573697106e-06,2.622456900697127e-05,-4.638550146394509,1.4499646607052716e-05,0.49951484572093924,1.6045034799830389,0.03994428663815392
financial_5m,ADA-USD,F0,sgd,classification,2,4000,0,-2.1240240401655965,1.643491815117574e-05,1.179809895452464e-05,2.1633534928622635e-05,-4.660585968841934,1.5225319257890899e-05,0.5028138948185523,1.6045034799830389,0.03994428663815392
financial_5m,ADA-USD,F0,sgd,classification,3,532,1,2.098214343172815,1.1440223454395204e-05,5.701689269430069e-06,3.236181632095929e-05,-4.8809392520389085,3.88723383433632e-06,0.49330487094896175,1.6045034799830389,0.03994428663815392
financial_5m,ADA-USD,F0,adam,regression,0,1637,1,0.0649107866035191,0.0021738331720505873,0.0007829095627451794,0.00437800642392343,-2.719182492954094,0.0006127346128154053,0.9779009967104014,1.6045034799830389,0.03994428663815392
financial_5m,ADA-USD,F0,adam,regression,1,3714,1,-0.31803754544836077,0.0020427920872648944,0.0007832265746159354,0.004012403317558464,-2.722876326805282,0.002081712335431393,0.9774071960901899,1.6045034799830389,0.03994428663815392
financial_5m,ADA-USD,F0,adam,regression,2,1466,1,0.076323165992638,0.0021922061517346695,0.0008324481135360962,0.0045973139268682545,-2.7127629491891576,0.0011863249021120004,0.9780844207941137,1.6045034799830389,0.03994428663815392
financial_5m,ADA-USD,F0,adam,regression,3,335,1,0.7348825006948494,0.0019695109185674927,0.0007966710255107065,0.00421142797987696,-2.7062975887686,0.0004515024819284026,0.9774584610020813,1.6045034799830389,0.03994428663815392
financial_5m,ADA-USD,F0,adam,classification,0,4000,0,-1.0641981732441457,0.0002495154964712705,8.499931257254294e-05,0.0006733206563386182,-3.56728806889948,5.958775848501002e-05,0.5037842033766737,1.6045034799830389,0.03994428663815392
financial_5m,ADA-USD,F0,adam,classification,1,4000,0,0.6648722119064893,0.00021964942299995186,9.332783223191523e-05,0.0004765927999569849,-3.611811746610312,0.00017532370004055551,0.5088298078789055,1.6045034799830389,0.03994428663815392
financial_5m,ADA-USD,F0,adam,classification,2,4000,0,-0.34819383732048537,0.00026206808523852903,0.0001357911741370449,0.0005347594235642258,-3.591354388957754,0.00027467619257133676,0.5002910925674364,1.6045034799830389,0.03994428663815392
financial_5m,ADA-USD,F0,adam,classification,3,4000,0,1.3801985591704282,0.0002485519553406929,9.987840205106649e-05,0.000559177719665099,-3.5975621085311786,0.0002598917248530742,0.5037842033766737,1.6045034799830389,0.03994428663815392
financial_5m,ADA-USD,F1,sgd,regression,0,519,1,-3.3811804148004816,6.229308343457597e-05,3.9356488498867375e-05,7.733655056726381e-05,-3.5982565395015644,3.454737972095002e-05,1.0322830546045827,1.6045034799830389,0.03994428663815392
financial_5m,ADA-USD,F1,sgd,regression,1,604,1,-0.49226469169110626,5.421256675103743e-05,4.452288122163244e-05,9.621576361537178e-05,-3.6240108438157184,4.120681570746036e-05,1.0319430603503075,1.6045034799830389,0.03994428663815392
financial_5m,ADA-USD,F1,sgd,regression,2,467,1,-2.7981093126367305,4.348058482354514e-05,3.107367063300464e-05,6.560532966798506e-05,-3.66003492858035,2.8210476888599627e-05,1.0333227897062178,1.6045034799830389,0.03994428663815392
financial_5m,ADA-USD,F1,sgd,regression,3,481,1,-2.2649861709278656,6.226007029224502e-05,4.3591859375748186e-05,7.71741491166327e-05,-3.6286954633634467,4.232049391310915e-05,1.0316696180216645,1.6045034799830389,0.03994428663815392
financial_5m,ADA-USD,F1,sgd,classification,0,4000,0,-1.3928965777342295,0.0017505855638777369,0.0015557806699517983,0.0020090137007876263,-2.3549550577051637,0.0015148686050966327,0.48690083446536,1.6045034799830389,0.03994428663815392
financial_5m,ADA-USD,F1,sgd,classification,1,4000,0,-1.402816259334206,0.0016760873099630103,0.0014813676574557358,0.0019251643137143534,-2.366581275742008,0.0014486957899477078,0.4867067727537357,1.6045034799830389,0.03994428663815392
financial_5m,ADA-USD,F1,sgd,classification,2,4000,0,-1.2915162862559644,0.0017720576293980364,0.0015895278011417537,0.0020064613143417668,-2.355366679435432,0.001539218504788372,0.48709489617698426,1.6045034799830389,0.03994428663815392
financial_5m,ADA-USD,F1,sgd,classification,3,4000,0,-1.350316613336864,0.001764267663999266,0.0015505435488908702,0.0020042659010088746,-2.3556872645369586,0.001520191214307791,0.48709489617698426,1.6045034799830389,0.03994428663815392
financial_5m,ADA-USD,F1,adam,regression,0,81,1,-2.60837714128632,7.399928151646213e-05,8.497060687645712e-06,0.0004529844349029881,-3.9319015446999415,0.0003684808881324639,1.0349116736635338,1.6045034799830389,0.03994428663815392
financial_5m,ADA-USD,F1,adam,regression,1,84,1,-1.352796873958523,6.988078315345124e-05,1.2107877262887688e-05,0.0004469601951952781,-3.9843824886793127,0.00028137503001875993,1.0285931939476747,1.6045034799830389,0.03994428663815392
financial_5m,ADA-USD,F1,adam,regression,2,66,1,-1.0355946001932828,7.837084358052303e-05,1.5994516269287998e-05,0.0003659568461809183,-3.961478007435244,1.8797151163913855e-05,1.037001415168099,1.6045034799830389,0.03994428663815392
financial_5m,ADA-USD,F1,adam,regression,3,86,1,5.108237261943126,0.00011337175315874001,1.827217270894594e-05,0.000375059284024601,-3.991302440761727,1.2018430256754325e-05,1.034903574890889,1.6045034799830389,0.03994428663815392
financial_5m,ADA-USD,F1,adam,classification,0,1114,1,-2.6253318408138178,5.303506975736349e-05,3.763893071803717e-05,6.343355386472253e-05,-3.7649348443636574,3.5480103334473315e-05,0.48379584707937123,1.6045034799830389,0.03994428663815392
financial_5m,ADA-USD,F1,adam,classification,1,1023,1,-0.8208179748683789,4.268839149072727e-05,3.966497677543825e-05,4.604020023370842e-05,-3.8226593965041458,4.068705383255836e-05,0.4859305259072385,1.6045034799830389,0.03994428663815392
financial_5m,ADA-USD,F1,adam,classification,2,1078,1,-1.742818709299198,4.656932148544638e-05,4.0481370860432236e-05,5.7902850025162565e-05,-3.7885698823708585,3.5002051032347945e-05,0.4839899087909955,1.6045034799830389,0.03994428663815392
financial_5m,ADA-USD,F1,adam,classification,3,872,1,-1.9760288590975466,5.303169227157863e-05,3.873067870408761e-05,6.259073391019163e-05,-3.785812445361479,3.9226697705507837e-05,0.4851542790607413,1.6045034799830389,0.03994428663815392
financial_5m,ADA-USD,F2,sgd,regression,0,1262,1,-1.2620733186590143,1.0242284160447595e-05,8.800614879867748e-06,1.1356950519636309e-05,-4.285240240758822,8.509308759626864e-06,0.9927259853300017,1.6045034799830389,0.03994428663815392
financial_5m,ADA-USD,F2,sgd,regression,1,1152,1,2.3398739375326176,1.3482151821836425e-05,8.319426593097777e-06,2.0798500037832277e-05,-4.380333876206017,1.1804029338394343e-05,0.993424856109739,1.6045034799830389,0.03994428663815392
financial_5m,ADA-USD,F2,sgd,regression,2,1280,1,-0.60795832359717,1.2776673787058805e-05,1.0040651236582289e-05,1.6744536305925496e-05,-4.2959711640096305,8.64318801356623e-06,0.9923400992842354,1.6045034799830389,0.03994428663815392
financial_5m,ADA-USD,F2,sgd,regression,3,1376,1,-0.5741870699339388,9.415469837841617e-06,8.66827742554142e-06,1.171160023817374e-05,-4.298462255965001,8.289716732754938e-06,0.9926402753571963,1.6045034799830389,0.03994428663815392
financial_5m,ADA-USD,F2,sgd,classification,0,4000,0,-0.8927015957332212,0.002869787957672564,0.0026532439443026417,0.0031342193091565794,-2.325676668325474,0.002605115475319303,0.4793324277120124,1.6045034799830389,0.03994428663815392
financial_5m,ADA-USD,F2,sgd,classification,1,4000,0,-0.903437549288752,0.002801156130875114,0.0025800545844732368,0.003060362554956269,-2.332168033499312,0.002537071689118025,0.47952648942363674,1.6045034799830389,0.03994428663815392
financial_5m,ADA-USD,F2,sgd,classification,2,4000,0,-0.8404983696532654,0.0028899213712985854,0.002683608998578164,0.0031327893840564906,-2.325844923231663,0.0026280432932029633,0.4799146128468853,1.6045034799830389,0.03994428663815392
financial_5m,ADA-USD,F2,sgd,classification,3,4000,0,-0.8737453273474439,0.0028819913204630662,0.002650132593905296,0.0031311641016985078,-2.326001829423947,0.0026099926805745947,0.47952648942363674,1.6045034799830389,0.03994428663815392
financial_5m,ADA-USD,F2,adam,regression,0,38,1,-5.591118160068935,1.9396537471837295e-05,1.7852789712853249e-06,0.00010817948951164846,-4.58002200405447,8.410603054992808e-06,0.9955310342812919,1.6045034799830389,0.03994428663815392
financial_5m,ADA-USD,F2,adam,regression,1,38,1,0.8417001342250261,3.691344744268578e-05,3.096864132830428e-06,0.00014841927579053237,-4.524282919072108,5.392389172711109e-05,0.990675770971077,1.6045034799830389,0.03994428663815392
financial_5m,ADA-USD,F2,adam,regression,2,65,1,2.378651388969351,2.0474087422699306e-05,4.118842026836605e-06,9.708573933210001e-05,-4.625178402457104,5.157949497631843e-06,0.9961921904129517,1.6045034799830389,0.03994428663815392
financial_5m,ADA-USD,F2,adam,regression,3,48,1,1.7059033348114838,1.7823896060318923e-05,1.7771808705181747e-06,0.00015217990037117454,-4.665071238672778,7.8441972083226e-05,0.9905172013381123,1.6045034799830389,0.03994428663815392
financial_5m,ADA-USD,F2,adam,classification,0,2660,1,-1.9929954386241042,5.7666968291630714e-05,4.932235974681002e-05,7.134256274197453e-05,-3.667713238163658,4.778066595462917e-05,0.47894430428876383,1.6045034799830389,0.03994428663815392
financial_5m,ADA-USD,F2,adam,classification,1,2399,1,-2.0229279408762313,4.517860558911779e-05,3.723904194184539e-05,5.6136681033006714e-05,-3.7373811383564597,3.673853499869541e-05,0.47816805744226665,1.6045034799830389,0.03994428663815392
financial_5m,ADA-USD,F2,adam,classification,2,2450,1,-1.3130462190633099,6.422018104998697e-05,5.8331679950998976e-05,7.440770669580304e-05,-3.6629985951603623,5.4549744098964e-05,0.47875024257713955,1.6045034799830389,0.03994428663815392
financial_5m,ADA-USD,F2,adam,classification,3,2675,1,-1.7362730482961202,6.151737691563862e-05,5.0140728228461966e-05,7.35872688578557e-05,-3.6555391768055645,5.0159032888231335e-05,0.47836211915389093,1.6045034799830389,0.03994428663815392
financial_5m,ADA-USD,F4,sgd,regression,0,682,1,-3.553138242281771,2.2501509114197137e-05,1.7052868451730328e-05,4.017191978784107e-05,-3.7708875263415913,2.2101618337802673e-05,1.0749983567197874,1.6045034799830389,0.03994428663815392
financial_5m,ADA-USD,F4,sgd,regression,1,717,1,-0.9944584669568971,2.7587887378493506e-05,1.3934023243344272e-05,8.349539457241043e-05,-3.7549073654308973,1.8909647165687062e-05,1.0716293871698301,1.6045034799830389,0.03994428663815392
financial_5m,ADA-USD,F4,sgd,regression,2,642,1,-0.6896259514498192,2.1324665179873972e-05,1.3419473614574005e-05,4.3031274474631474e-05,-3.879595156405713,1.0868403003001726e-05,1.0749886061994718,1.6045034799830389,0.03994428663815392
financial_5m,ADA-USD,F4,sgd,regression,3,601,1,-2.8780034024852186,2.4712492008403803e-05,1.3788793001462685e-05,3.894728167577062e-05,-3.7948768228647722,1.7843027533982122e-05,1.0731942892561281,1.6045034799830389,0.03994428663815392
financial_5m,ADA-USD,F4,sgd,classification,0,4000,0,-1.4338562467268101,0.0009672366768360298,0.0008496566236122347,0.001107965154374032,-2.5784712824283105,0.0008270984631881489,0.4975742286046963,1.6045034799830389,0.03994428663815392
financial_5m,ADA-USD,F4,sgd,classification,1,4000,0,-1.3473667848778084,0.0009037675573730847,0.0008074205087033388,0.0010318451643991245,-2.596025813380741,0.00079526595785167,0.49796235202794487,1.6045034799830389,0.03994428663815392
financial_5m,ADA-USD,F4,sgd,classification,2,4000,0,-1.3146942344057329,0.000951407908414607,0.0008516501390873489,0.0010773819197696453,-2.584289904793498,0.0008233277137462841,0.4971861051814477,1.6045034799830389,0.03994428663815392
financial_5m,ADA-USD,F4,sgd,classification,3,4000,0,-1.3399773418714551,0.0009675062010351381,0.0008414630214827023,0.0010946159069215229,-2.582642137524802,0.0008292301207815259,0.497380166893072,1.6045034799830389,0.03994428663815392
financial_5m,ADA-USD,F4,adam,regression,0,88,1,-1.0859657553682098,0.0001544975682276905,5.1655333593205264e-05,0.0006769513842497265,-3.6395480655677845,0.0005387770626845789,1.0702880033000974,1.6045034799830389,0.03994428663815392
financial_5m,ADA-USD,F4,adam,regression,1,81,1,-1.5068480217958231,0.00013622497105590442,3.9710703306258254e-05,0.0005631096823066266,-3.698023644930857,0.0004668624115892131,1.0646657543906513,1.6045034799830389,0.03994428663815392
financial_5m,ADA-USD,F4,adam,regression,2,68,1,-0.789740897706732,0.00016869975625810745,5.326532068407726e-05,0.0005753237501756864,-3.664318069877121,8.276652441471284e-05,1.0792758580407775,1.6045034799830389,0.03994428663815392
financial_5m,ADA-USD,F4,adam,regression,3,88,1,3.0476469122044,0.00020089279089490424,5.888708327799271e-05,0.000528306465941959,-3.6886308004029225,0.00011364147434297972,1.0703065827444875,1.6045034799830389,0.03994428663815392
financial_5m,ADA-USD,F4,adam,classification,0,663,1,-4.427367194636253,7.738912972652566e-06,3.7175064230045914e-06,2.1604773080661656e-05,-4.318467710514486,1.518492082672228e-05,0.4905880069862216,1.6045034799830389,0.03994428663815392
financial_5m,ADA-USD,F4,adam,classification,1,667,1,1.654356350933278,1.200757408428355e-05,4.475314164374675e-06,6.022476029826489e-05,-4.277722396584587,3.1998657341343793e-06,0.49330487094896175,1.6045034799830389,0.03994428663815392
financial_5m,ADA-USD,F4,adam,classification,2,643,1,-1.5320743573810855,1.2130741384531153e-05,5.3553396796794405e-06,3.427568482051688e-05,-4.357015488563442,4.6523928737408764e-06,0.4948573646419561,1.6045034799830389,0.03994428663815392
financial_5m,ADA-USD,F4,adam,classification,3,579,1,-3.764768953394513,9.429000091339868e-06,3.6372900643888612e-06,1.8541167946043314e-05,-4.349783438088154,7.320551853902678e-06,0.4913642538327188,1.6045034799830389,0.03994428663815392
financial_5m,ADA-USD,F7,sgd,regression,0,3801,1,-3.0077139597639073,6.949309859728033e-05,4.586020891762448e-05,8.432553207839704e-05,-3.5932863550084297,4.3278008895987206e-05,0.9670402321953875,1.6045034799830389,0.03994428663815392
financial_5m,ADA-USD,F7,sgd,regression,1,3423,1,-0.9819086720068485,5.9669381791999864e-05,5.563151029057259e-05,6.708425801580708e-05,-3.635949300149496,5.30134725829921e-05,0.9674875488226455,1.6045034799830389,0.03994428663815392
financial_5m,ADA-USD,F7,sgd,regression,2,3402,1,-2.3972406135708013,5.1733532608703696e-05,4.304771831254003e-05,6.710462442697502e-05,-3.6465702922683914,3.834765826755268e-05,0.9662437776816208,1.6045034799830389,0.03994428663815392
financial_5m,ADA-USD,F7,sgd,regression,3,3737,1,-2.28861073365559,6.850506122849638e-05,4.89298146167212e-05,8.375945729745286e-05,-3.6246877937290836,4.8143409976012824e-05,0.9670044594822558,1.6045034799830389,0.03994428663815392
financial_5m,ADA-USD,F7,sgd,classification,0,4000,0,-0.8597032777120815,0.0014235583852488366,0.001320530589068813,0.0015499406735488862,-2.6342249930762867,0.00129849687796016,0.5167863380555017,1.6045034799830389,0.03994428663815392
financial_5m,ADA-USD,F7,sgd,classification,1,4000,0,-0.8586177573058892,0.0013692474301904905,0.0012672061910283061,0.001491308477606843,-2.644280623924483,0.0012504178056342349,0.5162041529206287,1.6045034799830389,0.03994428663815392
financial_5m,ADA-USD,F7,sgd,classification,2,4000,0,-0.7893056512226958,0.001430733756926634,0.001337750095714526,0.0015450506915066606,-2.6348604892637226,0.0013108779594800447,0.5179507083252475,1.6045034799830389,0.03994428663815392
financial_5m,ADA-USD,F7,sgd,classification,3,4000,0,-0.8199506638224235,0.0014272348274884297,0.0013157174092539407,0.0015426093345944343,-2.635886366960789,0.0012996123004167255,0.5167863380555017,1.6045034799830389,0.03994428663815392
financial_5m,ADA-USD,F7,adam,regression,0,265,1,-2.168741445261658,4.396723062852247e-05,5.0673824790170555e-06,0.00017939209091149844,-4.237946336947827,5.2445795692153554e-05,0.9593195994081823,1.6045034799830389,0.03994428663815392
financial_5m,ADA-USD,F7,adam,regression,1,219,1,0.4280190858052169,4.4108768796631396e-05,5.697295842988238e-06,0.0001624357911867663,-4.272549968095603,9.679765295115917e-05,0.956437500048453,1.6045034799830389,0.03994428663815392
financial_5m,ADA-USD,F7,adam,regression,2,216,1,-0.31177687878704163,3.1277212666858664e-05,8.140156944033089e-06,0.0001281169806118753,-4.3649570556547586,4.128504715257713e-06,0.9580448314045328,1.6045034799830389,0.03994428663815392
financial_5m,ADA-USD,F7,adam,regression,3,173,1,4.749244905051866,4.50259971667663e-05,6.127810516429107e-06,0.0001758317587023667,-4.303271985882925,5.457998891952964e-05,0.9561620580584479,1.6045034799830389,0.03994428663815392
financial_5m,ADA-USD,F7,adam,classification,0,4000,0,-1.670602031100802,8.617751617381284e-05,7.104741076724419e-05,9.781659138317417e-05,-3.6816583734446984,6.888908456491224e-05,0.5338637686784398,1.6045034799830389,0.03994428663815392
financial_5m,ADA-USD,F7,adam,classification,1,4000,0,-0.8827299742673107,7.208600481410796e-05,6.913349287656324e-05,7.756284082167277e-05,-3.7245261173769553,6.844659219834309e-05,0.5338637686784398,1.6045034799830389,0.03994428663815392
financial_5m,ADA-USD,F7,adam,classification,2,4000,0,-1.1608307064463304,7.988415282980638e-05,7.35337881269476e-05,9.121920472280568e-05,-3.697579131253823,6.885407862137566e-05,0.5350281389481856,1.6045034799830389,0.03994428663815392
financial_5m,ADA-USD,F7,adam,classification,3,4000,0,-1.2690536738311553,8.597083595487866e-05,7.178319460628404e-05,9.577771106814036e-05,-3.698266289963313,7.184845310893131e-05,0.5344459538133126,1.6045034799830389,0.03994428663815392
financial_5m,ADA-USD,F10,sgd,regression,0,1467,1,-1.6293397129503868,8.123483914740571e-06,7.2557559753775956e-06,9.42996712818339e-06,-4.285922800456874,7.069648808851134e-06,0.9936470566898989,1.6045034799830389,0.03994428663815392
financial_5m,ADA-USD,F10,sgd,regression,1,1341,1,2.5461547357893988,1.1109308405295732e-05,6.848419062612836e-06,1.694615487179819e-05,-4.402453180170966,1.0210565609703597e-05,0.9944056159809911,1.6045034799830389,0.03994428663815392
financial_5m,ADA-USD,F10,sgd,regression,2,1411,1,-0.6072354089946121,1.1671543628062289e-05,9.19313675393803e-06,1.509165370440346e-05,-4.290326946253747,7.955228131025248e-06,0.9931747419489956,1.6045034799830389,0.03994428663815392
financial_5m,ADA-USD,F10,sgd,regression,3,1697,1,-0.8666061732347666,7.743976368076566e-06,7.122468651727876e-06,1.0318405836788986e-05,-4.297323320123684,6.942255354442735e-06,0.9935040460641483,1.6045034799830389,0.03994428663815392
financial_5m,ADA-USD,F10,sgd,classification,0,4000,0,-0.8324910869003481,0.002726469231477512,0.002533541015070387,0.00296053381171499,-2.3664925270279538,0.0024904873485297324,0.4859305259072385,1.6045034799830389,0.03994428663815392
financial_5m,ADA-USD,F10,sgd,classification,1,4000,0,-0.8433149923506617,0.002662605227529373,0.002465145898059848,0.0028923176205146155,-2.372804233023611,0.0024267402632863993,0.4865127110421114,1.6045034799830389,0.03994428663815392
financial_5m,ADA-USD,F10,sgd,classification,2,4000,0,-0.7823054900360991,0.0027446791982549297,0.002561310483957279,0.00295909405067134,-2.366662081236763,0.0025114848792761745,0.4859305259072385,1.6045034799830389,0.03994428663815392
financial_5m,ADA-USD,F10,sgd,classification,3,4000,0,-0.8142716386917829,0.0027374153084887354,0.0025305705762761603,0.002957586092406581,-2.366822129151623,0.0024948275383612026,0.4865127110421114,1.6045034799830389,0.03994428663815392
financial_5m,ADA-USD,F10,adam,regression,0,46,1,-5.968283443284846,1.5733733923736783e-05,1.6084268127432418e-06,9.625257805413703e-05,-4.647158181074043,5.081209548491428e-06,0.9981857619388785,1.6045034799830389,0.03994428663815392
financial_5m,ADA-USD,F10,adam,regression,1,42,1,1.3495004089747304,3.2159306569587975e-05,2.419856667264153e-06,0.00013769628514489823,-4.594926032318657,4.063006109351895e-05,0.9925219387641663,1.6045034799830389,0.03994428663815392
financial_5m,ADA-USD,F10,adam,regression,2,70,1,2.9687545538923747,1.7202023766388003e-05,2.505717069451675e-06,8.92047279078881e-05,-4.709764230010143,6.194347809843228e-06,0.9985521509011106,1.6045034799830389,0.03994428663815392
financial_5m,ADA-USD,F10,adam,regression,3,54,1,1.4103080937830497,1.6571444385848816e-05,1.5483609524990202e-06,0.00012310062423673631,-4.741847672896045,8.174153588012108e-05,0.9920461250500128,1.6045034799830389,0.03994428663815392
financial_5m,ADA-USD,F10,adam,classification,0,3173,1,-1.8717719678017117,6.65995490273088e-05,5.754844008534919e-05,8.133367823344452e-05,-3.635648446612177,5.579922754798678e-05,0.4857364641956142,1.6045034799830389,0.03994428663815392
financial_5m,ADA-USD,F10,adam,classification,1,2842,1,-1.8938912906955687,5.344268888020175e-05,4.462035127169732e-05,6.541068994325532e-05,-3.6995972688208645,4.397747374347692e-05,0.4861245876188628,1.6045034799830389,0.03994428663815392
financial_5m,ADA-USD,F10,adam,classification,2,3341,1,-1.2664279113344472,7.339287706949414e-05,6.67820167769812e-05,8.441659125036918e-05,-3.631581578298779,6.282851008654974e-05,0.48690083446536,1.6045034799830389,0.03994428663815392
financial_5m,ADA-USD,F10,adam,classification,3,3317,1,-1.6416885030497401,7.061273431207119e-05,5.831030117125118e-05,8.363900583763425e-05,-3.624695609308251,5.829531466127874e-05,0.4861245876188628,1.6045034799830389,0.03994428663815392
financial_5m,ADA-USD,F11,sgd,regression,0,389,1,-0.8290636214168114,3.073040667554372e-05,7.0194103845784e-06,0.00011977951842220942,-3.9267961545684513,4.419069513118297e-05,1.1369028613957415,1.6045034799830389,0.03994428663815392
financial_5m,ADA-USD,F11,sgd,regression,1,386,1,1.472142777353843,3.5693479753204576e-05,9.75116240243734e-06,0.00011651922621713358,-3.9953411487792474,7.164125804303899e-05,1.131461470397764,1.6045034799830389,0.03994428663815392
financial_5m,ADA-USD,F11,sgd,regression,2,399,1,-2.127892059609641,3.907820118446378e-05,1.5446975415932864e-05,7.900570005029663e-05,-3.9480672796372462,2.0251389302357217e-05,1.1355423114057939,1.6045034799830389,0.03994428663815392
financial_5m,ADA-USD,F11,sgd,regression,3,377,1,3.5686795621823255,4.0355927959468654e-05,1.5508663575299453e-05,0.00011746331155704774,-3.991281102699647,1.692778329647637e-05,1.1327716916554553,1.6045034799830389,0.03994428663815392
financial_5m,ADA-USD,F11,sgd,classification,0,4000,0,-2.466015858891835,0.0003467386007583766,0.00026796788795102486,0.00043174767311928694,-2.8763447811099487,0.00025752539282826654,0.5037842033766737,1.6045034799830389,0.03994428663815392
financial_5m,ADA-USD,F11,sgd,classification,1,4000,0,-2.1617452758826317,0.00033263074237395993,0.0002779448226366075,0.0004013986647176323,-2.8842698320492,0.00026319245709384035,0.5053366970696681,1.6045034799830389,0.03994428663815392
financial_5m,ADA-USD,F11,sgd,classification,2,4000,0,-1.867808430286658,0.00033980645358194274,0.0002812292793069659,0.0003933158122834798,-2.8966919955684163,0.0002626099049293143,0.5030079565301766,1.6045034799830389,0.03994428663815392
financial_5m,ADA-USD,F11,sgd,classification,3,4000,0,-2.509502641628447,0.00034830498707182723,0.0002593946163217511,0.0004331417957543086,-2.8781738413362343,0.0002571218466915712,0.5068891907626625,1.6045034799830389,0.03994428663815392
financial_5m,ADA-USD,F11,adam,regression,0,98,1,-0.8787477315475771,0.0007431854641691872,0.00024015579861553225,0.002047142933861631,-3.118311890958326,0.0004204630719120985,1.1296402460219546,1.6045034799830389,0.03994428663815392
financial_5m,ADA-USD,F11,adam,regression,1,88,1,-0.4755820700435583,0.0006205870677436085,0.00021614560497232852,0.0017142865743760274,-3.1556800663171574,0.0009871747467678916,1.1247048339476635,1.6045034799830389,0.03994428663815392
financial_5m,ADA-USD,F11,adam,regression,2,83,1,-0.4174030771267148,0.0006973349312678804,0.00024089009551561243,0.0020720231861139546,-3.125501390986596,0.0011627013027669677,1.1472990336947062,1.6045034799830389,0.03994428663815392
financial_5m,ADA-USD,F11,adam,regression,3,90,1,1.0622370319112528,0.0006604081666099768,0.00024583472128682975,0.001466594223791451,-3.1494065087579686,0.00010039057015748267,1.1286817512847207,1.6045034799830389,0.03994428663815392
financial_5m,ADA-USD,F11,adam,classification,0,364,1,-1.5920253421232362,4.5456659061527134e-05,1.538873123951766e-05,0.00016338519877110992,-4.0360723683485045,4.6357692018421845e-05,0.49932078400931496,1.6045034799830389,0.03994428663815392
financial_5m,ADA-USD,F11,adam,classification,1,407,1,0.7768587476072832,5.74135075033529e-05,1.4851546953958393e-05,0.0001400224601655641,-4.097182357457949,7.420746605514049e-05,0.49932078400931496,1.6045034799830389,0.03994428663815392
financial_5m,ADA-USD,F11,adam,classification,2,433,1,-1.321495288170242,5.309239857611505e-05,1.7994110565582e-05,0.0001274899065299249,-4.102621432788191,3.3448039728550936e-05,0.5016495245488065,1.6045034799830389,0.03994428663815392
financial_5m,ADA-USD,F11,adam,classification,3,378,1,2.31008451293793,6.100994892789575e-05,2.0365380470134272e-05,0.0001449694737072614,-4.116507401185272,3.915690639234981e-05,0.4991267222976907,1.6045034799830389,0.03994428663815392
financial_5m,ADA-USD,FA,sgd,regression,0,657,1,-2.9310898492655575,1.2944127141102896e-05,6.305634541247619e-06,3.5709552825692714e-05,-3.9232408063736295,2.4981484543880947e-05,1.0486421166538822,1.6045034799830389,0.03994428663815392
financial_5m,ADA-USD,FA,sgd,regression,1,660,1,-0.05956355199326293,1.4371694798649689e-05,4.738603500430614e-06,7.535510906328813e-05,-3.9161060495059727,1.6012321476470917e-05,1.0453076547559845,1.6045034799830389,0.03994428663815392
financial_5m,ADA-USD,FA,sgd,regression,2,619,1,-0.27670583541368254,1.6934603517559696e-05,8.519997905060257e-06,4.00495562259679e-05,-4.0372746577070835,7.889284519631937e-06,1.048692919535473,1.6045034799830389,0.03994428663815392
financial_5m,ADA-USD,FA,sgd,regression,3,583,1,-0.917016862051028,1.6517340738821664e-05,7.010126534195397e-06,3.195697109225664e-05,-3.9498537182211098,1.3060555233337608e-05,1.0468951026172242,1.6045034799830389,0.03994428663815392
financial_5m,ADA-USD,FA,sgd,classification,0,4000,0,-1.541047760007616,0.0008453067283245036,0.000727720055384449,0.0009733732948677511,-2.645505071867365,0.0007060835703613761,0.4934989326605861,1.6045034799830389,0.03994428663815392
financial_5m,ADA-USD,FA,sgd,classification,1,4000,0,-1.389777162409578,0.0007882643472422085,0.0007019090680609039,0.0009005087213728168,-2.663045562907182,0.0006902416133250727,0.4934989326605861,1.6045034799830389,0.03994428663815392
financial_5m,ADA-USD,FA,sgd,classification,2,4000,0,-1.40814667789497,0.0008140821776795881,0.0007191799067937403,0.0009263797214292003,-2.6555611690011203,0.0006929608722862333,0.49369299437221037,1.6045034799830389,0.03994428663815392
financial_5m,ADA-USD,FA,sgd,classification,3,4000,0,-1.4299802011378664,0.0008449546085665138,0.0007228017907565882,0.00096212051252166,-2.650698931733058,0.0007117904826323569,0.49252862410246456,1.6045034799830389,0.03994428663815392
financial_5m,ADA-USD,FA,adam,regression,0,103,1,-0.8148443526891428,0.00022028174073881863,8.209283872793145e-05,0.0008226479952226289,-3.5362917038532187,0.0005703411709700433,1.043841467363504,1.6045034799830389,0.03994428663815392
financial_5m,ADA-USD,FA,adam,regression,1,81,1,-1.0928547338816634,0.00017768520301772803,5.809723421479501e-05,0.0006166227521467363,-3.5980638027737233,0.0004707578593713532,1.0392220608320601,1.6045034799830389,0.03994428663815392
financial_5m,ADA-USD,FA,adam,regression,2,72,1,-0.7927122646589091,0.00023882069444936568,8.189469189183235e-05,0.0006506298802807266,-3.5561921605634437,0.00016531995663181115,1.0537056938451406,1.6045034799830389,0.03994428663815392
financial_5m,ADA-USD,FA,adam,regression,3,90,1,2.8061426547220565,0.00025352545700615145,9.39958948597029e-05,0.0005911445886686922,-3.5876759541022905,0.00021630650224369651,1.043068885777275,1.6045034799830389,0.03994428663815392
financial_5m,ADA-USD,FA,adam,classification,0,654,1,-3.0431830404120985,8.95596337121785e-06,3.438414872398541e-06,4.4731751584304215e-05,-4.346498260485668,2.8072152949888538e-05,0.48787114302348145,1.6045034799830389,0.03994428663815392
financial_5m,ADA-USD,FA,adam,classification,1,650,1,1.7725129940472717,1.3762037960665491e-05,3.638139583243436e-06,8.14670481308404e-05,-4.324112414591775,7.229983226601127e-06,0.49252862410246456,1.6045034799830389,0.03994428663815392
financial_5m,ADA-USD,FA,adam,classification,2,623,1,-1.6728154864488525,1.616733610972661e-05,7.623693900869822e-06,5.1588794326208136e-05,-4.36410511836207,7.624070366530776e-06,0.48825926644673007,1.6045034799830389,0.03994428663815392
financial_5m,ADA-USD,FA,adam,classification,3,575,1,0.06380857455101539,1.427712050499482e-05,6.511173802019547e-06,2.5750800207214065e-05,-4.391232585353883,1.1833501546702908e-05,0.48884145158160297,1.6045034799830389,0.03994428663815392
financial_5m,AUDUSD=X,F0,sgd,regression,0,95,1,-0.8110811801474975,0.00014441125526048538,3.852112897608976e-05,0.0003038037299759483,-3.843172832827303,6.077012517999792e-05,0.5149362683515369,1.2520601031245528,0.065512179142625
financial_5m,AUDUSD=X,F0,sgd,regression,1,87,1,0.39919819879275903,0.00010483390145382141,4.042988114950765e-05,0.0002512092802085007,-3.8938817465306363,0.00019046640239987037,0.5149653533989388,1.2520601031245528,0.065512179142625
financial_5m,AUDUSD=X,F0,sgd,regression,2,131,1,-0.877254076560441,0.0001278363640071653,5.937707028407952e-05,0.00025444147724977887,-3.8554086330469373,8.521928715085177e-05,0.5150021515463058,1.2520601031245528,0.065512179142625
financial_5m,AUDUSD=X,F0,sgd,regression,3,93,1,1.8958370934067006,0.0001298120344908418,4.959291633473989e-05,0.00030434602412784815,-3.8578802234565805,0.0001196229837269881,0.5149079058258688,1.2520601031245528,0.065512179142625
financial_5m,AUDUSD=X,F0,sgd,classification,0,525,1,-0.16458743242077392,1.0432324580364069e-05,4.105160038435149e-06,2.9191258404946904e-05,-4.801179972473781,2.537178334815745e-05,0.3579966712059313,1.2520601031245528,0.065512179142625
financial_5m,AUDUSD=X,F0,sgd,classification,1,4000,0,2.3119737872588755,1.8619758058602235e-05,6.786560256983117e-06,2.9903006659356617e-05,-4.709520512938785,1.7221900118305612e-05,0.36208200938114693,1.2520601031245528,0.065512179142625
financial_5m,AUDUSD=X,F0,sgd,classification,2,2314,1,-1.91784427385836,1.981714266441347e-05,1.3769978755745193e-05,2.5878983543968026e-05,-4.609956485844302,1.9969779940275156e-05,0.3546678771372371,1.2520601031245528,0.065512179142625
financial_5m,AUDUSD=X,F0,sgd,classification,3,1101,1,2.21343355894146,1.445407762124688e-05,6.4990849589077746e-06,4.427286153014257e-05,-4.793081707513915,3.866238430589721e-06,0.3596610682402784,1.2520601031245528,0.065512179142625
financial_5m,AUDUSD=X,F0,adam,regression,0,4000,0,0.25397971261614816,0.0026644547398284027,0.0010117850671760938,0.005069857759782605,-2.647434237014616,0.0007727859727083834,0.5149619651766432,1.2520601031245528,0.065512179142625
financial_5m,AUDUSD=X,F0,adam,regression,1,4000,0,-0.6160931622243161,0.0023765954505809888,0.0009274054584924327,0.004920700544404913,-2.6575928957021824,0.0018952012538720798,0.5150923474193899,1.2520601031245528,0.065512179142625
financial_5m,AUDUSD=X,F0,adam,regression,2,773,1,-0.07894230749186465,0.002702914466392512,0.0009624558719737746,0.005410046430210867,-2.6420949016536497,0.0015393292657009368,0.5148471913748859,1.2520601031245528,0.065512179142625
financial_5m,AUDUSD=X,F0,adam,regression,3,4000,0,0.9353143162139247,0.0023411084431698885,0.0008845910990982625,0.005246940399930612,-2.6353141944543537,0.0010418652349890307,0.515102804658676,1.2520601031245528,0.065512179142625
financial_5m,AUDUSD=X,F0,adam,classification,0,4000,0,-1.3287112149540783,0.0002687151417097953,0.00010014929161152195,0.0008129716826728281,-3.5037965422590696,8.343770219525423e-05,0.35270086246028143,1.2520601031245528,0.065512179142625
financial_5m,AUDUSD=X,F0,adam,classification,1,4000,0,0.6525716427251822,0.0002733508074319246,0.00011096219815924779,0.0005592135583073817,-3.5446626518972106,0.0002001688104553865,0.3632924799515812,1.2520601031245528,0.065512179142625
financial_5m,AUDUSD=X,F0,adam,classification,2,4000,0,-0.35444825823516457,0.0003291424350231137,0.00015932756227814797,0.0006489046830679217,-3.5263033315220538,0.0003477033876511903,0.34740505371463154,1.2520601031245528,0.065512179142625
financial_5m,AUDUSD=X,F0,adam,classification,3,4000,0,1.0730710664804668,0.0002992554006411972,0.00011842005007441348,0.0006374687921066984,-3.5221591436160553,0.000240480341837864,0.3622333182024512,1.2520601031245528,0.065512179142625
financial_5m,AUDUSD=X,F1,sgd,regression,0,591,1,-3.486937463819148,5.60038780231716e-05,3.400927452792902e-05,6.8794850708276e-05,-3.644311504382583,2.9556357652034432e-05,0.5424094206522362,1.2520601031245528,0.065512179142625
financial_5m,AUDUSD=X,F1,sgd,regression,1,655,1,-0.4584335141696155,4.674014111942044e-05,3.870798172505149e-05,8.481057609188257e-05,-3.6727456689570706,3.463808953041939e-05,0.5422499847945393,1.2520601031245528,0.065512179142625
financial_5m,AUDUSD=X,F1,sgd,regression,2,498,1,-2.968722823099933,3.8170052472884784e-05,2.598484067120794e-05,5.771046318732442e-05,-3.7106433019907636,2.3310343312669646e-05,0.5430050194911775,1.2520601031245528,0.065512179142625
financial_5m,AUDUSD=X,F1,sgd,regression,3,558,1,-2.395044011633184,5.444990303702651e-05,3.740710002212026e-05,6.842279401781708e-05,-3.6785287904360704,3.554763869861507e-05,0.5421258260080603,1.2520601031245528,0.065512179142625
financial_5m,AUDUSD=X,F1,sgd,classification,0,4000,0,-1.4082972404752352,0.0013841280339004878,0.001228542899551247,0.0015919828675272918,-2.460036804342671,0.0011961610243321481,0.64805568164624,1.2520601031245528,0.065512179142625
financial_5m,AUDUSD=X,F1,sgd,classification,1,4000,0,-1.4206277916714467,0.0013181977215503229,0.0011626318424748942,0.0015180338238657974,-2.473065968455782,0.0011373061076442792,0.6483582992888486,1.2520601031245528,0.065512179142625
financial_5m,AUDUSD=X,F1,sgd,classification,2,4000,0,-1.2939643160344765,0.0014035914669474603,0.0012588192941724223,0.0015903623065323044,-2.4604490352823296,0.0012181383365297543,0.6482069904675443,1.2520601031245528,0.065512179142625
financial_5m,AUDUSD=X,F1,sgd,classification,3,4000,0,-1.3612138286694775,0.0013962665355756478,0.0012239145906940902,0.0015882398965432292,-2.460807426667814,0.0012009108390999017,0.6482069904675443,1.2520601031245528,0.065512179142625
financial_5m,AUDUSD=X,F1,adam,regression,0,83,1,-2.7229473116557923,7.234933525718683e-05,7.51142189001208e-06,0.0004172879121995327,-3.9592736869162946,0.00027909259836631867,0.545901089575498,1.2520601031245528,0.065512179142625
financial_5m,AUDUSD=X,F1,adam,regression,1,89,1,-0.9272727958488086,6.255318665645171e-05,1.314993137880158e-05,0.0004134800093059991,-4.012295989298622,0.00024463825075630947,0.5421403363021274,1.2520601031245528,0.065512179142625
financial_5m,AUDUSD=X,F1,adam,regression,2,66,1,-1.0608363862893393,7.100975579244027e-05,1.633322000558675e-05,0.0003305339457861926,-3.9857828891067473,2.5094390351207355e-05,0.5459188406623893,1.2520601031245528,0.065512179142625
financial_5m,AUDUSD=X,F1,adam,regression,3,88,1,5.045641437192944,0.00010500580645375274,1.6795972373464622e-05,0.0003658955231645568,-4.023841541460749,1.1331866972800344e-05,0.5451658444208944,1.2520601031245528,0.065512179142625
financial_5m,AUDUSD=X,F1,adam,classification,0,1000,1,-2.7195426038587573,3.9335624457915094e-05,2.7308621124897843e-05,4.7100480907538855e-05,-3.9068191188428965,2.568988620409452e-05,0.64805568164624,1.2520601031245528,0.065512179142625
financial_5m,AUDUSD=X,F1,adam,classification,1,1007,1,-0.6277801878612589,3.130408589422348e-05,2.7984291136228635e-05,3.33918250525802e-05,-3.9722283351669683,3.043064044454278e-05,0.6476017551823271,1.2520601031245528,0.065512179142625
financial_5m,AUDUSD=X,F1,adam,classification,2,1030,1,-1.6233676227735692,3.51459218572805e-05,3.0479159134887956e-05,4.308745178081101e-05,-3.9326762171370837,2.584974436642159e-05,0.6479043728249357,1.2520601031245528,0.065512179142625
financial_5m,AUDUSD=X,F1,adam,classification,3,853,1,-1.970352081439735,3.898317777320232e-05,2.7899509995323328e-05,4.5910210401008417e-05,-3.93366392990263,2.8478547478295277e-05,0.6477530640036314,1.2520601031245528,0.065512179142625
financial_5m,AUDUSD=X,F2,sgd,regression,0,1630,1,-2.044085912814886,8.316647510191586e-06,7.238026369023742e-06,1.0051811296432982e-05,-4.256126761187889,7.048742177466425e-06,0.5230264565124979,1.2520601031245528,0.065512179142625
financial_5m,AUDUSD=X,F2,sgd,regression,1,1431,1,2.2777783014289352,1.0429735669618693e-05,6.819654204261554e-06,1.5358405323343056e-05,-4.381051957974492,9.967668617845034e-06,0.5233822694968778,1.2520601031245528,0.065512179142625
financial_5m,AUDUSD=X,F2,sgd,regression,2,1737,1,-0.7931429545370424,1.1685624291592157e-05,9.377852623366558e-06,1.4854845795880314e-05,-4.26527668677477,7.977400980375128e-06,0.5228741847120294,1.2520601031245528,0.065512179142625
financial_5m,AUDUSD=X,F2,sgd,regression,3,1789,1,-1.2523653456216723,7.999295656168934e-06,6.96641872212959e-06,1.0975881299532515e-05,-4.269567899290478,6.978730854010497e-06,0.5229521318182224,1.2520601031245528,0.065512179142625
financial_5m,AUDUSD=X,F2,sgd,classification,0,4000,0,-0.8375744704436169,0.0022861135084688332,0.0021226473629944345,0.0024846916137787885,-2.4477654006158764,0.0020861890613532836,0.6371614465123316,1.2520601031245528,0.065512179142625
financial_5m,AUDUSD=X,F2,sgd,classification,1,4000,0,-0.8508753948574523,0.002226915925157086,0.0020591063287642387,0.0024217728493924253,-2.4546070579935066,0.0020269466459067816,0.637312755333636,1.2520601031245528,0.065512179142625
financial_5m,AUDUSD=X,F2,sgd,classification,2,4000,0,-0.7824156827743023,0.002302784950431125,0.0021482824961598177,0.0024833136130800156,-2.44792625870151,0.0021055757411036213,0.6370101376910274,1.2520601031245528,0.065512179142625
financial_5m,AUDUSD=X,F2,sgd,classification,3,4000,0,-0.817614110513388,0.0022960845497070727,0.0021198272821020747,0.0024819009973805367,-2.4481169239495375,0.00209015227497706,0.6374640641549403,1.2520601031245528,0.065512179142625
financial_5m,AUDUSD=X,F2,adam,regression,0,51,1,-5.787747964409798,1.4096675853245377e-05,1.4555880168537017e-06,9.210585289215e-05,-4.664232914050732,7.163628100271987e-06,0.5265839025007059,1.2520601031245528,0.065512179142625
financial_5m,AUDUSD=X,F2,adam,regression,1,53,1,0.6945869617342075,2.978421703958097e-05,3.211407709217582e-06,0.00012868958292327145,-4.588408855100086,3.420032174440178e-05,0.5229496769442049,1.2520601031245528,0.065512179142625
financial_5m,AUDUSD=X,F2,adam,regression,2,73,1,1.6897578046388169,1.8506990054578646e-05,4.361571956396646e-06,8.81802875674863e-05,-4.673753844972515,9.710848386942518e-06,0.5267858442043191,1.2520601031245528,0.065512179142625
financial_5m,AUDUSD=X,F2,adam,regression,3,58,1,1.8908137892859567,1.7621711190731204e-05,1.791118645141545e-06,0.00010927192938435324,-4.740148447571429,8.074446230385001e-05,0.5234888841176655,1.2520601031245528,0.065512179142625
financial_5m,AUDUSD=X,F2,adam,classification,0,3087,1,-1.950919375495869,5.093238634463891e-05,4.365043219118301e-05,6.280129054340582e-05,-3.745182543074968,4.233537036750524e-05,0.6365562112271146,1.2520601031245528,0.065512179142625
financial_5m,AUDUSD=X,F2,adam,classification,1,2758,1,-1.9955623434355882,3.950958931510634e-05,3.2533891868481494e-05,4.8964648800334374e-05,-3.8179977566866827,3.208152445657711e-05,0.6368588288697231,1.2520601031245528,0.065512179142625
financial_5m,AUDUSD=X,F2,adam,classification,2,3128,1,-1.2511112609827166,5.674703230533224e-05,5.178216323303868e-05,6.538911308790389e-05,-3.7416310695076374,4.845038927765721e-05,0.6359509759418974,1.2520601031245528,0.065512179142625
financial_5m,AUDUSD=X,F2,adam,classification,3,3216,1,-1.686873195156203,5.4432096705622924e-05,4.450575390163351e-05,6.481664145779358e-05,-3.7341137313298423,4.453126796811908e-05,0.6364049024058103,1.2520601031245528,0.065512179142625
financial_5m,AUDUSD=X,F4,sgd,regression,0,665,1,-3.738511657518773,1.8547331046169763e-05,1.3010536583680614e-05,3.769914181491253e-05,-3.816528860821534,2.0258237864768513e-05,0.5535718194876824,1.2520601031245528,0.065512179142625
financial_5m,AUDUSD=X,F4,sgd,regression,1,695,1,-1.0268173510081533,2.4725932804560385e-05,1.0722299642501183e-05,8.26412816805499e-05,-3.7900433243940648,1.7246176215771884e-05,0.5520313198498389,1.2520601031245528,0.065512179142625
financial_5m,AUDUSD=X,F4,sgd,regression,2,636,1,-0.4196656816587441,2.0642887941269723e-05,1.2755939239431461e-05,4.322789080388067e-05,-3.9062818539212425,1.1187386553621342e-05,0.553671324453051,1.2520601031245528,0.065512179142625
financial_5m,AUDUSD=X,F4,sgd,regression,3,591,1,-3.1143511975022804,2.0509419436242414e-05,9.483005590032588e-06,3.5191994384967796e-05,-3.83611635829461,1.5319147770534822e-05,0.5527698053140747,1.2520601031245528,0.065512179142625
financial_5m,AUDUSD=X,F4,sgd,classification,0,4000,0,-1.3784864064330016,0.0008723725602447683,0.0007709627167880469,0.0009944968627249953,-2.6312636532670215,0.0007514805115990779,0.664699651989711,1.2520601031245528,0.065512179142625
financial_5m,AUDUSD=X,F4,sgd,classification,1,4000,0,-1.2952728879235402,0.0008143198308360465,0.0007307606691930732,0.0009255411612593194,-2.6493496228090168,0.000720516097935818,0.6642457255257982,1.2520601031245528,0.065512179142625
financial_5m,AUDUSD=X,F4,sgd,classification,2,4000,0,-1.2545890524103034,0.0008601887666279124,0.0007743250366248654,0.000968698491852965,-2.6368447372347688,0.0007495383520479981,0.6650022696323196,1.2520601031245528,0.065512179142625
financial_5m,AUDUSD=X,F4,sgd,classification,3,4000,0,-1.2839276549566336,0.0008731469394117363,0.0007635678579040237,0.0009829360226258986,-2.6354070635285813,0.0007534837579120993,0.6645483431684067,1.2520601031245528,0.065512179142625
financial_5m,AUDUSD=X,F4,adam,regression,0,85,1,-1.00754307511015,0.000161442290162501,5.287338661180184e-05,0.0006888143679283946,-3.6296104266439,0.0005539371902712472,0.5520398576974634,1.2520601031245528,0.065512179142625
financial_5m,AUDUSD=X,F4,adam,regression,1,80,1,-1.4636136912733806,0.00014000579990722164,4.070663773363872e-05,0.0005688212478264662,-3.6842703637730803,0.0004935834541498742,0.5492066507591412,1.2520601031245528,0.065512179142625
financial_5m,AUDUSD=X,F4,adam,regression,2,68,1,-0.706867853342443,0.0001776573341982493,5.802025210152678e-05,0.0006062330070112132,-3.652234325240467,8.992838217330892e-05,0.5557314511146555,1.2520601031245528,0.065512179142625
financial_5m,AUDUSD=X,F4,adam,regression,3,87,1,2.9574256945303294,0.0002038921823783068,6.147957371001221e-05,0.0005370479992350729,-3.6768138439186973,0.00010809314174861954,0.5510037502442383,1.2520601031245528,0.065512179142625
financial_5m,AUDUSD=X,F4,adam,classification,0,669,1,-5.000645346358789,8.018135423409425e-06,2.9438674118830703e-06,1.849441521615454e-05,-4.33251536800485,1.1421935437475486e-05,0.6693902254501437,1.2520601031245528,0.065512179142625
financial_5m,AUDUSD=X,F4,adam,classification,1,725,1,1.965739257673721,1.3677320618085685e-05,6.011506141119942e-06,5.008879497991272e-05,-4.291558650148529,5.177050100159429e-06,0.6728703283401423,1.2520601031245528,0.065512179142625
financial_5m,AUDUSD=X,F4,adam,classification,2,650,1,-2.2318197265486677,1.132745712601415e-05,5.141421209364934e-06,3.003072292710534e-05,-4.3530264763475515,4.029567855148213e-06,0.6701467695566652,1.2520601031245528,0.065512179142625
financial_5m,AUDUSD=X,F4,adam,classification,3,583,1,-5.810289944307764,9.528575520367062e-06,1.7505328134256018e-06,1.7205456506635278e-05,-4.361060841288088,5.568605881874628e-06,0.6669692843092753,1.2520601031245528,0.065512179142625
financial_5m,AUDUSD=X,F7,sgd,regression,0,1526,1,-3.1305351928198566,4.16607863557541e-05,3.1690472861341734e-05,4.842440537393469e-05,-3.647865442896983,3.0339402022975303e-05,0.5116067573935194,1.2520601031245528,0.065512179142625
financial_5m,AUDUSD=X,F7,sgd,regression,1,1670,1,-0.4541404941901163,4.6748361326329785e-05,4.1490224026381793e-05,7.019439681914731e-05,-3.6503222575981593,3.3369506322194985e-05,0.5115429546618815,1.2520601031245528,0.065512179142625
financial_5m,AUDUSD=X,F7,sgd,regression,2,1553,1,-1.3892393401902303,3.7177922010813455e-05,3.1110129921538445e-05,4.784383545864536e-05,-3.706814554813088,2.6517665446414884e-05,0.5114724539670897,1.2520601031245528,0.065512179142625
financial_5m,AUDUSD=X,F7,sgd,regression,3,1599,1,-2.8392962292342334,4.297279988349963e-05,2.919844777449666e-05,5.8073946252479846e-05,-3.664752520673265,2.8654750735674097e-05,0.5115139976524276,1.2520601031245528,0.065512179142625
financial_5m,AUDUSD=X,F7,sgd,classification,0,4000,0,-1.0321705229133438,0.0012035560007766493,0.0010995946326274669,0.0013307210281982527,-2.6387768603185706,0.0010782376316999852,0.600847329399304,1.2520601031245528,0.065512179142625
financial_5m,AUDUSD=X,F7,sgd,classification,1,4000,0,-1.0064141437080023,0.001144697536485201,0.001048167866399512,0.0012647751294961429,-2.651743596243767,0.0010340893918146185,0.6003934029353911,1.2520601031245528,0.065512179142625
financial_5m,AUDUSD=X,F7,sgd,classification,2,4000,0,-0.9439684298752002,0.0012024971189810018,0.0011113338100495417,0.0013174569299462865,-2.6409202736248245,0.0010850858896336933,0.6009986382206083,1.2520601031245528,0.065512179142625
financial_5m,AUDUSD=X,F7,sgd,classification,3,4000,0,-0.9717633987571002,0.0012051103705510023,0.0010931313923964365,0.001319990701202767,-2.6417347651333696,0.0010790110599693294,0.6009986382206083,1.2520601031245528,0.065512179142625
financial_5m,AUDUSD=X,F7,adam,regression,0,168,1,-1.7078042862870695,8.708618201856244e-05,1.8805210978381535e-05,0.0003503849607569199,-3.915448232879181,5.713978856088497e-05,0.5100739670375398,1.2520601031245528,0.065512179142625
financial_5m,AUDUSD=X,F7,adam,regression,1,193,1,-0.22434863184885018,8.0769778474933e-05,2.0091640372383092e-05,0.00029885167767497065,-3.983858579920317,0.00019738733268152123,0.5097528049262486,1.2520601031245528,0.065512179142625
financial_5m,AUDUSD=X,F7,adam,regression,2,95,1,-0.4444873476924744,7.793421193526292e-05,2.572191771679513e-05,0.000267690942632325,-3.975081853537912,6.629400367099486e-05,0.5100110719890522,1.2520601031245528,0.065512179142625
financial_5m,AUDUSD=X,F7,adam,regression,3,121,1,3.5866456008954177,0.00010979214340747564,2.224757536594028e-05,0.0003504948893438044,-3.98194435410127,2.7573734889407735e-05,0.5103784036798165,1.2520601031245528,0.065512179142625
financial_5m,AUDUSD=X,F7,adam,classification,0,3015,1,-2.162350673690578,5.250280974921612e-05,4.170139601567732e-05,6.139586159029908e-05,-3.834069159691123,3.9671381227491944e-05,0.607807535179301,1.2520601031245528,0.065512179142625
financial_5m,AUDUSD=X,F7,adam,classification,1,2404,1,-0.36180965365092893,4.737527400820928e-05,4.375442414975074e-05,5.151440821074239e-05,-3.871244339845143,4.5381203712466605e-05,0.6070509910727795,1.2520601031245528,0.065512179142625
financial_5m,AUDUSD=X,F7,adam,classification,2,2590,1,-1.3751193189314268,5.0127568908297854e-05,4.481868140606447e-05,6.116899759810656e-05,-3.851314549880577,3.903329886594968e-05,0.6081101528219095,1.2520601031245528,0.065512179142625
financial_5m,AUDUSD=X,F7,adam,classification,3,2886,1,-1.6772595465835487,5.4910521040765344e-05,4.2266595759825544e-05,6.370514539777489e-05,-3.845343289070349,4.3425565597561664e-05,0.6079588440006052,1.2520601031245528,0.065512179142625
financial_5m,AUDUSD=X,F10,sgd,regression,0,1732,1,-2.425027502703726,7.227665527553848e-06,6.532285346157325e-06,9.423446650965174e-06,-4.2522765442761195,6.385490259321378e-06,0.5225426871998017,1.2520601031245528,0.065512179142625
financial_5m,AUDUSD=X,F10,sgd,regression,1,1475,1,2.278160527923173,9.078803790658065e-06,6.114236568353463e-06,1.331433263122887e-05,-4.38490134501686,8.924275665791341e-06,0.5229333795713886,1.2520601031245528,0.065512179142625
financial_5m,AUDUSD=X,F10,sgd,regression,2,1781,1,-0.8584169631643076,1.1536743526461521e-05,9.345127304916762e-06,1.4587004174858458e-05,-4.250479093390739,7.941695608385346e-06,0.5222900060278836,1.2520601031245528,0.065512179142625
financial_5m,AUDUSD=X,F10,sgd,regression,3,1856,1,-1.5863396562715797,7.331809564507767e-06,6.2118010990849526e-06,1.0576816997283743e-05,-4.261974352326663,6.402788288339295e-06,0.522461925690076,1.2520601031245528,0.065512179142625
financial_5m,AUDUSD=X,F10,sgd,classification,0,4000,0,-0.8174975384199924,0.0024073590529986918,0.002238892438137859,0.0026110765307363094,-2.432089196527365,0.0022012243456653677,0.6236949614162506,1.2520601031245528,0.065512179142625
financial_5m,AUDUSD=X,F10,sgd,classification,1,4000,0,-0.8304919743493685,0.002347519489625416,0.0021745527278741,0.002547635067613035,-2.4386166549726744,0.0021411671391656896,0.6238462702375549,1.2520601031245528,0.065512179142625
financial_5m,AUDUSD=X,F10,sgd,classification,2,4000,0,-0.7648732051422785,0.0024240514223478377,0.0022646349273810155,0.0026096160701495267,-2.432246112449918,0.0022206843898968072,0.6238462702375549,1.2520601031245528,0.065512179142625
financial_5m,AUDUSD=X,F10,sgd,classification,3,4000,0,-0.7985354257339465,0.0024173299262541656,0.0022360089961540805,0.002608230695659217,-2.43242266845286,0.0022051583809666138,0.6236949614162506,1.2520601031245528,0.065512179142625
financial_5m,AUDUSD=X,F10,adam,regression,0,60,1,-6.2409862113187105,1.1759365040924718e-05,1.419763220337238e-06,8.452425979554049e-05,-4.717807354941434,3.366000935415569e-06,0.5240000487129585,1.2520601031245528,0.065512179142625
financial_5m,AUDUSD=X,F10,adam,regression,1,131,1,1.332523129469631,2.8238079940280354e-05,2.4583746284975763e-06,0.00012231405011206464,-4.6508230377574336,2.878503625699362e-05,0.521801336089962,1.2520601031245528,0.065512179142625
financial_5m,AUDUSD=X,F10,adam,regression,2,80,1,2.7434080020171576,1.6013344408907163e-05,2.278113638482013e-06,8.153222200773479e-05,-4.763534249932381,9.050962099950418e-06,0.5247833548371396,1.2520601031245528,0.065512179142625
financial_5m,AUDUSD=X,F10,adam,regression,3,63,1,1.7057892328664204,1.7451319362774222e-05,1.5342441220120588e-06,9.903428555646015e-05,-4.7987288492287,7.899753170095344e-05,0.5214407406401669,1.2520601031245528,0.065512179142625
financial_5m,AUDUSD=X,F10,adam,classification,0,3387,1,-1.8339826820535559,5.925547644416216e-05,5.134469562136705e-05,7.212810294487501e-05,-3.6964673685181304,4.9862641279106414e-05,0.6232410349523377,1.2520601031245528,0.065512179142625
financial_5m,AUDUSD=X,F10,adam,classification,1,3007,1,-1.8653183792831327,4.733887891418205e-05,3.953779169573376e-05,5.7774654946717885e-05,-3.762531409834759,3.8943423535181606e-05,0.6229384173097292,1.2520601031245528,0.065512179142625
financial_5m,AUDUSD=X,F10,adam,classification,2,3503,1,-1.2140611874638485,6.547826899805815e-05,5.9826870838302985e-05,7.49584401316612e-05,-3.6928655071988765,5.632112184577781e-05,0.6226357996671206,1.2520601031245528,0.065512179142625
financial_5m,AUDUSD=X,F10,adam,classification,3,3427,1,-1.6019774440224137,6.296900461631613e-05,5.219574058838321e-05,7.434133622487338e-05,-3.6855530304427133,5.218538612320133e-05,0.6226357996671206,1.2520601031245528,0.065512179142625
financial_5m,AUDUSD=X,F11,sgd,regression,0,379,1,-0.5151038015385004,3.614869676911511e-05,9.072779656808509e-06,0.00011895486382153154,-3.964055816220347,4.495665880428093e-05,0.5767450510500965,1.2520601031245528,0.065512179142625
financial_5m,AUDUSD=X,F11,sgd,regression,1,376,1,1.4510551574727708,3.805467875810472e-05,1.1170589510869786e-05,0.00011715380651052164,-4.0329549066907076,7.183337455087381e-05,0.5748017487483182,1.2520601031245528,0.065512179142625
financial_5m,AUDUSD=X,F11,sgd,regression,2,382,1,-1.8914413971110107,4.324075006666836e-05,1.6523479918875e-05,7.975153501709436e-05,-3.9836685968208503,2.728312527211042e-05,0.5763463893125059,1.2520601031245528,0.065512179142625
financial_5m,AUDUSD=X,F11,sgd,regression,3,365,1,3.3668357555092885,4.2711255811930874e-05,1.6554981439257305e-05,0.00012694853884290797,-4.028247649953014,1.998378678318943e-05,0.575136505652156,1.2520601031245528,0.065512179142625
financial_5m,AUDUSD=X,F11,sgd,classification,0,4000,0,-2.6279601464905737,0.0002359091174505425,0.0001789374127024821,0.0002985634677129794,-3.0374576651502254,0.00017185684805534043,0.6401876229384174,1.2520601031245528,0.065512179142625
financial_5m,AUDUSD=X,F11,sgd,classification,1,4000,0,-2.230000193984502,0.00022731384868342257,0.00018857756163221236,0.00027496985950434754,-3.046198396102848,0.00017758197588512199,0.6417007111514601,1.2520601031245528,0.065512179142625
financial_5m,AUDUSD=X,F11,sgd,classification,2,4000,0,-1.858791310076452,0.00023567644549319513,0.0001950493812852759,0.0002716796095429134,-3.057599683816706,0.00018132256506520395,0.6420033287940687,1.2520601031245528,0.065512179142625
financial_5m,AUDUSD=X,F11,sgd,classification,3,4000,0,-2.673947903080437,0.0002374934653201462,0.00017226059896740178,0.00029903361773326226,-3.038917167619357,0.00017104231982868957,0.6403389317597216,1.2520601031245528,0.065512179142625
financial_5m,AUDUSD=X,F11,adam,regression,0,85,1,-1.089536787985171,0.0007844692716672866,0.00024608737140738795,0.0020759039959063826,-3.1019880832280897,0.0004765019833818091,0.5740094453013361,1.2520601031245528,0.065512179142625
financial_5m,AUDUSD=X,F11,adam,regression,1,74,1,-0.35937345231000956,0.0006549103908220495,0.00023818493573917753,0.0016909973889182473,-3.1352414107801225,0.0009750069576462689,0.5722012999249131,1.2520601031245528,0.065512179142625
financial_5m,AUDUSD=X,F11,adam,regression,2,72,1,-0.45901806379931487,0.0007561716324389239,0.0002470608475731165,0.002105742998710589,-3.1074313979234556,0.0011759191141591907,0.580514138761889,1.2520601031245528,0.065512179142625
financial_5m,AUDUSD=X,F11,adam,regression,3,79,1,0.8734531557838735,0.0006966812936823322,0.00025774881622983575,0.0014993315108464459,-3.1264550721195428,6.13977733320314e-05,0.5741160927965978,1.2520601031245528,0.065512179142625
financial_5m,AUDUSD=X,F11,adam,classification,0,353,1,-1.5299472452766796,4.815953775910814e-05,1.6660783023099173e-05,0.0001628510811581267,-4.0691740926623625,5.028532564351586e-05,0.6424572552579816,1.2520601031245528,0.065512179142625
financial_5m,AUDUSD=X,F11,adam,classification,1,348,1,0.7759477847983991,5.627738256373817e-05,1.573313162622372e-05,0.00013913552601422355,-4.116370797152707,7.315846089164524e-05,0.6424572552579816,1.2520601031245528,0.065512179142625
financial_5m,AUDUSD=X,F11,adam,classification,2,430,1,-1.1246994743572813,5.5596352894524123e-05,1.8284113405658883e-05,0.00012702521872828235,-4.127789573897175,4.1903931938932256e-05,0.6420033287940687,1.2520601031245528,0.065512179142625
financial_5m,AUDUSD=X,F11,adam,classification,3,378,1,2.391754419359121,6.125000691008508e-05,2.1867372109565945e-05,0.00015164258261592947,-4.130985259924881,4.402989005451281e-05,0.6429111817218944,1.2520601031245528,0.065512179142625
financial_5m,AUDUSD=X,FA,sgd,regression,0,657,1,-2.795550698842815,1.0552637607308479e-05,4.344881772878676e-06,3.2118904864695854e-05,-4.011540071551371,2.428118461256091e-05,0.5560373205887799,1.2520601031245528,0.065512179142625
financial_5m,AUDUSD=X,FA,sgd,regression,1,660,1,0.6561716676481769,1.194931949585247e-05,3.6446927045782828e-06,7.102453827752409e-05,-4.002685518748982,1.404162411251089e-05,0.5542828152018019,1.2520601031245528,0.065512179142625
financial_5m,AUDUSD=X,FA,sgd,regression,2,619,1,-0.6494451606457168,1.6485085971625945e-05,8.303155127274612e-06,3.844143114695902e-05,-4.103486214583574,8.320410551769737e-06,0.5557475638557972,1.2520601031245528,0.065512179142625
financial_5m,AUDUSD=X,FA,sgd,regression,3,579,1,-0.22732870016738035,1.4598377921708103e-05,5.784210010671673e-06,2.9866676443208446e-05,-4.045409797678453,1.1245074924041323e-05,0.5551972039136102,1.2520601031245528,0.065512179142625
financial_5m,AUDUSD=X,FA,sgd,classification,0,4000,0,-1.6156409913613887,0.0005835662467715635,0.0004995134327573757,0.0006777879261467072,-2.786228774911075,0.00048440340763893037,0.6465425934331972,1.2520601031245528,0.065512179142625
financial_5m,AUDUSD=X,FA,sgd,classification,1,4000,0,-1.4615785573029714,0.0005338366114986054,0.000473319539155883,0.0006159417769815697,-2.8085719917172427,0.00046627956802420574,0.6460886669692844,1.2520601031245528,0.065512179142625
financial_5m,AUDUSD=X,FA,sgd,classification,2,4000,0,-1.4417440535132355,0.0005630964891444087,0.0004964731761079039,0.0006430351452824781,-2.7970994279939725,0.0004766782776200681,0.6460886669692844,1.2520601031245528,0.065512179142625
financial_5m,AUDUSD=X,FA,sgd,classification,3,4000,0,-1.4886614245892533,0.0005846600535717018,0.0004944712232060431,0.0006695113866098862,-2.7917603121219337,0.0004886308697200318,0.6465425934331972,1.2520601031245528,0.065512179142625
financial_5m,AUDUSD=X,FA,adam,regression,0,95,1,-0.8961561304328515,0.00022795857712571964,7.533397509656197e-05,0.00082000316069218,-3.5348105740084548,0.0005516879907118451,0.5533783907301282,1.2520601031245528,0.065512179142625
financial_5m,AUDUSD=X,FA,adam,regression,1,80,1,-1.017653203251757,0.0001802872519809245,6.151682871112866e-05,0.0006128936400118011,-3.597573072571312,0.0004287543924651691,0.5514721166784159,1.2520601031245528,0.065512179142625
financial_5m,AUDUSD=X,FA,adam,regression,2,68,1,-0.7673279851740298,0.00024138825408660287,8.950447256950077e-05,0.0006299270114156102,-3.5566787184112516,0.00017160116045825355,0.5585577989664664,1.2520601031245528,0.065512179142625
financial_5m,AUDUSD=X,FA,adam,regression,3,87,1,2.8140309911753056,0.00025516725723117255,9.425233710771404e-05,0.0005780547428580235,-3.587814092486959,0.00022741042987349782,0.5520845594141326,1.2520601031245528,0.065512179142625
financial_5m,AUDUSD=X,FA,adam,classification,0,563,1,-2.792595263939714,8.67738639527227e-06,3.622510692026326e-06,4.2030570397018927e-05,-4.439162981821035,2.8053571952436307e-05,0.6454834316840672,1.2520601031245528,0.065512179142625
financial_5m,AUDUSD=X,FA,adam,classification,1,622,1,2.4382510114453164,1.2737465784996477e-05,4.2495734006269204e-06,7.542449831863386e-05,-4.4067668297722475,6.843190437063229e-06,0.64699651989711,1.2520601031245528,0.065512179142625
financial_5m,AUDUSD=X,FA,adam,classification,2,601,1,-2.1759186873611025,1.581627630697338e-05,7.2445946239123135e-06,4.81184702503428e-05,-4.4338083604902545,7.584355924244114e-06,0.644272961113633,1.2520601031245528,0.065512179142625
financial_5m,AUDUSD=X,FA,adam,classification,3,551,1,0.5107413821850855,1.3715156049726963e-05,6.428991042176e-06,2.348141543353477e-05,-4.513538112525515,1.086196274508273e-05,0.6438190346497201,1.2520601031245528,0.065512179142625
financial_5m,BTC-USD,F0,sgd,regression,0,360,1,-0.8731989019718049,0.00012818625039523614,3.2476517704155104e-05,0.0002716936535260545,-3.900511132515834,5.744796583387525e-05,0.8078667402262446,1.4808593229819962,0.046587398847179086
financial_5m,BTC-USD,F0,sgd,regression,1,528,1,0.37061377774765963,9.256505559831468e-05,3.457070250638214e-05,0.00022548300455736011,-3.9426903727804854,0.0001597593809655834,0.8077781306511252,1.4808593229819962,0.046587398847179086
financial_5m,BTC-USD,F0,sgd,regression,2,335,1,-0.9971177507692836,0.00011354909372894635,5.312548508890617e-05,0.00022336474005579205,-3.9208939483214444,8.095485135378231e-05,0.8074834807324327,1.4808593229819962,0.046587398847179086
financial_5m,BTC-USD,F0,sgd,regression,3,119,1,2.0021005206698685,0.0001172627398763675,4.380990412778258e-05,0.00027663843141764917,-3.9206466818584977,0.00011745984833093607,0.8080679945080546,1.4808593229819962,0.046587398847179086
financial_5m,BTC-USD,F0,sgd,classification,0,1292,1,-0.5395550945952393,8.407240857561573e-06,3.3839811759661585e-06,2.612531693469813e-05,-4.7113387129102415,2.3154212992770945e-05,0.5066951290510382,1.4808593229819962,0.046587398847179086
financial_5m,BTC-USD,F0,sgd,classification,1,2418,1,2.309551140537184,1.7142396249814027e-05,6.385768963986824e-06,2.7401986100674102e-05,-4.607956213203659,1.5647528248382436e-05,0.5076654376091597,1.4808593229819962,0.046587398847179086
financial_5m,BTC-USD,F0,sgd,classification,2,2303,1,-2.0066026533465533,1.738240142121817e-05,1.2817256057461507e-05,2.2672733573963634e-05,-4.534623877647318,1.7223742204994927e-05,0.5080535610324083,1.4808593229819962,0.046587398847179086
financial_5m,BTC-USD,F0,sgd,classification,3,1072,1,2.09476450176496,1.2465996125939923e-05,5.958248995251604e-06,3.626959206324153e-05,-4.752395912887113,3.98878671875166e-06,0.5070832524742869,1.4808593229819962,0.046587398847179086
financial_5m,BTC-USD,F0,adam,regression,0,4000,0,0.19670202638434492,0.002325080528374805,0.0008992163768508278,0.004679350592963527,-2.6899721813752664,0.0005966243622101028,0.808292968418559,1.4808593229819962,0.046587398847179086
financial_5m,BTC-USD,F0,adam,regression,1,817,1,-0.4961031758688266,0.002157973804074769,0.0008514696824413562,0.00439172321838461,-2.695953835835213,0.0019003672034178922,0.808020067359334,1.4808593229819962,0.046587398847179086
financial_5m,BTC-USD,F0,adam,regression,2,4000,0,0.012528192976586605,0.0023620437571876345,0.0008720375930782999,0.0048628527554193295,-2.6860194584615797,0.0013108752817133221,0.808107754057141,1.4808593229819962,0.046587398847179086
financial_5m,BTC-USD,F0,adam,regression,3,334,1,0.8072531953036638,0.002099151801837126,0.0008129435094429839,0.004522888490970982,-2.68079629793324,0.0007420582583445645,0.8073964470506826,1.4808593229819962,0.046587398847179086
financial_5m,BTC-USD,F0,adam,classification,0,4000,0,-1.1834699441370542,0.00025952607381360133,8.853336398745419e-05,0.0007288366482258072,-3.5409747184223814,6.907202239332303e-05,0.5010673394139337,1.4808593229819962,0.046587398847179086
financial_5m,BTC-USD,F0,adam,classification,1,1859,1,0.702652358697894,0.00023870869328040302,9.95043296939681e-05,0.0005180624815157862,-3.584361986076024,0.00017877802019446967,0.5055307587812925,1.4808593229819962,0.046587398847179086
financial_5m,BTC-USD,F0,adam,classification,2,4000,0,-0.37029134414548903,0.0002907234125662125,0.00014286242972628518,0.0005977076921320216,-3.563532356933215,0.0003062953341721663,0.5129051038230157,1.4808593229819962,0.046587398847179086
financial_5m,BTC-USD,F0,adam,classification,3,4000,0,1.2051722609006559,0.0002679209674478839,0.0001049670468274818,0.00058693085692299,-3.5660423517612783,0.0002591298146261744,0.49854453716281777,1.4808593229819962,0.046587398847179086
financial_5m,BTC-USD,F1,sgd,regression,0,645,1,-3.431929417162757,5.9073123476081094e-05,3.645614314904602e-05,7.237190252330224e-05,-3.6220458186038096,3.183786255002647e-05,0.8508437332547505,1.4808593229819962,0.046587398847179086
financial_5m,BTC-USD,F1,sgd,regression,1,664,1,-0.48620867584153765,5.003765288650527e-05,4.177277641139126e-05,8.83325411776218e-05,-3.6490691707216625,3.757361298750547e-05,0.850641691849525,1.4808593229819962,0.046587398847179086
financial_5m,BTC-USD,F1,sgd,regression,2,503,1,-2.9115342494404053,4.060887929539457e-05,2.8168696823079604e-05,6.0668267341624576e-05,-3.686489325819047,2.5363934783693574e-05,0.8515519751264432,1.4808593229819962,0.046587398847179086
financial_5m,BTC-USD,F1,sgd,regression,3,566,1,-2.3539749094370768,5.7895139261308974e-05,4.017745265561588e-05,7.242876307667102e-05,-3.6544174322091423,3.8382299022287745e-05,0.8503464978679257,1.4808593229819962,0.046587398847179086
financial_5m,BTC-USD,F1,sgd,classification,0,4000,0,-1.3809566490439205,0.001712015163975998,0.0015230565173232618,0.001962444459522384,-2.370153325356954,0.0014834056899858603,0.4971861051814477,1.4808593229819962,0.046587398847179086
financial_5m,BTC-USD,F1,sgd,classification,1,4000,0,-1.3902145254030145,0.0016385446930304642,0.0014498150400987701,0.0018798257270501014,-2.3818942932968956,0.001418260025143151,0.497380166893072,1.4808593229819962,0.046587398847179086
financial_5m,BTC-USD,F1,sgd,classification,2,4000,0,-1.279407039016888,0.0017328428388662782,0.0015560481981847412,0.001959871888127953,-2.370579595784262,0.001507215578558942,0.4977682903163206,1.4808593229819962,0.046587398847179086
financial_5m,BTC-USD,F1,sgd,classification,3,4000,0,-1.3378807029746858,0.0017252055795046752,0.0015178394668488055,0.0019576208934117345,-2.3709256932821225,0.0014885253175684623,0.4971861051814477,1.4808593229819962,0.046587398847179086
financial_5m,BTC-USD,F1,adam,regression,0,83,1,-2.7261891878893456,7.303197690750373e-05,7.329353525596815e-06,0.00042222451469251573,-3.9589041129214664,0.0002880916855130071,0.8534184016010339,1.4808593229819962,0.046587398847179086
financial_5m,BTC-USD,F1,adam,regression,1,90,1,-0.982849552142429,6.27480766178934e-05,1.3114079311173804e-05,0.00042142716935491734,-4.0125483568185345,0.000247769782165376,0.8469686406271622,1.4808593229819962,0.046587398847179086
financial_5m,BTC-USD,F1,adam,regression,2,67,1,-1.0183039969507643,7.327880860591995e-05,1.5946673869905087e-05,0.00033688520883651545,-3.9897093861238915,2.3805444720312486e-05,0.8534291489264075,1.4808593229819962,0.046587398847179086
financial_5m,BTC-USD,F1,adam,regression,3,89,1,5.097720432592528,0.0001050065483135546,1.6577935304405323e-05,0.0003636452039666361,-4.022881309980679,1.1595747965268716e-05,0.8523749093703966,1.4808593229819962,0.046587398847179086
financial_5m,BTC-USD,F1,adam,classification,0,1156,1,-2.5102002043833975,5.418604594560446e-05,3.90689964701005e-05,6.435861834813498e-05,-3.7685010168411592,3.700416995606485e-05,0.49932078400931496,1.4808593229819962,0.046587398847179086
financial_5m,BTC-USD,F1,adam,classification,1,1127,1,-0.8289013544862017,4.3546047300738683e-05,4.090159870808594e-05,4.694173104396681e-05,-3.8250415236812763,4.1664294599134725e-05,0.4997089074325636,1.4808593229819962,0.046587398847179086
financial_5m,BTC-USD,F1,adam,classification,2,1132,1,-1.661241777609023,4.7813571107078923e-05,4.2002474263337724e-05,5.880628116859126e-05,-3.7914940149574226,3.6735334282111086e-05,0.49990296914418786,1.4808593229819962,0.046587398847179086
financial_5m,BTC-USD,F1,adam,classification,3,936,1,-1.8899880747291284,5.3956127079522506e-05,4.006058267015659e-05,6.324324159984414e-05,-3.7897883296321155,4.047925394443989e-05,0.49951484572093924,1.4808593229819962,0.046587398847179086
financial_5m,BTC-USD,F2,sgd,regression,0,1604,1,-1.7598961276773264,9.236344210752303e-06,8.070213597675702e-06,1.0726924245581326e-05,-4.252299571914626,7.857857875347031e-06,0.8188598639927683,1.4808593229819962,0.046587398847179086
financial_5m,BTC-USD,F2,sgd,regression,1,1379,1,2.2023495938423654,1.1561620746006707e-05,7.619563277444573e-06,1.7004757242953504e-05,-4.3689913618688605,1.0898586385517636e-05,0.8195128057474425,1.4808593229819962,0.046587398847179086
financial_5m,BTC-USD,F2,sgd,regression,2,1499,1,-0.7134434528628346,1.2364181265812126e-05,9.985878284025958e-06,1.5702907388055545e-05,-4.262587370002029,8.594452457496512e-06,0.8184775883740564,1.4808593229819962,0.046587398847179086
financial_5m,BTC-USD,F2,sgd,regression,3,1717,1,-1.0129945039561228,8.723277583270523e-06,7.82083189676952e-06,1.1538387015277348e-05,-4.266150205649111,7.717817055148254e-06,0.8187720296511533,1.4808593229819962,0.046587398847179086
financial_5m,BTC-USD,F2,sgd,classification,0,4000,0,-0.8316117208113727,0.0026031012351418635,0.002419019358005596,0.0028266228686854465,-2.3884346993732977,0.0023779538690220665,0.48243741509800114,1.4808593229819962,0.046587398847179086
financial_5m,BTC-USD,F2,sgd,classification,1,4000,0,-0.8428222391207284,0.0025406932115537148,0.0023521637134188062,0.0027600073493506258,-2.394867736042942,0.0023156336079900993,0.4814671065398797,1.4808593229819962,0.046587398847179086
financial_5m,BTC-USD,F2,sgd,classification,2,4000,0,-0.7803855728468011,0.0026208583054306493,0.002446128406743054,0.00282523377608418,-2.388594416189873,0.002398445177651557,0.4818552299631283,1.4808593229819962,0.046587398847179086
financial_5m,BTC-USD,F2,sgd,classification,3,4000,0,-0.8129826253754778,0.0026137295037695334,0.0024160867732443423,0.0028236949753767896,-2.388767274108845,0.0023821561726308092,0.4820492916747526,1.4808593229819962,0.046587398847179086
financial_5m,BTC-USD,F2,adam,regression,0,49,1,-5.818811302789278,1.4916095802722815e-05,1.5207587646918428e-06,9.555560595997401e-05,-4.646858186093392,7.31656572932014e-06,0.8226027757911243,1.4808593229819962,0.046587398847179086
financial_5m,BTC-USD,F2,adam,regression,1,45,1,0.8330007248177714,3.144502191210888e-05,3.1620030129505873e-06,0.00013354601147350502,-4.576310627046369,3.7644875061492404e-05,0.8177120193364364,1.4808593229819962,0.046587398847179086
financial_5m,BTC-USD,F2,adam,regression,2,71,1,1.8754625671904592,1.8623042228985514e-05,4.348333643052796e-06,8.9932750133402e-05,-4.661003280682258,8.788404642813064e-06,0.8229018930095345,1.4808593229819962,0.046587398847179086
financial_5m,BTC-USD,F2,adam,regression,3,55,1,1.7117040105513854,1.7218213657346396e-05,1.7151511690096211e-06,0.00011431200355983428,-4.72698829361994,8.123398671655304e-05,0.8173557419489045,1.4808593229819962,0.046587398847179086
financial_5m,BTC-USD,F2,adam,classification,0,3103,1,-1.963035567647742,6.0297922610973766e-05,5.165068013061582e-05,7.438616094355757e-05,-3.6677203136609595,5.000904039009705e-05,0.48418397050261985,1.4808593229819962,0.046587398847179086
financial_5m,BTC-USD,F2,adam,classification,1,2793,1,-2.0138053668393923,4.752652310233237e-05,3.912744273285324e-05,5.895051221948218e-05,-3.735288470643908,3.852783354054805e-05,0.48437803221424414,1.4808593229819962,0.046587398847179086
financial_5m,BTC-USD,F2,adam,classification,2,3151,1,-1.3059599804441127,6.691593606757273e-05,6.070439145665425e-05,7.736429718629439e-05,-3.663518083271284,5.687799960622926e-05,0.4853483407723656,1.4808593229819962,0.046587398847179086
financial_5m,BTC-USD,F2,adam,classification,3,3225,1,-1.7171986080861703,6.42655003829385e-05,5.249044134375754e-05,7.67070181072579e-05,-3.656325588732277,5.249011603316099e-05,0.4851542790607413,1.4808593229819962,0.046587398847179086
financial_5m,BTC-USD,F4,sgd,regression,0,737,1,-3.7826407436375002,1.9674766918447407e-05,1.4528161275807593e-05,3.5067067999366495e-05,-3.806452381372114,1.9463789581661223e-05,0.8788973679772907,1.4808593229819962,0.046587398847179086
financial_5m,BTC-USD,F4,sgd,regression,1,759,1,-0.9133024958237401,2.4720497424536694e-05,1.2584465332646263e-05,7.76266761975526e-05,-3.787668756391068,1.5409863414405328e-05,0.876579962549371,1.4808593229819962,0.046587398847179086
financial_5m,BTC-USD,F4,sgd,regression,2,675,1,-0.6469676654332603,2.010895311110523e-05,1.298164564522006e-05,4.0749115117706036e-05,-3.9009988345124103,1.0972057675213898e-05,0.8787014801669788,1.4808593229819962,0.046587398847179086
financial_5m,BTC-USD,F4,sgd,regression,3,641,1,-3.24155679566714,2.113759694335671e-05,1.0970641883263941e-05,3.4052631970589086e-05,-3.831735272115007,1.4350517646723078e-05,0.8776537040523511,1.4808593229819962,0.046587398847179086
financial_5m,BTC-USD,F4,sgd,classification,0,4000,0,-1.3464043169012798,0.0011430908227575865,0.0010145812725223969,0.0013005215219224933,-2.5340536953864867,0.000989284732981222,0.4989326605860664,1.4808593229819962,0.046587398847179086
financial_5m,BTC-USD,F4,sgd,classification,1,4000,0,-1.2897999518494647,0.00107560507646108,0.0009641146851640572,0.0012214114998164783,-2.5497967249977513,0.000949227660659559,0.4983504754511935,1.4808593229819962,0.046587398847179086
financial_5m,BTC-USD,F4,sgd,classification,2,4000,0,-1.2385467634864138,0.00113307489798373,0.001021714041591847,0.0012751970930047346,-2.5382149071736277,0.0009902167357776104,0.4991267222976907,1.4808593229819962,0.046587398847179086
financial_5m,BTC-USD,F4,sgd,classification,3,4000,0,-1.2670276251524772,0.0011444351007277277,0.0010062271829275448,0.0012869962707271483,-2.5375481324334976,0.0009910694167074906,0.49854453716281777,1.4808593229819962,0.046587398847179086
financial_5m,BTC-USD,F4,adam,regression,0,89,1,-1.1694754547649022,0.00014360085171285776,4.9008305288129136e-05,0.0006503707781000562,-3.6601027069190546,0.0005093215399670142,0.8747922387067198,1.4808593229819962,0.046587398847179086
financial_5m,BTC-USD,F4,adam,regression,1,81,1,-1.4666171834643549,0.00013140841688490584,3.8303455374432765e-05,0.0005439918431055012,-3.7188064288173885,0.00042128068802817675,0.8715597751229979,1.4808593229819962,0.046587398847179086
financial_5m,BTC-USD,F4,adam,regression,2,68,1,-0.7633234076172409,0.0001599984061526861,4.9066750580991776e-05,0.0005282198833984126,-3.6880358248948353,8.011703361878054e-05,0.8808865337930453,1.4808593229819962,0.046587398847179086
financial_5m,BTC-USD,F4,adam,regression,3,89,1,3.1410665597603815,0.0001932015412370102,5.493984775475323e-05,0.0005156922158879204,-3.7109909772559684,0.0001070337535325687,0.8753644140195459,1.4808593229819962,0.046587398847179086
financial_5m,BTC-USD,F4,adam,classification,0,772,1,-4.79799813129335,1.0439923319939431e-05,4.356721618001818e-06,2.0868080136291575e-05,-4.207592819407772,1.2030929119764426e-05,0.4991267222976907,1.4808593229819962,0.046587398847179086
financial_5m,BTC-USD,F4,adam,classification,1,861,1,1.58984664963961,1.5213138991715383e-05,7.195883351832691e-06,4.866621738157702e-05,-4.194643075197488,7.2516479159295225e-06,0.4964098583349505,1.4808593229819962,0.046587398847179086
financial_5m,BTC-USD,F4,adam,classification,2,737,1,-2.4742075670279218,1.2718644044198644e-05,6.259021949889175e-06,3.0492345697370065e-05,-4.233290192516614,4.558639584746289e-06,0.49854453716281777,1.4808593229819962,0.046587398847179086
financial_5m,BTC-USD,F4,adam,classification,3,702,1,-5.403858092378366,1.209044627738429e-05,2.976296173540184e-06,1.99003580725194e-05,-4.236201788937329,6.527230051466695e-06,0.4975742286046963,1.4808593229819962,0.046587398847179086
financial_5m,BTC-USD,F7,sgd,regression,0,3581,1,-2.922798055915338,6.557662943192948e-05,4.57070962226632e-05,7.789595300959944e-05,-3.578297910621648,4.378530365386185e-05,0.8056053821236209,1.4808593229819962,0.046587398847179086
financial_5m,BTC-USD,F7,sgd,regression,1,3223,1,-0.660136362958754,6.262841543262486e-05,5.824304437274068e-05,7.262036290926516e-05,-3.6090484607759414,5.528781436811276e-05,0.8055955735418294,1.4808593229819962,0.046587398847179086
financial_5m,BTC-USD,F7,sgd,regression,2,3000,1,-1.876857026168669,5.190574781102507e-05,4.438046346714172e-05,6.25734125744561e-05,-3.6359036692568107,3.9697393393641904e-05,0.8053328237976128,1.4808593229819962,0.046587398847179086
financial_5m,BTC-USD,F7,sgd,regression,3,3569,1,-2.2618651764492705,6.800022639025469e-05,4.9007468134837535e-05,8.305298020505065e-05,-3.6022123134548782,4.8878561893127745e-05,0.8054087611940676,1.4808593229819962,0.046587398847179086
financial_5m,BTC-USD,F7,sgd,classification,0,4000,0,-0.8868875727675031,0.001194400525046201,0.0011053615827483802,0.0013038455215484087,-2.700476011908596,0.0010865070152707194,0.5350281389481856,1.4808593229819962,0.046587398847179086
financial_5m,BTC-USD,F7,sgd,classification,1,4000,0,-0.8815680179631947,0.0011431371661703436,0.0010560385585643114,0.0012482700443821103,-2.711756404017092,0.0010423981088435318,0.5350281389481856,1.4808593229819962,0.046587398847179086
financial_5m,BTC-USD,F7,sgd,classification,2,4000,0,-0.8085133479802347,0.0011995878176340596,0.0011202212745932416,0.001298006840789482,-2.701388837326602,0.0010969958570839374,0.5344459538133126,1.4808593229819962,0.046587398847179086
financial_5m,BTC-USD,F7,sgd,classification,3,4000,0,-0.8403269466338468,0.001197266092890717,0.0011004660338605826,0.0012963962305534132,-2.702552865578453,0.0010873918505945746,0.5350281389481856,1.4808593229819962,0.046587398847179086
financial_5m,BTC-USD,F7,adam,regression,0,254,1,-2.206193215345992,5.707292876721132e-05,7.849278549511809e-06,0.00021065192233987357,-4.142966733589005,4.313183827363605e-05,0.8057477902324175,1.4808593229819962,0.046587398847179086
financial_5m,BTC-USD,F7,adam,regression,1,207,1,-0.06576864919698483,5.328859281158172e-05,9.882931457942547e-06,0.0001765671421705658,-4.193002297738778,0.0001213399550866587,0.8027268472602442,1.4808593229819962,0.046587398847179086
financial_5m,BTC-USD,F7,adam,regression,2,255,1,-0.4717403043834281,4.07015324369799e-05,1.2710597005390611e-05,0.0001593715250856916,-4.227842630113301,1.2688874444585643e-05,0.8043466679647028,1.4808593229819962,0.046587398847179086
financial_5m,BTC-USD,F7,adam,regression,3,171,1,4.4126592369181425,5.870368142681223e-05,7.954828193277196e-06,0.00020055401567763904,-4.212397768110379,4.475167034023401e-05,0.8034920569224192,1.4808593229819962,0.046587398847179086
financial_5m,BTC-USD,F7,adam,classification,0,4000,0,-1.8063136607992658,6.780265645003848e-05,5.517679562840303e-05,7.749949607340647e-05,-3.774805380473158,5.327935816961177e-05,0.5402678051620415,1.4808593229819962,0.046587398847179086
financial_5m,BTC-USD,F7,adam,classification,1,4000,0,-0.785409668680683,5.6362579168664254e-05,5.5121350077245956e-05,6.001171517953386e-05,-3.81943724392896,5.434292546428605e-05,0.5385212497574229,1.4808593229819962,0.046587398847179086
financial_5m,BTC-USD,F7,adam,classification,2,4000,0,-1.1423138552353866,6.353717359642803e-05,5.836001627772987e-05,7.310845790813226e-05,-3.7926876887153496,5.375102535337553e-05,0.543178730836406,1.4808593229819962,0.046587398847179086
financial_5m,BTC-USD,F7,adam,classification,3,4000,0,-1.3560097992938356,6.867118530719661e-05,5.625248242882321e-05,7.716213718853187e-05,-3.79053370203168,5.660461439639493e-05,0.5402678051620415,1.4808593229819962,0.046587398847179086
financial_5m,BTC-USD,F10,sgd,regression,0,1607,1,-1.8653710766855198,7.745587378531615e-06,6.920206066824622e-06,9.225473303106432e-06,-4.277944016264159,6.7591354294023134e-06,0.818185167015368,1.4808593229819962,0.046587398847179086
financial_5m,BTC-USD,F10,sgd,regression,1,1387,1,2.518721559069834,1.0362936550543152e-05,6.5275742408947714e-06,1.564996919415495e-05,-4.400694530271333,9.760764975899889e-06,0.8187261661116693,1.4808593229819962,0.046587398847179086
financial_5m,BTC-USD,F10,sgd,regression,2,1505,1,-0.6726900733621447,1.1501567719920598e-05,9.123720119378569e-06,1.4767274313238712e-05,-4.280711391132626,7.861856389894126e-06,0.8178851840931067,1.4808593229819962,0.046587398847179086
financial_5m,BTC-USD,F10,sgd,regression,3,1717,1,-1.0743557172312326,7.441198099800607e-06,6.749067577667061e-06,1.0241786812927998e-05,-4.289155883404009,6.673872085924511e-06,0.8180567026178912,1.4808593229819962,0.046587398847179086
financial_5m,BTC-USD,F10,sgd,classification,0,4000,0,-0.7881320942238249,0.0026601239283568275,0.0024812047217855166,0.0028760680472118033,-2.3887574573194774,0.002441143368140751,0.4814671065398797,1.4808593229819962,0.046587398847179086
financial_5m,BTC-USD,F10,sgd,classification,1,4000,0,-0.7988523106363962,0.002599592608004079,0.002416133543184891,0.0028117576417228084,-2.394886956038862,0.0023803715692890105,0.4814671065398797,1.4808593229819962,0.046587398847179086
financial_5m,BTC-USD,F10,sgd,classification,2,4000,0,-0.7399516412752929,0.0026771049535411562,0.0025072633644346205,0.002874655794834885,-2.388924968740106,0.002460868586775436,0.4820492916747526,1.4808593229819962,0.046587398847179086
financial_5m,BTC-USD,F10,sgd,classification,3,4000,0,-0.7706552911373802,0.002670316466750252,0.002478384022216797,0.0028732731608852357,-2.3890862760196416,0.0024451863506996527,0.4814671065398797,1.4808593229819962,0.046587398847179086
financial_5m,BTC-USD,F10,adam,regression,0,49,1,-6.065240499041253,1.4460679096896303e-05,1.4723515216575746e-06,9.20342994406289e-05,-4.671337325096407,4.551803215808254e-06,0.822890410630211,1.4808593229819962,0.046587398847179086
financial_5m,BTC-USD,F10,adam,regression,1,46,1,1.3379121439692305,3.058636926286277e-05,2.5440608889223904e-06,0.00013186950776676614,-4.612234628615765,3.6157360582900804e-05,0.8178305274804089,1.4808593229819962,0.046587398847179086
financial_5m,BTC-USD,F10,adam,regression,2,71,1,2.8721516639584816,1.661859223370565e-05,2.48998542748261e-06,8.690019693977968e-05,-4.727100250197132,7.188387649700811e-06,0.823702725057564,1.4808593229819962,0.046587398847179086
financial_5m,BTC-USD,F10,adam,regression,3,56,1,1.4112698711818248,1.7000370419135482e-05,1.5308397975747164e-06,0.00011381708997765956,-4.761447616753009,8.138220149947118e-05,0.817583964823071,1.4808593229819962,0.046587398847179086
financial_5m,BTC-USD,F10,adam,classification,0,3521,1,-1.8377364164977685,7.231553091020377e-05,6.2624175093791e-05,8.802215802228828e-05,-3.6130405361407947,6.068264660213795e-05,0.4812730448282554,1.4808593229819962,0.046587398847179086
financial_5m,BTC-USD,F10,adam,classification,1,3134,1,-1.888757871863461,5.886402446262294e-05,4.906213409097732e-05,7.197051126839726e-05,-3.6727602258458756,4.819214225864047e-05,0.4810789831166311,1.4808593229819962,0.046587398847179086
financial_5m,BTC-USD,F10,adam,classification,2,3830,1,-1.2693423630328373,7.946882668559015e-05,7.208624793070474e-05,9.121266919080198e-05,-3.6090739855101384,6.800635207450734e-05,0.4812730448282554,1.4808593229819962,0.046587398847179086
financial_5m,BTC-USD,F10,adam,classification,3,3646,1,-1.6289529784072496,7.668998112989083e-05,6.348644135968226e-05,9.066150271125293e-05,-3.6019317878753307,6.343059827290484e-05,0.4804967979817582,1.4808593229819962,0.046587398847179086
financial_5m,BTC-USD,F11,sgd,regression,0,384,1,-0.6304985306678391,3.3775341681663676e-05,8.200305309378557e-06,0.00012185606294056111,-3.937691090271248,4.401611278361396e-05,0.932763899957919,1.4808593229819962,0.046587398847179086
financial_5m,BTC-USD,F11,sgd,regression,1,380,1,1.462864693211459,3.7318873791186336e-05,1.0771275017811193e-05,0.00011785582031327038,-4.005124967679511,7.293427812624079e-05,0.9285646089255136,1.4808593229819962,0.046587398847179086
financial_5m,BTC-USD,F11,sgd,regression,2,397,1,-1.9371465600467914,4.1949368797658835e-05,1.583587473253678e-05,8.074062930546499e-05,-3.9549077430988535,2.460794998485726e-05,0.931706080629588,1.4808593229819962,0.046587398847179086
financial_5m,BTC-USD,F11,sgd,regression,3,375,1,3.4314023298621876,4.161248116197411e-05,1.5833771708012447e-05,0.000124353153263581,-3.9973147479291495,1.8123306795322073e-05,0.9294133422942638,1.4808593229819962,0.046587398847179086
financial_5m,BTC-USD,F11,sgd,classification,0,4000,0,-2.4907624656796337,0.000301199803720137,0.00023236108717906642,0.00037684454814357403,-2.945675918394725,0.00022371107750020317,0.4934989326605861,1.4808593229819962,0.046587398847179086
financial_5m,BTC-USD,F11,sgd,classification,1,4000,0,-2.165917909234456,0.0002886243253383353,0.00024075580913196767,0.00034852181118113265,-2.954031094341897,0.0002277783860558823,0.49311080923733747,1.4808593229819962,0.046587398847179086
financial_5m,BTC-USD,F11,sgd,classification,2,4000,0,-1.826572239931654,0.00030050365595804464,0.0002501554437177771,0.0003463146533555034,-2.9637932880396933,0.00023391237865381983,0.49252862410246456,1.4808593229819962,0.046587398847179086
financial_5m,BTC-USD,F11,sgd,classification,3,4000,0,-2.524593882087256,0.00030161932800973844,0.00022394589148749773,0.0003752708418054785,-2.947912570238225,0.00022209380800790774,0.49446924121870756,1.4808593229819962,0.046587398847179086
financial_5m,BTC-USD,F11,adam,regression,0,90,1,-0.9955548489112986,0.0007686761973779092,0.0002505045514260447,0.0020887723698556683,-3.1054177444502318,0.0004354625588629398,0.927245884210878,1.4808593229819962,0.046587398847179086
financial_5m,BTC-USD,F11,adam,regression,1,80,1,-0.4262441673857121,0.00063674878747255,0.00023069408076114285,0.0017287105482376548,-3.1403738268126227,0.0009926347207106223,0.9235915153089106,1.4808593229819962,0.046587398847179086
financial_5m,BTC-USD,F11,adam,regression,2,77,1,-0.42896497348268026,0.000731247176959879,0.0002512422782644522,0.0021252638695330706,-3.1109031438049186,0.0011690457371840706,0.94118670311584,1.4808593229819962,0.046587398847179086
financial_5m,BTC-USD,F11,adam,regression,3,85,1,0.927133977951225,0.0006819979875483084,0.00025627923842850685,0.0014996371836265136,-3.1332145874625934,7.602353086096969e-05,0.9269013085945943,1.4808593229819962,0.046587398847179086
financial_5m,BTC-USD,F11,adam,classification,0,358,1,-1.5258802678438719,4.871794119370361e-05,1.653888284534107e-05,0.00016334244613150034,-4.048723772576029,4.872918699384751e-05,0.49330487094896175,1.4808593229819962,0.046587398847179086
financial_5m,BTC-USD,F11,adam,classification,1,406,1,0.7789619968948709,5.775798967831338e-05,1.5313103108661817e-05,0.00014181675987374228,-4.102727905382408,7.216493544026982e-05,0.492140500679216,1.4808593229819962,0.046587398847179086
financial_5m,BTC-USD,F11,adam,classification,2,432,1,-1.1930444885738636,5.540111855793762e-05,1.9195091810588647e-05,0.0001283487830193126,-4.111157148167585,4.008574029734197e-05,0.49117019212109453,1.4808593229819962,0.046587398847179086
financial_5m,BTC-USD,F11,adam,classification,3,378,1,2.3273800515393033,6.231686338249618e-05,2.132055286627152e-05,0.00015159547147014822,-4.119402370248421,4.425873787628302e-05,0.492140500679216,1.4808593229819962,0.046587398847179086
financial_5m,BTC-USD,FA,sgd,regression,0,692,1,-2.7404795886352598,1.1070650302660414e-05,4.985468567556321e-06,3.036614851083138e-05,-3.992438233321578,2.296214314748376e-05,0.8600154104032487,1.4808593229819962,0.046587398847179086
financial_5m,BTC-USD,FA,sgd,regression,1,695,1,0.5868845165425316,1.1718158985427708e-05,4.240119058696237e-06,6.824937105160293e-05,-3.9800190528492196,1.3085694047975564e-05,0.8574275471030826,1.4808593229819962,0.046587398847179086
financial_5m,BTC-USD,FA,sgd,regression,2,639,1,-0.2915712569846408,1.5606363984772816e-05,7.593398147618553e-06,3.6026447514977966e-05,-4.116596981915934,7.033161876023171e-06,0.8596024351694652,1.4808593229819962,0.046587398847179086
financial_5m,BTC-USD,FA,sgd,regression,3,601,1,-0.6866805271985278,1.5126788484742642e-05,6.509354399951495e-06,2.8749539581751715e-05,-4.019604559516238,1.0943459655987804e-05,0.8587056837109525,1.4808593229819962,0.046587398847179086
financial_5m,BTC-USD,FA,sgd,classification,0,4000,0,-1.5439697360448779,0.0007848734268036615,0.0006768692254430978,0.000905530739640935,-2.6827246004556535,0.0006569009505057035,0.4894236367164758,1.4808593229819962,0.046587398847179086
financial_5m,BTC-USD,FA,sgd,classification,1,4000,0,-1.4128147182830626,0.0007270824406701182,0.000645920735389336,0.0008337932128617912,-2.7016174274203832,0.0006354916415293991,0.49039394527459734,1.4808593229819962,0.046587398847179086
financial_5m,BTC-USD,FA,sgd,classification,2,4000,0,-1.402716433064213,0.0007593843482136659,0.0006718926758592462,0.0008648246064314472,-2.692128229003782,0.0006471537564247727,0.48981176013972444,1.4808593229819962,0.046587398847179086
financial_5m,BTC-USD,FA,sgd,classification,3,4000,0,-1.4325091775354253,0.0007848609608558475,0.0006709777664091287,0.0008942033636748931,-2.68795913681201,0.0006613061730672846,0.4894236367164758,1.4808593229819962,0.046587398847179086
financial_5m,BTC-USD,FA,adam,regression,0,98,1,-0.9950209072039509,0.00021217783964375039,6.801314443524548e-05,0.0007775339949557443,-3.5524055679370004,0.0005270354073962754,0.8558496304017815,1.4808593229819962,0.046587398847179086
financial_5m,BTC-USD,FA,adam,regression,1,81,1,-1.032402534768371,0.00017284045230375766,5.8051764297932964e-05,0.0005956125069005877,-3.617778083209914,0.00040167106439184324,0.8528480285119451,1.4808593229819962,0.046587398847179086
financial_5m,BTC-USD,FA,adam,regression,2,69,1,-0.7897986649082893,0.0002298190461816518,8.549879658791046e-05,0.0005964750446978328,-3.577448703582532,0.00016094988262026463,0.862678785208208,1.4808593229819962,0.046587398847179086
financial_5m,BTC-USD,FA,adam,regression,3,88,1,2.883050169807688,0.0002493518166215362,8.897692758237905e-05,0.0005452063666469027,-3.607078829727305,0.00022072062505001905,0.8552322623822042,1.4808593229819962,0.046587398847179086
financial_5m,BTC-USD,FA,adam,classification,0,661,1,-3.0727683048574006,8.084813018524505e-06,3.5244706345221004e-06,3.884520090112111e-05,-4.381190008316265,2.6177442399439636e-05,0.4907820686978459,1.4808593229819962,0.046587398847179086
financial_5m,BTC-USD,FA,adam,classification,1,658,1,2.2643710810985835,1.2004592413632922e-05,3.908512433772866e-06,7.413692651333171e-05,-4.354251746360145,6.115185178168533e-06,0.4913642538327188,1.4808593229819962,0.046587398847179086
financial_5m,BTC-USD,FA,adam,classification,2,638,1,-1.876242173855029,1.587842283767844e-05,7.0944954612007e-06,4.585730130184491e-05,-4.391585819750082,6.968673502093668e-06,0.49252862410246456,1.4808593229819962,0.046587398847179086
financial_5m,BTC-USD,FA,adam,classification,3,579,1,-0.10231978373499824,1.293698399734228e-05,6.578379015324908e-06,2.2966264603701895e-05,-4.437698629580835,9.834622584037004e-06,0.48903551329322725,1.4808593229819962,0.046587398847179086
macro_fred,INDPRO,F0,sgd,regression,0,28,1,-3.1446314472898407,9.799324184434332e-05,5.30916671054836e-05,0.000291748578480751,-3.452695269761386,8.334211554401419e-05,0.010497257783443159,1.9707125009673847,0.5060064302268599
macro_fred,INDPRO,F0,sgd,regression,1,29,1,-0.7908322727302942,9.765783364438951e-05,5.132627940958388e-05,0.0003556732342907917,-3.4769698837349434,0.0003824455659573738,0.010724100690739992,1.9707125009673847,0.5060064302268599
macro_fred,INDPRO,F0,sgd,regression,2,29,1,-1.1101739842478129,7.630697336327079e-05,3.921334680949848e-05,0.00028398916922362915,-3.508407073563162,3.543237734795705e-05,0.010309184577196763,1.9707125009673847,0.5060064302268599
macro_fred,INDPRO,F0,sgd,regression,3,28,1,-0.4713510630209377,0.00010786876539275916,5.578799338661448e-05,0.00034325849706025107,-3.4810542618716003,4.009204122858599e-05,0.010482527315363288,1.9707125009673847,0.5060064302268599
macro_fred,INDPRO,F0,sgd,classification,0,823,1,-1.6131024214981167,0.0006780495450465537,0.0005938813620386577,0.000797827707294909,-2.587795480802625,0.0005767466897939059,0.9852941176470589,1.9707125009673847,0.5060064302268599
macro_fred,INDPRO,F0,sgd,classification,1,824,1,-1.6333060915341455,0.000634427833581761,0.0005496592961820438,0.0007484304842544755,-2.6058085520495653,0.0005376112743128883,0.9852941176470589,1.9707125009673847,0.5060064302268599
macro_fred,INDPRO,F0,sgd,classification,2,804,1,-1.4328749232157107,0.000695972062147975,0.0006185229751555434,0.0007997686641345698,-2.588416849139792,0.0005949374923306995,0.9852941176470589,1.9707125009673847,0.5060064302268599
macro_fred,INDPRO,F0,sgd,classification,3,804,1,-1.5473918897443124,0.0006894516412862515,0.0005913381165874056,0.0007988111452146973,-2.5874462421122426,0.000581722149925383,0.9852941176470589,1.9707125009673847,0.5060064302268599
macro_fred,INDPRO,F0,adam,regression,0,20,1,-0.8509241810529227,0.000731996708198265,5.630209165929578e-05,0.004056130338815381,-3.227726073430873,0.00031465182545276446,0.010118841896817974,1.9707125009673847,0.5060064302268599
macro_fred,INDPRO,F0,adam,regression,1,20,1,-0.780527582591904,0.0006883637997582445,3.5540378254958444e-05,0.004183799630738965,-3.1794322021408328,0.00355844219376735,0.01097411010294245,1.9707125009673847,0.5060064302268599
macro_fred,INDPRO,F0,adam,regression,2,20,1,1.3469772175043664,0.000838561175789289,3.82343458128149e-05,0.004404487947372944,-3.2354224025360154,0.00027198866713835896,0.010178556013865518,1.9707125009673847,0.5060064302268599
macro_fred,INDPRO,F0,adam,regression,3,20,1,0.9261172427372811,0.0007744856670606401,5.935857075277846e-05,0.004285166280763059,-3.1888845862326716,0.004511013064592768,0.009900241137302035,1.9707125009673847,0.5060064302268599
macro_fred,INDPRO,F0,adam,classification,0,154,1,-2.396179363769359,2.7988331364729747e-05,1.999267081486012e-05,3.281349287352321e-05,-4.017188419085337,1.900049809446941e-05,0.9901960784313726,1.9707125009673847,0.5060064302268599
macro_fred,INDPRO,F0,adam,classification,1,146,1,-0.48662701803246927,2.162957934553299e-05,1.939402182124869e-05,2.2552880346199053e-05,-4.109948943593352,2.157465726578223e-05,0.9901960784313726,1.9707125009673847,0.5060064302268599
macro_fred,INDPRO,F0,adam,classification,2,147,1,-1.329146873000157,2.512473398674224e-05,2.2345502962894153e-05,2.969653102332783e-05,-4.04753774989392,1.9124630843306943e-05,0.9926470588235294,1.9707125009673847,0.5060064302268599
macro_fred,INDPRO,F0,adam,classification,3,145,1,-1.6628173365935297,2.746010660883623e-05,2.0249490172629806e-05,3.177697345319635e-05,-4.038121263465144,2.0610329179597264e-05,0.9901960784313726,1.9707125009673847,0.5060064302268599
macro_fred,INDPRO,F1,sgd,regression,0,29,1,-2.030113881394225,0.00011753621014617911,7.681841330565734e-05,0.00030771085378357064,-3.6522251925953864,0.0001089078457944286,0.06431824731203073,1.9707125009673847,0.5060064302268599
macro_fred,INDPRO,F1,sgd,regression,1,29,1,-0.44343881091911425,0.00011304746572381232,6.691755818654802e-05,0.0003680696414234693,-3.670296033990704,0.00039591742094109646,0.06434454903039462,1.9707125009673847,0.5060064302268599
macro_fred,INDPRO,F1,sgd,regression,2,29,1,-0.6160296301494924,0.00010078982567709936,6.42719205715732e-05,0.00030556123917791774,-3.678904441980789,6.012384363308918e-05,0.06340473322347494,1.9707125009673847,0.5060064302268599
macro_fred,INDPRO,F1,sgd,regression,3,29,1,0.41109782359212355,0.00011837996351562723,7.369982986412662e-05,0.00035769397347612346,-3.681959911102913,6.033876776371806e-05,0.06417111612984908,1.9707125009673847,0.5060064302268599
macro_fred,INDPRO,F1,sgd,classification,0,881,1,-1.4277373323307145,0.0009012343593295047,0.0008016138654371808,0.001039712550011953,-2.5070615784790133,0.0007810123717073346,0.9681372549019608,1.9707125009673847,0.5060064302268599
macro_fred,INDPRO,F1,sgd,classification,1,878,1,-1.4391804066298362,0.0008570751167574671,0.0007560039831028992,0.0009894847156851486,-2.52160790419298,0.0007399178324068711,0.9681372549019608,1.9707125009673847,0.5060064302268599
macro_fred,INDPRO,F1,sgd,classification,2,881,1,-1.2906317736039088,0.0009201347116379716,0.000827059198336354,0.001041970990358697,-2.5076804172208234,0.000800153541642304,0.9681372549019608,1.9707125009673847,0.5060064302268599
macro_fred,INDPRO,F1,sgd,classification,3,859,1,-1.3797163015365095,0.0009136373405242376,0.0008002567333540314,0.001041256752375272,-2.5066489079976817,0.0007866125448248768,0.9681372549019608,1.9707125009673847,0.5060064302268599
macro_fred,INDPRO,F1,adam,regression,0,20,1,-1.5050631289139216,0.0007010282552318014,2.8230681077454955e-05,0.0039746466906484266,-3.306350183109144,0.000306348186091627,0.046252413855023364,1.9707125009673847,0.5060064302268599
macro_fred,INDPRO,F1,adam,regression,1,20,1,-0.7798726764388353,0.0006685418406894,2.43519604005515e-05,0.004170729032918777,-3.2646935314883154,0.0036280401956696354,0.057041081331068104,1.9707125009673847,0.5060064302268599
macro_fred,INDPRO,F1,adam,regression,2,20,1,2.044311940436232,0.0008290199687648368,2.751430620056576e-05,0.004320797097344923,-3.2947964780997605,0.00022125021780356277,0.04938355380324832,1.9707125009673847,0.5060064302268599
macro_fred,INDPRO,F1,adam,regression,3,20,1,0.27570791402920336,0.0007309664972888588,3.4892352002304e-05,0.004260383391647812,-3.270725707770338,0.00454260902155764,0.050789717373233734,1.9707125009673847,0.5060064302268599
macro_fred,INDPRO,F1,adam,classification,0,163,1,-2.4352222059907875,1.966398049315117e-05,1.624932635087977e-05,2.5763164592966152e-05,-4.008394120946555,1.591660246964948e-05,0.9681372549019608,1.9707125009673847,0.5060064302268599
macro_fred,INDPRO,F1,adam,classification,1,158,1,-2.4744404978533083,1.3256741770522216e-05,1.0263604529231412e-05,1.7507821264118533e-05,-4.117321984006967,1.0344948079034748e-05,0.9681372549019608,1.9707125009673847,0.5060064302268599
macro_fred,INDPRO,F1,adam,classification,2,156,1,-1.169086989329863,2.4361244245815514e-05,2.2373005815220353e-05,2.8215007736285903e-05,-4.000459015547903,2.026592664561418e-05,0.9681372549019608,1.9707125009673847,0.5060064302268599
macro_fred,INDPRO,F1,adam,classification,3,154,1,-1.9594235964706166,2.1734965864228653e-05,1.6827712044748867e-05,2.6963429274857498e-05,-3.9943046168366676,1.7198649558859097e-05,0.9681372549019608,1.9707125009673847,0.5060064302268599
macro_fred,INDPRO,F2,sgd,regression,0,31,1,-2.644124000194673,4.185909056684258e-05,6.6565836835998706e-06,0.00021056499823296046,-4.241507388773078,4.401727698414954e-05,0.2058167438204772,1.9707125009673847,0.5060064302268599
macro_fred,INDPRO,F2,sgd,regression,1,32,1,0.4233068575503373,5.0274904789476286e-05,6.010218320941207e-06,0.0002772747912248561,-4.259176856354774,0.0003070882608911726,0.2055486770662423,1.9707125009673847,0.5060064302268599
macro_fred,INDPRO,F2,sgd,regression,2,32,1,0.14281732885780388,3.725496956001968e-05,5.9935619749250066e-06,0.00022052977635860356,-4.268035037552798,8.566152860971221e-06,0.20423762867099435,1.9707125009673847,0.5060064302268599
macro_fred,INDPRO,F2,sgd,regression,3,32,1,2.5395742621982187,4.6068175071183164e-05,6.404810427382561e-06,0.00028215485982362295,-4.27668212488565,5.311419276318587e-06,0.20513420814172073,1.9707125009673847,0.5060064302268599
macro_fred,INDPRO,F2,sgd,classification,0,967,1,-1.5264430006266791,0.000918607687420831,0.0008102533629175765,0.001070277074041188,-2.4775985054596688,0.0007879275143708056,0.9166666666666666,1.9707125009673847,0.5060064302268599
macro_fred,INDPRO,F2,sgd,classification,1,960,1,-1.5413205202747695,0.0008720523841965237,0.000762230007929906,0.0010170286842325984,-2.492336493415048,0.0007447815150145232,0.9166666666666666,1.9707125009673847,0.5060064302268599
macro_fred,INDPRO,F2,sgd,classification,2,964,1,-1.3820351022110402,0.0009392255620656729,0.0008376667049929928,0.0010729882734232612,-2.478023351143055,0.000808517671686797,0.9166666666666666,1.9707125009673847,0.5060064302268599
macro_fred,INDPRO,F2,sgd,classification,3,944,1,-1.4762050723020264,0.0009319855669657703,0.0008087480092697529,0.0010719150799989785,-2.4770928509541927,0.0007938871960282587,0.9166666666666666,1.9707125009673847,0.5060064302268599
macro_fred,INDPRO,F2,adam,regression,0,20,1,-1.3304884000307813,0.0006428284262582,2.3341731275012115e-05,0.0035977455060710994,-3.433702491937,0.000528298346169592,0.1782366230266029,1.9707125009673847,0.5060064302268599
macro_fred,INDPRO,F2,adam,regression,1,20,1,-1.676218988443344,0.0005609201505358669,1.5197312433326044e-05,0.003987198134165221,-3.386320413332564,0.0037175123581280898,0.18552886150410963,1.9707125009673847,0.5060064302268599
macro_fred,INDPRO,F2,adam,regression,2,21,1,1.791608599329392,0.0007142199160770353,2.6565839850506168e-05,0.004030176630972308,-3.4118043991893483,1.548737259557729e-05,0.1736988910414459,1.9707125009673847,0.5060064302268599
macro_fred,INDPRO,F2,adam,regression,3,20,1,0.02633346882739571,0.0006319220215905081,2.7213391996244775e-05,0.003801162615762006,-3.378622002530364,0.004212466009666979,0.18414131338162543,1.9707125009673847,0.5060064302268599
macro_fred,INDPRO,F2,adam,classification,0,178,1,-2.4728577329581967,1.7663350882628756e-05,1.4575664551662521e-05,2.336300951322799e-05,-4.033493310288862,1.4303480561693231e-05,0.9166666666666666,1.9707125009673847,0.5060064302268599
macro_fred,INDPRO,F2,adam,classification,1,173,1,-2.6427931875288353,1.2071503887545455e-05,9.026376391382468e-06,1.616136898784172e-05,-4.1398843148263635,9.034887458394544e-06,0.9166666666666666,1.9707125009673847,0.5060064302268599
macro_fred,INDPRO,F2,adam,classification,2,168,1,-1.183120173660178,2.2377096536612637e-05,2.0471729345746833e-05,2.5898324046058323e-05,-4.022761559555149,1.8562499912096368e-05,0.9166666666666666,1.9707125009673847,0.5060064302268599
macro_fred,INDPRO,F2,adam,classification,3,167,1,-2.012260322349966,1.9901571196744364e-05,1.539286808621184e-05,2.484287284014097e-05,-4.015169543322526,1.565039700271634e-05,0.9166666666666666,1.9707125009673847,0.5060064302268599
macro_fred,INDPRO,F4,sgd,regression,0,28,1,-2.735445401547118,0.000126815210496483,7.939304751071321e-05,0.00032124176336297705,-3.4770833795359,0.00010411752421616433,0.04554604508413007,1.9707125009673847,0.5060064302268599
macro_fred,INDPRO,F4,sgd,regression,1,29,1,-1.0331506968266355,0.00011586713488844524,6.859945336982374e-05,0.000373382656145719,-3.504336194055853,0.0003966333137080224,0.04581598752140594,1.9707125009673847,0.5060064302268599
macro_fred,INDPRO,F4,sgd,regression,2,29,1,-1.4112536350801845,0.00010208836875992569,6.103335788098451e-05,0.0003073432000799349,-3.5139155213117403,5.333269693454701e-05,0.044915978818935456,1.9707125009673847,0.5060064302268599
macro_fred,INDPRO,F4,sgd,regression,3,28,1,-0.3831571439091725,0.0001295640683291004,7.73205048432176e-05,0.000366590758089497,-3.5102288530196266,5.7678589172712725e-05,0.04566014943981853,1.9707125009673847,0.5060064302268599
macro_fred,INDPRO,F4,sgd,classification,0,870,1,-1.4655543283952923,0.0008787410251740535,0.0007786917500455247,0.0010177855172493378,-2.5135521119278983,0.000758045454272286,0.9779411764705882,1.9707125009673847,0.5060064302268599
macro_fred,INDPRO,F4,sgd,classification,1,868,1,-1.4803701422931188,0.0008335973484511917,0.0007321290248861543,0.0009666231230064191,-2.5285137745332094,0.0007161720064312707,0.9779411764705882,1.9707125009673847,0.5060064302268599
macro_fred,INDPRO,F4,sgd,classification,2,866,1,-1.3221545694022454,0.0008977746387464676,0.0008045558365881708,0.0010199484651840878,-2.5141596741621184,0.0007774552749110971,0.9779411764705882,1.9707125009673847,0.5060064302268599
macro_fred,INDPRO,F4,sgd,classification,3,850,1,-1.4150506801537235,0.0008911789203480199,0.0007771095901241604,0.0010191446028367153,-2.5131739606268737,0.000763641442829847,0.9779411764705882,1.9707125009673847,0.5060064302268599
macro_fred,INDPRO,F4,adam,regression,0,20,1,-1.2079413939802615,0.0007050282208663044,4.274652480056721e-05,0.004056859946963533,-3.262964879606621,0.00031178301141590576,0.0375970712673956,1.9707125009673847,0.5060064302268599
macro_fred,INDPRO,F4,adam,regression,1,20,1,-0.6879564764861071,0.0006922880669572435,2.850713847510913e-05,0.004193407728862291,-3.2119664893416116,0.003559227026332417,0.04206746349814829,1.9707125009673847,0.5060064302268599
macro_fred,INDPRO,F4,adam,regression,2,20,1,1.7856863788065196,0.0008289683180098742,2.7821843664125215e-05,0.004394557511045997,-3.26847518600732,0.0002674993918493928,0.038478945404270756,1.9707125009673847,0.5060064302268599
macro_fred,INDPRO,F4,adam,regression,3,20,1,0.5570762797826986,0.000758615348213861,4.1600639449371046e-05,0.004278560178700109,-3.2291384015102813,0.004504741831690343,0.03922521864224956,1.9707125009673847,0.5060064302268599
macro_fred,INDPRO,F4,adam,classification,0,162,1,-2.137388402001321,2.164102292284508e-05,1.811226219682866e-05,2.6788416045422846e-05,-4.022448671415583,1.747381525686741e-05,0.9779411764705882,1.9707125009673847,0.5060064302268599
macro_fred,INDPRO,F4,adam,classification,1,156,1,-1.504757600013043,1.4861291082699674e-05,1.3393242234760425e-05,1.7614341556660997e-05,-4.136706666853537,1.3551758417926391e-05,0.9779411764705882,1.9707125009673847,0.5060064302268599
macro_fred,INDPRO,F4,adam,classification,2,155,1,-1.0386559394709929,2.430682667780679e-05,2.2384942895530918e-05,2.76549311393571e-05,-4.027187721757274,2.028562798242385e-05,0.9779411764705882,1.9707125009673847,0.5060064302268599
macro_fred,INDPRO,F4,adam,classification,3,153,1,-1.5930946050789894,2.2571042051139885e-05,1.7786537530903207e-05,2.6854590813599427e-05,-4.020133455566419,1.8318584578440084e-05,0.9779411764705882,1.9707125009673847,0.5060064302268599
macro_fred,INDPRO,F7,sgd,regression,0,29,1,-2.5818400946985416,0.00013163068774874469,8.569431994546908e-05,0.00032187668936892877,-3.4874438607606915,0.00010897826786537524,0.022831668058566422,1.9707125009673847,0.5060064302268599
macro_fred,INDPRO,F7,sgd,regression,1,30,1,-0.9521978604626318,0.00012077637540962668,7.43273392385913e-05,0.0003734302468723229,-3.512473926698056,0.0003953629646364768,0.023076373317497154,1.9707125009673847,0.5060064302268599
macro_fred,INDPRO,F7,sgd,regression,2,29,1,-1.2852411544287599,0.00010751308531942925,6.712509114789295e-05,0.0003088351261426307,-3.521759775143006,5.933923576987965e-05,0.022284303629033782,1.9707125009673847,0.5060064302268599
macro_fred,INDPRO,F7,sgd,regression,3,29,1,-0.2989662886015512,0.00013437982134067316,8.268521511702047e-05,0.0003654800257915774,-3.5196258874307516,6.349343081210865e-05,0.022846589792249093,1.9707125009673847,0.5060064302268599
macro_fred,INDPRO,F7,sgd,classification,0,858,1,-1.5415552122934846,0.0007741619894128362,0.0006819573023148403,0.0009039816215313175,-2.5480819750405743,0.0006630102330735237,0.9828431372549019,1.9707125009673847,0.5060064302268599
macro_fred,INDPRO,F7,sgd,classification,1,850,1,-1.5598276541381315,0.0007302295224430056,0.0006367272657904234,0.0008541956706844826,-2.564367568621746,0.0006225487627664858,0.9828431372549019,1.9707125009673847,0.5060064302268599
macro_fred,INDPRO,F7,sgd,classification,2,848,1,-1.381090918444319,0.000793049482186721,0.0007075090393559145,0.0009064848624660936,-2.548578194404528,0.0006821813425484817,0.9828431372549019,1.9707125009673847,0.5060064302268599
macro_fred,INDPRO,F7,sgd,classification,3,838,1,-1.4848712465556877,0.0007863007651438666,0.0006801071565269001,0.0009053862266121968,-2.5476168655591147,0.000668414242714435,0.9828431372549019,1.9707125009673847,0.5060064302268599
macro_fred,INDPRO,F7,adam,regression,0,20,1,-1.2425041644760098,0.0007166775627087764,3.820436392101504e-05,0.003946695623415645,-3.2699267841179873,0.00033439614291136155,0.015148452907816341,1.9707125009673847,0.5060064302268599
macro_fred,INDPRO,F7,adam,regression,1,20,1,-0.731168880191465,0.0006551855984471046,2.8005462094718176e-05,0.004102116224342997,-3.2196573260688477,0.0036660682027826997,0.020045610741206882,1.9707125009673847,0.5060064302268599
macro_fred,INDPRO,F7,adam,regression,2,20,1,1.8695862590379155,0.0007984343708543401,3.1816143025291224e-05,0.004259880291283208,-3.2734908811805057,0.00019234870711409705,0.015900792796198184,1.9707125009673847,0.5060064302268599
macro_fred,INDPRO,F7,adam,regression,3,20,1,0.48406919365015666,0.0007179509116328062,3.953275302748823e-05,0.004248895807680908,-3.2374881210588664,0.004566841729397691,0.016538575403313133,1.9707125009673847,0.5060064302268599
macro_fred,INDPRO,F7,adam,classification,0,159,1,-1.7806193129269197,2.519557100334483e-05,2.1255952840947757e-05,2.9627344217417132e-05,-4.033655343119459,2.0591693107543737e-05,0.9852941176470589,1.9707125009673847,0.5060064302268599
macro_fred,INDPRO,F7,adam,classification,1,152,1,-0.8040409624117698,1.8801509817634938e-05,1.8370573989039098e-05,2.051818700578289e-05,-4.13630426569351,1.8440223216312794e-05,0.9852941176470589,1.9707125009673847,0.5060064302268599
macro_fred,INDPRO,F7,adam,classification,2,152,1,-0.9198742464829502,2.6304193177011325e-05,2.4341285601179567e-05,2.9550238076605898e-05,-4.04532409316093,2.216820925415757e-05,0.9852941176470589,1.9707125009673847,0.5060064302268599
macro_fred,INDPRO,F7,adam,classification,3,150,1,-1.2413280940991476,2.5354342606809488e-05,2.0655579590990102e-05,2.890556864720167e-05,-4.039735664803465,2.1076814786557037e-05,0.9852941176470589,1.9707125009673847,0.5060064302268599
macro_fred,INDPRO,F10,sgd,regression,0,31,1,-2.646557843110963,4.180603182414236e-05,6.617531617180227e-06,0.0002103547126788261,-4.242388843670453,4.3956791343757e-05,0.21652588714918863,1.9707125009673847,0.5060064302268599
macro_fred,INDPRO,F10,sgd,regression,1,32,1,0.4243769309146759,5.0255751710195046e-05,5.981715812141929e-06,0.00027709127117271415,-4.260067655822381,0.00030697118176509783,0.21623134618606413,1.9707125009673847,0.5060064302268599
macro_fred,INDPRO,F10,sgd,regression,2,32,1,0.14434243191773388,3.724172324175629e-05,5.9572488379482275e-06,0.00022042625900163795,-4.268911647923846,8.531663945192113e-06,0.21495377588924053,1.9707125009673847,0.5060064302268599
macro_fred,INDPRO,F10,sgd,regression,3,32,1,2.5441661223722254,4.600755272704048e-05,6.377358592857302e-06,0.0002821087104671813,-4.277573582653716,5.285539991688139e-06,0.21585546162685212,1.9707125009673847,0.5060064302268599
macro_fred,INDPRO,F10,sgd,classification,0,967,1,-1.524674759005956,0.0009212038700905899,0.0008126604046697245,0.0010731008156615353,-2.4769032277296836,0.0007902919408458379,0.9142156862745098,1.9707125009673847,0.5060064302268599
macro_fred,INDPRO,F10,sgd,classification,1,962,1,-1.5394738022910495,0.0008746131593473194,0.0007645985411527793,0.0010198124009443144,-2.4916150337013114,0.0007471087024784722,0.9142156862745098,1.9707125009673847,0.5060064302268599
macro_fred,INDPRO,F10,sgd,classification,2,965,1,-1.380618766112395,0.0009418260459949366,0.0008400827336325319,0.0010758051145270228,-2.4773303260492074,0.0008108891229596922,0.9142156862745098,1.9707125009673847,0.5060064302268599
macro_fred,INDPRO,F10,sgd,classification,3,944,1,-1.4745560212912718,0.0009345883134556513,0.0008111575920573593,0.0010747379251908867,-2.4764003524706806,0.0007962551993133677,0.9142156862745098,1.9707125009673847,0.5060064302268599
macro_fred,INDPRO,F10,adam,regression,0,20,1,-1.3246153793935302,0.0006403995096877743,2.2969493741960074e-05,0.0035980788432764367,-3.4340485866300186,0.0005301233113899558,0.18893168505239083,1.9707125009673847,0.5060064302268599
macro_fred,INDPRO,F10,adam,regression,1,20,1,-1.6843031082977895,0.0005618050026085621,1.5278449082827205e-05,0.003989322222508303,-3.3864431079679536,0.0037168813198341934,0.19605022363177094,1.9707125009673847,0.5060064302268599
macro_fred,INDPRO,F10,adam,regression,2,21,1,1.7775523723547009,0.0007110496005487462,2.6860413690880614e-05,0.004028452574309018,-3.4121077809947002,1.5119052961390123e-05,0.18436275163925075,1.9707125009673847,0.5060064302268599
macro_fred,INDPRO,F10,adam,regression,3,20,1,0.02849265312982761,0.0006313697590309387,2.7411309417800063e-05,0.0037997638410714554,-3.3788878077669633,0.004207694981914174,0.19499862619621125,1.9707125009673847,0.5060064302268599
macro_fred,INDPRO,F10,adam,classification,0,178,1,-2.457519154341674,1.7889563814258076e-05,1.4783861900310692e-05,2.3619599367766307e-05,-4.030212808854397,1.4503420487573788e-05,0.9142156862745098,1.9707125009673847,0.5060064302268599
macro_fred,INDPRO,F10,adam,classification,1,173,1,-2.6225641794021093,1.2272205898385354e-05,9.201040375757251e-06,1.6389109720443274e-05,-4.135747453389758,9.207295945234387e-06,0.9142156862745098,1.9707125009673847,0.5060064302268599
macro_fred,INDPRO,F10,adam,classification,2,168,1,-1.1814051197500883,2.2603297664965275e-05,2.0682998242864762e-05,2.6152179247464707e-05,-4.019637249813665,1.876887313550755e-05,0.9142156862745098,1.9707125009673847,0.5060064302268599
macro_fred,INDPRO,F10,adam,classification,3,167,1,-2.0017408495287516,2.013796071041287e-05,1.560337492941887e-05,2.510157758858637e-05,-4.011996030039245,1.5855104470494196e-05,0.9142156862745098,1.9707125009673847,0.5060064302268599
macro_fred,INDPRO,F11,sgd,regression,0,28,1,-3.1446314472898407,9.799324184434332e-05,5.30916671054836e-05,0.000291748578480751,-3.452695269761386,8.334211554401419e-05,0.010497257783443159,1.9707125009673847,0.5060064302268599
macro_fred,INDPRO,F11,sgd,regression,1,29,1,-0.7908322727302942,9.765783364438951e-05,5.132627940958388e-05,0.0003556732342907917,-3.4769698837349434,0.0003824455659573738,0.010724100690739992,1.9707125009673847,0.5060064302268599
macro_fred,INDPRO,F11,sgd,regression,2,29,1,-1.1101739842478129,7.630697336327079e-05,3.921334680949848e-05,0.00028398916922362915,-3.508407073563162,3.543237734795705e-05,0.010309184577196763,1.9707125009673847,0.5060064302268599
macro_fred,INDPRO,F11,sgd,regression,3,28,1,-0.4713510630209377,0.00010786876539275916,5.578799338661448e-05,0.00034325849706025107,-3.4810542618716003,4.009204122858599e-05,0.010482527315363288,1.9707125009673847,0.5060064302268599
macro_fred,INDPRO,F11,sgd,classification,0,823,1,-1.6131024214981167,0.0006780495450465537,0.0005938813620386577,0.000797827707294909,-2.587795480802625,0.0005767466897939059,0.9852941176470589,1.9707125009673847,0.5060064302268599
macro_fred,INDPRO,F11,sgd,classification,1,824,1,-1.6333060915341455,0.000634427833581761,0.0005496592961820438,0.0007484304842544755,-2.6058085520495653,0.0005376112743128883,0.9852941176470589,1.9707125009673847,0.5060064302268599
macro_fred,INDPRO,F11,sgd,classification,2,804,1,-1.4328749232157107,0.000695972062147975,0.0006185229751555434,0.0007997686641345698,-2.588416849139792,0.0005949374923306995,0.9852941176470589,1.9707125009673847,0.5060064302268599
macro_fred,INDPRO,F11,sgd,classification,3,804,1,-1.5473918897443124,0.0006894516412862515,0.0005913381165874056,0.0007988111452146973,-2.5874462421122426,0.000581722149925383,0.9852941176470589,1.9707125009673847,0.5060064302268599
macro_fred,INDPRO,F11,adam,regression,0,20,1,-0.8509241810529227,0.000731996708198265,5.630209165929578e-05,0.004056130338815381,-3.227726073430873,0.00031465182545276446,0.010118841896817974,1.9707125009673847,0.5060064302268599
macro_fred,INDPRO,F11,adam,regression,1,20,1,-0.780527582591904,0.0006883637997582445,3.5540378254958444e-05,0.004183799630738965,-3.1794322021408328,0.00355844219376735,0.01097411010294245,1.9707125009673847,0.5060064302268599
macro_fred,INDPRO,F11,adam,regression,2,20,1,1.3469772175043664,0.000838561175789289,3.82343458128149e-05,0.004404487947372944,-3.2354224025360154,0.00027198866713835896,0.010178556013865518,1.9707125009673847,0.5060064302268599
macro_fred,INDPRO,F11,adam,regression,3,20,1,0.9261172427372811,0.0007744856670606401,5.935857075277846e-05,0.004285166280763059,-3.1888845862326716,0.004511013064592768,0.009900241137302035,1.9707125009673847,0.5060064302268599
macro_fred,INDPRO,F11,adam,classification,0,154,1,-2.396179363769359,2.7988331364729747e-05,1.999267081486012e-05,3.281349287352321e-05,-4.017188419085337,1.900049809446941e-05,0.9901960784313726,1.9707125009673847,0.5060064302268599
macro_fred,INDPRO,F11,adam,classification,1,146,1,-0.48662701803246927,2.162957934553299e-05,1.939402182124869e-05,2.2552880346199053e-05,-4.109948943593352,2.157465726578223e-05,0.9901960784313726,1.9707125009673847,0.5060064302268599
macro_fred,INDPRO,F11,adam,classification,2,147,1,-1.329146873000157,2.512473398674224e-05,2.2345502962894153e-05,2.969653102332783e-05,-4.04753774989392,1.9124630843306943e-05,0.9926470588235294,1.9707125009673847,0.5060064302268599
macro_fred,INDPRO,F11,adam,classification,3,145,1,-1.6628173365935297,2.746010660883623e-05,2.0249490172629806e-05,3.177697345319635e-05,-4.038121263465144,2.0610329179597264e-05,0.9901960784313726,1.9707125009673847,0.5060064302268599
macro_fred,INDPRO,FA,sgd,regression,0,29,1,-2.6977806029734697,0.00012627997474707006,7.96768700261338e-05,0.0003194806770054284,-3.486809187811978,0.00010373454360674276,0.03372695852534676,1.9707125009673847,0.5060064302268599
macro_fred,INDPRO,FA,sgd,regression,1,29,1,-0.9953900331528412,0.0001154667911537675,6.899779758031679e-05,0.0003689653552013837,-3.5134395260019122,0.0003926256890356591,0.033981763713500535,1.9707125009673847,0.5060064302268599
macro_fred,INDPRO,FA,sgd,regression,2,29,1,-1.3668354718751983,0.00010230136963009833,6.155155558361712e-05,0.00030445100404211236,-3.523347132971031,5.386884520350863e-05,0.0330793756004056,1.9707125009673847,0.5060064302268599
macro_fred,INDPRO,FA,sgd,regression,3,29,1,-0.3436477206081367,0.0001293062556125373,7.738597585687722e-05,0.0003613529680423588,-3.519833055085398,5.824163676660012e-05,0.03383145905721074,1.9707125009673847,0.5060064302268599
macro_fred,INDPRO,FA,sgd,classification,0,862,1,-1.5459024227365326,0.0007757182644936114,0.0006829201245853535,0.0009062143374265274,-2.548179825225233,0.0006638453842599685,0.9828431372549019,1.9707125009673847,0.5060064302268599
macro_fred,INDPRO,FA,sgd,classification,1,858,1,-1.565117913761905,0.0007317023799129505,0.0006375630042545935,0.0008563603840332852,-2.5644305119820916,0.0006232419165501768,0.9828431372549019,1.9707125009673847,0.5060064302268599
macro_fred,INDPRO,FA,sgd,classification,2,852,1,-1.3850555802617213,0.00079466105090003,0.0007085463108423317,0.000908656205392285,-2.548687218918116,0.0006830621830165915,0.9828431372549019,1.9707125009673847,0.5060064302268599
macro_fred,INDPRO,FA,sgd,classification,3,842,1,-1.4895075077617281,0.0007879553730003003,0.0006811040973220818,0.000907702142467898,-2.5477003874319646,0.000669312203705152,0.9828431372549019,1.9707125009673847,0.5060064302268599
macro_fred,INDPRO,FA,adam,regression,0,20,1,-1.215825084954636,0.0007105767810537182,3.688557440872783e-05,0.003984027554882055,-3.2671611847045035,0.0003267048825619406,0.024969908532613626,1.9707125009673847,0.5060064302268599
macro_fred,INDPRO,FA,adam,regression,1,20,1,-0.7309027859284276,0.0006653015487439813,2.7439434874662596e-05,0.004162457335615438,-3.2157500720323773,0.0036335268740166266,0.029907544165495303,1.9707125009673847,0.5060064302268599
macro_fred,INDPRO,FA,adam,regression,2,20,1,1.8378117403930179,0.0008249027363112459,2.9822803363848522e-05,0.004301201552977054,-3.273526591791573,0.00021643670765671865,0.02594776996464221,1.9707125009673847,0.5060064302268599
macro_fred,INDPRO,FA,adam,regression,3,20,1,0.5204346371470865,0.0007259680232470883,4.0146558785537594e-05,0.004257063232736751,-3.233753658151573,0.004550740110251344,0.026850688383754717,1.9707125009673847,0.5060064302268599
macro_fred,INDPRO,FA,adam,classification,0,159,1,-1.7837969379787562,2.279367524214338e-05,1.9374994446347393e-05,2.6891637393838492e-05,-4.063918534482232,1.877312484800208e-05,0.9828431372549019,1.9707125009673847,0.5060064302268599
macro_fred,INDPRO,FA,adam,classification,1,152,1,-0.727738747676508,1.7119817559990186e-05,1.682040374755437e-05,1.8523494954849708e-05,-4.1699280273668995,1.6935154372464725e-05,0.9828431372549019,1.9707125009673847,0.5060064302268599
macro_fred,INDPRO,FA,adam,classification,2,152,1,-0.862692787044159,2.4353212386098348e-05,2.2643683911019298e-05,2.7324867500847068e-05,-4.074071676416821,2.047516979111821e-05,0.9828431372549019,1.9707125009673847,0.5060064302268599
macro_fred,INDPRO,FA,adam,classification,3,150,1,-1.2403639728101892,2.2971104407804584e-05,1.8756912060382593e-05,2.6406635122305592e-05,-4.067833825770225,1.9222549000445046e-05,0.9828431372549019,1.9707125009673847,0.5060064302268599
macro_fred,UNRATE,F0,sgd,regression,0,29,1,-2.260577026994051,7.477361443601872e-05,3.655882641214979e-05,0.0002619194629557968,-3.8698323783626667,7.414421952415318e-05,0.0052724837153903725,2.0,0.5109325857123057
macro_fred,UNRATE,F0,sgd,regression,1,30,1,-0.1608491368765621,7.691062275399466e-05,3.0544446198666656e-05,0.0003274743633149175,-3.889003893444752,0.0003582154153146661,0.00545892479496891,2.0,0.5109325857123057
macro_fred,UNRATE,F0,sgd,regression,2,29,1,-0.41266976740549594,6.306044567771398e-05,2.838810207888638e-05,0.00026544913268190123,-3.904832305536485,2.8299844495806074e-05,0.004904338204957179,2.0,0.5109325857123057
macro_fred,UNRATE,F0,sgd,regression,3,29,1,1.023263241245919,7.78357865992624e-05,3.51296397467455e-05,0.0003197680660302722,-3.9038154047093223,2.733347151392624e-05,0.005178881125174026,2.0,0.5109325857123057
macro_fred,UNRATE,F0,sgd,classification,0,921,1,-1.4542777215806637,0.0009030879533096852,0.0008010840375987819,0.0010448231854936231,-2.5054613717295195,0.0007799416227968734,1.0,2.0,0.5109325857123057
macro_fred,UNRATE,F0,sgd,classification,1,918,1,-1.4697905708096155,0.0008582603784448462,0.0007544582058021115,0.0009940110016182365,-2.520041426443976,0.0007378907758142128,1.0,2.0,0.5109325857123057
macro_fred,UNRATE,F0,sgd,classification,2,917,1,-1.3148479105497752,0.0009227230970380739,0.0008272968452369292,0.0010474892630013557,-2.5059648021383563,0.000799686620068921,1.0,2.0,0.5109325857123057
macro_fred,UNRATE,F0,sgd,classification,3,893,1,-1.4060870516173902,0.0009158387910355735,0.000799695892960832,0.001046486357885635,-2.5050009205754336,0.0007856625885087677,1.0,2.0,0.5109325857123057
macro_fred,UNRATE,F0,adam,regression,0,20,1,-1.5488350541042823,0.0007049678361419484,2.7554279945253618e-05,0.003925721309126739,-3.341911194246728,0.00031836139423875646,0.0037236440380107507,2.0,0.5109325857123057
macro_fred,UNRATE,F0,adam,regression,1,20,1,-0.9859888132788472,0.0006512778308118586,2.57617922224283e-05,0.004096385569587984,-3.285436993649946,0.003668661836679689,0.004482105352920617,2.0,0.5109325857123057
macro_fred,UNRATE,F0,adam,regression,2,20,1,2.0083576677177306,0.0007936334745780942,2.991485392210236e-05,0.004260296363894424,-3.3323630611554256,0.0001907661384677365,0.003444588247974183,2.0,0.5109325857123057
macro_fred,UNRATE,F0,adam,regression,3,20,1,0.25974799873495985,0.0007077868697475204,3.519227234686454e-05,0.004252148341719565,-3.296528765371718,0.004591461475162019,0.0031630142705954736,2.0,0.5109325857123057
macro_fred,UNRATE,F0,adam,classification,0,165,1,-2.9524132130341147,1.3194895281014201e-05,1.0386658765159593e-05,1.8386931693862258e-05,-4.106138977342344,1.0271037195742623e-05,1.0,2.0,0.5109325857123057
macro_fred,UNRATE,F0,adam,classification,1,161,1,-3.1290821735587433,7.783661945210037e-06,5.5718697594953695e-06,1.1226805894395575e-05,-4.243962191745437,5.704774306158056e-06,1.0,2.0,0.5109325857123057
macro_fred,UNRATE,F0,adam,classification,2,158,1,-1.208006322870829,1.8110865079804667e-05,1.642040120674921e-05,2.1097967241639774e-05,-4.092532222851631,1.4426763652156842e-05,1.0,2.0,0.5109325857123057
macro_fred,UNRATE,F0,adam,classification,3,156,1,-2.323210388666645,1.5138198813622684e-05,1.0930379905107775e-05,1.9664948841090652e-05,-4.0879186084028944,1.1449148731464454e-05,1.0,2.0,0.5109325857123057
macro_fred,UNRATE,F1,sgd,regression,0,28,1,-2.357390008151043,5.11155904746756e-05,1.0320335186836706e-05,0.00025218553657440946,-4.142333151683528,5.837870898454382e-05,0.02261384119583554,2.0,0.5109325857123057
macro_fred,UNRATE,F1,sgd,regression,1,28,1,0.20338416320904726,5.8467962595731065e-05,9.652845818526645e-06,0.00032142746389303607,-4.1594868192796755,0.0003544779063495522,0.02281293698109935,2.0,0.5109325857123057
macro_fred,UNRATE,F1,sgd,regression,2,28,1,0.01298215440781256,4.7045422021371016e-05,9.265225656710113e-06,0.0002610363802684874,-4.167463486556233,1.3146919879492911e-05,0.022060739419918627,2.0,0.5109325857123057
macro_fred,UNRATE,F1,sgd,regression,3,28,1,2.168964340431569,5.654792814144112e-05,1.010240723025965e-05,0.0003094036516533916,-4.173670915299651,8.025602362765262e-06,0.02229496296978838,2.0,0.5109325857123057
macro_fred,UNRATE,F1,sgd,classification,0,914,1,-1.3666290593455188,0.0010098819154549233,0.0009025351628423882,0.0011576249452661493,-2.476796590877155,0.0008801426257257737,1.0,2.0,0.5109325857123057
macro_fred,UNRATE,F1,sgd,classification,1,913,1,-1.377459115621966,0.0009644808279031304,0.00085529232604329,0.0011061498478606828,-2.4902825403629296,0.00083743100138948,1.0,2.0,0.5109325857123057
macro_fred,UNRATE,F1,sgd,classification,2,911,1,-1.2423302720855853,0.0010292419227001842,0.0009285495212988968,0.001159916387084693,-2.4774263806164023,0.0008997545115637128,1.0,2.0,0.5109325857123057
macro_fred,UNRATE,F1,sgd,classification,3,886,1,-1.3233879043038863,0.0010226465127519124,0.0009012998432710883,0.0011592351420977242,-2.4764474225308333,0.0008859076005532666,1.0,2.0,0.5109325857123057
macro_fred,UNRATE,F1,adam,regression,0,20,1,-1.7238628110007173,0.0006909765592100908,2.513651731220262e-05,0.004035955698404172,-3.3846697486564206,0.0002501618867691286,0.015309866951347038,2.0,0.5109325857123057
macro_fred,UNRATE,F1,adam,regression,1,20,1,-0.7752501773554759,0.0006695330381340176,2.1748362619122093e-05,0.004296195653964308,-3.341735693473474,0.0034101685139687954,0.018663454758045525,2.0,0.5109325857123057
macro_fred,UNRATE,F1,adam,regression,2,20,1,1.9651164836974198,0.0008152331122983363,1.9052435854452597e-05,0.004541347473378191,-3.374034749851744,0.0003613447915114909,0.01451593707886575,2.0,0.5109325857123057
macro_fred,UNRATE,F1,adam,regression,3,20,1,-0.09616066347085123,0.0007751140797766442,3.093376104456352e-05,0.00435916543902812,-3.3293294936211963,0.004401186678885516,0.016121578234221234,2.0,0.5109325857123057
macro_fred,UNRATE,F1,adam,classification,0,167,1,-2.381402985294933,2.2365908520657774e-05,1.861777637650699e-05,2.92091437100177e-05,-3.953580251646764,1.819776189436914e-05,1.0,2.0,0.5109325857123057
macro_fred,UNRATE,F1,adam,classification,1,163,1,-2.5121115663865017,1.5905799966028927e-05,1.2154021360893458e-05,2.0915269890503906e-05,-4.049082140745089,1.2125176981597949e-05,1.0,2.0,0.5109325857123057
macro_fred,UNRATE,F1,adam,classification,2,159,1,-1.2422276200304792,2.7520643972373223e-05,2.5104231379722415e-05,3.1968194485245016e-05,-3.944236491657094,2.291202389111089e-05,1.0,2.0,0.5109325857123057
macro_fred,UNRATE,F1,adam,classification,3,157,1,-1.9718786207669408,2.4927311387776133e-05,1.9507673510206144e-05,3.0817551109333373e-05,-3.9372700481591485,1.969674874973443e-05,1.0,2.0,0.5109325857123057
macro_fred,UNRATE,F2,sgd,regression,0,25,1,-2.749101397484878,4.6197493206755633e-05,2.217886403783404e-06,0.0002678823006021939,-4.300180698412996,5.84185807600932e-05,0.04818180875615193,2.0,0.5109325857123057
macro_fred,UNRATE,F2,sgd,regression,1,26,1,0.08357313092634694,5.6077722936311786e-05,2.604022796540361e-06,0.00033915308932348694,-4.3141331117443915,0.00038051514345912473,0.048758047739515614,2.0,0.5109325857123057
macro_fred,UNRATE,F2,sgd,regression,2,25,1,-0.14993713990866436,4.2377112458488476e-05,2.0169880038717004e-06,0.00028433638319494084,-4.327622675970562,7.089840798781795e-06,0.047417710853379424,2.0,0.5109325857123057
macro_fred,UNRATE,F2,sgd,regression,3,25,1,2.831468213047464,5.124625799332106e-05,2.587185565258798e-06,0.0003230425982944043,-4.3291127749217155,1.5316514986767053e-06,0.047481776331512675,2.0,0.5109325857123057
macro_fred,UNRATE,F2,sgd,classification,0,889,1,-1.2880751959853196,0.0011591825244344268,0.0010418588435499422,0.0013179035798669336,-2.445260241439398,0.0010170861105338526,1.0,2.0,0.5109325857123057
macro_fred,UNRATE,F2,sgd,classification,1,894,1,-1.298987606515872,0.0011118565364170365,0.0009922251081156941,0.0012647531066747415,-2.457554555106973,0.0009720501479339731,1.0,2.0,0.5109325857123057
macro_fred,UNRATE,F2,sgd,classification,2,886,1,-1.1774134581444542,0.001178615727649076,0.0010683616994324402,0.0013198967025702633,-2.4459938238707224,0.0010371086090878521,1.0,2.0,0.5109325857123057
macro_fred,UNRATE,F2,sgd,classification,3,865,1,-1.249774824956423,0.001172286163018798,0.0010407159690194222,0.0013195811488402993,-2.445052562672724,0.0010230638800477396,1.0,2.0,0.5109325857123057
macro_fred,UNRATE,F2,adam,regression,0,20,1,-1.5801241592007322,0.0007724207967118831,3.078662744141202e-05,0.004466174981217883,-3.4115126793025365,0.0002795718222721387,0.04488403519354309,2.0,0.5109325857123057
macro_fred,UNRATE,F2,adam,regression,1,20,1,-0.2902536648147326,0.0007227604141517291,2.3768991424759794e-05,0.004413905322812469,-3.3506349382420595,0.0024842834588142647,0.04648184161386081,2.0,0.5109325857123057
macro_fred,UNRATE,F2,adam,regression,2,20,1,2.505651577150872,0.0009207885808391839,4.1874860174455236e-05,0.004972781400057064,-3.3915211605337507,0.0008802852822624796,0.03962871514105366,2.0,0.5109325857123057
macro_fred,UNRATE,F2,adam,regression,3,20,1,0.18086998152119113,0.0009062719818812538,2.227998476257547e-05,0.004598989005051103,-3.3512553589229546,0.0034457566316851702,0.04196633776242301,2.0,0.5109325857123057
macro_fred,UNRATE,F2,adam,classification,0,165,1,-2.4547176518396197,2.3143608064328915e-05,1.9190896778112623e-05,3.0473007343417427e-05,-3.9165366075737165,1.8737898426646928e-05,1.0,2.0,0.5109325857123057
macro_fred,UNRATE,F2,adam,classification,1,161,1,-2.5756606734380325,1.6585849567235895e-05,1.2632978039735468e-05,2.1965043884649316e-05,-4.01023224663314,1.2578020312972149e-05,1.0,2.0,0.5109325857123057
macro_fred,UNRATE,F2,adam,classification,2,158,1,-1.313839024173476,2.8580313465620866e-05,2.5951995350292398e-05,3.344155040289997e-05,-3.906314803678141,2.3640650130016656e-05,1.0,2.0,0.5109325857123057
macro_fred,UNRATE,F2,adam,classification,3,156,1,-2.04386835309954,2.585470444230497e-05,2.0103665953458706e-05,3.2196234168549014e-05,-3.8998875557599204,2.0287791216926443e-05,1.0,2.0,0.5109325857123057
macro_fred,UNRATE,F4,sgd,regression,0,28,1,-2.1367154435145164,6.357949302675513e-05,2.3666139326849777e-05,0.0002610216873076418,-3.9972555015352316,6.860945499401824e-05,0.01683790487042926,2.0,0.5109325857123057
macro_fred,UNRATE,F4,sgd,regression,1,29,1,0.0753572147545689,6.888729342471486e-05,2.10026021801287e-05,0.0003297768500141781,-4.014270373471855,0.0003605896771679448,0.017017559705749155,2.0,0.5109325857123057
macro_fred,UNRATE,F4,sgd,regression,2,29,1,-0.09260805119020374,5.754945756649518e-05,2.0401929048257823e-05,0.000268211497534285,-4.022972564849356,2.294400009345034e-05,0.016343536663797578,2.0,0.5109325857123057
macro_fred,UNRATE,F4,sgd,regression,3,28,1,1.588601268619807,6.773289219321211e-05,2.2542408604516198e-05,0.0003173006269724261,-4.02858930369417,1.8948767923790348e-05,0.016613784127076325,2.0,0.5109325857123057
macro_fred,UNRATE,F4,sgd,classification,0,914,1,-1.3936441892830158,0.0009718414497975839,0.0008665914663837816,0.0011171923183453674,-2.486928291112828,0.0008446872834072576,1.0,2.0,0.5109325857123057
macro_fred,UNRATE,F4,sgd,classification,1,913,1,-1.4056277741221672,0.0009267156848778058,0.0008196619467029289,0.0010660080515109722,-2.5007729875074145,0.0008022970105435859,1.0,2.0,0.5109325857123057
macro_fred,UNRATE,F4,sgd,classification,2,912,1,-1.2646081391500823,0.0009912595115089144,0.0008926151143716144,0.001119603819364044,-2.487523258367112,0.0008643024830533764,1.0,2.0,0.5109325857123057
macro_fred,UNRATE,F4,sgd,classification,3,886,1,-1.3488095190921308,0.0009845729757668505,0.0008653110898903343,0.001118817144705186,-2.486543056659528,0.0008504258921545518,1.0,2.0,0.5109325857123057
macro_fred,UNRATE,F4,adam,regression,0,20,1,-1.8109708709353167,0.0006807407983307056,2.5011367856467053e-05,0.004030822233972422,-3.359921991010893,0.0002634440027583393,0.011637377573906194,2.0,0.5109325857123057
macro_fred,UNRATE,F4,adam,regression,1,20,1,-0.8208259964161662,0.0006712444143606047,2.4465838875882198e-05,0.004248493592807309,-3.31543362101522,0.0035002034670230863,0.014380157679026357,2.0,0.5109325857123057
macro_fred,UNRATE,F4,adam,regression,2,20,1,2.2176161000366834,0.0008058188795185214,2.172137218715138e-05,0.004473465829895002,-3.348807313201573,0.0003063475616583923,0.011514350882332427,2.0,0.5109325857123057
macro_fred,UNRATE,F4,adam,regression,3,20,1,-0.11176853876977384,0.0007787976058617267,3.268034295584562e-05,0.0043129221084851795,-3.3110528635460232,0.004482520567622112,0.012032978661809713,2.0,0.5109325857123057
macro_fred,UNRATE,F4,adam,classification,0,166,1,-2.5369171633268173,1.9359191339819845e-05,1.588897817372918e-05,2.5765270690151834e-05,-3.9959923042932997,1.555961822071907e-05,1.0,2.0,0.5109325857123057
macro_fred,UNRATE,F4,adam,classification,1,162,1,-2.7103785806796066,1.3140069833877267e-05,9.789251874239026e-06,1.7721991358160912e-05,-4.101982459562707,9.813865512085027e-06,1.0,2.0,0.5109325857123057
macro_fred,UNRATE,F4,adam,classification,2,159,1,-1.2443179658181778,2.4451243701203067e-05,2.2296089246861367e-05,2.8494896227152542e-05,-3.985420765409365,2.0171844588266007e-05,1.0,2.0,0.5109325857123057
macro_fred,UNRATE,F4,adam,classification,3,156,1,-2.071531736627449,2.174675722137052e-05,1.6694994140533143e-05,2.7263946627720038e-05,-3.9790518957585217,1.698325798689251e-05,1.0,2.0,0.5109325857123057
macro_fred,UNRATE,F7,sgd,regression,0,29,1,-2.1718194680523304,5.938062755429574e-05,2.0780915219558655e-05,0.00025178068113785343,-4.029580459440763,6.47928570348224e-05,0.010879716964249267,2.0,0.5109325857123057
macro_fred,UNRATE,F7,sgd,regression,1,29,1,0.12984822481485614,6.544515206824448e-05,1.8879900855605787e-05,0.0003208768940859918,-4.046404502015839,0.0003520307297574772,0.011035017055598726,2.0,0.5109325857123057
macro_fred,UNRATE,F7,sgd,regression,2,29,1,-0.043424715672846795,5.4958058530348806e-05,1.806120297420197e-05,0.00025925732779489766,-4.054886050678301,2.0806478469906304e-05,0.01041364816153703,2.0,0.5109325857123057
macro_fred,UNRATE,F7,sgd,regression,3,29,1,1.7045660859715184,6.465526589452531e-05,1.986664312028067e-05,0.00031167402264143014,-4.060890850749334,1.6700708902927892e-05,0.01067590196050993,2.0,0.5109325857123057
macro_fred,UNRATE,F7,sgd,classification,0,943,1,-1.3718967029549702,0.0010174942929555369,0.0009088873581652033,0.0011669689602083588,-2.473002317992331,0.0008862232269072286,1.0,2.0,0.5109325857123057
macro_fred,UNRATE,F7,sgd,classification,1,934,1,-1.3832142544127124,0.0009717872290026454,0.0008612769273089709,0.001115155404479327,-2.486454998100695,0.0008431749721853846,1.0,2.0,0.5109325857123057
macro_fred,UNRATE,F7,sgd,classification,2,932,1,-1.247561335320234,0.0010370733441644095,0.0009351572616295007,0.0011693459913612102,-2.4736030584167343,0.000906032645917901,1.0,2.0,0.5109325857123057
macro_fred,UNRATE,F7,sgd,classification,3,912,1,-1.3287284003306943,0.001030381763531816,0.0009076464595452071,0.0011686024770092877,-2.472642662984647,0.0008920346807714935,1.0,2.0,0.5109325857123057
macro_fred,UNRATE,F7,adam,regression,0,20,1,-1.858001789717569,0.0006939180241245305,2.3321083397645278e-05,0.003977145559764991,-3.3675747189041365,0.0002806382503109699,0.0058177835722483,2.0,0.5109325857123057
macro_fred,UNRATE,F7,adam,regression,1,20,1,-0.7843494266436327,0.0006731611446788526,2.1353255052366248e-05,0.004169965203764664,-3.3252980265469967,0.0036127617703781683,0.008300348235674673,2.0,0.5109325857123057
macro_fred,UNRATE,F7,adam,regression,2,20,1,2.218744518100565,0.0008215736506125314,2.3070533270183628e-05,0.004316173560153446,-3.3584074820615943,0.00023109345321974708,0.005630954965100474,2.0,0.5109325857123057
macro_fred,UNRATE,F7,adam,regression,3,20,1,-0.19400992690100338,0.0007344817000610225,3.1039847849782215e-05,0.0042557393016579605,-3.319701607759302,0.0045582053278465885,0.006505139228758299,2.0,0.5109325857123057
macro_fred,UNRATE,F7,adam,classification,0,169,1,-2.434106909533864,2.159221990794667e-05,1.7879992990146245e-05,2.8361778089696073e-05,-3.9617023959663267,1.748145312874144e-05,1.0,2.0,0.5109325857123057
macro_fred,UNRATE,F7,adam,classification,1,165,1,-2.5847846002817008,1.5143541105085347e-05,1.14605102776849e-05,2.008008650199738e-05,-4.06002142001676,1.145159871904977e-05,1.0,2.0,0.5109325857123057
macro_fred,UNRATE,F7,adam,classification,2,161,1,-1.2490255010393188,2.676113783379531e-05,2.4394422012569425e-05,3.112189735460897e-05,-3.952052311176932,2.2197376942208896e-05,1.0,2.0,0.5109325857123057
macro_fred,UNRATE,F7,adam,classification,3,159,1,-2.009905253544925,2.4121466038220264e-05,1.8747995616022828e-05,2.995731604646519e-05,-3.9451555115220955,1.897049847756045e-05,1.0,2.0,0.5109325857123057
macro_fred,UNRATE,F10,sgd,regression,0,25,1,-2.7353084790220614,4.680299239880583e-05,2.2437155871362864e-06,0.0002702804561319692,-4.297440063658443,5.9284768813997244e-05,0.05048937214356145,2.0,0.5109325857123057
macro_fred,UNRATE,F10,sgd,regression,1,25,1,0.0801170317185187,5.6787429800354646e-05,2.684060052336562e-06,0.00034376349265273704,-4.311101641394227,0.0003845718684828869,0.051070007692675036,2.0,0.5109325857123057
macro_fred,UNRATE,F10,sgd,regression,2,25,1,-0.15676744244580446,4.21208645830039e-05,2.0609727022437622e-06,0.0002892318129503375,-4.3247681212397024,7.16436230908725e-06,0.04972657059104738,2.0,0.5109325857123057
macro_fred,UNRATE,F10,sgd,regression,3,25,1,2.813991464905305,5.2067386524294845e-05,2.5917963220525642e-06,0.0003258705862050689,-4.325946173698341,1.6950393309347521e-06,0.04978082079012566,2.0,0.5109325857123057
macro_fred,UNRATE,F10,sgd,classification,0,884,1,-1.2897611254761001,0.001154117044387956,0.0010371643165449716,0.0013123855768774216,-2.446691151785069,0.0010124775158502485,1.0,2.0,0.5109325857123057
macro_fred,UNRATE,F10,sgd,classification,1,886,1,-1.3007264888761787,0.0011068566827116327,0.0009876069823852817,0.0012593020563288694,-2.4590176792733924,0.0009675125488602951,1.0,2.0,0.5109325857123057
macro_fred,UNRATE,F10,sgd,classification,2,881,1,-1.1787266923594966,0.0011735270514304733,0.0010636384188259067,0.0013143749095063698,-2.447427824265716,0.001032475933186236,1.0,2.0,0.5109325857123057
macro_fred,UNRATE,F10,sgd,classification,3,861,1,-1.2513318933625555,0.0011672027435966873,0.0010360192188535776,0.0013140572728025889,-2.4464830060072127,0.0010184465856534588,1.0,2.0,0.5109325857123057
macro_fred,UNRATE,F10,adam,regression,0,20,1,-1.5910983886939756,0.0007607859980220448,3.162786102764802e-05,0.004469537019377403,-3.4081143382907877,0.00029326056643722324,0.04729404918925466,2.0,0.5109325857123057
macro_fred,UNRATE,F10,adam,regression,1,20,1,-0.31873637538465865,0.0007469446957491758,2.689218027202563e-05,0.004524788621387697,-3.34723285735031,0.002367240910438408,0.04878864529505274,2.0,0.5109325857123057
macro_fred,UNRATE,F10,adam,regression,2,20,1,2.509649380374051,0.0009425747146533248,3.5543958580972305e-05,0.005008107411510247,-3.388593741756405,0.0009407352060804574,0.041972462276136595,2.0,0.5109325857123057
macro_fred,UNRATE,F10,adam,regression,3,20,1,0.12927411271851522,0.0009327252084065895,2.009754390205022e-05,0.00461070250494133,-3.3494447805388416,0.003304791605514968,0.04437718428106967,2.0,0.5109325857123057
macro_fred,UNRATE,F10,adam,classification,0,164,1,-2.4532166181267065,2.3059154986878573e-05,1.912405851661726e-05,3.0359000625054206e-05,-3.918087889911869,1.8674351391766275e-05,1.0,2.0,0.5109325857123057
macro_fred,UNRATE,F10,adam,classification,1,160,1,-2.5727341837913236,1.6523983149079696e-05,1.2590002399547288e-05,2.187617407531539e-05,-4.011888368505676,1.2535851579959944e-05,1.0,2.0,0.5109325857123057
macro_fred,UNRATE,F10,adam,classification,2,157,1,-1.311502286374572,2.84817858696821e-05,2.5867560813480532e-05,3.331987853223011e-05,-3.9078525086390923,2.3563660983297347e-05,1.0,2.0,0.5109325857123057
macro_fred,UNRATE,F10,adam,classification,3,155,1,-2.041927448901693,2.5761505460441534e-05,2.0034041369238925e-05,3.207502279173891e-05,-3.9014207907948864,2.0219223900437467e-05,1.0,2.0,0.5109325857123057
macro_fred,UNRATE,F11,sgd,regression,0,29,1,-2.260577026994051,7.477361443601872e-05,3.655882641214979e-05,0.0002619194629557968,-3.8698323783626667,7.414421952415318e-05,0.0052724837153903725,2.0,0.5109325857123057
macro_fred,UNRATE,F11,sgd,regression,1,30,1,-0.1608491368765621,7.691062275399466e-05,3.0544446198666656e-05,0.0003274743633149175,-3.889003893444752,0.0003582154153146661,0.00545892479496891,2.0,0.5109325857123057
macro_fred,UNRATE,F11,sgd,regression,2,29,1,-0.41266976740549594,6.306044567771398e-05,2.838810207888638e-05,0.00026544913268190123,-3.904832305536485,2.8299844495806074e-05,0.004904338204957179,2.0,0.5109325857123057
macro_fred,UNRATE,F11,sgd,regression,3,29,1,1.023263241245919,7.78357865992624e-05,3.51296397467455e-05,0.0003197680660302722,-3.9038154047093223,2.733347151392624e-05,0.005178881125174026,2.0,0.5109325857123057
macro_fred,UNRATE,F11,sgd,classification,0,921,1,-1.4542777215806637,0.0009030879533096852,0.0008010840375987819,0.0010448231854936231,-2.5054613717295195,0.0007799416227968734,1.0,2.0,0.5109325857123057
macro_fred,UNRATE,F11,sgd,classification,1,918,1,-1.4697905708096155,0.0008582603784448462,0.0007544582058021115,0.0009940110016182365,-2.520041426443976,0.0007378907758142128,1.0,2.0,0.5109325857123057
macro_fred,UNRATE,F11,sgd,classification,2,917,1,-1.3148479105497752,0.0009227230970380739,0.0008272968452369292,0.0010474892630013557,-2.5059648021383563,0.000799686620068921,1.0,2.0,0.5109325857123057
macro_fred,UNRATE,F11,sgd,classification,3,893,1,-1.4060870516173902,0.0009158387910355735,0.000799695892960832,0.001046486357885635,-2.5050009205754336,0.0007856625885087677,1.0,2.0,0.5109325857123057
macro_fred,UNRATE,F11,adam,regression,0,20,1,-1.5488350541042823,0.0007049678361419484,2.7554279945253618e-05,0.003925721309126739,-3.341911194246728,0.00031836139423875646,0.0037236440380107507,2.0,0.5109325857123057
macro_fred,UNRATE,F11,adam,regression,1,20,1,-0.9859888132788472,0.0006512778308118586,2.57617922224283e-05,0.004096385569587984,-3.285436993649946,0.003668661836679689,0.004482105352920617,2.0,0.5109325857123057
macro_fred,UNRATE,F11,adam,regression,2,20,1,2.0083576677177306,0.0007936334745780942,2.991485392210236e-05,0.004260296363894424,-3.3323630611554256,0.0001907661384677365,0.003444588247974183,2.0,0.5109325857123057
macro_fred,UNRATE,F11,adam,regression,3,20,1,0.25974799873495985,0.0007077868697475204,3.519227234686454e-05,0.004252148341719565,-3.296528765371718,0.004591461475162019,0.0031630142705954736,2.0,0.5109325857123057
macro_fred,UNRATE,F11,adam,classification,0,165,1,-2.9524132130341147,1.3194895281014201e-05,1.0386658765159593e-05,1.8386931693862258e-05,-4.106138977342344,1.0271037195742623e-05,1.0,2.0,0.5109325857123057
macro_fred,UNRATE,F11,adam,classification,1,161,1,-3.1290821735587433,7.783661945210037e-06,5.5718697594953695e-06,1.1226805894395575e-05,-4.243962191745437,5.704774306158056e-06,1.0,2.0,0.5109325857123057
macro_fred,UNRATE,F11,adam,classification,2,158,1,-1.208006322870829,1.8110865079804667e-05,1.642040120674921e-05,2.1097967241639774e-05,-4.092532222851631,1.4426763652156842e-05,1.0,2.0,0.5109325857123057
macro_fred,UNRATE,F11,adam,classification,3,156,1,-2.323210388666645,1.5138198813622684e-05,1.0930379905107775e-05,1.9664948841090652e-05,-4.0879186084028944,1.1449148731464454e-05,1.0,2.0,0.5109325857123057
macro_fred,UNRATE,FA,sgd,regression,0,28,1,-2.1413533584861124,6.292481148510502e-05,2.3569478951527748e-05,0.00025779900807070834,-4.000034870961173,6.787022141680611e-05,0.012736821775031293,2.0,0.5109325857123057
macro_fred,UNRATE,FA,sgd,regression,1,29,1,0.084504777974896,6.818145091917559e-05,2.1043222359860117e-05,0.0003268475888087994,-4.01701679186799,0.0003576575715457106,0.01290679496061531,2.0,0.5109325857123057
macro_fred,UNRATE,FA,sgd,regression,2,29,1,-0.08599703401115576,5.735810438413536e-05,2.0298499057613697e-05,0.0002650021035194422,-4.0257408856658214,2.2821847218937645e-05,0.012240351939058,2.0,0.5109325857123057
macro_fred,UNRATE,FA,sgd,regression,3,28,1,1.5951303168047781,6.752308209471895e-05,2.249881649950862e-05,0.0003156696205973889,-4.031434340966072,1.887701314799787e-05,0.01251654941562249,2.0,0.5109325857123057
macro_fred,UNRATE,FA,sgd,classification,0,921,1,-1.391384814438269,0.0009787644254933136,0.0008729859626238739,0.0011248734903706564,-2.4841677255405674,0.0008509653066503548,1.0,2.0,0.5109325857123057
macro_fred,UNRATE,FA,sgd,classification,1,920,1,-1.4031593309315742,0.0009336002516508203,0.0008259955101486481,0.0010736243981774984,-2.4979474268688793,0.0008085110097431615,1.0,2.0,0.5109325857123057
macro_fred,UNRATE,FA,sgd,classification,2,917,1,-1.263103182638137,0.0009982635146680574,0.0008990688990729825,0.0011273294719167,-2.4847543862848536,0.0008706279972621019,1.0,2.0,0.5109325857123057
macro_fred,UNRATE,FA,sgd,classification,3,893,1,-1.3468642013147334,0.0009915400290723734,0.0008717186525148184,0.0011265207607335042,-2.4837783869355357,0.0008567160362645613,1.0,2.0,0.5109325857123057
macro_fred,UNRATE,FA,adam,regression,0,20,1,-1.8236770981528445,0.0006806815493062635,2.805584807952222e-05,0.004049786539462733,-3.3613645029853414,0.0002707716750541405,0.007085371931417224,2.0,0.5109325857123057
macro_fred,UNRATE,FA,adam,regression,1,20,1,-0.8230807948185548,0.0006784253594758196,2.2678689760256374e-05,0.00419691850853783,-3.317753398867485,0.0035531279910364366,0.010077772410062958,2.0,0.5109325857123057
macro_fred,UNRATE,FA,adam,regression,2,20,1,2.1696823361448705,0.0008212374539904907,2.217537143802251e-05,0.00435039443429181,-3.350614842344836,0.0002717925473811167,0.0070988193516092245,2.0,0.5109325857123057
macro_fred,UNRATE,FA,adam,regression,3,20,1,-0.12118387515219545,0.0007497298098671494,3.122082847266118e-05,0.004276443359966484,-3.3131322722389513,0.004521564414180726,0.00772243725393288,2.0,0.5109325857123057
macro_fred,UNRATE,FA,adam,classification,0,167,1,-2.381059942077558,2.133858869051498e-05,1.774906989935507e-05,2.7854034278021744e-05,-3.97457461820587,1.736064105657062e-05,1.0,2.0,0.5109325857123057
macro_fred,UNRATE,FA,adam,classification,1,163,1,-2.5123455783125137,1.5041577511774309e-05,1.148100280820921e-05,1.9789829951893076e-05,-4.072539143434068,1.1466371156753291e-05,1.0,2.0,0.5109325857123057
macro_fred,UNRATE,FA,adam,classification,2,159,1,-1.2167898511741395,2.6332220220449655e-05,2.4056397035392036e-05,3.050534847841357e-05,-3.965395364268206,2.193610009735717e-05,1.0,2.0,0.5109325857123057
macro_fred,UNRATE,FA,adam,classification,3,157,1,-1.962805816807558,2.378521256336081e-05,1.8597424177788748e-05,2.9408844495698218e-05,-3.9580747261693565,1.881173316122898e-05,1.0,2.0,0.5109325857123057
macro_fred,CPIAUCSL,F0,sgd,regression,0,30,1,-2.246044431154251,6.654892144779349e-05,3.0340958045363407e-05,0.00024375946541134558,-3.9373989812678603,6.617468073629606e-05,0.0037181865598641477,2.0,0.5001060603393652
macro_fred,CPIAUCSL,F0,sgd,regression,1,31,1,-0.01153077888238247,7.080800436870163e-05,2.591914315379433e-05,0.0003103020459731431,-3.9551319478631166,0.00033818586479397457,0.0038313596873931536,2.0,0.5001060603393652
macro_fred,CPIAUCSL,F0,sgd,regression,2,31,1,-0.24816666252444633,5.745528655528407e-05,2.441459965633104e-05,0.00024791343105936994,-3.970460252743219,2.487039114399841e-05,0.003469320252821966,2.0,0.5001060603393652
macro_fred,CPIAUCSL,F0,sgd,regression,3,31,1,1.271519669166433,7.06104874730466e-05,2.907390595155592e-05,0.00031435407686270796,-3.971206956099476,2.366704857554252e-05,0.0036313407164707177,2.0,0.5001060603393652
macro_fred,CPIAUCSL,F0,sgd,classification,0,787,1,-1.7381077759857646,0.0006151794544714409,0.0005334922562637323,0.0007334897475269809,-2.5928449487720764,0.0005168596281673359,1.0,2.0,0.5001060603393652
macro_fred,CPIAUCSL,F0,sgd,classification,1,792,1,-1.7664050080246096,0.0005743061068782507,0.0004913896677790594,0.0006867430305095548,-2.611482354520511,0.00047939567670685307,1.0,2.0,0.5001060603393652
macro_fred,CPIAUCSL,F0,sgd,classification,2,775,1,-1.5405209332073264,0.0006347531976426675,0.000558883784496477,0.0007371761737242458,-2.5929271043685422,0.0005358502414750373,1.0,2.0,0.5001060603393652
macro_fred,CPIAUCSL,F0,sgd,classification,3,775,1,-1.6705267755687494,0.0006273655842680239,0.0005316437666327842,0.0007357138468924257,-2.591914570473935,0.0005222160329647181,1.0,2.0,0.5001060603393652
macro_fred,CPIAUCSL,F0,adam,regression,0,20,1,-1.4354373246506487,0.0006593615229333741,2.589383509559616e-05,0.0036341293874182527,-3.370984439374551,0.00042321747080415975,0.003181346583906607,2.0,0.5001060603393652
macro_fred,CPIAUCSL,F0,adam,regression,1,20,1,-1.4472749742487387,0.0006176857694067045,1.9625483827075046e-05,0.0041777218432556135,-3.31126597841061,0.003779346107132724,0.0034572586494525026,2.0,0.5001060603393652
macro_fred,CPIAUCSL,F0,adam,regression,2,20,1,2.2249337503679634,0.000751530528144488,3.516501470110134e-05,0.004124168863421371,-3.3524764759410104,6.282964016182357e-05,0.0028479193583742348,2.0,0.5001060603393652
macro_fred,CPIAUCSL,F0,adam,regression,3,20,1,0.22205036268101153,0.0006490354768139685,2.9567936151634392e-05,0.0040419126869787065,-3.323601542334552,0.004488460327768,0.0029012825936829555,2.0,0.5001060603393652
macro_fred,CPIAUCSL,F0,adam,classification,0,157,1,-3.324528538125893,6.68827965342826e-06,5.144277984700663e-06,9.831984591823135e-06,-4.337134637448564,5.178402717593687e-06,1.0,2.0,0.5001060603393652
macro_fred,CPIAUCSL,F0,adam,classification,1,151,1,-3.5973590633710195,3.4240956444061212e-06,2.2405413158170743e-06,5.245856721886555e-06,-4.519821943507612,2.323295906934736e-06,1.0,2.0,0.5001060603393652
macro_fred,CPIAUCSL,F0,adam,classification,2,151,1,-0.9249036741695016,1.050907421895269e-05,9.733442532863061e-06,1.2153261578242636e-05,-4.316238072191166,8.344930254144742e-06,1.0,2.0,0.5001060603393652
macro_fred,CPIAUCSL,F0,adam,classification,3,149,1,-2.4544860669090824,8.000082840911224e-06,5.5864833771199e-06,1.0907944802948241e-05,-4.311028696403115,6.023243096872129e-06,1.0,2.0,0.5001060603393652
macro_fred,CPIAUCSL,F1,sgd,regression,0,30,1,-2.5448500831662333,4.4161528585462055e-05,7.463146006055705e-06,0.0002286751758894948,-4.209168023358543,4.9507802773550995e-05,0.01805819127702261,2.0,0.5001060603393652
macro_fred,CPIAUCSL,F1,sgd,regression,1,30,1,0.32559661197954426,5.369935320610311e-05,6.9335126513971035e-06,0.00029596094737152173,-4.2267913396875505,0.0003268415256465603,0.01819897230428207,2.0,0.5001060603393652
macro_fred,CPIAUCSL,F1,sgd,regression,2,30,1,0.08301489421807436,4.168013109930864e-05,6.692264347835166e-06,0.00023710547601721546,-4.235533601573539,9.929219930411865e-06,0.0176302402290967,2.0,0.5001060603393652
macro_fred,CPIAUCSL,F1,sgd,regression,3,30,1,2.4240027425986046,5.0328831530221195e-05,7.559004280832953e-06,0.00029512182442378886,-4.242700750861828,5.542403556994922e-06,0.017831306476325234,2.0,0.5001060603393652
macro_fred,CPIAUCSL,F1,sgd,classification,0,777,1,-1.682177629517452,0.0006489265656304536,0.000565549164405635,0.000769117246301784,-2.5807194710839325,0.0005484750329468668,1.0,2.0,0.5001060603393652
macro_fred,CPIAUCSL,F1,sgd,classification,1,783,1,-1.7060223975333189,0.0006078765628815834,0.0005232089620872788,0.0007221922651581495,-2.5986820066888683,0.0005107736572856924,1.0,2.0,0.5001060603393652
macro_fred,CPIAUCSL,F1,sgd,classification,2,766,1,-1.49585556837305,0.0006683040883166886,0.0005907462566352379,0.0007726469660416216,-2.580893146619188,0.0005673999044386301,1.0,2.0,0.5001060603393652
macro_fred,CPIAUCSL,F1,sgd,classification,3,769,1,-1.618062802204659,0.0006610822556555625,0.000563753482861265,0.0007712367768104912,-2.5798594348838217,0.0005538333351828327,1.0,2.0,0.5001060603393652
macro_fred,CPIAUCSL,F1,adam,regression,0,20,1,-1.7681627108278841,0.000691112911976154,2.9462614950861385e-05,0.003651795884576272,-3.4159747935111318,0.00035784194394979156,0.0126709084905246,2.0,0.5001060603393652
macro_fred,CPIAUCSL,F1,adam,regression,1,20,1,-1.0677861625377483,0.0006282206606696093,2.3099802000886048e-05,0.004174518919065699,-3.3704135675859,0.0037721892545485793,0.01510314931637402,2.0,0.5001060603393652
macro_fred,CPIAUCSL,F1,adam,regression,2,21,1,2.1389504018792778,0.0007675838725106519,2.7949752946561036e-05,0.004132719466662247,-3.4030473649858486,9.497791727392584e-05,0.0117596215351759,2.0,0.5001060603393652
macro_fred,CPIAUCSL,F1,adam,regression,3,20,1,0.05333682525552072,0.0006943422808097263,2.8334558452049246e-05,0.004103735351788971,-3.359461110863865,0.004553855835154648,0.013479534531770062,2.0,0.5001060603393652
macro_fred,CPIAUCSL,F1,adam,classification,0,157,1,-2.6308729411620186,1.0351731284504519e-05,8.455531970152031e-06,1.3985056380932467e-05,-4.22767341939124,8.417698283864205e-06,1.0,2.0,0.5001060603393652
macro_fred,CPIAUCSL,F1,adam,classification,1,151,1,-2.665411149863396,6.5598319777092865e-06,4.876545616610462e-06,8.921176839845359e-06,-4.363053557578876,4.925681172686419e-06,1.0,2.0,0.5001060603393652
macro_fred,CPIAUCSL,F1,adam,classification,2,151,1,-0.9815641058312866,1.4190233015668653e-05,1.3089532609752583e-05,1.614235782764398e-05,-4.2143831216569145,1.1676161091015764e-05,1.0,2.0,0.5001060603393652
macro_fred,CPIAUCSL,F1,adam,classification,3,149,1,-2.0283983388276834,1.1921490939018364e-05,9.040342557867982e-06,1.5131679629839438e-05,-4.205704147056827,9.367131589712244e-06,1.0,2.0,0.5001060603393652
macro_fred,CPIAUCSL,F2,sgd,regression,0,29,1,-3.012864742446839,4.0231342654355006e-05,1.785825672765002e-06,0.00023230021312807436,-4.365265820975196,4.706462237711478e-05,0.04410900892717685,2.0,0.5001060603393652
macro_fred,CPIAUCSL,F2,sgd,regression,1,29,1,0.14886161409041282,4.874194551297974e-05,2.041331297825497e-06,0.0003007528165463707,-4.3828770391993945,0.00033337293503722253,0.044583354830373324,2.0,0.5001060603393652
macro_fred,CPIAUCSL,F2,sgd,regression,2,29,1,-0.07667308285595828,3.802540238809224e-05,1.6700247332719043e-06,0.00024063731697416613,-4.395510062508643,5.5244773657291515e-06,0.043505536125853755,2.0,0.5001060603393652
macro_fred,CPIAUCSL,F2,sgd,regression,3,29,1,3.22529978246942,4.698696075650303e-05,2.1429490377419362e-06,0.0002948302835747652,-4.401542837899337,3.445951066413138e-07,0.04361343125021826,2.0,0.5001060603393652
macro_fred,CPIAUCSL,F2,sgd,classification,0,738,1,-1.6532305561505931,0.0006289238830709753,0.0005495936528734339,0.0007432816781602547,-2.5968732723606545,0.0005333770145874401,1.0,2.0,0.5001060603393652
macro_fred,CPIAUCSL,F2,sgd,classification,1,744,1,-1.6747651902321639,0.000589093412448459,0.0005085792501614971,0.0006977547747778594,-2.615012754070494,0.0004968214281988385,1.0,2.0,0.5001060603393652
macro_fred,CPIAUCSL,F2,sgd,classification,2,723,1,-1.4674422017390454,0.000647613854019069,0.0005739638324175043,0.0007466921734978833,-2.5971115822192194,0.0005516656925830805,1.0,2.0,0.5001060603393652
macro_fred,CPIAUCSL,F2,sgd,classification,3,735,1,-1.5889335005546428,0.0006406549901905847,0.0005478975621815556,0.0007454244189723903,-2.596014436480105,0.0005385777750024365,1.0,2.0,0.5001060603393652
macro_fred,CPIAUCSL,F2,adam,regression,0,20,1,-1.3372275227661936,0.0006952807690306464,2.1214863733940623e-05,0.003922633977470626,-3.452850881149826,0.000294097148922324,0.042371324662583996,2.0,0.5001060603393652
macro_fred,CPIAUCSL,F2,adam,regression,1,20,1,-0.8007461750196513,0.00064683033873107,2.2848812369067237e-05,0.0041001148646087286,-3.390830828554922,0.003676430452540661,0.043795783090828405,2.0,0.5001060603393652
macro_fred,CPIAUCSL,F2,adam,regression,2,21,1,2.089452317953897,0.0007871031746468118,2.3706541793970727e-05,0.0042566668446924055,-3.4377425276193336,0.0001884327337932047,0.038156723593410345,2.0,0.5001060603393652
macro_fred,CPIAUCSL,F2,adam,regression,3,20,1,0.08159638672280782,0.0007054801634485351,3.146455001052214e-05,0.0042497910134749435,-3.3844092522738074,0.004563976677312624,0.03932874502333478,2.0,0.5001060603393652
macro_fred,CPIAUCSL,F2,adam,classification,0,153,1,-2.651190321879963,1.08936094330212e-05,8.864572714565327e-06,1.4750859271796145e-05,-4.211121283717138,8.81668047421118e-06,1.0,2.0,0.5001060603393652
macro_fred,CPIAUCSL,F2,adam,classification,1,145,1,-2.7671538861746336,6.857318799639701e-06,5.018933441509358e-06,9.42029535877814e-06,-4.344713584719844,5.072532302338661e-06,1.0,2.0,0.5001060603393652
macro_fred,CPIAUCSL,F2,adam,classification,2,146,1,-1.0181806607360686,1.4907239038769398e-05,1.3701954170621854e-05,1.6993253923571082e-05,-4.197601290349881,1.222677469567226e-05,1.0,2.0,0.5001060603393652
macro_fred,CPIAUCSL,F2,adam,classification,3,145,1,-2.055505910296591,1.2555076318726023e-05,9.486524371866517e-06,1.5942501155469382e-05,-4.189867505016148,9.814969502744175e-06,1.0,2.0,0.5001060603393652
macro_fred,CPIAUCSL,F4,sgd,regression,0,30,1,-2.2611684327378097,5.436026936126985e-05,1.7829327022492055e-05,0.00023623904719812956,-4.069489858383291,5.799508254461221e-05,0.012713872069905614,2.0,0.5001060603393652
macro_fred,CPIAUCSL,F4,sgd,regression,1,30,1,0.20355063817881658,6.229969164627688e-05,1.5862524995900216e-05,0.0003032716271168753,-4.086545620224511,0.0003330023158719489,0.012820072252942802,2.0,0.5001060603393652
macro_fred,CPIAUCSL,F4,sgd,regression,2,30,1,0.008686192261337714,4.9464580310301365e-05,1.556730274822769e-05,0.00024233420970275007,-4.095866068292382,1.7902451983412065e-05,0.012315820263437263,2.0,0.5001060603393652
macro_fred,CPIAUCSL,F4,sgd,regression,3,30,1,1.8332344350869783,5.999249009520546e-05,1.699843115593106e-05,0.00030421432511178084,-4.102137334614307,1.4385147166440777e-05,0.012545901957698906,2.0,0.5001060603393652
macro_fred,CPIAUCSL,F4,sgd,classification,0,779,1,-1.7025943670683394,0.0006336463568793632,0.0005512580435555808,0.0007526446569828069,-2.5865697266791776,0.0005344309873094698,1.0,2.0,0.5001060603393652
macro_fred,CPIAUCSL,F4,sgd,classification,1,785,1,-1.7277802904997346,0.000592760704913384,0.0005091351305741567,0.000705889656006053,-2.604816916022963,0.0004969341737260651,1.0,2.0,0.5001060603393652
macro_fred,CPIAUCSL,F4,sgd,classification,2,769,1,-1.5118678568079404,0.000653036084187923,0.0005764591203232894,0.0007562173391092233,-2.5867146689992095,0.0005533242925878581,1.0,2.0,0.5001060603393652
macro_fred,CPIAUCSL,F4,sgd,classification,3,771,1,-1.6370534517298334,0.0006457746136949241,0.0005494492790138807,0.0007548146153411036,-2.585682589905342,0.0005397755088366996,1.0,2.0,0.5001060603393652
macro_fred,CPIAUCSL,F4,adam,regression,0,20,1,-1.8476595718510296,0.0006769456511482924,2.445379093041301e-05,0.0036388302960247343,-3.3902525804863024,0.00037799073164967783,0.007814708740464145,2.0,0.5001060603393652
macro_fred,CPIAUCSL,F4,adam,regression,1,20,1,-1.1022095452531397,0.0006229052292136988,2.0791443331272038e-05,0.004156836357897675,-3.3452784467491647,0.0037782025530814283,0.010379124790920367,2.0,0.5001060603393652
macro_fred,CPIAUCSL,F4,adam,regression,2,21,1,2.5269003783132264,0.0007519590972143536,3.083130685254208e-05,0.004097749844339905,-3.3770995428972914,8.10034103406703e-05,0.0078006878777259515,2.0,0.5001060603393652
macro_fred,CPIAUCSL,F4,adam,regression,3,20,1,-0.006477607259596879,0.0006835617401738938,3.008101917766004e-05,0.0040631759447478715,-3.341252396121895,0.004533901203011609,0.008683046811831022,2.0,0.5001060603393652
macro_fred,CPIAUCSL,F4,adam,classification,0,157,1,-2.7365764236438572,9.3534379558707e-06,7.576118084783858e-06,1.2788630757687843e-05,-4.2580440671259625,7.552778407407582e-06,1.0,2.0,0.5001060603393652
macro_fred,CPIAUCSL,F4,adam,classification,1,150,1,-2.7679584304743527,5.747490334498508e-06,4.214118964825874e-06,7.929051009227071e-06,-4.401869759456928,4.269624718536435e-06,1.0,2.0,0.5001060603393652
macro_fred,CPIAUCSL,F4,adam,classification,2,150,1,-0.959030416186793,1.3088625356318608e-05,1.2104978443296644e-05,1.4923577842397855e-05,-4.243913339473027,1.0726530009200296e-05,1.0,2.0,0.5001060603393652
macro_fred,CPIAUCSL,F4,adam,classification,3,149,1,-2.0874988773142755,1.0849163756069242e-05,8.118893209930435e-06,1.3905958450151905e-05,-4.235118490516672,8.466473166663574e-06,1.0,2.0,0.5001060603393652
macro_fred,CPIAUCSL,F7,sgd,regression,0,30,1,-2.262909699087494,5.3850481759017723e-05,1.7469082017494384e-05,0.00023258605862063063,-4.076447370504039,5.716026056565142e-05,0.007636186950149853,2.0,0.5001060603393652
macro_fred,CPIAUCSL,F7,sgd,regression,1,31,1,0.22138378891798757,6.162224546907318e-05,1.5581567825776543e-05,0.00030042709939780957,-4.093306084690465,0.0003304093604284308,0.007742841585460074,2.0,0.5001060603393652
macro_fred,CPIAUCSL,F7,sgd,regression,2,30,1,0.02895733709083527,4.866256241583032e-05,1.535698669641396e-05,0.00024003474790790688,-4.102317038803034,1.7668085764589215e-05,0.007290556454303439,2.0,0.5001060603393652
macro_fred,CPIAUCSL,F7,sgd,regression,3,30,1,1.8601781749096273,5.912830716578694e-05,1.6629678821480502e-05,0.0003038325537208591,-4.108878136298227,1.41912063735967e-05,0.007478046922627879,2.0,0.5001060603393652
macro_fred,CPIAUCSL,F7,sgd,classification,0,788,1,-1.690456135571711,0.0006476527990870667,0.0005640373815305189,0.0007682563104563909,-2.5798131325116502,0.0005469238789315456,1.0,2.0,0.5001060603393652
macro_fred,CPIAUCSL,F7,sgd,classification,1,794,1,-1.7146987745276825,0.0006065083374487742,0.0005216159253674888,0.0007212084248371578,-2.597823920517676,0.000509160568718495,1.0,2.0,0.5001060603393652
macro_fred,CPIAUCSL,F7,sgd,classification,2,777,1,-1.5030420084151093,0.0006671025578872482,0.0005893205800289717,0.0007717946780903572,-2.5799734667914658,0.0005659045968539049,1.0,2.0,0.5001060603393652
macro_fred,CPIAUCSL,F7,sgd,classification,3,777,1,-1.626016015254047,0.0006598506177351124,0.0005622252465250635,0.0007703845588546162,-2.578944869103572,0.0005522974848046347,1.0,2.0,0.5001060603393652
macro_fred,CPIAUCSL,F7,adam,regression,0,20,1,-1.7871239361168971,0.0006685070237525293,2.5984677527299215e-05,0.0036326009438909495,-3.392385905548811,0.0003954256660349726,0.0034781099098235412,2.0,0.5001060603393652
macro_fred,CPIAUCSL,F7,adam,regression,1,20,1,-1.198449384173162,0.0006256701208018581,1.9011668395206266e-05,0.00418411376851082,-3.349179098879571,0.003781238439428119,0.005592492771010744,2.0,0.5001060603393652
macro_fred,CPIAUCSL,F7,adam,regression,2,21,1,2.4796631559258158,0.000753794114309313,2.9670503766717488e-05,0.004115438191835567,-3.3776795712238252,6.768013759103189e-05,0.0033472663598586028,2.0,0.5001060603393652
macro_fred,CPIAUCSL,F7,adam,regression,3,20,1,0.03114449659514692,0.0006614347739105678,2.9281677171415306e-05,0.0040276653396178995,-3.3430196568730377,0.004506859288596219,0.004221061973146948,2.0,0.5001060603393652
macro_fred,CPIAUCSL,F7,adam,classification,0,158,1,-2.6232860740642794,1.022764299110523e-05,8.359434390998053e-06,1.3797516364160918e-05,-4.233628210637307,8.32259406343786e-06,1.0,2.0,0.5001060603393652
macro_fred,CPIAUCSL,F7,adam,classification,1,152,1,-2.6399578945698976,6.479712093643545e-06,4.833260990595849e-06,8.792026069248705e-06,-4.369796630092665,4.882511151426527e-06,1.0,2.0,0.5001060603393652
macro_fred,CPIAUCSL,F7,adam,classification,2,151,1,-0.9673600223724437,1.4007185814621454e-05,1.2938566112360366e-05,1.5923192180809572e-05,-4.220631857368335,1.154084634313723e-05,1.0,2.0,0.5001060603393652
macro_fred,CPIAUCSL,F7,adam,classification,3,150,1,-2.0182642172788365,1.1769404626752648e-05,8.930163625760206e-06,1.492665258475403e-05,-4.211597009996745,9.259262340936696e-06,1.0,2.0,0.5001060603393652
macro_fred,CPIAUCSL,F10,sgd,regression,0,29,1,-3.0077553198757796,4.044778512872419e-05,1.7240856934997662e-06,0.00023421888795873328,-4.364273252361541,4.745645110333828e-05,0.04625958266003204,2.0,0.5001060603393652
macro_fred,CPIAUCSL,F10,sgd,regression,1,29,1,0.13577652624552414,4.863404111740505e-05,2.144719914134984e-06,0.0003021012190913263,-4.3817182314508685,0.0003350384175008002,0.046741053211914706,2.0,0.5001060603393652
macro_fred,CPIAUCSL,F10,sgd,regression,2,29,1,-0.08163868973387682,3.812439321780774e-05,1.6977252755470977e-06,0.0002422319106471034,-4.394439158513839,5.568759950995247e-06,0.045653644176690183,2.0,0.5001060603393652
macro_fred,CPIAUCSL,F10,sgd,regression,3,29,1,3.2184700119039107,4.7070235654255246e-05,2.1917054097325884e-06,0.0002957423315687593,-4.40025791977643,3.292708022930762e-07,0.04575765505021429,2.0,0.5001060603393652
macro_fred,CPIAUCSL,F10,sgd,classification,0,736,1,-1.6513506919085141,0.0006288317673299814,0.000549599462031174,0.0007430315908972815,-2.597388801551947,0.0005334015565549603,1.0,2.0,0.5001060603393652
macro_fred,CPIAUCSL,F10,sgd,classification,1,742,1,-1.6727980588167999,0.0005890323022230725,0.0005086164150786835,0.0006975438362120776,-2.6155225497327588,0.0004968717645126027,1.0,2.0,0.5001060603393652
macro_fred,CPIAUCSL,F10,sgd,classification,2,721,1,-1.4657441572953052,0.0006474953394786197,0.0005739402136079622,0.0007464326955202438,-2.597632827204546,0.0005516687077586961,1.0,2.0,0.5001060603393652
macro_fred,CPIAUCSL,F10,sgd,classification,3,733,1,-1.5871108804366425,0.0006405495609176704,0.0005479069601475154,0.0007451735818333493,-2.5965322670093207,0.0005385979378228101,1.0,2.0,0.5001060603393652
macro_fred,CPIAUCSL,F10,adam,regression,0,20,1,-1.3415150086464835,0.0006947046538558356,2.2542750848180335e-05,0.003950210722064208,-3.4522858755756722,0.0002872446811269043,0.04454161079489022,2.0,0.5001060603393652
macro_fred,CPIAUCSL,F10,adam,regression,1,20,1,-0.7767637337187994,0.0006578265925566726,2.180229607503095e-05,0.004136019758858108,-3.3902268386975685,0.0036542193040095183,0.04598723615263811,2.0,0.5001060603393652
macro_fred,CPIAUCSL,F10,adam,regression,2,21,1,2.0469031592719107,0.0008084162879883373,2.4780828680638846e-05,0.004275994547847921,-3.4367285888787746,0.00020496349353714058,0.040296123639457886,2.0,0.5001060603393652
macro_fred,CPIAUCSL,F10,adam,regression,3,20,1,0.0603811325362211,0.0007125715932347284,3.0648781964800205e-05,0.004254356920259911,-3.383087601018058,0.004553688590394132,0.041456969382445356,2.0,0.5001060603393652
macro_fred,CPIAUCSL,F10,adam,classification,0,153,1,-2.64428055489643,1.0956485284368342e-05,8.920021819030184e-06,1.4823587348994065e-05,-4.209554777610867,8.871798035662528e-06,1.0,2.0,0.5001060603393652
macro_fred,CPIAUCSL,F10,adam,classification,1,145,1,-2.757387622504739,6.911691602773461e-06,5.0656310895227945e-06,9.484127739948647e-06,-4.342644688053712,5.11895533300406e-06,1.0,2.0,0.5001060603393652
macro_fred,CPIAUCSL,F10,adam,classification,2,146,1,-1.0186842049090787,1.4974877248519895e-05,1.3760876203355565e-05,1.7065048230342043e-05,-4.196114317228548,1.2284438099805488e-05,1.0,2.0,0.5001060603393652
macro_fred,CPIAUCSL,F10,adam,classification,3,145,1,-2.0512217402055413,1.2621275073242565e-05,9.544467159672612e-06,1.6014602434503128e-05,-4.188364360493919,9.871597308558142e-06,1.0,2.0,0.5001060603393652
macro_fred,CPIAUCSL,F11,sgd,regression,0,30,1,-2.246044431154251,6.654892144779349e-05,3.0340958045363407e-05,0.00024375946541134558,-3.9373989812678603,6.617468073629606e-05,0.0037181865598641477,2.0,0.5001060603393652
macro_fred,CPIAUCSL,F11,sgd,regression,1,31,1,-0.01153077888238247,7.080800436870163e-05,2.591914315379433e-05,0.0003103020459731431,-3.9551319478631166,0.00033818586479397457,0.0038313596873931536,2.0,0.5001060603393652
macro_fred,CPIAUCSL,F11,sgd,regression,2,31,1,-0.24816666252444633,5.745528655528407e-05,2.441459965633104e-05,0.00024791343105936994,-3.970460252743219,2.487039114399841e-05,0.003469320252821966,2.0,0.5001060603393652
macro_fred,CPIAUCSL,F11,sgd,regression,3,31,1,1.271519669166433,7.06104874730466e-05,2.907390595155592e-05,0.00031435407686270796,-3.971206956099476,2.366704857554252e-05,0.0036313407164707177,2.0,0.5001060603393652
macro_fred,CPIAUCSL,F11,sgd,classification,0,787,1,-1.7381077759857646,0.0006151794544714409,0.0005334922562637323,0.0007334897475269809,-2.5928449487720764,0.0005168596281673359,1.0,2.0,0.5001060603393652
macro_fred,CPIAUCSL,F11,sgd,classification,1,792,1,-1.7664050080246096,0.0005743061068782507,0.0004913896677790594,0.0006867430305095548,-2.611482354520511,0.00047939567670685307,1.0,2.0,0.5001060603393652
macro_fred,CPIAUCSL,F11,sgd,classification,2,775,1,-1.5405209332073264,0.0006347531976426675,0.000558883784496477,0.0007371761737242458,-2.5929271043685422,0.0005358502414750373,1.0,2.0,0.5001060603393652
macro_fred,CPIAUCSL,F11,sgd,classification,3,775,1,-1.6705267755687494,0.0006273655842680239,0.0005316437666327842,0.0007357138468924257,-2.591914570473935,0.0005222160329647181,1.0,2.0,0.5001060603393652
macro_fred,CPIAUCSL,F11,adam,regression,0,20,1,-1.4354373246506487,0.0006593615229333741,2.589383509559616e-05,0.0036341293874182527,-3.370984439374551,0.00042321747080415975,0.003181346583906607,2.0,0.5001060603393652
macro_fred,CPIAUCSL,F11,adam,regression,1,20,1,-1.4472749742487387,0.0006176857694067045,1.9625483827075046e-05,0.0041777218432556135,-3.31126597841061,0.003779346107132724,0.0034572586494525026,2.0,0.5001060603393652
macro_fred,CPIAUCSL,F11,adam,regression,2,20,1,2.2249337503679634,0.000751530528144488,3.516501470110134e-05,0.004124168863421371,-3.3524764759410104,6.282964016182357e-05,0.0028479193583742348,2.0,0.5001060603393652
macro_fred,CPIAUCSL,F11,adam,regression,3,20,1,0.22205036268101153,0.0006490354768139685,2.9567936151634392e-05,0.0040419126869787065,-3.323601542334552,0.004488460327768,0.0029012825936829555,2.0,0.5001060603393652
macro_fred,CPIAUCSL,F11,adam,classification,0,157,1,-3.324528538125893,6.68827965342826e-06,5.144277984700663e-06,9.831984591823135e-06,-4.337134637448564,5.178402717593687e-06,1.0,2.0,0.5001060603393652
macro_fred,CPIAUCSL,F11,adam,classification,1,151,1,-3.5973590633710195,3.4240956444061212e-06,2.2405413158170743e-06,5.245856721886555e-06,-4.519821943507612,2.323295906934736e-06,1.0,2.0,0.5001060603393652
macro_fred,CPIAUCSL,F11,adam,classification,2,151,1,-0.9249036741695016,1.050907421895269e-05,9.733442532863061e-06,1.2153261578242636e-05,-4.316238072191166,8.344930254144742e-06,1.0,2.0,0.5001060603393652
macro_fred,CPIAUCSL,F11,adam,classification,3,149,1,-2.4544860669090824,8.000082840911224e-06,5.5864833771199e-06,1.0907944802948241e-05,-4.311028696403115,6.023243096872129e-06,1.0,2.0,0.5001060603393652
macro_fred,CPIAUCSL,FA,sgd,regression,0,30,1,-2.2805675196825943,5.3528578300668725e-05,1.7132415170901745e-05,0.00023244006000860306,-4.078856814257742,5.6808121636130254e-05,0.00876468808166872,2.0,0.5001060603393652
macro_fred,CPIAUCSL,FA,sgd,regression,1,31,1,0.21890154732282796,6.126480254093445e-05,1.521138382106571e-05,0.0003002028174686811,-4.095909754918013,0.0003301464066680568,0.008861592510111174,2.0,0.5001060603393652
macro_fred,CPIAUCSL,FA,sgd,regression,2,30,1,0.017888558034385427,4.8320894596600274e-05,1.49602028884034e-05,0.00023970832185577046,-4.105365019485789,1.7246275611033474e-05,0.008392455720781006,2.0,0.5001060603393652
macro_fred,CPIAUCSL,FA,sgd,regression,3,30,1,1.8653890959673403,5.884023505599916e-05,1.6287241061309218e-05,0.00030345063514210333,-4.111694544001625,1.3811140336584113e-05,0.008604171947279258,2.0,0.5001060603393652
macro_fred,CPIAUCSL,FA,sgd,classification,0,780,1,-1.7013045726046998,0.0006333084450218556,0.0005510280245098308,0.0007521455011413389,-2.586797580741699,0.0005342228092214795,1.0,2.0,0.5001060603393652
macro_fred,CPIAUCSL,FA,sgd,classification,1,786,1,-1.7264120399254133,0.0005924597569854747,0.0005089424289050646,0.0007054345920077064,-2.605045058719157,0.0004967576615837571,1.0,2.0,0.5001060603393652
macro_fred,CPIAUCSL,FA,sgd,classification,2,770,1,-1.5106812049732143,0.0006526806407812476,0.0005762065700579295,0.0007557188310580551,-2.5869404179751707,0.0005530997997979577,1.0,2.0,0.5001060603393652
macro_fred,CPIAUCSL,FA,sgd,classification,3,772,1,-1.6357900893610893,0.0006454259639137273,0.0005492237832836306,0.0007543179185300773,-2.585907997990974,0.0005395640760658159,1.0,2.0,0.5001060603393652
macro_fred,CPIAUCSL,FA,adam,regression,0,20,1,-1.7769749942251811,0.0006697555816700747,2.5975899723645275e-05,0.0036333035527623177,-3.3934544527813215,0.00039473132542850164,0.004233114196733478,2.0,0.5001060603393652
macro_fred,CPIAUCSL,FA,adam,regression,1,20,1,-1.2103729021634997,0.0006245727940953721,1.942080298957006e-05,0.004183071647429606,-3.3480659425328896,0.0037811107456920427,0.006579142270226546,2.0,0.5001060603393652
macro_fred,CPIAUCSL,FA,adam,regression,2,21,1,2.5220154712411036,0.0007531927174580146,2.9667606164666258e-05,0.004112429783910289,-3.3788574331274774,6.86537646962666e-05,0.004198567363501504,2.0,0.5001060603393652
macro_fred,CPIAUCSL,FA,adam,regression,3,20,1,0.03484217890580296,0.0006623677415795437,2.917806223932794e-05,0.00402960340422112,-3.3439039266291,0.004509049088151695,0.005120190571487317,2.0,0.5001060603393652
macro_fred,CPIAUCSL,FA,adam,classification,0,157,1,-2.7440432276266824,9.346960693821446e-06,7.563574788549884e-06,1.2791306866662374e-05,-4.257885041329926,7.540982179801341e-06,1.0,2.0,0.5001060603393652
macro_fred,CPIAUCSL,FA,adam,classification,1,151,1,-2.7850889021668994,5.7320404687696e-06,4.192329575820195e-06,7.923485288785563e-06,-4.401899798076205,4.2482337293437625e-06,1.0,2.0,0.5001060603393652
macro_fred,CPIAUCSL,FA,adam,classification,2,151,1,-0.9594582505639768,1.3093959269049414e-05,1.2107917089788482e-05,1.4930083781639096e-05,-4.243701682305498,1.0723996071673998e-05,1.0,2.0,0.5001060603393652
macro_fred,CPIAUCSL,FA,adam,classification,3,149,1,-2.0945437365460884,1.084864403565796e-05,8.107645808628638e-06,1.391490195884018e-05,-4.2348705495600605,8.45860474386493e-06,1.0,2.0,0.5001060603393652
macro_fred,DGS10,F0,sgd,regression,0,33,1,-2.3734862160724894,7.318011500954362e-05,4.1158264910589885e-05,0.00022984664356705424,-3.843127977900983,6.50824961852187e-05,0.005804239537444415,1.876163365127054,0.5101511629379096
macro_fred,DGS10,F0,sgd,regression,1,34,1,-0.17069912162846138,7.517640400760566e-05,3.463059764610243e-05,0.00029238161184771196,-3.8617493579544937,0.0003117293929326572,0.006011698521148909,1.876163365127054,0.5101511629379096
macro_fred,DGS10,F0,sgd,regression,2,35,1,-0.48336758221254034,6.13650698939188e-05,3.192624303623931e-05,0.00023043174024404636,-3.882014611145679,2.922503540397884e-05,0.005459631475657674,1.876163365127054,0.5101511629379096
macro_fred,DGS10,F0,sgd,regression,3,33,1,0.8198617867353313,7.668046700508619e-05,3.9246361906501095e-05,0.0002971791377208343,-3.8781497910802685,3.275655794019956e-05,0.005733499140880649,1.876163365127054,0.5101511629379096
macro_fred,DGS10,F0,sgd,classification,0,964,1,-1.2887506986215984,0.001014562240554499,0.0009118626904571544,0.001154029348560476,-2.495834831156958,0.0008902987918142205,1.0,1.876163365127054,0.5101511629379096
macro_fred,DGS10,F0,sgd,classification,1,956,1,-1.2999630349005846,0.000970111457427429,0.0008654301440914103,0.001104146232560465,-2.5090331331213527,0.0008481924845973875,1.0,1.876163365127054,0.5101511629379096
macro_fred,DGS10,F0,sgd,classification,2,959,1,-1.1706196583693842,0.0010327336604538104,0.0009367394819449166,0.0011559859067882842,-2.4965041018929663,0.0009091114434862486,1.0,1.876163365127054,0.5101511629379096
macro_fred,DGS10,F0,sgd,classification,3,934,1,-1.2472945722428703,0.0010267031962843502,0.0009107689991255187,0.0011555423288803358,-2.4955596522795713,0.0008959175493258414,1.0,1.876163365127054,0.5101511629379096
macro_fred,DGS10,F0,adam,regression,0,20,1,-1.3066633390635938,0.0005922530876331499,2.970595617934404e-05,0.00334394691469886,-3.374381319352413,0.0008082894124675192,0.004798596145465525,1.876163365127054,0.5101511629379096
macro_fred,DGS10,F0,adam,regression,1,20,1,-1.9512959574264193,0.0005202152086800995,1.709859824723181e-05,0.003755962596231966,-3.315179598666331,0.003396548467147814,0.005494532494347512,1.876163365127054,0.5101511629379096
macro_fred,DGS10,F0,adam,regression,2,21,1,1.5417635683245443,0.000689868138176686,2.8095327613654763e-05,0.003916254513727479,-3.355860083513137,5.0099371051331895e-06,0.004406937832838998,1.876163365127054,0.5101511629379096
macro_fred,DGS10,F0,adam,regression,3,20,1,0.24277771819951344,0.0005403715001875244,2.7814198658468407e-05,0.0035639835263045257,-3.3417247991132024,0.003445435588355139,0.004141515735604936,1.876163365127054,0.5101511629379096
macro_fred,DGS10,F0,adam,classification,0,166,1,-2.794331574183905,1.7166384257579238e-05,1.3724057804642975e-05,2.3386007174041254e-05,-4.020944212315532,1.341996648305273e-05,1.0,1.876163365127054,0.5101511629379096
macro_fred,DGS10,F0,adam,classification,1,161,1,-2.862276772253035,1.070195984240485e-05,7.99483535382747e-06,1.488415511538267e-05,-4.145183497733838,8.127331589888177e-06,1.0,1.876163365127054,0.5101511629379096
macro_fred,DGS10,F0,adam,classification,2,158,1,-1.2913747761510033,2.2043456270111007e-05,2.0054074865416148e-05,2.5965169246033498e-05,-4.01180334880859,1.7839642038659064e-05,1.0,1.876163365127054,0.5101511629379096
macro_fred,DGS10,F0,adam,classification,3,156,1,-2.2273136451278344,1.92271090562239e-05,1.420637378249958e-05,2.45690288044347e-05,-4.006930694665313,1.4702808286738201e-05,1.0,1.876163365127054,0.5101511629379096
macro_fred,DGS10,F1,sgd,regression,0,33,1,-2.4486346269228996,4.468072814955281e-05,1.2060685087240984e-05,0.00020280198669985207,-4.163731816583466,4.4548547299434384e-05,0.02573199672028319,1.876163365127054,0.5101511629379096
macro_fred,DGS10,F1,sgd,regression,1,33,1,0.4128267596251437,5.2871838575053136e-05,1.1016685518189346e-05,0.0002708181020332229,-4.179836575689541,0.00029266863287033106,0.026069582622926156,1.876163365127054,0.5101511629379096
macro_fred,DGS10,F1,sgd,regression,2,34,1,0.1653550338557628,3.937280511984299e-05,1.0557141638512504e-05,0.0002110735514773629,-4.189293485649527,1.2561211388806321e-05,0.025109737408734692,1.876163365127054,0.5101511629379096
macro_fred,DGS10,F1,sgd,regression,3,33,1,2.1531331936548352,4.8799615639508764e-05,1.1502430330051477e-05,0.0002765497766598299,-4.198132637123238,1.1257998300280546e-05,0.025411526399900585,1.876163365127054,0.5101511629379096
macro_fred,DGS10,F1,sgd,classification,0,972,1,-1.1862953098051898,0.0011584035832096157,0.001050216295316127,0.0013036140978084933,-2.462389943163036,0.001027274107622239,1.0,1.876163365127054,0.5101511629379096
macro_fred,DGS10,F1,sgd,classification,1,965,1,-1.193793671816571,0.001113795394280076,0.0010034219976275745,0.0012537180316477539,-2.474307551331659,0.0009847011680116432,1.0,1.876163365127054,0.5101511629379096
macro_fred,DGS10,F1,sgd,classification,2,973,1,-1.0840490639553122,0.001176178677607555,0.0010747134471968576,0.0013053101178604552,-2.4631500175744314,0.001045838668766573,1.0,1.876163365127054,0.5101511629379096
macro_fred,DGS10,F1,sgd,classification,3,949,1,-1.1505771221875634,0.0011705760366277004,0.00104932936763021,0.001305283968062527,-2.4621980139745707,0.001032956172528674,1.0,1.876163365127054,0.5101511629379096
macro_fred,DGS10,F1,adam,regression,0,20,1,-1.7119740672733692,0.0006010287138260597,2.2818845256236664e-05,0.0033844370531942985,-3.4276795929185258,0.0007515373062305262,0.01769413814366585,1.876163365127054,0.5101511629379096
macro_fred,DGS10,F1,adam,regression,1,20,1,-1.9059880595946437,0.0005152620909848809,1.5962946420821976e-05,0.003767452320647762,-3.386316978283092,0.003440187774205169,0.022047255601933363,1.876163365127054,0.5101511629379096
macro_fred,DGS10,F1,adam,regression,2,21,1,1.7412313459196227,0.0006885725278560562,2.022179984559685e-05,0.003915278265967141,-3.4101814247106685,4.303653917373117e-07,0.016663815132919653,1.876163365127054,0.5101511629379096
macro_fred,DGS10,F1,adam,regression,3,20,1,-0.1531485546486955,0.0005446052748828772,2.2024937645105772e-05,0.0035475496137002474,-3.385447355238769,0.0035398250529431125,0.01785122092859866,1.876163365127054,0.5101511629379096
macro_fred,DGS10,F1,adam,classification,0,170,1,-2.265828638181395,2.9422783269474925e-05,2.4741420613774197e-05,3.782373028717772e-05,-3.8595709916701866,2.409229501390942e-05,1.0,1.876163365127054,0.5101511629379096
macro_fred,DGS10,F1,adam,classification,1,165,1,-2.368866969238541,2.193415799845976e-05,1.7186691617168112e-05,2.8362136488563548e-05,-3.94257949771211,1.700454539077477e-05,1.0,1.876163365127054,0.5101511629379096
macro_fred,DGS10,F1,adam,classification,2,161,1,-1.2948781542274295,3.499841568639235e-05,3.1852270272109644e-05,4.077529078879095e-05,-3.8521213708671773,2.9329530578166387e-05,1.0,1.876163365127054,0.5101511629379096
macro_fred,DGS10,F1,adam,classification,3,159,1,-1.9163724423699413,3.2435083423656055e-05,2.572078561136685e-05,3.97239702021537e-05,-3.845048471822633,2.5817671357307187e-05,1.0,1.876163365127054,0.5101511629379096
macro_fred,DGS10,F2,sgd,regression,0,33,1,-3.1294609245628418,3.5176278371442064e-05,2.023828704131684e-06,0.00019487079788324928,-4.385955576158032,3.615835558728126e-05,0.05742750787426042,1.876163365127054,0.5101511629379096
macro_fred,DGS10,F2,sgd,regression,1,33,1,0.5767653977852253,4.472626314446402e-05,2.0441705108045744e-06,0.0002659513154691656,-4.405210573361761,0.00028741223884893295,0.05838520672606452,1.876163365127054,0.5101511629379096
macro_fred,DGS10,F2,sgd,regression,2,34,1,0.15499191209680369,3.159896194891964e-05,1.932274280104537e-06,0.00020567231246653749,-4.413838432533328,4.315139942380566e-06,0.05657086872679015,1.876163365127054,0.5101511629379096
macro_fred,DGS10,F2,sgd,regression,3,33,1,3.279469836020021,3.9741217788714876e-05,2.1822727792777627e-06,0.0002693611274145717,-4.427254264821721,2.1337286435976074e-06,0.05677648492193616,1.876163365127054,0.5101511629379096
macro_fred,DGS10,F2,sgd,classification,0,921,1,-1.109803368141173,0.0011930385511487534,0.001088443860722594,0.0013323002034619385,-2.4659506652844687,0.001066119054226063,1.0,1.876163365127054,0.5101511629379096
macro_fred,DGS10,F2,sgd,classification,1,920,1,-1.1161803990892778,0.0011499195133592636,0.0010429785934300034,0.001284341404172695,-2.4773408647587716,0.0010246377279155214,1.0,1.876163365127054,0.5101511629379096
macro_fred,DGS10,F2,sgd,classification,2,919,1,-1.015213397996988,0.0012099672932744023,0.001111851398463519,0.0013338884342055527,-2.4667676097512246,0.0010839076082979936,1.0,1.876163365127054,0.5101511629379096
macro_fred,DGS10,F2,sgd,classification,3,893,1,-1.0768755349170471,0.0012047533354004737,0.0010877188028849826,0.0013340435183738023,-2.465801870539416,0.0010716528666800047,1.0,1.876163365127054,0.5101511629379096
macro_fred,DGS10,F2,adam,regression,0,20,1,-1.1364256629058445,0.0006106625863620306,1.8179032547519672e-05,0.003420537936635897,-3.481759151188953,0.0007091473439496639,0.05543128112558155,1.876163365127054,0.5101511629379096
macro_fred,DGS10,F2,adam,regression,1,20,1,-1.8781166078535647,0.0005269894920588817,1.5808137541300467e-05,0.0038110902133151234,-3.4199658487641966,0.003505554666031124,0.05810671989532639,1.876163365127054,0.5101511629379096
macro_fred,DGS10,F2,adam,regression,2,21,1,1.6991844977788109,0.0006834286317804056,2.2381230008273432e-05,0.0038894055969351084,-3.4545460780180473,2.632707228120316e-07,0.049656782795154335,1.876163365127054,0.5101511629379096
macro_fred,DGS10,F2,adam,regression,3,20,1,0.06313225350444483,0.0005583390078352224,2.3354915475164677e-05,0.003588638720246683,-3.4198783930424503,0.0036821419974753283,0.04861181961191288,1.876163365127054,0.5101511629379096
macro_fred,DGS10,F2,adam,classification,0,163,1,-2.2409883032386393,3.385816259313385e-05,2.8498401456335264e-05,4.335455346608804e-05,-3.8105305286005215,2.7698470245460906e-05,1.0,1.876163365127054,0.5101511629379096
macro_fred,DGS10,F2,adam,classification,1,158,1,-2.359436016082075,2.56928532187522e-05,2.0201182203185697e-05,3.314051138384709e-05,-3.8875730817414977,1.9912188274644768e-05,1.0,1.876163365127054,0.5101511629379096
macro_fred,DGS10,F2,adam,classification,2,156,1,-1.3332978716056194,3.980100253946986e-05,3.609295184739803e-05,4.643769343606655e-05,-3.803530493007538,3.3324980590595846e-05,1.0,1.876163365127054,0.5101511629379096
macro_fred,DGS10,F2,adam,classification,3,153,1,-1.9181808392158481,3.714614661447456e-05,2.9538421921033837e-05,4.54564377641552e-05,-3.7967441116634717,2.959445830620078e-05,1.0,1.876163365127054,0.5101511629379096
macro_fred,DGS10,F4,sgd,regression,0,33,1,-2.2017406318133297,5.887331362862951e-05,2.642324746056434e-05,0.00021761188819445238,-4.006146069562942,5.630690861550863e-05,0.019243618303626094,1.876163365127054,0.5101511629379096
macro_fred,DGS10,F4,sgd,regression,1,34,1,0.1911773507924478,6.480166819081476e-05,2.3403178663592194e-05,0.00028028626572104145,-4.0217629488414,0.0003029140093352053,0.019556149902086935,1.876163365127054,0.5101511629379096
macro_fred,DGS10,F4,sgd,regression,2,34,1,-0.020508755485163753,5.132892805886735e-05,2.282046742198187e-05,0.00022185822809730153,-4.0333060849086975,2.316562152204158e-05,0.018699378531257593,1.876163365127054,0.5101511629379096
macro_fred,DGS10,F4,sgd,regression,3,33,1,1.5242572675105908,6.177804988238187e-05,2.4983243659013536e-05,0.0002875525130471047,-4.039375106719875,2.3132338223185968e-05,0.019029676067428076,1.876163365127054,0.5101511629379096
macro_fred,DGS10,F4,sgd,classification,0,983,1,-1.202566866679118,0.0011484044030223768,0.0010396216892990442,0.001294515486360883,-2.4633115900461107,0.0010165752317295032,1.0,1.876163365127054,0.5101511629379096
macro_fred,DGS10,F4,sgd,classification,1,977,1,-1.2107856331412086,0.0011034441807889102,0.0009924743494189334,0.0012442226337008098,-2.4753573238076068,0.0009736978427665476,1.0,1.876163365127054,0.5101511629379096
macro_fred,DGS10,F4,sgd,classification,2,984,1,-1.0984400799778145,0.0011663462747102031,0.001064367312782923,0.0012962457735188008,-2.464054766404703,0.001035324764725689,1.0,1.876163365127054,0.5101511629379096
macro_fred,DGS10,F4,sgd,classification,3,959,1,-1.1661377844899534,0.0011606544484894777,0.0010387001216615119,0.0012961508273884423,-2.463116971340022,0.0010222877598822914,1.0,1.876163365127054,0.5101511629379096
macro_fred,DGS10,F4,adam,regression,0,20,1,-1.708189013032197,0.0005925516256887777,2.2626049766891132e-05,0.0033540711920681237,-3.4040883850731545,0.0007767843249919038,0.014091948286828072,1.876163365127054,0.5101511629379096
macro_fred,DGS10,F4,adam,regression,1,20,1,-1.9554758019606775,0.0005170084817096146,1.6133185920574932e-05,0.003758593529003211,-3.3573426740914445,0.003410490643634761,0.01754914695257229,1.876163365127054,0.5101511629379096
macro_fred,DGS10,F4,adam,regression,2,21,1,2.0093051894161316,0.0006922342249440686,2.308825278371271e-05,0.003912821776263001,-3.3837375307453104,2.1590695782643596e-06,0.013586846831084869,1.876163365127054,0.5101511629379096
macro_fred,DGS10,F4,adam,regression,3,20,1,-0.09752931882419871,0.0005368754407379117,2.2497636564589135e-05,0.003552718111180899,-3.3686099022060865,0.003472815711190672,0.013737502911414108,1.876163365127054,0.5101511629379096
macro_fred,DGS10,F4,adam,classification,0,171,1,-2.404489034802377,2.6063022769833664e-05,2.1650745941230183e-05,3.405077774554442e-05,-3.8908239339162356,2.1081069003567627e-05,1.0,1.876163365127054,0.5101511629379096
macro_fred,DGS10,F4,adam,classification,1,166,1,-2.5320137560892007,1.87670378224374e-05,1.4380653124528294e-05,2.4711831770591664e-05,-3.981693079706961,1.4302839196110507e-05,1.0,1.876163365127054,0.5101511629379096
macro_fred,DGS10,F4,adam,classification,2,161,1,-1.3249235136213044,3.158303968595115e-05,2.8657240638238004e-05,3.697316227071975e-05,-3.8825316296410652,2.6201808690480048e-05,1.0,1.876163365127054,0.5101511629379096
macro_fred,DGS10,F4,adam,classification,3,159,1,-2.009532629121497,2.891744643522256e-05,2.2580991880075772e-05,3.579039970524495e-05,-3.8759134341368107,2.2736794457342093e-05,1.0,1.876163365127054,0.5101511629379096
macro_fred,DGS10,F7,sgd,regression,0,34,1,-2.232659356554658,5.496783209354362e-05,2.2931028423342843e-05,0.00021332719204493592,-4.04256176856404,5.292156082603994e-05,0.011979529312008932,1.876163365127054,0.5101511629379096
macro_fred,DGS10,F7,sgd,regression,1,34,1,0.2566854644286953,6.097570399135889e-05,2.0497538051837117e-05,0.00027528591651522635,-4.057870155390413,0.0002976971659390012,0.012220505771660364,1.876163365127054,0.5101511629379096
macro_fred,DGS10,F7,sgd,regression,2,35,1,0.045218724691753844,4.7680789054340426e-05,1.9893208803356066e-05,0.00021785255165095735,-4.068790686232417,2.0717368350585106e-05,0.011484654677396575,1.876163365127054,0.5101511629379096
macro_fred,DGS10,F7,sgd,regression,3,34,1,1.6617230251691433,5.855104572245939e-05,2.1715566523275186e-05,0.00028351030161600306,-4.075745821835283,2.0568426059075404e-05,0.011781134288502155,1.876163365127054,0.5101511629379096
macro_fred,DGS10,F7,sgd,classification,0,983,1,-1.2330480107104214,0.0011077952356321908,0.0010002904605579618,0.0012527187703797683,-2.4716899365983083,0.0009775865809338832,1.0,1.876163365127054,0.5101511629379096
macro_fred,DGS10,F7,sgd,classification,1,975,1,-1.2422844832338786,0.0010628578847922136,0.0009532241329606589,0.001202374649283761,-2.4840772005218694,0.0009348147493494779,1.0,1.876163365127054,0.5101511629379096
macro_fred,DGS10,F7,sgd,classification,2,983,1,-1.1245197593139542,0.0011258867142675483,0.00102520264132987,0.0012545243014647934,-2.4724043555972526,0.0009964434657522313,1.0,1.876163365127054,0.5101511629379096
macro_fred,DGS10,F7,sgd,classification,3,959,1,-1.1951441641623386,0.00112009321706008,0.0009993290116122994,0.0012543410399549315,-2.4714603606441807,0.0009833068545073093,1.0,1.876163365127054,0.5101511629379096
macro_fred,DGS10,F7,adam,regression,0,20,1,-1.787246999070344,0.0005851819043936904,2.2404072532736024e-05,0.0033165564245127965,-3.410722467162349,0.0008034287234482451,0.006650238620821672,1.876163365127054,0.5101511629379096
macro_fred,DGS10,F7,adam,regression,1,20,1,-1.9677150953240452,0.0005139886021538067,1.5089648893858943e-05,0.003721149204400136,-3.366240331770685,0.0033628278339046147,0.009758699638140276,1.876163365127054,0.5101511629379096
macro_fred,DGS10,F7,adam,regression,2,21,1,1.9737771396979642,0.0006628577465546612,2.3758783180478476e-05,0.00390658692207705,-3.390440500997879,2.128857904926832e-06,0.006257479426448088,1.876163365127054,0.5101511629379096
macro_fred,DGS10,F7,adam,regression,3,20,1,-0.1573313678016059,0.0005271010687538792,2.2508385255360547e-05,0.003514660642643941,-3.3753272872464657,0.0033672478100243196,0.006980451501601596,1.876163365127054,0.5101511629379096
macro_fred,DGS10,F7,adam,classification,0,170,1,-2.4522341623517785,2.3480446675211378e-05,1.9438888052844917e-05,3.088914656538522e-05,-3.9259645405401793,1.8972935562178225e-05,1.0,1.876163365127054,0.5101511629379096
macro_fred,DGS10,F7,adam,classification,1,165,1,-2.580908195812101,1.6625630290332843e-05,1.2638744530008624e-05,2.2031873725347047e-05,-4.021808911291801,1.2614063373721716e-05,1.0,1.876163365127054,0.5101511629379096
macro_fred,DGS10,F7,adam,classification,2,161,1,-1.3002359444425375,2.8890803536453263e-05,2.625824617400165e-05,3.3768274012330735e-05,-3.9170124160356092,2.391386225305605e-05,1.0,1.876163365127054,0.5101511629379096
macro_fred,DGS10,F7,adam,classification,3,159,1,-2.034918455364534,2.6186509378641958e-05,2.0340707402095833e-05,3.255389895245153e-05,-3.9102518972570515,2.0541214370969718e-05,1.0,1.876163365127054,0.5101511629379096
macro_fred,DGS10,F10,sgd,regression,0,33,1,-3.1336278184638067,3.522348348432012e-05,1.9982299357304063e-06,0.0001949495361296928,-4.386941510748595,3.621533677672161e-05,0.060515095007397136,1.876163365127054,0.5101511629379096
macro_fred,DGS10,F10,sgd,regression,1,33,1,0.5739743684513142,4.4786439607018296e-05,2.026622697313421e-06,0.00026616923519777995,-4.406242946272665,0.00028772525405470367,0.06149757709613697,1.876163365127054,0.5101511629379096
macro_fred,DGS10,F10,sgd,regression,2,34,1,0.15229535469648856,3.16414195371866e-05,1.916521365975327e-06,0.00020590659727930235,-4.41489045227137,4.306100140748779e-06,0.059655634524409897,1.876163365127054,0.5101511629379096
macro_fred,DGS10,F10,sgd,regression,3,33,1,3.2872598845221344,3.9716662144844296e-05,2.1699916841984487e-06,0.00026947709085349466,-4.428286081811052,2.0935655217797556e-06,0.0598554417276838,1.876163365127054,0.5101511629379096
macro_fred,DGS10,F10,sgd,classification,0,918,1,-1.1083110874846005,0.001189996505787824,0.0010858359202766733,0.0013287103407835948,-2.466987055290901,0.0010636063325045067,1.0,1.876163365127054,0.5101511629379096
macro_fred,DGS10,F10,sgd,classification,1,916,1,-1.1145851257734627,0.0011470033007814344,0.001040504238293424,0.0012808852119352244,-2.478384722314268,0.0010222450765874052,1.0,1.876163365127054,0.5101511629379096
macro_fred,DGS10,F10,sgd,classification,2,916,1,-1.013752844899682,0.0012068850601552827,0.0011091821438131532,0.0013303027660769785,-2.4678052465142732,0.0010813489261520357,1.0,1.876163365127054,0.5101511629379096
macro_fred,DGS10,F10,sgd,classification,3,889,1,-1.0753943731619195,0.001201681668177566,0.0010851161012816008,0.0013304546574330848,-2.4668364237074973,0.0010691264963310389,1.0,1.876163365127054,0.5101511629379096
macro_fred,DGS10,F10,adam,regression,0,20,1,-1.1247495429612113,0.000612878591724371,1.8221589322714632e-05,0.0034313691713072775,-3.4820505785415152,0.000705250235880592,0.05866875023712195,1.876163365127054,0.5101511629379096
macro_fred,DGS10,F10,adam,regression,1,20,1,-1.8696771911328793,0.0005273206636667393,1.627835915403115e-05,0.003808508050047285,-3.4197526425049545,0.003511208073929237,0.0614017138771884,1.876163365127054,0.5101511629379096
macro_fred,DGS10,F10,adam,regression,2,21,1,1.6938221133520024,0.0006826979705936887,2.1963819012949257e-05,0.003888927179969905,-3.4546546252154307,3.2286791933042115e-07,0.052851979145267756,1.876163365127054,0.5101511629379096
macro_fred,DGS10,F10,adam,regression,3,20,1,0.06566324809473065,0.0005594463101131952,2.356362814375255e-05,0.003601783323677496,-3.4198419068908223,0.0036949704253902553,0.051626683950342506,1.876163365127054,0.5101511629379096
macro_fred,DGS10,F10,adam,classification,0,163,1,-2.2431357144280546,3.391759144938442e-05,2.8542421472979092e-05,4.344138552976564e-05,-3.8098754915046635,2.773959948326753e-05,1.0,1.876163365127054,0.5101511629379096
macro_fred,DGS10,F10,adam,classification,1,158,1,-2.3626115453093557,2.5735438684449745e-05,2.0227640427675533e-05,3.320599833622114e-05,-3.886868855070545,1.993754697875366e-05,1.0,1.876163365127054,0.5101511629379096
macro_fred,DGS10,F10,adam,classification,2,155,1,-1.335227382439542,3.987209516440263e-05,3.6152085098031956e-05,4.6529267276336115e-05,-3.8028706177063567,3.3377039923998375e-05,1.0,1.876163365127054,0.5101511629379096
macro_fred,DGS10,F10,adam,classification,3,153,1,-1.9203409886483058,3.7212319039413414e-05,2.9583416549374357e-05,4.554719344984161e-05,-3.7961066146273237,2.9639304034369673e-05,1.0,1.876163365127054,0.5101511629379096
macro_fred,DGS10,F11,sgd,regression,0,33,1,-2.3734862160724894,7.318011500954362e-05,4.1158264910589885e-05,0.00022984664356705424,-3.843127977900983,6.50824961852187e-05,0.005804239537444415,1.876163365127054,0.5101511629379096
macro_fred,DGS10,F11,sgd,regression,1,34,1,-0.17069912162846138,7.517640400760566e-05,3.463059764610243e-05,0.00029238161184771196,-3.8617493579544937,0.0003117293929326572,0.006011698521148909,1.876163365127054,0.5101511629379096
macro_fred,DGS10,F11,sgd,regression,2,35,1,-0.48336758221254034,6.13650698939188e-05,3.192624303623931e-05,0.00023043174024404636,-3.882014611145679,2.922503540397884e-05,0.005459631475657674,1.876163365127054,0.5101511629379096
macro_fred,DGS10,F11,sgd,regression,3,33,1,0.8198617867353313,7.668046700508619e-05,3.9246361906501095e-05,0.0002971791377208343,-3.8781497910802685,3.275655794019956e-05,0.005733499140880649,1.876163365127054,0.5101511629379096
macro_fred,DGS10,F11,sgd,classification,0,964,1,-1.2887506986215984,0.001014562240554499,0.0009118626904571544,0.001154029348560476,-2.495834831156958,0.0008902987918142205,1.0,1.876163365127054,0.5101511629379096
macro_fred,DGS10,F11,sgd,classification,1,956,1,-1.2999630349005846,0.000970111457427429,0.0008654301440914103,0.001104146232560465,-2.5090331331213527,0.0008481924845973875,1.0,1.876163365127054,0.5101511629379096
macro_fred,DGS10,F11,sgd,classification,2,959,1,-1.1706196583693842,0.0010327336604538104,0.0009367394819449166,0.0011559859067882842,-2.4965041018929663,0.0009091114434862486,1.0,1.876163365127054,0.5101511629379096
macro_fred,DGS10,F11,sgd,classification,3,934,1,-1.2472945722428703,0.0010267031962843502,0.0009107689991255187,0.0011555423288803358,-2.4955596522795713,0.0008959175493258414,1.0,1.876163365127054,0.5101511629379096
macro_fred,DGS10,F11,adam,regression,0,20,1,-1.3066633390635938,0.0005922530876331499,2.970595617934404e-05,0.00334394691469886,-3.374381319352413,0.0008082894124675192,0.004798596145465525,1.876163365127054,0.5101511629379096
macro_fred,DGS10,F11,adam,regression,1,20,1,-1.9512959574264193,0.0005202152086800995,1.709859824723181e-05,0.003755962596231966,-3.315179598666331,0.003396548467147814,0.005494532494347512,1.876163365127054,0.5101511629379096
macro_fred,DGS10,F11,adam,regression,2,21,1,1.5417635683245443,0.000689868138176686,2.8095327613654763e-05,0.003916254513727479,-3.355860083513137,5.0099371051331895e-06,0.004406937832838998,1.876163365127054,0.5101511629379096
macro_fred,DGS10,F11,adam,regression,3,20,1,0.24277771819951344,0.0005403715001875244,2.7814198658468407e-05,0.0035639835263045257,-3.3417247991132024,0.003445435588355139,0.004141515735604936,1.876163365127054,0.5101511629379096
macro_fred,DGS10,F11,adam,classification,0,166,1,-2.794331574183905,1.7166384257579238e-05,1.3724057804642975e-05,2.3386007174041254e-05,-4.020944212315532,1.341996648305273e-05,1.0,1.876163365127054,0.5101511629379096
macro_fred,DGS10,F11,adam,classification,1,161,1,-2.862276772253035,1.070195984240485e-05,7.99483535382747e-06,1.488415511538267e-05,-4.145183497733838,8.127331589888177e-06,1.0,1.876163365127054,0.5101511629379096
macro_fred,DGS10,F11,adam,classification,2,158,1,-1.2913747761510033,2.2043456270111007e-05,2.0054074865416148e-05,2.5965169246033498e-05,-4.01180334880859,1.7839642038659064e-05,1.0,1.876163365127054,0.5101511629379096
macro_fred,DGS10,F11,adam,classification,3,156,1,-2.2273136451278344,1.92271090562239e-05,1.420637378249958e-05,2.45690288044347e-05,-4.006930694665313,1.4702808286738201e-05,1.0,1.876163365127054,0.5101511629379096
macro_fred,DGS10,FA,sgd,regression,0,33,1,-2.227285286985328,5.712159883600769e-05,2.489744119838863e-05,0.00021539354726906614,-4.020387104886564,5.46057701190275e-05,0.015634137037871868,1.876163365127054,0.5101511629379096
macro_fred,DGS10,FA,sgd,regression,1,34,1,0.2132572377577669,6.285928614241807e-05,2.203672886771907e-05,0.00027731561960540234,-4.035991576577258,0.00030006449310060294,0.015911567882224757,1.876163365127054,0.5101511629379096
macro_fred,DGS10,FA,sgd,regression,2,35,1,-0.005438664145845484,4.954510797341559e-05,2.140437502588568e-05,0.00021970202868997057,-4.047796756859205,2.188912485092908e-05,0.015078241101821021,1.876163365127054,0.5101511629379096
macro_fred,DGS10,FA,sgd,regression,3,34,1,1.5717192562540097,6.000503357977368e-05,2.3584064997651355e-05,0.00028544713735953296,-4.053918945853294,2.1947428693931067e-05,0.015431099858128757,1.876163365127054,0.5101511629379096
macro_fred,DGS10,FA,sgd,classification,0,983,1,-1.2065883484637876,0.00113460743777736,0.0010268824680392161,0.001279515177613129,-2.4667938924178077,0.0010040853335483728,1.0,1.876163365127054,0.5101511629379096
macro_fred,DGS10,FA,sgd,classification,1,977,1,-1.2146613483046287,0.001089879599044654,0.0009800103204234715,0.0012294365190352542,-2.478929775105181,0.0009614659861437361,1.0,1.876163365127054,0.5101511629379096
macro_fred,DGS10,FA,sgd,classification,2,984,1,-1.101621809538494,0.0011525102514080591,0.0010515489891501713,0.001281277295139143,-2.4675305293717837,0.001022772398351378,1.0,1.876163365127054,0.5101511629379096
macro_fred,DGS10,FA,sgd,classification,3,959,1,-1.169836006113582,0.0011468063625699292,0.0010259601695455456,0.0012811390251217256,-2.4665895574498062,0.0010097679186309777,1.0,1.876163365127054,0.5101511629379096
macro_fred,DGS10,FA,adam,regression,0,20,1,-1.7334809282014856,0.0005830355540413802,2.2947614628188174e-05,0.0033221621480130983,-3.407840617715871,0.0007951507658532028,0.009978940297061029,1.876163365127054,0.5101511629379096
macro_fred,DGS10,FA,adam,regression,1,20,1,-1.9677698094712586,0.0005211875241674753,1.496902114660608e-05,0.003741864666901202,-3.3592998632847646,0.0033807111661608457,0.013531667786899806,1.876163365127054,0.5101511629379096
macro_fred,DGS10,FA,adam,regression,2,21,1,2.0016858358199587,0.0006746062472073744,2.3365767981133556e-05,0.003911686992981153,-3.3869656068040714,2.3633050588225336e-06,0.009768276599434833,1.876163365127054,0.5101511629379096
macro_fred,DGS10,FA,adam,regression,3,20,1,-0.11891406085380246,0.0005301887511061202,2.27151519428596e-05,0.003521633392076443,-3.371947123459424,0.003405817925145873,0.009946219684121847,1.876163365127054,0.5101511629379096
macro_fred,DGS10,FA,adam,classification,0,170,1,-2.378160426636798,2.649361986029526e-05,2.205186221955934e-05,3.451224589294803e-05,-3.8895505653559086,2.14703817913001e-05,1.0,1.876163365127054,0.5101511629379096
macro_fred,DGS10,FA,adam,classification,1,166,1,-2.505150321975792,1.9172186694227493e-05,1.4735206367620138e-05,2.5163709867192998e-05,-3.979226403429685,1.4643513704487497e-05,1.0,1.876163365127054,0.5101511629379096
macro_fred,DGS10,FA,adam,classification,2,161,1,-1.3142452431491154,3.1998835268585445e-05,2.9054685826094107e-05,3.740440243751919e-05,-3.8814917527165553,2.659678622415548e-05,1.0,1.876163365127054,0.5101511629379096
macro_fred,DGS10,FA,adam,classification,3,159,1,-1.990920053099882,2.936956919609865e-05,2.2996296166117365e-05,3.6272903780231766e-05,-3.8746915898440832,2.3143434100101824e-05,1.0,1.876163365127054,0.5101511629379096
macro_fred,DEXUSEU,F0,sgd,regression,0,22,1,-3.0044528748749437,0.00010386574084178922,5.14985579136835e-05,0.0003609015308121374,-3.4195901356909943,0.00010019567451640712,0.01469082322929376,2.0,0.5579106838781023
macro_fred,DEXUSEU,F0,sgd,regression,1,22,1,-0.8356107601065111,0.00010647263552828406,4.760723522914072e-05,0.00043889722860549103,-3.4450856905534164,0.000475161522711915,0.014903032786782937,2.0,0.5579106838781023
macro_fred,DEXUSEU,F0,sgd,regression,2,22,1,-1.0068622509409133,8.326730812552091e-05,3.67414860258176e-05,0.0003516893230018349,-3.4726206719470536,3.476845226980109e-05,0.01448008567473458,2.0,0.5579106838781023
macro_fred,DEXUSEU,F0,sgd,regression,3,22,1,-0.38045297155168806,0.00011553795183187536,5.306273804772864e-05,0.00040687492611671565,-3.448262005694383,4.0480737021990135e-05,0.014751508602760328,2.0,0.5579106838781023
macro_fred,DEXUSEU,F0,sgd,classification,0,702,1,-1.7400244153620539,0.0006077401700373505,0.0005265015931249877,0.0007249209944395747,-2.6151046647104557,0.0005099634745898202,0.8995098039215687,2.0,0.5579106838781023
macro_fred,DEXUSEU,F0,sgd,classification,1,712,1,-1.7718556588941454,0.000565122377370531,0.00048297666062544674,0.0006765534797381693,-2.6342820727545813,0.0004714953684024215,0.8995098039215687,2.0,0.5579106838781023
macro_fred,DEXUSEU,F0,sgd,classification,2,683,1,-1.5365209986990334,0.0006264333358109225,0.0005515363195047877,0.0007273841208270934,-2.6156237485047615,0.0005283916983759167,0.8995098039215687,2.0,0.5579106838781023
macro_fred,DEXUSEU,F0,sgd,classification,3,699,1,-1.669350360090292,0.0006195930596430777,0.0005239323899195462,0.0007264506678815604,-2.6145321770569767,0.0005151122449652551,0.8995098039215687,2.0,0.5579106838781023
macro_fred,DEXUSEU,F0,adam,regression,0,20,1,-0.9618839115005757,0.0009649432680160726,8.179710882350722e-05,0.00547467686868456,-3.1465385017291774,0.0006617661958856093,0.013838045966326571,2.0,0.5579106838781023
macro_fred,DEXUSEU,F0,adam,regression,1,20,1,0.24328993697474358,0.0008819032778363998,5.153704843557168e-05,0.005157838578028014,-3.104771655112329,0.0012967829811430425,0.014250305891495027,2.0,0.5579106838781023
macro_fred,DEXUSEU,F0,adam,regression,2,20,1,1.8851733802411772,0.0010593546742026431,5.2826903858080414e-05,0.0058398656522455445,-3.1588300495976958,0.0011887762227521096,0.013885314282894102,2.0,0.5579106838781023
macro_fred,DEXUSEU,F0,adam,regression,3,20,1,1.6605780872916498,0.0010965733839492125,6.740013277849764e-05,0.005349028618703463,-3.12383406154036,0.0017245555842562083,0.013841486649810974,2.0,0.5579106838781023
macro_fred,DEXUSEU,F0,adam,classification,0,142,1,-2.4107148347292338,2.0701576183998924e-05,1.4566794693768859e-05,2.4105118917608833e-05,-4.133750589084415,1.3779358861129643e-05,0.9142156862745098,2.0,0.5579106838781023
macro_fred,DEXUSEU,F0,adam,classification,1,136,1,-0.07304697422420453,1.61320247158564e-05,1.4014287569538803e-05,1.7990717634940983e-05,-4.233528385394035,1.711179507846399e-05,0.9093137254901961,2.0,0.5579106838781023
macro_fred,DEXUSEU,F0,adam,classification,2,136,1,-1.0691737484340267,1.950642852938411e-05,1.735721648293558e-05,2.281871830590897e-05,-4.163025586079622,1.4178161372960812e-05,0.9166666666666666,2.0,0.5579106838781023
macro_fred,DEXUSEU,F0,adam,classification,3,135,1,-1.637904197717072,2.044229199750075e-05,1.4819722701029409e-05,2.3796077056643815e-05,-4.149149362252926,1.5186738564078346e-05,0.9142156862745098,2.0,0.5579106838781023
macro_fred,DEXUSEU,F1,sgd,regression,0,22,1,-2.027701971126886,0.00014014711199295834,8.857035688036775e-05,0.00039379690843282356,-3.5521534903706495,0.00013613789756424644,0.09299365148761676,2.0,0.5579106838781023
macro_fred,DEXUSEU,F1,sgd,regression,1,22,1,-0.6687708415634191,0.00013448241708391816,7.629283770923837e-05,0.0004672375057366759,-3.5719917881103584,0.0004994670567587007,0.09296542016115282,2.0,0.5579106838781023
macro_fred,DEXUSEU,F1,sgd,regression,2,22,1,-0.8035596907654754,0.00012161841550895863,7.248470542223765e-05,0.00038646136803515037,-3.577169296993394,6.78433822763494e-05,0.09173453548213632,2.0,0.5579106838781023
macro_fred,DEXUSEU,F1,sgd,regression,3,22,1,0.1966650890377618,0.00014494929354495563,8.485557378064961e-05,0.00043316111480477197,-3.5804747689923007,7.175631795684696e-05,0.09291140723141157,2.0,0.5579106838781023
macro_fred,DEXUSEU,F1,sgd,classification,0,765,1,-1.6186314466531828,0.0008217871197389241,0.0007184768474319508,0.0009671406380621844,-2.519327263521832,0.0006972543374314767,0.8088235294117647,2.0,0.5579106838781023
macro_fred,DEXUSEU,F1,sgd,classification,1,771,1,-1.6440773091492629,0.0007753032427299451,0.0006702716556980196,0.0009144007509149794,-2.5351906213609263,0.0006540012254724762,0.8088235294117647,2.0,0.5579106838781023
macro_fred,DEXUSEU,F1,sgd,classification,2,743,1,-1.455678574699311,0.0008426424113823494,0.0007461919028668368,0.000970083380434107,-2.519756840448539,0.0007180169240865462,0.8088235294117647,2.0,0.5579106838781023
macro_fred,DEXUSEU,F1,sgd,classification,3,753,1,-1.563147404214798,0.0008351636789883765,0.0007166803592013825,0.0009688788874823864,-2.5188123393302684,0.0007031476718356622,0.8088235294117647,2.0,0.5579106838781023
macro_fred,DEXUSEU,F1,adam,regression,0,20,1,-1.4352327516798813,0.0009215557119776186,4.469138342238638e-05,0.005296988450906196,-3.2188130700835518,0.0006213336878409921,0.06749139125254437,2.0,0.5579106838781023
macro_fred,DEXUSEU,F1,adam,regression,1,20,1,0.3123239795404613,0.0008298678257147134,4.036868735760718e-05,0.005101220708654431,-3.185797351614696,0.0013388966890878872,0.08243384480842722,2.0,0.5579106838781023
macro_fred,DEXUSEU,F1,adam,regression,2,21,1,2.3410838169034442,0.0010194098498321413,3.5908582513633625e-05,0.005642353278749783,-3.2123049110300177,0.001199870210644817,0.07279858709023278,2.0,0.5579106838781023
macro_fred,DEXUSEU,F1,adam,regression,3,20,1,1.3028618376324723,0.0010498066924195327,3.5427103911033584e-05,0.005260605126770305,-3.197759439599398,0.0018144363732582255,0.07401201809124151,2.0,0.5579106838781023
macro_fred,DEXUSEU,F1,adam,classification,0,155,1,-2.2282333334065085,1.3415313316561046e-05,1.1395012638250511e-05,1.7055679067052903e-05,-4.161686416978056,1.1246789607427607e-05,0.8186274509803921,2.0,0.5579106838781023
macro_fred,DEXUSEU,F1,adam,classification,1,148,1,-1.372229044776228,9.222427218633738e-06,8.491202982913762e-06,1.099279222204553e-05,-4.29289350915736,8.590574687059787e-06,0.8186274509803921,2.0,0.5579106838781023
macro_fred,DEXUSEU,F1,adam,classification,2,148,1,-0.7902962641678442,1.7082932616154683e-05,1.6021313969970334e-05,1.9284283356948698e-05,-4.15656554027679,1.4198232182807935e-05,0.8186274509803921,2.0,0.5579106838781023
macro_fred,DEXUSEU,F1,adam,classification,3,146,1,-1.6136345812436261,1.433242737693537e-05,1.1321615308353845e-05,1.7632925457671868e-05,-4.150995012761888,1.1886354777252504e-05,0.8186274509803921,2.0,0.5579106838781023
macro_fred,DEXUSEU,F2,sgd,regression,0,26,1,-2.1281415045387027,6.0218366068861725e-05,1.723659376197411e-05,0.0002792509992590997,-4.0431369859806185,7.09048515827926e-05,0.19988432976020407,2.0,0.5579106838781023
macro_fred,DEXUSEU,F2,sgd,regression,1,26,1,0.06447707201288379,6.83499032537197e-05,1.598328859636886e-05,0.0003492140020491849,-4.059928766709175,0.0003900187841951555,0.1998383333221312,2.0,0.5579106838781023
macro_fred,DEXUSEU,F2,sgd,regression,2,26,1,-0.04626195169930126,5.4674231948061336e-05,1.4934116236823761e-05,0.0002916271325935223,-4.066341030036886,1.928701650052915e-05,0.19837935640513307,2.0,0.5579106838781023
macro_fred,DEXUSEU,F2,sgd,regression,3,26,1,1.8266014707469234,6.463473357705753e-05,1.646428164811416e-05,0.0003335211371185153,-4.072818146723558,1.4423557984920066e-05,0.19917639482638755,2.0,0.5579106838781023
macro_fred,DEXUSEU,F2,sgd,classification,0,842,1,-1.5355716586425454,0.0008861978108057134,0.000780833588007798,0.0010336912298267431,-2.496855360546917,0.000759128820592454,0.7696078431372549,2.0,0.5579106838781023
macro_fred,DEXUSEU,F2,sgd,classification,1,841,1,-1.5525231996801552,0.0008400939754786785,0.0007332118274691518,0.0009811110030707123,-2.5118643040758832,0.000716333503639494,0.7696078431372549,2.0,0.5579106838781023
macro_fred,DEXUSEU,F2,sgd,classification,2,830,1,-1.3874438181358535,0.0009065100774589146,0.0008079204682813814,0.001036329261601194,-2.497363937796592,0.0007794634136456154,0.7720588235294118,2.0,0.5579106838781023
macro_fred,DEXUSEU,F2,sgd,classification,3,824,1,-1.484239792487451,0.0008993702760523223,0.000779279747799615,0.0010352893967323896,-2.496388506998873,0.0007649910008683361,0.7696078431372549,2.0,0.5579106838781023
macro_fred,DEXUSEU,F2,adam,regression,0,20,1,-1.9543095829249306,0.0007619109145928244,2.901107822289742e-05,0.0043084081283764454,-3.349924620847047,0.0002698170186525545,0.1684390459666788,2.0,0.5579106838781023
macro_fred,DEXUSEU,F2,adam,regression,1,20,1,-0.30973486714016335,0.0007139235272912107,2.3129377107638748e-05,0.004287237969735692,-3.311234557438076,0.002637804347091406,0.1814122851453023,2.0,0.5579106838781023
macro_fred,DEXUSEU,F2,adam,regression,2,21,1,2.4533609321080503,0.000896970006971544,3.501992302016546e-05,0.004931453659603713,-3.3364213529751976,0.0007937978020801411,0.16824616396763417,2.0,0.5579106838781023
macro_fred,DEXUSEU,F2,adam,regression,3,20,1,-0.028953211183912905,0.0008771737276777037,2.537355109899497e-05,0.004621304828054034,-3.3027189634176928,0.003595161192584323,0.17437774359317998,2.0,0.5579106838781023
macro_fred,DEXUSEU,F2,adam,classification,0,163,1,-2.5961711523669107,1.5145456923953855e-05,1.237973134201406e-05,2.032584528619831e-05,-4.075470226855003,1.2194779679917258e-05,0.7720588235294118,2.0,0.5579106838781023
macro_fred,DEXUSEU,F2,adam,classification,1,158,1,-2.7344738512377,1.0028081961928583e-05,7.4263614362539075e-06,1.3653163306874216e-05,-4.19162492473789,7.4610314126341755e-06,0.7720588235294118,2.0,0.5579106838781023
macro_fred,DEXUSEU,F2,adam,classification,2,156,1,-1.1706827373885558,1.966006502481798e-05,1.8045403503857084e-05,2.2851572694621366e-05,-4.063252587422212,1.6238609973302956e-05,0.7720588235294118,2.0,0.5579106838781023
macro_fred,DEXUSEU,F2,adam,classification,3,154,1,-2.0782743017352,1.7189912732092605e-05,1.3112411585357277e-05,2.1687045594804415e-05,-4.056314164821414,1.3423141533319963e-05,0.7720588235294118,2.0,0.5579106838781023
macro_fred,DEXUSEU,F4,sgd,regression,0,22,1,-2.818354839531106,0.00013484829957108286,7.755003546905941e-05,0.0003906945693298768,-3.417778602843344,0.00011763384541039816,0.05966251114527973,2.0,0.5579106838781023
macro_fred,DEXUSEU,F4,sgd,regression,1,22,1,-1.193353514971277,0.00012253117189619449,6.325726456648848e-05,0.0004599578570747655,-3.4480580978491084,0.00048699196585473293,0.05988829054180757,2.0,0.5579106838781023
macro_fred,DEXUSEU,F4,sgd,regression,2,22,1,-1.5650028586978504,0.00011017028751018971,5.6037685867502115e-05,0.00037487036609120013,-3.4546396260106174,4.942335953356931e-05,0.05904988298784621,2.0,0.5579106838781023
macro_fred,DEXUSEU,F4,sgd,regression,3,22,1,-0.48442153235073,0.00014081993240095092,7.448357459032337e-05,0.0004299343964831789,-3.4505087998507697,5.7048461572198194e-05,0.05986969282495044,2.0,0.5579106838781023
macro_fred,DEXUSEU,F4,sgd,classification,0,749,1,-1.58711994123038,0.0008082100681143837,0.0007087134126453716,0.0009480946928047037,-2.5297472003606662,0.0006882875150648139,0.8406862745098039,2.0,0.5579106838781023
macro_fred,DEXUSEU,F4,sgd,classification,1,756,1,-1.60965187018913,0.0007628389938248463,0.0006618192833054663,0.0008966089826558333,-2.5456408588870287,0.0006462104760430175,0.8406862745098039,2.0,0.5579106838781023
macro_fred,DEXUSEU,F4,sgd,classification,2,730,1,-1.4263412872339583,0.0008281807016775895,0.000735413311156854,0.0009506596342871869,-2.5302790735613736,0.0007082458895244599,0.8406862745098039,2.0,0.5579106838781023
macro_fred,DEXUSEU,F4,sgd,classification,3,742,1,-1.532073447486631,0.0008211550776674333,0.0007069471595344106,0.000949787154588214,-2.529254363951384,0.0006940215924533213,0.8406862745098039,2.0,0.5579106838781023
macro_fred,DEXUSEU,F4,adam,regression,0,20,1,-1.1858452793962992,0.0009338872813793903,6.28151551542595e-05,0.005406770249128401,-3.176914346079394,0.0006576091280124438,0.049921822677393944,2.0,0.5579106838781023
macro_fred,DEXUSEU,F4,adam,regression,1,20,1,0.2993803456060547,0.0008668033179876528,4.3990742529570074e-05,0.005162777329327019,-3.134080928173711,0.0013071527186135465,0.05590941138756678,2.0,0.5579106838781023
macro_fred,DEXUSEU,F4,adam,regression,2,20,1,2.2237563853520044,0.0010401184643993244,3.737374226146468e-05,0.005802164126262315,-3.1857626556975847,0.001184383071532388,0.052587530096887755,2.0,0.5579106838781023
macro_fred,DEXUSEU,F4,adam,regression,3,20,1,1.3939969069260199,0.0010671335926159386,4.612484828939449e-05,0.005302882923443624,-3.157695039731113,0.0017527657779064188,0.05262217064646025,2.0,0.5579106838781023
macro_fred,DEXUSEU,F4,adam,classification,0,152,1,-2.3965340783816593,1.4513463226706984e-05,1.1959503260404938e-05,1.8598549895868983e-05,-4.133962094976252,1.163500111036332e-05,0.8431372549019608,2.0,0.5579106838781023
macro_fred,DEXUSEU,F4,adam,classification,1,145,1,-1.7959022386790748,9.272478695425396e-06,8.121719758650657e-06,1.1543816034756003e-05,-4.267622683735333,8.269677692122698e-06,0.8406862745098039,2.0,0.5579106838781023
macro_fred,DEXUSEU,F4,adam,classification,2,145,1,-0.9148028538135522,1.7772167394065428e-05,1.6420376446001682e-05,2.009195820198493e-05,-4.133818157587156,1.4554955915471331e-05,0.8406862745098039,2.0,0.5579106838781023
macro_fred,DEXUSEU,F4,adam,classification,3,144,1,-1.7978627836784027,1.5479077793383354e-05,1.179043647340896e-05,1.902297266777736e-05,-4.125207579964637,1.2355329513658597e-05,0.8406862745098039,2.0,0.5579106838781023
macro_fred,DEXUSEU,F7,sgd,regression,0,23,1,-2.6281243154153247,0.00014293244994160358,8.675263767490492e-05,0.0003967859851054432,-3.4249625577578318,0.00012624410016425254,0.0346658051733752,2.0,0.5579106838781023
macro_fred,DEXUSEU,F7,sgd,regression,1,23,1,-1.1165573094502073,0.00013083838829579898,7.214312501890314e-05,0.0004648556849333835,-3.4523879842702425,0.0004906965417875678,0.03491516254048275,2.0,0.5579106838781023
macro_fred,DEXUSEU,F7,sgd,regression,2,23,1,-1.4219244501610642,0.0001191710854071887,6.503031056614498e-05,0.0003815709978136038,-3.458365142858754,5.806266557821231e-05,0.03398270551268026,2.0,0.5579106838781023
macro_fred,DEXUSEU,F7,sgd,regression,3,22,1,-0.3983515029274999,0.00014846208672486752,8.282491010464427e-05,0.00043157160042635366,-3.4564891069514143,6.502248774761836e-05,0.03481610493366037,2.0,0.5579106838781023
macro_fred,DEXUSEU,F7,sgd,classification,0,764,1,-1.6042583271668391,0.0008084628668371945,0.0007079098702491192,0.0009500467872170178,-2.5261879165241927,0.0006872809809632756,0.8700980392156863,2.0,0.5579106838781023
macro_fred,DEXUSEU,F7,sgd,classification,1,771,1,-1.6276541369984687,0.0007627447004088927,0.0006606485530646193,0.0008981321002643206,-2.5421448767853527,0.000644894216242764,0.8700980392156863,2.0,0.5579106838781023
macro_fred,DEXUSEU,F7,sgd,classification,2,743,1,-1.4417706797588823,0.0008287229384459807,0.0007349356875841085,0.0009527226140096939,-2.5266808859954497,0.0007074835370210277,0.8725490196078431,2.0,0.5579106838781023
macro_fred,DEXUSEU,F7,sgd,classification,3,753,1,-1.5486805494950602,0.0008215436074190158,0.0007061038350938016,0.0009517398125244734,-2.525682844312197,0.0006930541146335687,0.8700980392156863,2.0,0.5579106838781023
macro_fred,DEXUSEU,F7,adam,regression,0,20,1,-1.2410937315306227,0.0009223228229999862,5.607590339511143e-05,0.005287166202783349,-3.183946760380964,0.0006193121963194481,0.024388378597316223,2.0,0.5579106838781023
macro_fred,DEXUSEU,F7,adam,regression,1,20,1,0.26922276573259635,0.0008505717585893588,4.29416762122383e-05,0.00503986980207165,-3.1426576084120788,0.0013682844952938326,0.029988911028657174,2.0,0.5579106838781023
macro_fred,DEXUSEU,F7,adam,regression,2,20,1,2.198236342474508,0.0010278111039159158,3.6984096090792526e-05,0.005589067775038,-3.189220595734566,0.001214984968969514,0.02569508870856293,2.0,0.5579106838781023
macro_fred,DEXUSEU,F7,adam,regression,3,20,1,1.2933573393048845,0.0010587032884961465,4.458049656985846e-05,0.005276036952367356,-3.1633545098771654,0.001859157678432536,0.026350079231595186,2.0,0.5579106838781023
macro_fred,DEXUSEU,F7,adam,classification,0,154,1,-2.287293572912296,1.4852724732767349e-05,1.2386896431934091e-05,1.8811482884516427e-05,-4.134811296188205,1.2050077522642466e-05,0.8774509803921569,2.0,0.5579106838781023
macro_fred,DEXUSEU,F7,adam,classification,1,147,1,-1.5960523610307944,9.75750901372809e-06,8.748072239384666e-06,1.1868270219048e-05,-4.26576805632401,8.887409680605158e-06,0.8774509803921569,2.0,0.5579106838781023
macro_fred,DEXUSEU,F7,adam,classification,2,147,1,-0.8789461245601479,1.8023621747767583e-05,1.6727284315733826e-05,2.034207811212078e-05,-4.135019986709293,1.4867099287327065e-05,0.8823529411764706,2.0,0.5579106838781023
macro_fred,DEXUSEU,F7,adam,classification,3,146,1,-1.6930866800273165,1.577493400694204e-05,1.2184399368849686e-05,1.9215209376278473e-05,-4.12674035714308,1.2743467957683923e-05,0.8774509803921569,2.0,0.5579106838781023
macro_fred,DEXUSEU,F10,sgd,regression,0,26,1,-2.1293734899943924,6.010811419396796e-05,1.7031125188703147e-05,0.0002792600476940004,-4.044961144397662,7.081295112554035e-05,0.2112378373063978,2.0,0.5579106838781023
macro_fred,DEXUSEU,F10,sgd,regression,1,26,1,0.06594760128377838,6.826455943500243e-05,1.5849825235145925e-05,0.00034927334195774705,-4.061708538860716,0.00039015662528409133,0.21117610771369574,2.0,0.5579106838781023
macro_fred,DEXUSEU,F10,sgd,regression,2,25,1,-0.04353869272429779,5.458000273645216e-05,1.4780504019602502e-05,0.0002918413823297355,-4.068163654539934,1.9163415185150463e-05,0.209763479548541,2.0,0.5579106838781023
macro_fred,DEXUSEU,F10,sgd,regression,3,26,1,1.8341443415640843,6.45095904657799e-05,1.6294417672956368e-05,0.0003334400771172753,-4.07456542234267,1.4295334706337984e-05,0.2105491300447988,2.0,0.5579106838781023
macro_fred,DEXUSEU,F10,sgd,classification,0,843,1,-1.5371473420999016,0.0008877042143431851,0.0007820350861767466,0.001035610322176782,-2.4960767321910646,0.0007602665739567846,0.7647058823529411,2.0,0.5579106838781023
macro_fred,DEXUSEU,F10,sgd,classification,1,842,1,-1.5542271737126956,0.0008415103724419249,0.0007343185330953211,0.0009829281774748505,-2.5110790842333683,0.000717387037800306,0.7647058823529411,2.0,0.5579106838781023
macro_fred,DEXUSEU,F10,sgd,classification,2,831,1,-1.3889668391657857,0.0009080563287510681,0.0008091758572441081,0.0010382499566602154,-2.496583601549919,0.0007806410149370051,0.7647058823529411,2.0,0.5579106838781023
macro_fred,DEXUSEU,F10,sgd,classification,3,825,1,-1.4858073936441054,0.0009009030373516695,0.0007804772890756511,0.0010372084504237343,-2.495610928025775,0.0007661400513648945,0.7647058823529411,2.0,0.5579106838781023
macro_fred,DEXUSEU,F10,adam,regression,0,20,1,-1.9514834427818215,0.000762597549464434,2.8978410479331714e-05,0.004313487680246417,-3.3501791752109593,0.00027035694360936434,0.18031579064657768,2.0,0.5579106838781023
macro_fred,DEXUSEU,F10,adam,regression,1,20,1,-0.314240395027512,0.0007138661744448082,2.318435297223304e-05,0.004290586815500919,-3.3114605930312093,0.0026329061271409618,0.19284273881582872,2.0,0.5579106838781023
macro_fred,DEXUSEU,F10,adam,regression,2,21,1,2.444368026645543,0.0008962498224762418,3.536977175924471e-05,0.004933537306114359,-3.3367092513699554,0.000796374975606039,0.18008774699527072,2.0,0.5579106838781023
macro_fred,DEXUSEU,F10,adam,regression,3,20,1,-0.02759838936793634,0.0008769487011739932,2.532192224161686e-05,0.004632825678390178,-3.3027481668574405,0.0035884497352543384,0.18618120409158828,2.0,0.5579106838781023
macro_fred,DEXUSEU,F10,adam,classification,0,163,1,-2.6056052397597247,1.5018521880183936e-05,1.226570685032859e-05,2.017798674714901e-05,-4.077284076713846,1.2085663729912549e-05,0.7647058823529411,2.0,0.5579106838781023
macro_fred,DEXUSEU,F10,adam,classification,1,158,1,-2.7455871061275188,9.921397973722643e-06,7.337036879775932e-06,1.3528767836003074e-05,-4.194022471507592,7.372811144730882e-06,0.7671568627450981,2.0,0.5579106838781023
macro_fred,DEXUSEU,F10,adam,classification,2,156,1,-1.170983636287053,1.9533638213427237e-05,1.79265520669494e-05,2.270968987018425e-05,-4.06494722320085,1.612364164016652e-05,0.7671568627450981,2.0,0.5579106838781023
macro_fred,DEXUSEU,F10,adam,classification,3,154,1,-2.084333826441733,1.7055041351801024e-05,1.299697624431468e-05,2.1537792311987426e-05,-4.058047552325212,1.3309868481225977e-05,0.7647058823529411,2.0,0.5579106838781023
macro_fred,DEXUSEU,F11,sgd,regression,0,22,1,-3.0044528748749437,0.00010386574084178922,5.14985579136835e-05,0.0003609015308121374,-3.4195901356909943,0.00010019567451640712,0.01469082322929376,2.0,0.5579106838781023
macro_fred,DEXUSEU,F11,sgd,regression,1,22,1,-0.8356107601065111,0.00010647263552828406,4.760723522914072e-05,0.00043889722860549103,-3.4450856905534164,0.000475161522711915,0.014903032786782937,2.0,0.5579106838781023
macro_fred,DEXUSEU,F11,sgd,regression,2,22,1,-1.0068622509409133,8.326730812552091e-05,3.67414860258176e-05,0.0003516893230018349,-3.4726206719470536,3.476845226980109e-05,0.01448008567473458,2.0,0.5579106838781023
macro_fred,DEXUSEU,F11,sgd,regression,3,22,1,-0.38045297155168806,0.00011553795183187536,5.306273804772864e-05,0.00040687492611671565,-3.448262005694383,4.0480737021990135e-05,0.014751508602760328,2.0,0.5579106838781023
macro_fred,DEXUSEU,F11,sgd,classification,0,702,1,-1.7400244153620539,0.0006077401700373505,0.0005265015931249877,0.0007249209944395747,-2.6151046647104557,0.0005099634745898202,0.8995098039215687,2.0,0.5579106838781023
macro_fred,DEXUSEU,F11,sgd,classification,1,712,1,-1.7718556588941454,0.000565122377370531,0.00048297666062544674,0.0006765534797381693,-2.6342820727545813,0.0004714953684024215,0.8995098039215687,2.0,0.5579106838781023
macro_fred,DEXUSEU,F11,sgd,classification,2,683,1,-1.5365209986990334,0.0006264333358109225,0.0005515363195047877,0.0007273841208270934,-2.6156237485047615,0.0005283916983759167,0.8995098039215687,2.0,0.5579106838781023
macro_fred,DEXUSEU,F11,sgd,classification,3,699,1,-1.669350360090292,0.0006195930596430777,0.0005239323899195462,0.0007264506678815604,-2.6145321770569767,0.0005151122449652551,0.8995098039215687,2.0,0.5579106838781023
macro_fred,DEXUSEU,F11,adam,regression,0,20,1,-0.9618839115005757,0.0009649432680160726,8.179710882350722e-05,0.00547467686868456,-3.1465385017291774,0.0006617661958856093,0.013838045966326571,2.0,0.5579106838781023
macro_fred,DEXUSEU,F11,adam,regression,1,20,1,0.24328993697474358,0.0008819032778363998,5.153704843557168e-05,0.005157838578028014,-3.104771655112329,0.0012967829811430425,0.014250305891495027,2.0,0.5579106838781023
macro_fred,DEXUSEU,F11,adam,regression,2,20,1,1.8851733802411772,0.0010593546742026431,5.2826903858080414e-05,0.0058398656522455445,-3.1588300495976958,0.0011887762227521096,0.013885314282894102,2.0,0.5579106838781023
macro_fred,DEXUSEU,F11,adam,regression,3,20,1,1.6605780872916498,0.0010965733839492125,6.740013277849764e-05,0.005349028618703463,-3.12383406154036,0.0017245555842562083,0.013841486649810974,2.0,0.5579106838781023
macro_fred,DEXUSEU,F11,adam,classification,0,142,1,-2.4107148347292338,2.0701576183998924e-05,1.4566794693768859e-05,2.4105118917608833e-05,-4.133750589084415,1.3779358861129643e-05,0.9142156862745098,2.0,0.5579106838781023
macro_fred,DEXUSEU,F11,adam,classification,1,136,1,-0.07304697422420453,1.61320247158564e-05,1.4014287569538803e-05,1.7990717634940983e-05,-4.233528385394035,1.711179507846399e-05,0.9093137254901961,2.0,0.5579106838781023
macro_fred,DEXUSEU,F11,adam,classification,2,136,1,-1.0691737484340267,1.950642852938411e-05,1.735721648293558e-05,2.281871830590897e-05,-4.163025586079622,1.4178161372960812e-05,0.9166666666666666,2.0,0.5579106838781023
macro_fred,DEXUSEU,F11,adam,classification,3,135,1,-1.637904197717072,2.044229199750075e-05,1.4819722701029409e-05,2.3796077056643815e-05,-4.149149362252926,1.5186738564078346e-05,0.9142156862745098,2.0,0.5579106838781023
macro_fred,DEXUSEU,FA,sgd,regression,0,22,1,-2.7179672796880685,0.00013711875913165607,8.049867773950678e-05,0.00039236315557356104,-3.42812533383419,0.0001209633040819846,0.0422958022841402,2.0,0.5579106838781023
macro_fred,DEXUSEU,FA,sgd,regression,1,22,1,-1.1396364315609766,0.0001255924424533669,6.632112508812834e-05,0.000461812631453949,-3.4569013134949382,0.0004890365183554501,0.042589153130752344,2.0,0.5579106838781023
macro_fred,DEXUSEU,FA,sgd,regression,2,22,1,-1.4801047179275233,0.0001130483717026331,5.9265846282270155e-05,0.0003774216045253321,-3.463472798869925,5.259837957535783e-05,0.04154810253136648,2.0,0.5579106838781023
macro_fred,DEXUSEU,FA,sgd,regression,3,22,1,-0.41842801808346197,0.00014273549756268694,7.732920946561795e-05,0.00043115005614463754,-3.4603069212663886,6.001012490191107e-05,0.042473995746848056,2.0,0.5579106838781023
macro_fred,DEXUSEU,FA,sgd,classification,0,757,1,-1.595157105910662,0.0008179927118367478,0.0007167463606538178,0.0009603076425892717,-2.523353727330794,0.0006959580849343291,0.8627450980392157,2.0,0.5579106838781023
macro_fred,DEXUSEU,FA,sgd,classification,1,764,1,-1.6180443036292194,0.0007722069073202066,0.0006694147564745072,0.0009083160934182153,-2.5391716216858535,0.0006534887048753654,0.8627450980392157,2.0,0.5579106838781023
macro_fred,DEXUSEU,FA,sgd,classification,2,735,1,-1.4345534975737455,0.0008382143871033961,0.0007437506722765084,0.0009629150080739435,-2.5238695847355705,0.000716149556369447,0.8627450980392157,2.0,0.5579106838781023
macro_fred,DEXUSEU,FA,sgd,classification,3,746,1,-1.540265572828506,0.0008310933752089887,0.000714982662727574,0.0009620137926765873,-2.5228553417219635,0.0007017580901390332,0.8627450980392157,2.0,0.5579106838781023
macro_fred,DEXUSEU,FA,adam,regression,0,20,1,-1.2132610372947037,0.0009284971361165075,5.923042452891343e-05,0.0053523097050469275,-3.1808927155098474,0.0006489098057919802,0.03126604144304464,2.0,0.5579106838781023
macro_fred,DEXUSEU,FA,adam,regression,1,20,1,0.2917224015837278,0.0008486071508278731,4.4816479963497765e-05,0.005124423022840022,-3.1378601361894716,0.0013201798075308806,0.037319908669451674,2.0,0.5579106838781023
macro_fred,DEXUSEU,FA,adam,regression,2,20,1,2.2237400727917205,0.0010390607829280515,3.716551099114835e-05,0.00574267823978141,-3.1881470293994143,0.0011915911205905138,0.03328667066637659,2.0,0.5579106838781023
macro_fred,DEXUSEU,FA,adam,regression,3,20,1,1.3543092602459945,0.0010612091697009291,4.449115741178065e-05,0.005284098722144808,-3.16054433281861,0.0017752487528427741,0.03342403723702922,2.0,0.5579106838781023
macro_fred,DEXUSEU,FA,adam,classification,0,154,1,-2.561285554704289,1.3081215587673218e-05,1.064247051092196e-05,1.713349585801203e-05,-4.150475514121249,1.0391794785561149e-05,0.8627450980392157,2.0,0.5579106838781023
macro_fred,DEXUSEU,FA,adam,classification,1,147,1,-2.0524499812013843,8.117588467972156e-06,6.859735032056494e-06,1.0430434593334764e-05,-4.290082270132041,7.008874845967289e-06,0.8627450980392157,2.0,0.5579106838781023
macro_fred,DEXUSEU,FA,adam,classification,2,147,1,-0.9513836158636315,1.659251766127848e-05,1.529974825564432e-05,1.8868062727588253e-05,-4.1472398833761455,1.3487369917998224e-05,0.8676470588235294,2.0,0.5579106838781023
macro_fred,DEXUSEU,FA,adam,classification,3,145,1,-1.928129770394938,1.4240620864878522e-05,1.063199939212016e-05,1.7779082298698127e-05,-4.138756170872609,1.1204336226660119e-05,0.8627450980392157,2.0,0.5579106838781023
macro_fred,VIXCLS,F0,sgd,regression,0,23,1,-3.059508965728756,9.852974421775118e-05,4.711594847976547e-05,0.00035234003201515754,-3.465979395916995,9.530773178583827e-05,0.014863578921783556,1.9956812347833623,0.513367615085477
macro_fred,VIXCLS,F0,sgd,regression,1,23,1,-0.8814100106525062,0.00010074885638476682,4.238016651166791e-05,0.00042927874965166795,-3.4921320560289106,0.00046593087027550263,0.015123927226642521,1.9956812347833623,0.513367615085477
macro_fred,VIXCLS,F0,sgd,regression,2,23,1,-1.041937355982077,7.858580516448089e-05,3.222578207754949e-05,0.00034564827742211197,-3.5228856494504415,3.042955063931881e-05,0.014694545381745123,1.9956812347833623,0.513367615085477
macro_fred,VIXCLS,F0,sgd,regression,3,22,1,-0.37059377813961863,0.00010928115065058857,4.794661313836951e-05,0.00039513167002997785,-3.496031921198883,3.52873205760129e-05,0.015007496586489638,1.9956812347833623,0.513367615085477
macro_fred,VIXCLS,F0,sgd,classification,0,767,1,-1.6945029457915057,0.0006877353395190173,0.0005976393662928891,0.0008159218259437324,-2.5792384890315523,0.0005793021358995275,0.946078431372549,1.9956812347833623,0.513367615085477
macro_fred,VIXCLS,F0,sgd,classification,1,772,1,-1.7213039202691058,0.0006422641728904019,0.0005515227539566847,0.0007643667050578814,-2.597320346008567,0.0005384717064140168,0.946078431372549,1.9956812347833623,0.513367615085477
macro_fred,VIXCLS,F0,sgd,classification,2,744,1,-1.506530127567719,0.0007065006509053263,0.0006234411718842167,0.0008176883960088676,-2.5799286232129672,0.0005983454004298162,0.946078431372549,1.9956812347833623,0.513367615085477
macro_fred,VIXCLS,F0,sgd,classification,3,755,1,-1.627673445330214,0.0006998274548819863,0.0005950104785928399,0.0008170287418707916,-2.578934272139771,0.0005845763909279318,0.946078431372549,1.9956812347833623,0.513367615085477
macro_fred,VIXCLS,F0,adam,regression,0,20,1,-0.9906219867536463,0.0009497181293011054,7.308421065534116e-05,0.005305355819933909,-3.1621306462424714,0.000624886353317815,0.013732876637888462,1.9956812347833623,0.513367615085477
macro_fred,VIXCLS,F0,adam,regression,1,20,1,0.19007708824630581,0.0008541039849341326,5.099966254136862e-05,0.005046103423731793,-3.1209523695787347,0.0013772097782701928,0.015042841276211786,1.9956812347833623,0.513367615085477
macro_fred,VIXCLS,F0,adam,regression,2,20,1,1.7838570284760797,0.0010332604805620618,5.1090588106174816e-05,0.005585642654629812,-3.1729433564277016,0.0012229003949584688,0.014302949754355821,1.9956812347833623,0.513367615085477
macro_fred,VIXCLS,F0,adam,regression,3,20,1,1.5876235311964033,0.0010724895222315803,6.697772561162738e-05,0.005303095831231511,-3.13942149619655,0.0018466009276879825,0.014483032307851185,1.9956812347833623,0.513367615085477
macro_fred,VIXCLS,F0,adam,classification,0,149,1,-2.5955639425497625,2.1868329615900195e-05,1.4915987592467288e-05,2.58783972363568e-05,-4.095279267914064,1.4074854882428833e-05,0.9607843137254902,1.9956812347833623,0.513367615085477
macro_fred,VIXCLS,F0,adam,classification,1,141,1,-0.2749808795534242,1.595509210544703e-05,1.3687578966250457e-05,1.7499057726103336e-05,-4.207457200127521,1.6619867888509582e-05,0.9607843137254902,1.9956812347833623,0.513367615085477
macro_fred,VIXCLS,F0,adam,classification,2,142,1,-1.3971165028408974,1.9612210043070313e-05,1.7363634358653425e-05,2.3867279589091435e-05,-4.12597920582368,1.430427652473814e-05,0.9607843137254902,1.9956812347833623,0.513367615085477
macro_fred,VIXCLS,F0,adam,classification,3,140,1,-1.7448273065426867,2.108790747689464e-05,1.4996673882707757e-05,2.4663670935778863e-05,-4.121005112451256,1.5267529882697095e-05,0.9607843137254902,1.9956812347833623,0.513367615085477
macro_fred,VIXCLS,F1,sgd,regression,0,23,1,-1.9544235402091605,0.0001293431110751208,7.97698102683661e-05,0.0003748068476836947,-3.610051306040394,0.00012854043826311223,0.11637378557085296,1.9956812347833623,0.513367615085477
macro_fred,VIXCLS,F1,sgd,regression,1,23,1,-0.5440810465159385,0.00012699419180528846,6.913852785370291e-05,0.0004494819245217503,-3.628771152530678,0.00048250115807127794,0.11589828289797276,1.9956812347833623,0.513367615085477
macro_fred,VIXCLS,F1,sgd,regression,2,23,1,-0.6578162203706536,0.00011228442370189132,6.620221197118983e-05,0.00037420776137604185,-3.6342342553232965,6.308510929203354e-05,0.1146720707716399,1.9956812347833623,0.513367615085477
macro_fred,VIXCLS,F1,sgd,regression,3,23,1,0.3893307869224366,0.00013288532410861225,7.715837970253144e-05,0.0004185045225846129,-3.6383680852329694,6.499587612690941e-05,0.11632718171765649,1.9956812347833623,0.513367615085477
macro_fred,VIXCLS,F1,sgd,classification,0,839,1,-1.544039819111882,0.0008924833348594043,0.0007853923712862672,0.0010418875520547411,-2.501964366169168,0.0007633501546251075,0.8186274509803921,1.9956812347833623,0.513367615085477
macro_fred,VIXCLS,F1,sgd,classification,1,841,1,-1.561672821860561,0.0008452788943972506,0.0007368471392268892,0.0009881039546272164,-2.517052752958666,0.0007197686170575581,0.8186274509803921,1.9956812347833623,0.513367615085477
macro_fred,VIXCLS,F1,sgd,classification,2,822,1,-1.3943894621953234,0.0009125796722598115,0.0008125941251828024,0.0010440206277172724,-2.5026067270672057,0.0007837187405993355,0.8186274509803921,1.9956812347833623,0.513367615085477
macro_fred,VIXCLS,F1,sgd,classification,3,822,1,-1.491681738722332,0.0009056429649385541,0.0007837049686364849,0.001043241727071754,-2.501642226918836,0.0007692332030451044,0.8186274509803921,1.9956812347833623,0.513367615085477
macro_fred,VIXCLS,F1,adam,regression,0,20,1,-1.5970714040834275,0.000876574875007404,3.55800020367919e-05,0.005007282277403367,-3.237523315537528,0.0005225865965395773,0.07656546651786712,1.9956812347833623,0.513367615085477
macro_fred,VIXCLS,F1,adam,regression,1,20,1,0.22118253135013777,0.0008274581485246374,4.004234838467487e-05,0.004897045639166578,-3.2097285070822554,0.0015403763264422035,0.09801127580445826,1.9956812347833623,0.513367615085477
macro_fred,VIXCLS,F1,adam,regression,2,21,1,2.3544399896484665,0.000977560770432487,2.9871054845168553e-05,0.005335265099576355,-3.234636642561903,0.0012308234889834033,0.08586210056785772,1.9956812347833623,0.513367615085477
macro_fred,VIXCLS,F1,adam,regression,3,21,1,0.8950109624614491,0.0009910226478713094,3.2793726370544546e-05,0.0050351565766392405,-3.213886042188179,0.0021314402448928105,0.08736429810856237,1.9956812347833623,0.513367615085477
macro_fred,VIXCLS,F1,adam,classification,0,159,1,-2.270619557121631,1.7080098099880245e-05,1.4338280262866492e-05,2.188652188373083e-05,-4.07645625115179,1.4092278304438998e-05,0.8235294117647058,1.9956812347833623,0.513367615085477
macro_fred,VIXCLS,F1,adam,classification,1,154,1,-2.0514527068258475,1.158286585164343e-05,9.510825323791897e-06,1.4697482756595269e-05,-4.193077508405536,9.621344802214695e-06,0.8235294117647058,1.9956812347833623,0.513367615085477
macro_fred,VIXCLS,F1,adam,classification,2,152,1,-0.9915914245529459,2.1107117171345858e-05,1.953622850505371e-05,2.3942627806351104e-05,-4.07050676783423,1.771612086981274e-05,0.8235294117647058,1.9956812347833623,0.513367615085477
macro_fred,VIXCLS,F1,adam,classification,3,150,1,-1.7640719340783122,1.8644086367921434e-05,1.466580633581941e-05,2.2777924289081377e-05,-4.063169904777706,1.5092050331790751e-05,0.8235294117647058,1.9956812347833623,0.513367615085477
macro_fred,VIXCLS,F2,sgd,regression,0,27,1,-2.225511895347687,5.540135003793614e-05,1.3949167585905895e-05,0.00026294871835662667,-4.087505985089668,6.461642642902643e-05,0.34441535256991757,1.9956812347833623,0.513367615085477
macro_fred,VIXCLS,F2,sgd,regression,1,27,1,0.1274157412620437,6.23475731597707e-05,1.3084232354925665e-05,0.0003338069904063307,-4.104671065596543,0.00037214544900274996,0.34352900152373156,1.9956812347833623,0.513367615085477
macro_fred,VIXCLS,F2,sgd,regression,2,27,1,-0.0036167182877904925,5.171695794623311e-05,1.2408136279020321e-05,0.0002764277947926173,-4.111765314165255,1.6430064267946464e-05,0.3420621134557456,1.9956812347833623,0.513367615085477
macro_fred,VIXCLS,F2,sgd,regression,3,27,1,1.9819271120422348,6.07232513415201e-05,1.3449196666796829e-05,0.00032289356722060576,-4.118095721127205,1.1316609066224521e-05,0.34362302507999487,1.9956812347833623,0.513367615085477
macro_fred,VIXCLS,F2,sgd,classification,0,965,1,-1.4494877763088496,0.001024290692377579,0.0009088637637871065,0.001183797456510717,-2.4586114069239833,0.0008849098495517291,0.7745098039215687,1.9956812347833623,0.513367615085477
macro_fred,VIXCLS,F2,sgd,classification,1,959,1,-1.4617751291508032,0.0009762192553363325,0.0008592497718024202,0.0011290018347948397,-2.4723713191881354,0.0008402254670408354,0.7745098039215687,1.9956812347833623,0.513367615085477
macro_fred,VIXCLS,F2,sgd,classification,2,958,1,-1.3184547696712787,0.0010445685460491606,0.0009362963629375909,0.0011858342949774678,-2.4592477213776927,0.0009055017016927158,0.7745098039215687,1.9956812347833623,0.513367615085477
macro_fred,VIXCLS,F2,sgd,classification,3,937,1,-1.4035045572795588,0.0010377014677911377,0.0009073875932959134,0.0011852004665609216,-2.458314119928592,0.0008909265088890801,0.7745098039215687,1.9956812347833623,0.513367615085477
macro_fred,VIXCLS,F2,adam,regression,0,20,1,-1.8550795570504233,0.0007081775535925194,2.4852748729088347e-05,0.004229306402830644,-3.370391386371432,0.0002470207953647415,0.2892834733954242,1.9956812347833623,0.513367615085477
macro_fred,VIXCLS,F2,adam,regression,1,20,1,-0.40144385192044313,0.0007237228207748375,2.0252260433118154e-05,0.004276340225260028,-3.3277513055608052,0.0031078069649393986,0.30766622845952996,1.9956812347833623,0.513367615085477
macro_fred,VIXCLS,F2,adam,regression,2,21,1,2.2657273539123803,0.0008561995947490762,3.0420752516847253e-05,0.004587778583292443,-3.3552695607859526,0.0005361180594993041,0.289797756610408,1.9956812347833623,0.513367615085477
macro_fred,VIXCLS,F2,adam,regression,3,21,1,-0.03208106347211679,0.0008261461724913612,2.4786762008801357e-05,0.004464910355517151,-3.3165732046867897,0.004079743025171901,0.3037759807449162,1.9956812347833623,0.513367615085477
macro_fred,VIXCLS,F2,adam,classification,0,174,1,-2.266204915163071,2.2046896099439923e-05,1.8532223240102366e-05,2.8370310489225843e-05,-3.9697290382522397,1.811706092080084e-05,0.7745098039215687,1.9956812347833623,0.513367615085477
macro_fred,VIXCLS,F2,adam,classification,1,170,1,-2.3230277258218,1.589006914585618e-05,1.2433664417904712e-05,2.0465970350409627e-05,-4.064611906820363,1.2399430591122826e-05,0.7745098039215687,1.9956812347833623,0.513367615085477
macro_fred,VIXCLS,F2,adam,classification,2,165,1,-1.1756319536374762,2.672004931097945e-05,2.4506633798619336e-05,3.079831737328922e-05,-3.961723849980992,2.2483989693768444e-05,0.7745098039215687,1.9956812347833623,0.513367615085477
macro_fred,VIXCLS,F2,adam,classification,3,163,1,-1.8651086178739804,2.4446399050601126e-05,1.9372707016153133e-05,2.9874308741171266e-05,-3.9535583491495543,1.95517748741017e-05,0.7745098039215687,1.9956812347833623,0.513367615085477
macro_fred,VIXCLS,F4,sgd,regression,0,23,1,-2.568885023627963,0.00013635093374303125,8.281285176673544e-05,0.00038642001480888296,-3.46087291287242,0.00012305560261888094,0.0662022241881016,1.9956812347833623,0.513367615085477
macro_fred,VIXCLS,F4,sgd,regression,1,23,1,-1.0410235439228617,0.0001267050006945536,6.896649629004829e-05,0.00045355392773131195,-3.487554078319257,0.0004837736560685157,0.06626011718453652,1.9956812347833623,0.513367615085477
macro_fred,VIXCLS,F4,sgd,regression,2,23,1,-1.3327914199497188,0.00011437643538927337,6.159508829718466e-05,0.00037514959125295065,-3.4944062230711785,5.568423532815392e-05,0.06530756880408,1.9956812347833623,0.513367615085477
macro_fred,VIXCLS,F4,sgd,regression,3,22,1,-0.2824843198720919,0.00014122150908965747,7.885882372822496e-05,0.0004231592959649874,-3.492702834933301,6.183290108396866e-05,0.06649574246960642,1.9956812347833623,0.513367615085477
macro_fred,VIXCLS,F4,sgd,classification,0,802,1,-1.5940430375588295,0.0008018474160095333,0.0007027398276881788,0.0009412061655287738,-2.5359953427489144,0.0006824612027959891,0.875,1.9956812347833623,0.513367615085477
macro_fred,VIXCLS,F4,sgd,classification,1,807,1,-1.6148688579615451,0.0007555684220234214,0.0006553437840941182,0.0008886291594631433,-2.552215666730988,0.0006400974219276052,0.875,1.9956812347833623,0.513367615085477
macro_fred,VIXCLS,F4,sgd,classification,2,784,1,-1.4297265780547286,0.0008213966382409445,0.0007294125263641461,0.0009432559013882447,-2.5366453494159216,0.0007023599259358437,0.875,1.9956812347833623,0.513367615085477
macro_fred,VIXCLS,F4,sgd,classification,3,787,1,-1.536430818839403,0.0008145874248837326,0.0007007346416393877,0.0009425241640970691,-2.5356564213954407,0.000688124842508764,0.875,1.9956812347833623,0.513367615085477
macro_fred,VIXCLS,F4,adam,regression,0,20,1,-1.2771864620627202,0.0009154162014344184,5.0978853109995386e-05,0.005178472342925094,-3.19847263891662,0.0005793530825560866,0.05054813299897621,1.9956812347833623,0.513367615085477
macro_fred,VIXCLS,F4,adam,regression,1,20,1,0.1807265838302098,0.0008453915335477414,4.4739701411163464e-05,0.0050001402482239285,-3.157775411228323,0.001452756491909837,0.059889365596154945,1.9956812347833623,0.513367615085477
macro_fred,VIXCLS,F4,adam,regression,2,21,1,2.1773168154864173,0.0009978062237313945,3.106919617027235e-05,0.005499499110658792,-3.204306549112585,0.0012293249488815369,0.05497126820797019,1.9956812347833623,0.513367615085477
macro_fred,VIXCLS,F4,adam,regression,3,20,1,1.1983584138160221,0.001024733771287081,3.806054611997845e-05,0.005240150013431396,-3.177039526490675,0.0019871872610765745,0.055218295698902076,1.9956812347833623,0.513367615085477
macro_fred,VIXCLS,F4,adam,classification,0,154,1,-1.51268348812987,2.8033710802918275e-05,2.4398376526114025e-05,3.223531257734162e-05,-4.017186959723908,2.3782045826112175e-05,0.8872549019607843,1.9956812347833623,0.513367615085477
macro_fred,VIXCLS,F4,adam,classification,1,147,1,-0.6842483371192672,2.1964528122795904e-05,2.1497493217125877e-05,2.365823405006063e-05,-4.108696952735229,2.153446593543337e-05,0.8872549019607843,1.9956812347833623,0.513367615085477
macro_fred,VIXCLS,F4,adam,classification,2,147,1,-0.7838990902855363,2.9313002319467513e-05,2.7423152134204677e-05,3.242030601359825e-05,-4.02636892386456,2.532250380671358e-05,0.8872549019607843,1.9956812347833623,0.513367615085477
macro_fred,VIXCLS,F4,adam,classification,3,145,1,-1.0541826287889307,2.8019504379760577e-05,2.366636189762289e-05,3.143477667404416e-05,-4.021627070356834,2.401997306500322e-05,0.8872549019607843,1.9956812347833623,0.513367615085477
macro_fred,VIXCLS,F7,sgd,regression,0,23,1,-2.2521087480737907,0.00014129927516667675,8.978702011093179e-05,0.00038733070099408257,-3.506277938066534,0.0001317715672675094,0.034521567768770356,1.9956812347833623,0.513367615085477
macro_fred,VIXCLS,F7,sgd,regression,1,23,1,-0.8348139698796461,0.00013368956529801227,7.658191616829344e-05,0.00046083114188993484,-3.5286928699538187,0.0004860958639652834,0.034555667030081415,1.9956812347833623,0.513367615085477
macro_fred,VIXCLS,F7,sgd,regression,2,23,1,-1.0330264637440632,0.00012072043112625186,7.087371551168514e-05,0.00038136442434859454,-3.534861793529819,6.514198826926747e-05,0.03367026826983937,1.9956812347833623,0.513367615085477
macro_fred,VIXCLS,F7,sgd,regression,3,23,1,-0.03199688901386061,0.00014447462695394098,8.595598584241982e-05,0.00042772440231874205,-3.5362604221344527,6.94975014977245e-05,0.034558427792035946,1.9956812347833623,0.513367615085477
macro_fred,VIXCLS,F7,sgd,classification,0,810,1,-1.6046944840368293,0.0007851593707057822,0.0006877328597635887,0.0009226679445347026,-2.5401752722622626,0.0006677936248015552,0.9093137254901961,1.9956812347833623,0.513367615085477
macro_fred,VIXCLS,F7,sgd,classification,1,813,1,-1.6253748267577788,0.0007394334952058857,0.0006408700319212295,0.0008706464783308728,-2.5565793885746517,0.0006259408448325061,0.9093137254901961,1.9956812347833623,0.513367615085477
macro_fred,VIXCLS,F7,sgd,classification,2,789,1,-1.4381229384129997,0.0008047509607947963,0.000714308184478103,0.0009249323186012076,-2.5407738392325867,0.0006876504558008342,0.9093137254901961,1.9956812347833623,0.513367615085477
macro_fred,VIXCLS,F7,sgd,classification,3,791,1,-1.5462756723185387,0.0007978533110182083,0.0006857400258337906,0.0009240496379511764,-2.5397938733917043,0.0006734248747988057,0.9093137254901961,1.9956812347833623,0.513367615085477
macro_fred,VIXCLS,F7,adam,regression,0,20,1,-1.4105026017972138,0.0008813801509067593,4.9056638555707015e-05,0.0050022980093215735,-3.2156845198577577,0.0005293984787636794,0.020100041366671654,1.9956812347833623,0.513367615085477
macro_fred,VIXCLS,F7,adam,regression,1,20,1,0.19063784347707705,0.0008286906501684592,4.093745745190387e-05,0.004897891578324322,-3.1793440321293307,0.001550177800573171,0.02822784053266219,1.9956812347833623,0.513367615085477
macro_fred,VIXCLS,F7,adam,regression,2,21,1,2.197147309662811,0.000982215294742563,3.085733045641334e-05,0.00532856627243647,-3.216261203928059,0.0012324302908755598,0.022788375234869086,1.9956812347833623,0.513367615085477
macro_fred,VIXCLS,F7,adam,regression,3,20,1,1.0164598771790943,0.0009985391131100462,3.593302885261884e-05,0.005030961249300041,-3.19292661832695,0.0021461789724848824,0.023255967317032448,1.9956812347833623,0.513367615085477
macro_fred,VIXCLS,F7,adam,classification,0,155,1,-1.4529210877836292,2.7756041558937484e-05,2.4542061838602262e-05,3.188974952983842e-05,-4.022073354057493,2.3962515160165247e-05,0.9142156862745098,1.9956812347833623,0.513367615085477
macro_fred,VIXCLS,F7,adam,classification,1,148,1,-0.7293154076698186,2.1900155139550173e-05,2.1180708700903678e-05,2.37225857486716e-05,-4.112163443237022,2.125317639552673e-05,0.9142156862745098,1.9956812347833623,0.513367615085477
macro_fred,VIXCLS,F7,adam,classification,2,148,1,-0.7255518515120971,2.9570844001388922e-05,2.7828586984629277e-05,3.248381410691353e-05,-4.0289907443946795,2.5851366758995844e-05,0.9191176470588235,1.9956812347833623,0.513367615085477
macro_fred,VIXCLS,F7,adam,classification,3,146,1,-1.0212817196242305,2.7940641310113413e-05,2.390210261125212e-05,3.137564599849229e-05,-4.0237823869109235,2.4270941036827434e-05,0.9142156862745098,1.9956812347833623,0.513367615085477
macro_fred,VIXCLS,F10,sgd,regression,0,27,1,-2.2321346255769896,5.49694461930472e-05,1.3786388527137292e-05,0.0002616932196268945,-4.090389856857254,6.414311940639936e-05,0.365815520201365,1.9956812347833623,0.513367615085477
macro_fred,VIXCLS,F10,sgd,regression,1,27,1,0.13313541444819776,6.163949134977938e-05,1.2928777720963087e-05,0.0003324753914916236,-4.107569005534034,0.0003705475586461864,0.36486157484083087,1.9956812347833623,0.513367615085477
macro_fred,VIXCLS,F10,sgd,regression,2,27,1,9.409269674949253e-05,5.15861059101714e-05,1.225792219530258e-05,0.0002752112552879703,-4.114700159734697,1.6272338099034232e-05,0.3634598724974597,1.9956812347833623,0.513367615085477
macro_fred,VIXCLS,F10,sgd,regression,3,27,1,1.9915297725367933,6.05405125821283e-05,1.330024488907148e-05,0.0003217362522043117,-4.121035026364301,1.1156001627239174e-05,0.3650517920876116,1.9956812347833623,0.513367615085477
macro_fred,VIXCLS,F10,sgd,classification,0,967,1,-1.4491160298168078,0.0010243852739248505,0.0009089562664480925,0.00118386788869306,-2.4589079991522254,0.0008849991433617246,0.7671568627450981,1.9956812347833623,0.513367615085477
macro_fred,VIXCLS,F10,sgd,classification,1,963,1,-1.4614818754010996,0.0009763075293963278,0.0008593269805945101,0.001129074472337173,-2.4726664727712,0.0008402981157053549,0.7671568627450981,1.9956812347833623,0.513367615085477
macro_fred,VIXCLS,F10,sgd,classification,2,963,1,-1.3180952298039825,0.001044664241280621,0.0009363928023779814,0.0011859063646487496,-2.459543002299658,0.0009055953050216341,0.7671568627450981,1.9956812347833623,0.513367615085477
macro_fred,VIXCLS,F10,sgd,classification,3,942,1,-1.4031485987007448,0.0010377961401714009,0.0009074807055548522,0.0011852717386949783,-2.4586112117772005,0.0008910167021270165,0.7671568627450981,1.9956812347833623,0.513367615085477
macro_fred,VIXCLS,F10,adam,regression,0,20,1,-1.846149074440577,0.0007145246360587595,2.654033318520292e-05,0.004181542045690468,-3.3717329799908398,0.00024657183124495975,0.31009259127681643,1.9956812347833623,0.513367615085477
macro_fred,VIXCLS,F10,adam,regression,1,20,1,-0.42837405181748484,0.0007219403951733202,2.068079026309609e-05,0.004291385588529811,-3.328816085244177,0.003148004282374499,0.3283073059996459,1.9956812347833623,0.513367615085477
macro_fred,VIXCLS,F10,adam,regression,2,21,1,2.216784204437787,0.000840683500271577,2.770234814857462e-05,0.004554204666149215,-3.357345351949329,0.0005135253349922374,0.3106454559798599,1.9956812347833623,0.513367615085477
macro_fred,VIXCLS,F10,adam,regression,3,21,1,-0.02704791483184099,0.0008172556233870521,2.5554053757429582e-05,0.004456277191928534,-3.31742830840594,0.00411919094497664,0.32511441203173036,1.9956812347833623,0.513367615085477
macro_fred,VIXCLS,F10,adam,classification,0,175,1,-2.296226351380209,2.1571038409735052e-05,1.8086915513567327e-05,2.7857867539647807e-05,-3.9749601078147143,1.7685992938138227e-05,0.7671568627450981,1.9956812347833623,0.513367615085477
macro_fred,VIXCLS,F10,adam,classification,1,170,1,-2.3618163843213966,1.5447612977619485e-05,1.202316696708995e-05,1.997915552537302e-05,-4.071281516675442,1.1999255562839598e-05,0.7671568627450981,1.9956812347833623,0.513367615085477
macro_fred,VIXCLS,F10,adam,classification,2,165,1,-1.1820041005286355,2.6272585549556683e-05,2.40839678964635e-05,3.0305449595575805e-05,-3.966648775665789,2.2060834168085164e-05,0.7671568627450981,1.9956812347833623,0.513367615085477
macro_fred,VIXCLS,F10,adam,classification,3,163,1,-1.887197625017142,2.3956622820646713e-05,1.892566909896966e-05,2.9370026419696527e-05,-3.9585768451035372,1.9115857393782338e-05,0.7671568627450981,1.9956812347833623,0.513367615085477
macro_fred,VIXCLS,F11,sgd,regression,0,23,1,-3.059508965728756,9.852974421775118e-05,4.711594847976547e-05,0.00035234003201515754,-3.465979395916995,9.530773178583827e-05,0.014863578921783556,1.9956812347833623,0.513367615085477
macro_fred,VIXCLS,F11,sgd,regression,1,23,1,-0.8814100106525062,0.00010074885638476682,4.238016651166791e-05,0.00042927874965166795,-3.4921320560289106,0.00046593087027550263,0.015123927226642521,1.9956812347833623,0.513367615085477
macro_fred,VIXCLS,F11,sgd,regression,2,23,1,-1.041937355982077,7.858580516448089e-05,3.222578207754949e-05,0.00034564827742211197,-3.5228856494504415,3.042955063931881e-05,0.014694545381745123,1.9956812347833623,0.513367615085477
macro_fred,VIXCLS,F11,sgd,regression,3,22,1,-0.37059377813961863,0.00010928115065058857,4.794661313836951e-05,0.00039513167002997785,-3.496031921198883,3.52873205760129e-05,0.015007496586489638,1.9956812347833623,0.513367615085477
macro_fred,VIXCLS,F11,sgd,classification,0,767,1,-1.6945029457915057,0.0006877353395190173,0.0005976393662928891,0.0008159218259437324,-2.5792384890315523,0.0005793021358995275,0.946078431372549,1.9956812347833623,0.513367615085477
macro_fred,VIXCLS,F11,sgd,classification,1,772,1,-1.7213039202691058,0.0006422641728904019,0.0005515227539566847,0.0007643667050578814,-2.597320346008567,0.0005384717064140168,0.946078431372549,1.9956812347833623,0.513367615085477
macro_fred,VIXCLS,F11,sgd,classification,2,744,1,-1.506530127567719,0.0007065006509053263,0.0006234411718842167,0.0008176883960088676,-2.5799286232129672,0.0005983454004298162,0.946078431372549,1.9956812347833623,0.513367615085477
macro_fred,VIXCLS,F11,sgd,classification,3,755,1,-1.627673445330214,0.0006998274548819863,0.0005950104785928399,0.0008170287418707916,-2.578934272139771,0.0005845763909279318,0.946078431372549,1.9956812347833623,0.513367615085477
macro_fred,VIXCLS,F11,adam,regression,0,20,1,-0.9906219867536463,0.0009497181293011054,7.308421065534116e-05,0.005305355819933909,-3.1621306462424714,0.000624886353317815,0.013732876637888462,1.9956812347833623,0.513367615085477
macro_fred,VIXCLS,F11,adam,regression,1,20,1,0.19007708824630581,0.0008541039849341326,5.099966254136862e-05,0.005046103423731793,-3.1209523695787347,0.0013772097782701928,0.015042841276211786,1.9956812347833623,0.513367615085477
macro_fred,VIXCLS,F11,adam,regression,2,20,1,1.7838570284760797,0.0010332604805620618,5.1090588106174816e-05,0.005585642654629812,-3.1729433564277016,0.0012229003949584688,0.014302949754355821,1.9956812347833623,0.513367615085477
macro_fred,VIXCLS,F11,adam,regression,3,20,1,1.5876235311964033,0.0010724895222315803,6.697772561162738e-05,0.005303095831231511,-3.13942149619655,0.0018466009276879825,0.014483032307851185,1.9956812347833623,0.513367615085477
macro_fred,VIXCLS,F11,adam,classification,0,149,1,-2.5955639425497625,2.1868329615900195e-05,1.4915987592467288e-05,2.58783972363568e-05,-4.095279267914064,1.4074854882428833e-05,0.9607843137254902,1.9956812347833623,0.513367615085477
macro_fred,VIXCLS,F11,adam,classification,1,141,1,-0.2749808795534242,1.595509210544703e-05,1.3687578966250457e-05,1.7499057726103336e-05,-4.207457200127521,1.6619867888509582e-05,0.9607843137254902,1.9956812347833623,0.513367615085477
macro_fred,VIXCLS,F11,adam,classification,2,142,1,-1.3971165028408974,1.9612210043070313e-05,1.7363634358653425e-05,2.3867279589091435e-05,-4.12597920582368,1.430427652473814e-05,0.9607843137254902,1.9956812347833623,0.513367615085477
macro_fred,VIXCLS,F11,adam,classification,3,140,1,-1.7448273065426867,2.108790747689464e-05,1.4996673882707757e-05,2.4663670935778863e-05,-4.121005112451256,1.5267529882697095e-05,0.9607843137254902,1.9956812347833623,0.513367615085477
macro_fred,VIXCLS,FA,sgd,regression,0,23,1,-2.567494742380995,0.00013544752709279212,8.210494681635005e-05,0.0003857077700524991,-3.4645380229138327,0.00012251915573952845,0.042165923162315905,1.9956812347833623,0.513367615085477
macro_fred,VIXCLS,FA,sgd,regression,1,23,1,-1.0338704273855903,0.00012598139209785684,6.812441862128956e-05,0.0004531933583113615,-3.491239224218027,0.00048375462354431886,0.04229158777068575,1.9956812347833623,0.513367615085477
macro_fred,VIXCLS,FA,sgd,regression,2,23,1,-1.326146406689892,0.00011361285680472485,6.0925825267547744e-05,0.00037468374123946944,-3.4982016863350864,5.508521726594463e-05,0.04126393154617479,1.9956812347833623,0.513367615085477
macro_fred,VIXCLS,FA,sgd,regression,3,22,1,-0.2709966649183003,0.0001403181416683763,7.815759918071824e-05,0.0004226514076407245,-3.4964254660030556,6.124540442848866e-05,0.04243706974827804,1.9956812347833623,0.513367615085477
macro_fred,VIXCLS,FA,sgd,classification,0,794,1,-1.6174884569108023,0.0007693702641211806,0.0006731197892312379,0.000905373417142851,-2.5474430753619486,0.0006534038296461967,0.9044117647058824,1.9956812347833623,0.513367615085477
macro_fred,VIXCLS,FA,sgd,classification,1,800,1,-1.6394451035353663,0.0007235446184647172,0.0006261838234744505,0.0008533141181401249,-2.5641147576765757,0.0006115707474139105,0.9044117647058824,1.9956812347833623,0.513367615085477
macro_fred,VIXCLS,FA,sgd,classification,2,779,1,-1.4473272922240346,0.000788850721652038,0.0006996247263925749,0.0009075389882090649,-2.5480595144295384,0.0006731870073056873,0.9044117647058824,1.9956812347833623,0.513367615085477
macro_fred,VIXCLS,FA,sgd,classification,3,780,1,-1.5576722446035738,0.0007819903307241915,0.0006709734222044583,0.0009066729836981903,-2.54708494546112,0.0006589869411645887,0.9044117647058824,1.9956812347833623,0.513367615085477
macro_fred,VIXCLS,FA,adam,regression,0,20,1,-1.275582340593472,0.0009121830218951726,5.117256731873921e-05,0.00520608872354404,-3.198563644668322,0.0005843490348990449,0.02738722259908132,1.9956812347833623,0.513367615085477
macro_fred,VIXCLS,FA,adam,regression,1,20,1,0.17949141022962048,0.0008481541995673836,4.614686576903381e-05,0.004996315271326551,-3.15748503137868,0.001442143764825635,0.03614085785370574,1.9956812347833623,0.513367615085477
macro_fred,VIXCLS,FA,adam,regression,2,21,1,2.193077107857701,0.0010020184040662272,3.244928017582956e-05,0.005517316367883164,-3.2045544294408765,0.001227717963676197,0.0311853413005484,1.9956812347833623,0.513367615085477
macro_fred,VIXCLS,FA,adam,regression,3,20,1,1.2120977057497988,0.0010260157115115436,3.836729566103936e-05,0.005273079242001586,-3.1769587624280216,0.0019704283426009426,0.03145256246475246,1.9956812347833623,0.513367615085477
macro_fred,VIXCLS,FA,adam,classification,0,153,1,-1.4785127841243808,2.9744852393779182e-05,2.563304740170064e-05,3.387060620447521e-05,-4.013381057236435,2.498393322870785e-05,0.9142156862745098,1.9956812347833623,0.513367615085477
macro_fred,VIXCLS,FA,adam,classification,1,146,1,-0.5821756744476094,2.36592453737504e-05,2.3382725112501758e-05,2.5064436321423432e-05,-4.100959163485595,2.3372780662981944e-05,0.9142156862745098,1.9956812347833623,0.513367615085477
macro_fred,VIXCLS,FA,adam,classification,2,146,1,-0.8074376804627099,3.028725980613582e-05,2.8247985957655057e-05,3.3580665907996415e-05,-4.024935082451865,2.603902937174641e-05,0.9215686274509803,1.9956812347833623,0.513367615085477
macro_fred,VIXCLS,FA,adam,classification,3,144,1,-1.0137404312104992,2.946469664721803e-05,2.487271061030821e-05,3.277046062360639e-05,-4.021134033084663,2.514651689656162e-05,0.9142156862745098,1.9956812347833623,0.513367615085477
sensor_etth1,OT,F0,sgd,regression,0,23,1,-3.0802169749630424,7.070048080716341e-05,2.2535244704658765e-05,0.00032307758315163794,-3.485586184366782,8.710346251047028e-05,0.020244125478982734,1.624548841503631,0.21813399608976916
sensor_etth1,OT,F0,sgd,regression,1,24,1,-1.7012431685490204,7.543621369128937e-05,1.78880655389297e-05,0.00039674588224683597,-3.496064213054982,0.00042694725391274153,0.020348710801568446,1.624548841503631,0.21813399608976916
sensor_etth1,OT,F0,sgd,regression,2,24,1,-0.1815858464878005,6.618428749978071e-05,2.1930154569980186e-05,0.000325423433216559,-3.547285829164998,2.167330609704489e-05,0.0202217967249802,1.624548841503631,0.21813399608976916
sensor_etth1,OT,F0,sgd,regression,3,23,1,-0.06319951419923697,7.653781632892379e-05,2.0229962237205675e-05,0.0003597137401222129,-3.511419049505913,1.1714943412218724e-05,0.020245281837272353,1.624548841503631,0.21813399608976916
sensor_etth1,OT,F0,sgd,classification,0,813,1,-1.765609803328867,0.0004762161410719661,0.00041307390012243776,0.000568938542720585,-2.685064378977552,0.00040091658819742487,0.9831675592960979,1.624548841503631,0.21813399608976916
sensor_etth1,OT,F0,sgd,classification,1,814,1,-1.7481511072408398,0.000435341782548615,0.000376398743955685,0.0005214521075883175,-2.7084616125011154,0.00037039055693144417,0.9831675592960979,1.624548841503631,0.21813399608976916
sensor_etth1,OT,F0,sgd,classification,2,790,1,-1.5293087687655835,0.0004872264504199082,0.00043123559281976195,0.0005649423241967047,-2.687960456652075,0.00041226521790485403,0.9831675592960979,1.624548841503631,0.21813399608976916
sensor_etth1,OT,F0,sgd,classification,3,792,1,-1.668296190930685,0.0004855012133507512,0.0004091461798931898,0.0005690811466537164,-2.6853830202206854,0.0004050650025814277,0.9831675592960979,1.624548841503631,0.21813399608976916
sensor_etth1,OT,F0,adam,regression,0,20,1,-0.6307234760618813,0.0010198474048553827,0.00010831135815656133,0.0051402177553068985,-3.0907440207697197,0.0004843125516108135,0.020253901988148755,1.624548841503631,0.21813399608976916
sensor_etth1,OT,F0,adam,regression,1,20,1,-0.03502508966639174,0.0008743858299159846,8.515151715392985e-05,0.004941185491127978,-3.0783292997625824,0.0015960406612474671,0.020599350451775487,1.624548841503631,0.21813399608976916
sensor_etth1,OT,F0,adam,regression,2,20,1,1.6084509642829543,0.0010228363693815092,0.00011728005106948604,0.005312622103177568,-3.101505730522938,0.0013235917017347812,0.020289588411875357,1.624548841503631,0.21813399608976916
sensor_etth1,OT,F0,adam,regression,3,20,1,1.262174939765051,0.0010711569938585668,0.00010508292388766266,0.005090061181277687,-3.079101507997453,0.00231434504437229,0.020570658118841793,1.624548841503631,0.21813399608976916
sensor_etth1,OT,F0,adam,classification,0,146,1,-4.189393315086764,1.4089386139952907e-05,8.377937545828944e-06,1.7772772278190957e-05,-4.156506693879284,1.0415106502774833e-05,0.9831675592960979,1.624548841503631,0.21813399608976916
sensor_etth1,OT,F0,adam,classification,1,138,1,1.1140568695615523,1.980388513835349e-05,1.2218826710571516e-05,3.920521118227069e-05,-4.136601160028755,1.3840959568302205e-05,0.9831675592960979,1.624548841503631,0.21813399608976916
sensor_etth1,OT,F0,adam,classification,2,139,1,-2.1801606180538737,1.4392820854130826e-05,9.733609401738968e-06,2.8281158741998468e-05,-4.2010587156831445,5.814790166055732e-06,0.9824024483550114,1.624548841503631,0.21813399608976916
sensor_etth1,OT,F0,adam,classification,3,138,1,-4.379314722343721,1.518084554610909e-05,6.0268746158982935e-06,2.287245266522471e-05,-4.161022588976268,8.356288083058784e-06,0.9831675592960979,1.624548841503631,0.21813399608976916
sensor_etth1,OT,F1,sgd,regression,0,24,1,-2.126881235854909,0.0001263299639984751,7.839210112142889e-05,0.00036174816229385707,-3.5901062454062505,0.00012210819112084498,0.058170013211928155,1.624548841503631,0.21813399608976916
sensor_etth1,OT,F1,sgd,regression,1,24,1,-0.6396527160188622,0.00012346148545212582,6.754592200883181e-05,0.00043298624043823676,-3.6105353277086385,0.0004622185225418022,0.05808776108530514,1.624548841503631,0.21813399608976916
sensor_etth1,OT,F1,sgd,regression,2,24,1,-0.8147121366866157,0.00010854462329606017,6.357002924767151e-05,0.00036316360273786673,-3.6176738203142706,5.935949982956078e-05,0.05767829626498516,1.624548841503631,0.21813399608976916
sensor_etth1,OT,F1,sgd,regression,3,24,1,0.2478235269648812,0.00012957023913117257,7.621944861085872e-05,0.000406526423914818,-3.6200823016441985,6.13453146339787e-05,0.05823279324542258,1.624548841503631,0.21813399608976916
sensor_etth1,OT,F1,sgd,classification,0,1053,1,-1.6383257637949429,0.000962057817336284,0.0008400132644289317,0.0011334912024017288,-2.4463931355677353,0.000814940122891613,0.9724560061208876,1.624548841503631,0.21813399608976916
sensor_etth1,OT,F1,sgd,classification,1,1036,1,-1.6589771405826614,0.0009114197842196511,0.0007878412903580109,0.0010754311965400249,-2.461240506619101,0.0007682225991669636,0.9724560061208876,1.624548841503631,0.21813399608976916
sensor_etth1,OT,F1,sgd,classification,2,1043,1,-1.4860990896899662,0.0009846161230641448,0.0008699957963733487,0.0011362078308934291,-2.4467906357660123,0.0008373397163932263,0.9724560061208876,1.624548841503631,0.21813399608976916
sensor_etth1,OT,F1,sgd,classification,3,1024,1,-1.5856048251307366,0.0009765397903365111,0.0008380315579609315,0.0011348392751607018,-2.4459944754912604,0.0008212393297551394,0.9724560061208876,1.624548841503631,0.21813399608976916
sensor_etth1,OT,F1,adam,regression,0,20,1,-1.4777613518967825,0.0008497810419703425,4.336101413287317e-05,0.004864456261860071,-3.2428437240414367,0.0004119152906010228,0.04836459644736027,1.624548841503631,0.21813399608976916
sensor_etth1,OT,F1,adam,regression,1,20,1,-0.19245256952621495,0.0008249477749712558,3.2476151385044724e-05,0.004797254623171558,-3.203390381618011,0.0019098483272419738,0.053714420963386494,1.624548841503631,0.21813399608976916
sensor_etth1,OT,F1,adam,regression,2,21,1,2.4805702549776187,0.0009112693270193759,3.5942353427527684e-05,0.005042213581072311,-3.239193124056827,0.001144284816096096,0.05064419654673192,1.624548841503631,0.21813399608976916
sensor_etth1,OT,F1,adam,regression,3,20,1,0.5954611156235373,0.0009634654939441773,2.8807228094878645e-05,0.004954482666815445,-3.2163255400352218,0.002678433741552729,0.05111411739873117,1.624548841503631,0.21813399608976916
sensor_etth1,OT,F1,adam,classification,0,187,1,-2.390860636302271,1.4920243492874368e-05,1.2367625992018405e-05,1.927872053291261e-05,-4.111192518133828,1.2133372406107395e-05,0.9724560061208876,1.624548841503631,0.21813399608976916
sensor_etth1,OT,F1,adam,classification,1,184,1,-1.9540517218805231,9.689010763180984e-06,8.190762307104467e-06,1.2250863720014692e-05,-4.2411742253921085,8.343027465822164e-06,0.9724560061208876,1.624548841503631,0.21813399608976916
sensor_etth1,OT,F1,adam,classification,2,175,1,-0.9651860882218237,1.8687969086957727e-05,1.727086683548802e-05,2.122494099639463e-05,-4.106177355303926,1.5439223068757248e-05,0.973221117061974,1.624548841503631,0.21813399608976916
sensor_etth1,OT,F1,adam,classification,3,176,1,-1.8090869656279398,1.6216553430357472e-05,1.2460086056983331e-05,1.9976823933019434e-05,-4.099177723196075,1.299075704849649e-05,0.9724560061208876,1.624548841503631,0.21813399608976916
sensor_etth1,OT,F2,sgd,regression,0,25,1,-2.432692769235339,5.036912077430472e-05,6.127613674229745e-06,0.0002744400870929998,-4.186678328485525,6.239559612703805e-05,0.07484754170488205,1.624548841503631,0.21813399608976916
sensor_etth1,OT,F2,sgd,regression,1,26,1,0.10367793699447003,6.017989824730875e-05,6.202457596837254e-06,0.0003447666199893684,-4.203290878145284,0.00038725023596271335,0.07470017337873576,1.624548841503631,0.21813399608976916
sensor_etth1,OT,F2,sgd,regression,2,25,1,-0.06021520803414092,4.62552170405943e-05,5.361245759377775e-06,0.00029058522974588995,-4.2118386267751236,1.0398622928564248e-05,0.07443181416300496,1.624548841503631,0.21813399608976916
sensor_etth1,OT,F2,sgd,regression,3,25,1,2.398942698392369,5.562297103581449e-05,6.15937875029091e-06,0.0003270944506486214,-4.217347886665038,5.042755038467186e-06,0.07473440866239697,1.624548841503631,0.21813399608976916
sensor_etth1,OT,F2,sgd,classification,0,1154,1,-1.6753016072998534,0.0009977873569309988,0.00086892605598658,0.0011797010322566832,-2.4211005837764716,0.0008424942258307981,0.9724560061208876,1.624548841503631,0.21813399608976916
sensor_etth1,OT,F2,sgd,classification,1,1138,1,-1.6951175126919131,0.0009459839068600953,0.0008156122312000031,0.0011199400442822992,-2.4357577135925315,0.0007948124907275395,0.9724560061208876,1.624548841503631,0.21813399608976916
sensor_etth1,OT,F2,sgd,classification,2,1138,1,-1.5235070221817386,0.0010214436791485615,0.0009000251369463051,0.00118276905423268,-2.4214103299487726,0.0008657327312074577,0.9724560061208876,1.624548841503631,0.21813399608976916
sensor_etth1,OT,F2,sgd,classification,3,1129,1,-1.622702685006823,0.0010128308664382405,0.0008669054807536994,0.0011810603679524652,-2.4206727640702654,0.0008489595690474118,0.9724560061208876,1.624548841503631,0.21813399608976916
sensor_etth1,OT,F2,adam,regression,0,20,1,-1.8404472949309176,0.0007702122696054968,3.0491729336888897e-05,0.004460227586092101,-3.3816655978664087,0.0002880073410084775,0.06788798598019109,1.624548841503631,0.21813399608976916
sensor_etth1,OT,F2,adam,regression,1,20,1,-0.2575690551992096,0.0007314873735643037,2.4216811646942605e-05,0.004428158447810087,-3.331386297962412,0.0024630713750025666,0.07012802789936362,1.624548841503631,0.21813399608976916
sensor_etth1,OT,F2,adam,regression,2,21,1,2.4358533787316397,0.0009294080165566407,4.262156394795341e-05,0.004947791014447039,-3.363946973853708,0.0008844688810663191,0.0670231249440531,1.624548841503631,0.21813399608976916
sensor_etth1,OT,F2,adam,regression,3,21,1,0.09273043052410022,0.0009106251152447287,2.203949387734859e-05,0.0046050960487473815,-3.3275273883852745,0.0033814547848776437,0.07035584172113302,1.624548841503631,0.21813399608976916
sensor_etth1,OT,F2,adam,classification,0,200,1,-2.330553122436859,1.5776219982098394e-05,1.3209413996053859e-05,2.0529450386771528e-05,-4.083220499068219,1.3015297780983904e-05,0.9724560061208876,1.624548841503631,0.21813399608976916
sensor_etth1,OT,F2,adam,classification,1,194,1,-2.3783405454231366,1.0884741471777666e-05,8.41160260162732e-06,1.4222609587299311e-05,-4.193805350285768,8.429194366776795e-06,0.9724560061208876,1.624548841503631,0.21813399608976916
sensor_etth1,OT,F2,adam,classification,2,185,1,-1.061648585675623,1.9909611497928244e-05,1.8423437713759816e-05,2.2811041729939104e-05,-4.072381846859262,1.677371592737289e-05,0.9724560061208876,1.624548841503631,0.21813399608976916
sensor_etth1,OT,F2,adam,classification,3,190,1,-1.8658428452621656,1.7688548718018326e-05,1.3920788280878476e-05,2.1812599686042547e-05,-4.06354613539365,1.4180683440404342e-05,0.9724560061208876,1.624548841503631,0.21813399608976916
sensor_etth1,OT,F4,sgd,regression,0,24,1,-3.103384319234938,0.00011465780274824174,6.310913029878833e-05,0.00034875302051643175,-3.413947203264722,0.00010025681887915898,0.04666904363215067,1.624548841503631,0.21813399608976916
sensor_etth1,OT,F4,sgd,regression,1,24,1,-1.0629207098321942,0.00010885509121393399,5.2788372360022865e-05,0.00041692585776870666,-3.446564071588607,0.0004468931486965439,0.046709844062478134,1.624548841503631,0.21813399608976916
sensor_etth1,OT,F4,sgd,regression,2,24,1,-1.556830783520024,9.092237104111687e-05,4.4093125097200807e-05,0.0003455197531919595,-3.4594814272629146,3.9475425351980076e-05,0.0464842800288591,1.624548841503631,0.21813399608976916
sensor_etth1,OT,F4,sgd,regression,3,24,1,-0.5120467649366064,0.0001219084913815354,6.224551697234575e-05,0.0003982522190357405,-3.4469410852443008,4.540023377502686e-05,0.04680180764130343,1.624548841503631,0.21813399608976916
sensor_etth1,OT,F4,sgd,classification,0,980,1,-1.712073739435907,0.0008032324602584399,0.0006972832647432524,0.0009540174130115592,-2.5042052854240455,0.0006757349914766939,0.9747513389441469,1.624548841503631,0.21813399608976916
sensor_etth1,OT,F4,sgd,classification,1,975,1,-1.7363573947954256,0.0007545667949012754,0.0006477301195123982,0.0008984011144986121,-2.5209248763137446,0.0006317632743867012,0.9747513389441469,1.624548841503631,0.21813399608976916
sensor_etth1,OT,F4,sgd,classification,2,979,1,-1.5370059140393664,0.0008241269529350011,0.0007255960886406625,0.0009562269524969459,-2.5046585710552316,0.0006966970538280379,0.9747513389441469,1.624548841503631,0.21813399608976916
sensor_etth1,OT,F4,sgd,classification,3,956,1,-1.6503847736560673,0.0008166093559991835,0.0006946781854966829,0.0009550160875814018,-2.503831363036892,0.0006814898737939354,0.9747513389441469,1.624548841503631,0.21813399608976916
sensor_etth1,OT,F4,adam,regression,0,20,1,-1.1303382199427416,0.0008616433835855386,6.582467899360541e-05,0.004881374657046731,-3.1834398230721406,0.00042354643110343297,0.043867379900682485,1.624548841503631,0.21813399608976916
sensor_etth1,OT,F4,adam,regression,1,20,1,-0.30562569858868616,0.0008317554773945371,3.5594546590951955e-05,0.004803276696229519,-3.140287930020879,0.0019251171686004793,0.04482086306241649,1.624548841503631,0.21813399608976916
sensor_etth1,OT,F4,adam,regression,2,20,1,2.1667647149612277,0.0009139517081229423,4.0875718277662016e-05,0.004993579488874511,-3.1989031306144544,0.0011458067124670804,0.04473833707813496,1.624548841503631,0.21813399608976916
sensor_etth1,OT,F4,adam,regression,3,20,1,0.936794916655009,0.0009694770496371072,4.004078692820328e-05,0.004917217940302127,-3.1573202734027093,0.0026994400147449154,0.044955050527503135,1.624548841503631,0.21813399608976916
sensor_etth1,OT,F4,adam,classification,0,174,1,-1.9120507675914626,2.8130612535000725e-05,2.210636282667027e-05,3.245825243952156e-05,-4.0211472464937685,2.1309377719000783e-05,0.9762815608263198,1.624548841503631,0.21813399608976916
sensor_etth1,OT,F4,adam,classification,1,169,1,-0.60796650884272,2.119346528752763e-05,2.0347340572394983e-05,2.2283188652578097e-05,-4.116499625587544,2.120867962431301e-05,0.9762815608263198,1.624548841503631,0.21813399608976916
sensor_etth1,OT,F4,adam,classification,2,165,1,-1.0665766411694586,2.6748072697323478e-05,2.4256256090276565e-05,3.0462752907249883e-05,-4.042573673112039,2.1622265054842665e-05,0.9770466717674062,1.624548841503631,0.21813399608976916
sensor_etth1,OT,F4,adam,classification,3,163,1,-1.3211603808108987,2.7208806195010355e-05,2.1557131264648396e-05,3.080612859012335e-05,-4.037777425381912,2.1763034074196503e-05,0.9762815608263198,1.624548841503631,0.21813399608976916
sensor_etth1,OT,F7,sgd,regression,0,25,1,-3.014938904480753,0.0001240093798620072,7.274611090686641e-05,0.0003503113471411803,-3.4011514304466783,0.00010630409957821517,0.029659981186995883,1.624548841503631,0.21813399608976916
sensor_etth1,OT,F7,sgd,regression,1,25,1,-1.1479825436061033,0.00011708942522114482,6.11814702219461e-05,0.0004112974683385002,-3.4329718596148413,0.00044488962832197357,0.029795153504956262,1.624548841503631,0.21813399608976916
sensor_etth1,OT,F7,sgd,regression,2,24,1,-1.609141630911821,0.00010031332528574504,5.273197401494348e-05,0.0003500525732381618,-3.442213492980394,4.640256643025032e-05,0.02941771584123619,1.624548841503631,0.21813399608976916
sensor_etth1,OT,F7,sgd,regression,3,25,1,-0.5613758282409285,0.000131452722404219,7.107397847317594e-05,0.00040174392083985834,-3.434166418267718,5.2068339748187784e-05,0.02976623688633579,1.624548841503631,0.21813399608976916
sensor_etth1,OT,F7,sgd,classification,0,991,1,-1.7505458180237097,0.0007564488312484779,0.0006551713101336228,0.0009022338661787211,-2.5185450605474635,0.0006345570058057079,0.9793420045906657,1.624548841503631,0.21813399608976916
sensor_etth1,OT,F7,sgd,classification,1,986,1,-1.7761095674097103,0.0007083300058810779,0.0006061801870374269,0.0008472098787599978,-2.5359954140696015,0.0005913398627102271,0.9793420045906657,1.624548841503631,0.21813399608976916
sensor_etth1,OT,F7,sgd,classification,2,989,1,-1.5649863904997097,0.0007775681218659998,0.0006834555637361557,0.000904792138039013,-2.5189169059900864,0.0006554814704499782,0.9793420045906657,1.624548841503631,0.21813399608976916
sensor_etth1,OT,F7,sgd,classification,3,966,1,-1.6850376615499314,0.0007697465793851184,0.0006521984772507773,0.0009032210419410413,-2.5181440606106635,0.0006401651452753175,0.9793420045906657,1.624548841503631,0.21813399608976916
sensor_etth1,OT,F7,adam,regression,0,20,1,-1.1519876490552892,0.0008119634127678765,6.007497278824218e-05,0.004681684516184947,-3.190379217890324,0.0003804896978894368,0.025422521099949937,1.624548841503631,0.21813399608976916
sensor_etth1,OT,F7,adam,regression,1,20,1,-0.2820821269552447,0.000797467276245053,3.884014873377971e-05,0.004701545728546042,-3.1441294384501615,0.002134683822717036,0.02764541435914301,1.624548841503631,0.21813399608976916
sensor_etth1,OT,F7,adam,regression,2,20,1,2.357703683554698,0.0009403131703598749,3.995353829891138e-05,0.004976273301177807,-3.203949752366585,0.0010522604964081786,0.026319735676294656,1.624548841503631,0.21813399608976916
sensor_etth1,OT,F7,adam,regression,3,20,1,0.6993707830058216,0.0009678291060320317,4.212221197978816e-05,0.004738550874411833,-3.162174706273916,0.0029810054651306967,0.02662873279842582,1.624548841503631,0.21813399608976916
sensor_etth1,OT,F7,adam,classification,0,174,1,-1.7525015595283995,3.758975086097028e-05,2.9573632738845412e-05,4.2514791871669894e-05,-3.95182195380923,2.8566557299229375e-05,0.9801071155317521,1.624548841503631,0.21813399608976916
sensor_etth1,OT,F7,adam,classification,1,169,1,-0.5093527631451202,3.0264080829607415e-05,2.8225364469310667e-05,3.134555235875038e-05,-4.025795308574262,2.9786168366662167e-05,0.9801071155317521,1.624548841503631,0.21813399608976916
sensor_etth1,OT,F7,adam,classification,2,165,1,-1.122525005657815,3.479945629138654e-05,3.131630852749794e-05,3.9909217332304904e-05,-3.9726470666451115,2.8088423716854263e-05,0.9801071155317521,1.624548841503631,0.21813399608976916
sensor_etth1,OT,F7,adam,classification,3,163,1,-1.2120992829502502,3.575364567048024e-05,2.919986592527812e-05,4.001527550477744e-05,-3.973462923588885,2.9022386823445743e-05,0.9801071155317521,1.624548841503631,0.21813399608976916
sensor_etth1,OT,F10,sgd,regression,0,26,1,-2.462325651318378,4.9241228556473753e-05,6.013061981506063e-06,0.0002683872575937596,-4.196136183967905,6.075397062297009e-05,0.07854845952197963,1.624548841503631,0.21813399608976916
sensor_etth1,OT,F10,sgd,regression,1,26,1,0.12380245917683075,5.8351087966381396e-05,5.8505663232905715e-06,0.0003393125258300621,-4.212822121851422,0.0003803641951640794,0.0783668412243453,1.624548841503631,0.21813399608976916
sensor_etth1,OT,F10,sgd,regression,2,26,1,-0.04791370410653296,4.525840619188146e-05,5.265148262504509e-06,0.0002815563105477725,-4.221677659719364,1.0081801209371457e-05,0.07818732105822288,1.624548841503631,0.21813399608976916
sensor_etth1,OT,F10,sgd,regression,3,26,1,2.434115745975328,5.4054426993172754e-05,5.899037748936917e-06,0.00032374251218809404,-4.227026900088974,4.6098856820533996e-06,0.07846291691533985,1.624548841503631,0.21813399608976916
sensor_etth1,OT,F10,sgd,classification,0,1168,1,-1.6749463453709306,0.0009998828555392734,0.0008707990396548917,0.001182121794650243,-2.4201985439728593,0.0008443216055948097,0.9724560061208876,1.624548841503631,0.21813399608976916
sensor_etth1,OT,F10,sgd,classification,1,1150,1,-1.6946369009999673,0.0009480446047217588,0.0008174531167885843,0.0011223101270678986,-2.434841152241211,0.0007966119376007429,0.9724560061208876,1.624548841503631,0.21813399608976916
sensor_etth1,OT,F10,sgd,classification,2,1150,1,-1.5233702871283126,0.0010235607796550703,0.0009019230082122551,0.0011851980245582373,-2.4205032905605655,0.0008675792047684842,0.9724560061208876,1.624548841503631,0.21813399608976916
sensor_etth1,OT,F10,sgd,classification,3,1145,1,-1.6224071384544658,0.0010149384535744778,0.00086877889155674,0.0011834791081590298,-2.4197693314224282,0.0008507903068451238,0.9724560061208876,1.624548841503631,0.21813399608976916
sensor_etth1,OT,F10,adam,regression,0,20,1,-1.690086632185035,0.0007607518313438166,2.9708816368287343e-05,0.004297826795780874,-3.3878356827406493,0.0002686716596342761,0.07214451932565809,1.624548841503631,0.21813399608976916
sensor_etth1,OT,F10,adam,regression,1,20,1,-0.26860363312679364,0.0007129245013432811,2.3184019198606186e-05,0.004271998857820045,-3.340050217556845,0.002657718722044417,0.07384948429713248,1.624548841503631,0.21813399608976916
sensor_etth1,OT,F10,adam,regression,2,21,1,2.2837144705336963,0.0008959954724021152,3.6115388915339314e-05,0.004915869308529621,-3.371404643805588,0.0007827772717965701,0.07144439126702685,1.624548841503631,0.21813399608976916
sensor_etth1,OT,F10,adam,regression,3,21,1,0.11248557322919345,0.000876858996771622,2.4302811962661195e-05,0.0045885709413209545,-3.3315593927163656,0.0036073653402375508,0.07461868225267869,1.624548841503631,0.21813399608976916
sensor_etth1,OT,F10,adam,classification,0,201,1,-2.28199763724938,1.622101058312224e-05,1.364127889331563e-05,2.098928757541938e-05,-4.078149521174931,1.3435296136873417e-05,0.9724560061208876,1.624548841503631,0.21813399608976916
sensor_etth1,OT,F10,adam,classification,1,195,1,-2.315423261271028,1.1309988719164304e-05,8.80929492444399e-06,1.4659308976315998e-05,-4.186519981399383,8.822519574911762e-06,0.9724560061208876,1.624548841503631,0.21813399608976916
sensor_etth1,OT,F10,adam,classification,2,186,1,-1.0516385171984823,2.032595846059509e-05,1.8822330380298782e-05,2.3239028473184763e-05,-4.0677894040874465,1.7177199883669358e-05,0.9724560061208876,1.624548841503631,0.21813399608976916
sensor_etth1,OT,F10,adam,classification,3,191,1,-1.8306815974528148,1.8135416598062706e-05,1.435416857044035e-05,2.2265803386840304e-05,-4.058761452834576,1.4601561813757576e-05,0.9724560061208876,1.624548841503631,0.21813399608976916
sensor_etth1,OT,F11,sgd,regression,0,24,1,-2.4960463999197695,0.00013937539712824577,8.602388373590344e-05,0.0003773726923527528,-3.2827713594480175,0.00013407451852424506,0.030151949289641943,1.624548841503631,0.21813399608976916
sensor_etth1,OT,F11,sgd,regression,1,24,1,-1.315902247629391,0.00015014447969645062,9.079289881255212e-05,0.0004651774306463781,-3.2774448518458894,0.00047914022788033447,0.029896863694881683,1.624548841503631,0.21813399608976916
sensor_etth1,OT,F11,sgd,regression,2,24,1,-0.6220004572265823,0.00012468826335296852,7.820617288515517e-05,0.00037933281601735126,-3.3265659213963255,6.940458111243165e-05,0.03002154865577196,1.624548841503631,0.21813399608976916
sensor_etth1,OT,F11,sgd,regression,3,24,1,-0.8661229719608019,0.00014818004318078304,8.259752000136491e-05,0.0004193356211840059,-3.291615353238326,6.646562576596316e-05,0.030010874866384436,1.624548841503631,0.21813399608976916
sensor_etth1,OT,F11,sgd,classification,0,894,1,-1.7308154774169224,0.0006354432737625033,0.0005519154613245468,0.0007563480824327389,-2.5863220883743154,0.0005352422362335146,0.9801071155317521,1.624548841503631,0.21813399608976916
sensor_etth1,OT,F11,sgd,classification,1,895,1,-1.7414939168997896,0.00058917156424442,0.0005072033230102434,0.0007033671800458992,-2.6060840829282514,0.000496808687261584,0.9801071155317521,1.624548841503631,0.21813399608976916
sensor_etth1,OT,F11,sgd,classification,2,890,1,-1.5291442912424769,0.0006516144175053413,0.0005754961708835485,0.0007554629491298774,-2.5876836563845265,0.0005516749646581875,0.9801071155317521,1.624548841503631,0.21813399608976916
sensor_etth1,OT,F11,sgd,classification,3,869,1,-1.65280432092628,0.0006464139425330886,0.0005479190546641028,0.000755959622512898,-2.586414839481956,0.0005398603679179183,0.9801071155317521,1.624548841503631,0.21813399608976916
sensor_etth1,OT,F11,adam,regression,0,20,1,-0.7837288679573803,0.000896797373395724,8.545714687473406e-05,0.004899769923801766,-3.1046245874036287,0.0004305974136144687,0.029263312671329925,1.624548841503631,0.21813399608976916
sensor_etth1,OT,F11,adam,regression,1,20,1,-0.1300890734065724,0.0008657028512885978,5.8285889321444376e-05,0.004898863930169426,-3.080284933962369,0.0017761334374551533,0.028750784645577773,1.624548841503631,0.21813399608976916
sensor_etth1,OT,F11,adam,regression,2,20,1,1.6908380101153186,0.0009637112370647399,6.840222799403141e-05,0.0052252367815475475,-3.111091204135297,0.0012296481498283668,0.029472539725670422,1.624548841503631,0.21813399608976916
sensor_etth1,OT,F11,adam,regression,3,20,1,1.1258159094819744,0.0010102537891416767,6.758119206411888e-05,0.005059844786559653,-3.081042880139019,0.0024990307855366108,0.029091333639632316,1.624548841503631,0.21813399608976916
sensor_etth1,OT,F11,adam,classification,0,160,1,-3.0851629976910315,2.695878818698951e-05,1.8470835720114616e-05,3.2191293688229833e-05,-3.9933346563236185,1.7010325227114758e-05,0.9808722264728386,1.624548841503631,0.21813399608976916
sensor_etth1,OT,F11,adam,classification,1,153,1,0.40345764625915126,2.6192326929716998e-05,2.0546686984516575e-05,3.298520006458392e-05,-4.041918073064672,2.6010335202095993e-05,0.981637337413925,1.624548841503631,0.21813399608976916
sensor_etth1,OT,F11,adam,classification,2,152,1,-1.56571260320091,2.545931072478582e-05,2.149887311748604e-05,3.441459168530639e-05,-4.022383872199177,1.6082334314425376e-05,0.981637337413925,1.624548841503631,0.21813399608976916
sensor_etth1,OT,F11,adam,classification,3,150,1,-2.3340421079848244,2.8259314197936476e-05,1.853443177430296e-05,3.4759532363470686e-05,-4.006368118462546,1.9692949392005482e-05,0.981637337413925,1.624548841503631,0.21813399608976916
sensor_etth1,OT,FA,sgd,regression,0,24,1,-2.8909491183894147,0.00011955686271668565,6.770111231747763e-05,0.00035652862370804544,-3.4174458274853294,0.00010702202197767227,0.03889282043959692,1.624548841503631,0.21813399608976916
sensor_etth1,OT,FA,sgd,regression,1,24,1,-0.8948592648973622,0.0001171010065941548,5.973848254560329e-05,0.0004289022203616753,-3.444690105186942,0.0004572069929965949,0.039033810241073316,1.624548841503631,0.21813399608976916
sensor_etth1,OT,FA,sgd,regression,2,24,1,-1.2811340009612728,9.57267221859145e-05,4.978627162181283e-05,0.00035107079753119634,-3.462122499623053,4.5420328675385155e-05,0.03863630187669998,1.624548841503631,0.21813399608976916
sensor_etth1,OT,FA,sgd,regression,3,24,1,-0.3885347236810921,0.00012703894039104525,6.802955026076276e-05,0.0004049867521452323,-3.447275889128502,5.197247936410794e-05,0.03901695207007901,1.624548841503631,0.21813399608976916
sensor_etth1,OT,FA,sgd,classification,0,972,1,-1.735824258884298,0.000780294166014789,0.0006760691029155067,0.000929131096340355,-2.511716848938052,0.000654852890698531,0.9747513389441469,1.624548841503631,0.21813399608976916
sensor_etth1,OT,FA,sgd,classification,1,967,1,-1.7617915291304873,0.0007318085728844894,0.0006266879293152428,0.0008737439738191584,-2.5287704569540845,0.0006111348660613207,0.9747513389441469,1.624548841503631,0.21813399608976916
sensor_etth1,OT,FA,sgd,classification,2,968,1,-1.5556259508002352,0.0008012107139732128,0.00070433959211548,0.0009313829744380665,-2.5121492240658228,0.0006757722622256188,0.9747513389441469,1.624548841503631,0.21813399608976916
sensor_etth1,OT,FA,sgd,classification,3,949,1,-1.6724371835189962,0.0007936612946728028,0.0006733332581587714,0.000930145967147065,-2.511325882275062,0.0006605813241653751,0.9747513389441469,1.624548841503631,0.21813399608976916
sensor_etth1,OT,FA,adam,regression,0,20,1,-1.1201665092879651,0.0008594591555966221,6.481095214440676e-05,0.004888260612077272,-3.1777130998928977,0.00044216091483511026,0.03435492729610169,1.624548841503631,0.21813399608976916
sensor_etth1,OT,FA,adam,regression,1,20,1,-0.2455227432127902,0.0008419674444052833,3.866413164301661e-05,0.004817636445326128,-3.135022872822647,0.001851280891772693,0.036006306975409845,1.624548841503631,0.21813399608976916
sensor_etth1,OT,FA,adam,regression,2,20,1,2.0905527109677258,0.0009281677820151498,3.624652365584668e-05,0.005127880070607758,-3.194033197215081,0.0011737546539810067,0.03541589354707377,1.624548841503631,0.21813399608976916
sensor_etth1,OT,FA,adam,regression,3,20,1,1.028969500808405,0.0009700888110423516,4.4498831945919436e-05,0.004962798287640178,-3.149022158757457,0.0025950680625709114,0.035519243581731856,1.624548841503631,0.21813399608976916
sensor_etth1,OT,FA,adam,classification,0,173,1,-1.9071577296748479,2.8662044569247176e-05,2.2290040046544448e-05,3.2815254626439654e-05,-4.024559005622806,2.1461285894197727e-05,0.9762815608263198,1.624548841503631,0.21813399608976916
sensor_etth1,OT,FA,adam,classification,1,168,1,-0.4432621653297711,2.259084961000366e-05,2.0943310775023435e-05,2.332454857321705e-05,-4.113732651619764,2.2551370747702756e-05,0.9762815608263198,1.624548841503631,0.21813399608976916
sensor_etth1,OT,FA,adam,classification,2,164,1,-1.0670954956583734,2.6960591091316375e-05,2.4413112065124167e-05,3.090056431031906e-05,-4.046816076656968,2.1526462725653465e-05,0.9770466717674062,1.624548841503631,0.21813399608976916
sensor_etth1,OT,FA,adam,classification,3,162,1,-1.3037129129202736,2.7725673261393494e-05,2.1946407779611377e-05,3.1352197215275666e-05,-4.041948547287065,2.2140959226157815e-05,0.9762815608263198,1.624548841503631,0.21813399608976916
sensor_etth1,HUFL,F0,sgd,regression,0,163,1,-0.3726985867996178,7.740133448729112e-05,2.449262510115942e-05,0.000244739355150799,-3.75666788047671,1.6557078062983148e-05,0.964924190081742,1.264450074649729,0.046859876781146705
sensor_etth1,HUFL,F0,sgd,regression,1,162,1,0.5556265483823687,7.593061633968956e-05,2.132173638378803e-05,0.00018228965876414388,-3.826686048478016,0.0001504513581170937,0.9624303499133835,1.264450074649729,0.046859876781146705
sensor_etth1,HUFL,F0,sgd,regression,2,158,1,-1.3212337014972266,8.025883651635583e-05,2.563267453103363e-05,0.00017508950206557373,-3.809176127138098,5.845334977943747e-05,0.96714180988041,1.264450074649729,0.046859876781146705
sensor_etth1,HUFL,F0,sgd,regression,3,155,1,2.302400694313372,8.471418221909198e-05,2.8687861794150976e-05,0.00023500301065334424,-3.8072237905356516,9.420637820735766e-05,0.9626673288958466,1.264450074649729,0.046859876781146705
sensor_etth1,HUFL,F0,sgd,classification,0,2602,1,-2.3154916870186453,0.0003727644011944678,0.0003052768855434235,0.00046243357174291093,-2.73070295533261,0.00029190257072824854,0.7628156082631982,1.264450074649729,0.046859876781146705
sensor_etth1,HUFL,F0,sgd,classification,1,2610,1,-2.2896553905968173,0.0003596720133183295,0.0003012647482378655,0.0004404236878923724,-2.7324679395857983,0.000287798972864643,0.7666411629686305,1.264450074649729,0.046859876781146705
sensor_etth1,HUFL,F0,sgd,classification,2,2544,1,-1.9238062213071332,0.0003652861574304758,0.0002985030728419933,0.00042778448439676766,-2.752162432994401,0.00027589791819032015,0.7666411629686305,1.264450074649729,0.046859876781146705
sensor_etth1,HUFL,F0,sgd,classification,3,2673,1,-2.5096157901347076,0.00037478375291005175,0.000284272781121514,0.00047007447589522607,-2.7240563378909166,0.0002822375103409229,0.7674062739097169,1.264450074649729,0.046859876781146705
sensor_etth1,HUFL,F0,adam,regression,0,74,1,-1.0344619303027596,0.0015491208305202155,0.0004446584022744909,0.00367943864554759,-2.85291509462072,0.00026548697997338613,0.9653432948484917,1.264450074649729,0.046859876781146705
sensor_etth1,HUFL,F0,adam,regression,1,66,1,0.019327161314214757,0.001432219462648807,0.0004768436184448867,0.003444585468314895,-2.866591995893459,0.003451321609567292,0.954864076067424,1.264450074649729,0.046859876781146705
sensor_etth1,HUFL,F0,adam,regression,2,70,1,-0.5957142952758424,0.0015671276397795013,0.0005073525071767213,0.0042133301913869145,-2.831450276759186,0.00048260522756276073,0.9631523433410109,1.264450074649729,0.046859876781146705
sensor_etth1,HUFL,F0,adam,regression,3,74,1,1.1331507994192607,0.0015382421721665824,0.0005241761850881174,0.0036791999515731603,-2.8372147150527107,0.0005989211387909257,0.964926126243044,1.264450074649729,0.046859876781146705
sensor_etth1,HUFL,F0,adam,classification,0,294,1,-1.136455221047618,7.736540405044976e-05,2.5658726682447717e-05,0.0002715545775023143,-3.8286808282738574,3.0022144523166704e-05,0.7773527161438408,1.264450074649729,0.046859876781146705
sensor_etth1,HUFL,F0,adam,classification,1,298,1,1.1464204550519679,8.6975963487395e-05,1.9472263054429838e-05,0.0001807482365849207,-3.9315022021167914,9.897012325883028e-05,0.7804131599081867,1.264450074649729,0.046859876781146705
sensor_etth1,HUFL,F0,adam,classification,2,326,1,-1.1288861967189268,8.481269800289415e-05,2.737421390853272e-05,0.00017529099161458473,-3.9173799203602324,3.312523422875317e-05,0.7735271614384086,1.264450074649729,0.046859876781146705
sensor_etth1,HUFL,F0,adam,classification,3,329,1,0.7068844488297641,6.753240596457483e-05,2.8447634863528824e-05,0.000184693352380981,-3.935986171609822,6.289851937215762e-05,0.782708492731446,1.264450074649729,0.046859876781146705
sensor_etth1,HUFL,F1,sgd,regression,0,118,1,-2.425490977459335,0.00010255819570423186,8.0017515017121e-05,0.000160513161907031,-3.5347602557712854,7.052905921590146e-05,1.3643436446512598,1.264450074649729,0.046859876781146705
sensor_etth1,HUFL,F1,sgd,regression,1,117,1,-0.8950737309226336,0.00011967826487706391,8.458587987348653e-05,0.00020103297565902793,-3.5154195630665286,0.00012731557504421932,1.360464522985865,1.264450074649729,0.046859876781146705
sensor_etth1,HUFL,F1,sgd,regression,2,117,1,-1.1361265191466445,9.108692996710562e-05,7.262292709437447e-05,0.0001368506101445408,-3.581671189900744,6.422656943522799e-05,1.3652050179421422,1.264450074649729,0.046859876781146705
sensor_etth1,HUFL,F1,sgd,regression,3,109,1,-1.3771963854363536,0.00011598971924990897,7.972790358191722e-05,0.00016701272675836588,-3.525394009941985,0.00010355373054661077,1.360286157809428,1.264450074649729,0.046859876781146705
sensor_etth1,HUFL,F1,sgd,classification,0,3402,1,-1.666354912389609,0.0013408688635483538,0.001166949799123616,0.0015822653537255454,-2.326123454434307,0.0011309650311077432,0.5845447589900535,1.264450074649729,0.046859876781146705
sensor_etth1,HUFL,F1,sgd,classification,1,3349,1,-1.6855733052581403,0.001277930614712946,0.001102356895743077,0.0015101880911455219,-2.339216770526541,0.001073459785366615,0.5830145371078806,1.264450074649729,0.046859876781146705
sensor_etth1,HUFL,F1,sgd,classification,2,3411,1,-1.5322714480848758,0.001367824925660698,0.0012032093259477733,0.0015846229232594098,-2.3262057203900577,0.0011577334226443915,0.5845447589900535,1.264450074649729,0.046859876781146705
sensor_etth1,HUFL,F1,sgd,classification,3,3400,1,-1.6188236868058359,0.0013588443062264744,0.0011643430330791817,0.001583510311065986,-2.3258298558154196,0.0011387562151825934,0.5845447589900535,1.264450074649729,0.046859876781146705
sensor_etth1,HUFL,F1,adam,regression,0,20,1,-0.582235525168562,0.0003096657111332279,3.8944938398671145e-05,0.0013312009764243856,-3.5376102324574306,0.00032595177673668896,1.3199198438594955,1.264450074649729,0.046859876781146705
sensor_etth1,HUFL,F1,adam,regression,1,20,1,-1.6707386685289733,0.00019975035027669781,2.2077473858905702e-05,0.0013202065488862023,-3.586165473027584,0.0011522237964082336,1.25205007439161,1.264450074649729,0.046859876781146705
sensor_etth1,HUFL,F1,adam,regression,2,21,1,-0.7751594263769304,0.00028879244646206654,3.0928129349829065e-05,0.0014192750089019645,-3.5622561744362216,0.00047911426203641914,1.304411891015504,1.264450074649729,0.046859876781146705
sensor_etth1,HUFL,F1,adam,regression,3,20,1,1.74168681021555,0.0002313320561051391,3.444925490158394e-05,0.0011967383480585327,-3.5948268467297413,1.5750093279729952e-05,1.2823277809118154,1.264450074649729,0.046859876781146705
sensor_etth1,HUFL,F1,adam,classification,0,325,1,-1.593828849217164,4.405332782402928e-05,3.671611940788163e-05,4.936378338897657e-05,-3.883222181348785,3.505422826921434e-05,0.5899005355776588,1.264450074649729,0.046859876781146705
sensor_etth1,HUFL,F1,adam,classification,1,318,1,-0.6192784453054817,4.5006418451672105e-05,4.363007467675059e-05,4.675561054849587e-05,-3.905282316782702,4.204029175742149e-05,0.5845447589900535,1.264450074649729,0.046859876781146705
sensor_etth1,HUFL,F1,adam,classification,2,319,1,-0.7689898582136364,4.260380190335635e-05,3.898839100994147e-05,4.6091786845789354e-05,-3.908656153511897,3.558113329553003e-05,0.5929609793420046,1.264450074649729,0.046859876781146705
sensor_etth1,HUFL,F1,adam,classification,3,333,1,-1.448525971531903,4.7925248606594505e-05,3.804315478869371e-05,5.464660693114116e-05,-3.8613758417990693,3.9153497391315244e-05,0.5899005355776588,1.264450074649729,0.046859876781146705
sensor_etth1,HUFL,F2,sgd,regression,0,148,1,-2.6634173438566733,1.0960146914252533e-05,4.3222591755652386e-06,5.289084510848273e-05,-4.658995545414981,6.574728575510508e-06,1.3561720949716933,1.264450074649729,0.046859876781146705
sensor_etth1,HUFL,F2,sgd,regression,1,136,1,1.9550309796941678,1.8744056496774122e-05,3.937537657588054e-06,9.799850711227537e-05,-4.5540072897048525,3.5950306142348715e-05,1.35706300279984,1.264450074649729,0.046859876781146705
sensor_etth1,HUFL,F2,sgd,regression,2,140,1,0.1700621431403503,1.637366542052257e-05,3.5368001825820673e-06,5.3077154920973206e-05,-4.596237427880229,7.872186782840534e-06,1.3565653987242037,1.264450074649729,0.046859876781146705
sensor_etth1,HUFL,F2,sgd,regression,3,136,1,2.6568820824424098,1.5111868919808511e-05,4.6195292604873025e-06,5.7425604144658176e-05,-4.611643786463336,3.205422896905186e-05,1.3568881937782358,1.264450074649729,0.046859876781146705
sensor_etth1,HUFL,F2,sgd,classification,0,4000,0,-1.5133334846400628,0.0020059582208879507,0.001766922424297279,0.002328986097812643,-2.1991252984219956,0.0017166042024824848,0.5799540933435348,1.264450074649729,0.046859876781146705
sensor_etth1,HUFL,F2,sgd,classification,1,4000,0,-1.5266354089262781,0.001934243390704997,0.0016924971060713126,0.002246126755021331,-2.2094151293298854,0.0016494438205900375,0.5799540933435348,1.264450074649729,0.046859876781146705
sensor_etth1,HUFL,F2,sgd,classification,2,4000,0,-1.4142601831738058,0.0020368354019150384,0.0018080513036634706,0.00233120894339206,-2.1991880263348444,0.0017473820437070536,0.5799540933435348,1.264450074649729,0.046859876781146705
sensor_etth1,HUFL,F2,sgd,classification,3,4000,0,-1.4788206213038357,0.0020258799242939265,0.0017649580811521263,0.0023289910120447557,-2.1989729941396665,0.0017250689115003671,0.5799540933435348,1.264450074649729,0.046859876781146705
sensor_etth1,HUFL,F2,adam,regression,0,20,1,-1.7802404483947192,0.00019137584570045468,8.369233430494302e-06,0.0010404203832334994,-3.8317665249913224,0.0004274177899272987,1.3663417359474632,1.264450074649729,0.046859876781146705
sensor_etth1,HUFL,F2,adam,regression,1,21,1,-2.9455071310264005,0.00013432212129212915,8.64255439471278e-06,0.0010083409911900837,-3.8248075359035556,0.0009643001602348335,1.3514253225019381,1.264450074649729,0.046859876781146705
sensor_etth1,HUFL,F2,adam,regression,2,21,1,0.4172276103220341,0.00021069770617132306,1.0153708418998115e-05,0.0010876863191284216,-3.832562959022296,0.0003984906681302513,1.3583355046081231,1.264450074649729,0.046859876781146705
sensor_etth1,HUFL,F2,adam,regression,3,21,1,0.7953497317157484,0.0001498615597081711,7.289287877453545e-06,0.0008624507642067116,-3.873117569851581,1.614281792908901e-06,1.35054953788272,1.264450074649729,0.046859876781146705
sensor_etth1,HUFL,F2,adam,classification,0,417,1,-2.4938668932904067,2.256963518792098e-05,1.8600289216635468e-05,2.9837138493972264e-05,-3.9220472282478194,1.8156986010744353e-05,0.5807192042846213,1.264450074649729,0.046859876781146705
sensor_etth1,HUFL,F2,adam,classification,1,437,1,-2.651544036977272,1.5686584713975065e-05,1.179288209860107e-05,2.0945351764513433e-05,-4.022899683884777,1.1781145764754426e-05,0.5807192042846213,1.264450074649729,0.046859876781146705
sensor_etth1,HUFL,F2,adam,classification,2,429,1,-1.3014202609807923,2.7994818269967216e-05,2.5429358724745695e-05,3.273578262345533e-05,-3.9118652026410516,2.3107961352077752e-05,0.5814843152257078,1.264450074649729,0.046859876781146705
sensor_etth1,HUFL,F2,adam,classification,3,431,1,-2.0669253016259823,2.5362805248512867e-05,1.958964399800158e-05,3.165610211755744e-05,-3.9025125649968886,1.981498605586934e-05,0.5807192042846213,1.264450074649729,0.046859876781146705
sensor_etth1,HUFL,F4,sgd,regression,0,465,1,-2.271472151132077,5.145547927671385e-05,3.817809450648771e-05,0.00010135742165531521,-3.591639562261346,6.042374294559006e-05,1.34730029627526,1.264450074649729,0.046859876781146705
sensor_etth1,HUFL,F4,sgd,regression,1,469,1,-0.5948936197711021,5.2598840901051347e-05,3.14388237210218e-05,0.0001254058676778881,-3.6023400278266497,6.473327994398408e-05,1.335575538302097,1.264450074649729,0.046859876781146705
sensor_etth1,HUFL,F4,sgd,regression,2,448,1,-1.4355080142418768,6.52762184477411e-05,4.7926959760048286e-05,0.00010257166093467338,-3.5875715198331766,4.652330718334068e-05,1.34396267241227,1.264450074649729,0.046859876781146705
sensor_etth1,HUFL,F4,sgd,regression,3,456,1,0.26700810206299147,5.45522965919382e-05,3.8412357515976483e-05,9.300812164223516e-05,-3.6013904575882907,4.9333113425288886e-05,1.3411184749511351,1.264450074649729,0.046859876781146705
sensor_etth1,HUFL,F4,sgd,classification,0,4000,0,-1.1310635791343635,0.001836287861693848,0.0016595595607844813,0.002048616283568372,-2.3512607863534,0.0016229038611308164,0.6725325172149962,1.264450074649729,0.046859876781146705
sensor_etth1,HUFL,F4,sgd,classification,1,4000,0,-1.1030595081210364,0.0018267486989514323,0.0016628301713723006,0.0020310979648526725,-2.355635160641869,0.0016267946149392295,0.6732976281560826,1.264450074649729,0.046859876781146705
sensor_etth1,HUFL,F4,sgd,classification,2,4000,0,-1.0321980854022672,0.0018326707576762926,0.0016624461691562816,0.002006161279021377,-2.357039438111234,0.0016162415961198983,0.6725325172149962,1.264450074649729,0.046859876781146705
sensor_etth1,HUFL,F4,sgd,classification,3,4000,0,-1.1505078052936655,0.0018644812141947057,0.0016612206066386893,0.002073813372827602,-2.3484941635590197,0.0016394940823951337,0.6725325172149962,1.264450074649729,0.046859876781146705
sensor_etth1,HUFL,F4,adam,regression,0,86,1,0.14896210794890064,0.00039614344575492316,0.00010798979952318717,0.001315238418125646,-3.3787957357733838,0.0004804958032066532,1.3408753650781524,1.264450074649729,0.046859876781146705
sensor_etth1,HUFL,F4,adam,regression,1,78,1,-0.7608729808210032,0.0002866240662312531,9.003943337858803e-05,0.0011804608685981538,-3.4317818963806492,0.0009380403994144798,1.3256652197631194,1.264450074649729,0.046859876781146705
sensor_etth1,HUFL,F4,adam,regression,2,75,1,-0.24827518795560422,0.0003949777823162127,0.00012139539020155245,0.00115278814728469,-3.392537376466553,0.0006680849129760361,1.343145472044491,1.264450074649729,0.046859876781146705
sensor_etth1,HUFL,F4,adam,regression,3,82,1,1.7848786311207632,0.00033752060932075196,0.00010716739049663038,0.0009740638656596791,-3.4307025722819655,0.00022600356862166281,1.3397006385041481,1.264450074649729,0.046859876781146705
sensor_etth1,HUFL,F4,adam,classification,0,662,1,-3.316458592618206,1.3040835000496568e-05,7.743402751991546e-06,2.844191950432625e-05,-4.046067836692293,2.8719814697763774e-05,0.675592960979342,1.264450074649729,0.046859876781146705
sensor_etth1,HUFL,F4,adam,classification,1,655,1,-0.2573038705053378,1.4325317246032225e-05,9.944339974525926e-06,4.8172120985205096e-05,-4.013933399383327,1.1535265120752862e-05,0.6870696250956388,1.264450074649729,0.046859876781146705
sensor_etth1,HUFL,F4,adam,classification,2,629,1,-1.9915676781541338,2.1880029432772572e-05,1.579578639367503e-05,3.6922762671452715e-05,-4.056916731973841,1.0244143730561728e-05,0.6778882938026014,1.264450074649729,0.046859876781146705
sensor_etth1,HUFL,F4,adam,classification,3,691,1,-4.0797976272959815,1.4196924528350238e-05,5.979479419979599e-06,2.3452719121059875e-05,-4.022070194824256,5.28535111039608e-06,0.6817138485080336,1.264450074649729,0.046859876781146705
sensor_etth1,HUFL,F7,sgd,regression,0,233,1,-2.437915917091487,7.804542408301365e-05,5.9742106721498336e-05,0.00010418536346956627,-3.5937018168617567,5.407563619877567e-05,1.401429436593024,1.264450074649729,0.046859876781146705
sensor_etth1,HUFL,F7,sgd,regression,1,228,1,-1.0158717480721573,9.591197113889186e-05,6.390540643665449e-05,0.00015103803815472608,-3.5615900893826105,7.205929194014423e-05,1.398482888246594,1.264450074649729,0.046859876781146705
sensor_etth1,HUFL,F7,sgd,regression,2,217,1,-1.3691348621136779,6.888615872196614e-05,5.431888805576632e-05,9.615513527352539e-05,-3.64009668235146,5.029516938940301e-05,1.4024669877039777,1.264450074649729,0.046859876781146705
sensor_etth1,HUFL,F7,sgd,regression,3,221,1,-2.047814981801449,8.3865632609782e-05,6.008963948608405e-05,0.00010654273826145548,-3.575450269182378,6.810599024187485e-05,1.3994396390547352,1.264450074649729,0.046859876781146705
sensor_etth1,HUFL,F7,sgd,classification,0,4000,0,-1.5618202477039618,0.0019314741983737836,0.001692763312433026,0.0022539763671200483,-2.2386135710328987,0.0016425854939409433,0.6648814078041316,1.264450074649729,0.046859876781146705
sensor_etth1,HUFL,F7,sgd,classification,1,4000,0,-1.5769374912262875,0.00185673697083923,0.0016160810523556367,0.0021678874886037897,-2.2494174083905074,0.0015739087582989433,0.6656465187452181,1.264450074649729,0.046859876781146705
sensor_etth1,HUFL,F7,sgd,classification,2,4000,0,-1.4552631945357426,0.0019609557795960153,0.001733346642982172,0.0022535552183681764,-2.2388038005201976,0.0016724067667025816,0.6656465187452181,1.264450074649729,0.046859876781146705
sensor_etth1,HUFL,F7,sgd,classification,3,4000,0,-1.524059076704158,0.0019519454611214445,0.0016901095221196034,0.0022538392313950703,-2.238552882953446,0.0016515227930406098,0.6656465187452181,1.264450074649729,0.046859876781146705
sensor_etth1,HUFL,F7,adam,regression,0,21,1,-1.5079103707140464,0.00012234978962219196,1.965881156929508e-05,0.0006927944189650159,-3.7555811855841177,0.0005928400382928969,1.402387895186226,1.264450074649729,0.046859876781146705
sensor_etth1,HUFL,F7,adam,regression,1,21,1,-2.21378514127806,9.883766943560331e-05,1.5729831720728633e-05,0.0006230560460167518,-3.8041106525914694,0.0006215028492112112,1.3848238451658217,1.264450074649729,0.046859876781146705
sensor_etth1,HUFL,F7,adam,regression,2,21,1,-0.599298379648934,0.00014074053763848368,2.3920361710916337e-05,0.0006563654625538235,-3.772982693072885,4.5685451794335295e-05,1.3991426085818102,1.264450074649729,0.046859876781146705
sensor_etth1,HUFL,F7,adam,regression,3,21,1,3.559991447428191,0.00015839455015997987,3.396228074702619e-05,0.000555514159699533,-3.7766904344626875,1.8141949925777274e-05,1.3901090447408897,1.264450074649729,0.046859876781146705
sensor_etth1,HUFL,F7,adam,classification,0,520,1,-1.5193040606354271,4.982440993442969e-05,4.292579751550279e-05,5.6418116891583104e-05,-3.8180863470176516,4.096856697551771e-05,0.6472838561591431,1.264450074649729,0.046859876781146705
sensor_etth1,HUFL,F7,adam,classification,1,558,1,-0.8268935877731152,5.336440284862429e-05,5.022010707367752e-05,5.6548281850819784e-05,-3.8308628630761086,4.8045736416489724e-05,0.6480489671002295,1.264450074649729,0.046859876781146705
sensor_etth1,HUFL,F7,adam,classification,2,495,1,-0.7679906876874445,5.0086877251632225e-05,4.578807772155339e-05,5.385821567717442e-05,-3.837421633866781,4.237936039756819e-05,0.6472838561591431,1.264450074649729,0.046859876781146705
sensor_etth1,HUFL,F7,adam,classification,3,546,1,-1.5007867899811715,5.5377337729478886e-05,4.441693585449626e-05,6.369897115442921e-05,-3.7883236834291587,4.565326801220536e-05,0.6472838561591431,1.264450074649729,0.046859876781146705
sensor_etth1,HUFL,F10,sgd,regression,0,191,1,-2.5128780482214217,7.703849885069246e-06,2.255111073966481e-06,3.628822592792195e-05,-4.8236612954235865,4.730037007281639e-06,1.3804066457065294,1.264450074649729,0.046859876781146705
sensor_etth1,HUFL,F10,sgd,regression,1,185,1,2.5454484845350778,1.3259609094400013e-05,1.9634808302195815e-06,8.501372916968136e-05,-4.65949161456742,2.0214313431495174e-05,1.3790249725750483,1.264450074649729,0.046859876781146705
sensor_etth1,HUFL,F10,sgd,regression,2,176,1,0.01954704053941164,1.2078431883263092e-05,1.9803945778313318e-06,4.135383341308423e-05,-4.719039484320494,6.288301724719833e-06,1.3831476246497771,1.264450074649729,0.046859876781146705
sensor_etth1,HUFL,F10,sgd,regression,3,181,1,3.103708521230283,1.1646465220526517e-05,2.7014238395381597e-06,3.932458938689622e-05,-4.753396742998962,2.2806918948366436e-05,1.3796075485041273,1.264450074649729,0.046859876781146705
sensor_etth1,HUFL,F10,sgd,classification,0,4000,0,-1.450077541810168,0.0023810891110445263,0.0021071787819060164,0.0027460927339152297,-2.162445893769669,0.0020491487243628815,0.6273909716908952,1.264450074649729,0.046859876781146705
sensor_etth1,HUFL,F10,sgd,classification,1,4000,0,-1.4619597318057542,0.0023036998461913524,0.002026791742616403,0.0026570877543475916,-2.1718083543256017,0.001976347191891951,0.6273909716908952,1.264450074649729,0.046859876781146705
sensor_etth1,HUFL,F10,sgd,classification,2,4000,0,-1.3621909875410796,0.002413175255281082,0.002150339718925882,0.00274781811198313,-2.162543238207877,0.002081417171211965,0.6266258607498087,1.264450074649729,0.046859876781146705
sensor_etth1,HUFL,F10,sgd,classification,3,4000,0,-1.4193889757093954,0.0024017756591592524,0.0021050455192750716,0.0027456292613060717,-2.1624115576216925,0.0020578892666955934,0.6273909716908952,1.264450074649729,0.046859876781146705
sensor_etth1,HUFL,F10,adam,regression,0,20,1,-2.2382201091884464,0.00010656123636316538,8.307425931040033e-06,0.0007613610834628625,-3.9607603962204796,0.0005175093525752951,1.4224815890911084,1.264450074649729,0.046859876781146705
sensor_etth1,HUFL,F10,adam,regression,1,21,1,-3.1170174689194265,9.72896155923292e-05,4.061919567134367e-06,0.0007449089649046102,-3.9555665635145916,0.0007396981058375621,1.3922774024823943,1.264450074649729,0.046859876781146705
sensor_etth1,HUFL,F10,adam,regression,2,21,1,1.0568235422499266,0.00013966548787956712,5.311516958539003e-06,0.0007927314070107339,-3.964845725222072,0.0001121015528172103,1.435818057700884,1.264450074649729,0.046859876781146705
sensor_etth1,HUFL,F10,adam,regression,3,21,1,2.781573730174842,0.00012369385393578284,8.49671303174827e-06,0.0006375389305748961,-3.992574806984885,6.346493739219591e-07,1.3996293815174994,1.264450074649729,0.046859876781146705
sensor_etth1,HUFL,F10,adam,classification,0,549,1,-2.234716827610942,3.146212986614669e-05,2.647606291339203e-05,4.02819624693193e-05,-3.8270921022648974,2.575821175219489e-05,0.6243305279265493,1.264450074649729,0.046859876781146705
sensor_etth1,HUFL,F10,adam,classification,1,584,1,-2.353426194387978,2.3376324836741586e-05,1.8333616383740522e-05,3.014464800688147e-05,-3.9111232949976005,1.812010740522542e-05,0.6266258607498087,1.264450074649729,0.046859876781146705
sensor_etth1,HUFL,F10,adam,classification,2,511,1,-1.295275143363881,3.717259026116024e-05,3.382318338101415e-05,4.3263484927445925e-05,-3.8190460066159617,3.120506886448618e-05,0.6250956388676359,1.264450074649729,0.046859876781146705
sensor_etth1,HUFL,F10,adam,classification,3,564,1,-1.90189827194943,3.4707007152087826e-05,2.7580755794822923e-05,4.241464614123103e-05,-3.8090999150489036,2.7669547062888627e-05,0.6266258607498087,1.264450074649729,0.046859876781146705
sensor_etth1,HUFL,F11,sgd,regression,0,283,1,-2.3145944856058867,4.5996388856827595e-05,1.5259054211317765e-05,0.00014622968016586303,-3.613030009661135,4.059222636850105e-05,1.358829408019381,1.264450074649729,0.046859876781146705
sensor_etth1,HUFL,F11,sgd,regression,1,276,1,-1.052273262744809,4.0188375114998907e-05,8.963053876575856e-06,0.00012744804499939937,-3.6886393290662682,8.923624434902444e-05,1.3414139110318377,1.264450074649729,0.046859876781146705
sensor_etth1,HUFL,F11,sgd,regression,2,281,1,-2.2793507375899886,5.8988696397864354e-05,2.3675475687783705e-05,0.00010348561302913162,-3.606714534180557,3.1096867015656306e-05,1.3545353290494833,1.264450074649729,0.046859876781146705
sensor_etth1,HUFL,F11,sgd,regression,3,293,1,1.3808348911868593,5.4978097881712455e-05,1.8691885173064236e-05,0.00015779189161628694,-3.6565266455281735,3.361199881564581e-05,1.3464133716031688,1.264450074649729,0.046859876781146705
sensor_etth1,HUFL,F11,sgd,classification,0,4000,0,-1.9395456105173234,0.0011806813699992839,0.0009893211785127849,0.0014209634866203338,-2.3902586533771433,0.0009522408516637572,0.6618209640397857,1.264450074649729,0.046859876781146705
sensor_etth1,HUFL,F11,sgd,classification,1,4000,0,-1.936293319483402,0.001188040739078475,0.0010074345429402906,0.0014248858906788981,-2.3881109326851995,0.000964949500380222,0.6641162968630452,1.264450074649729,0.046859876781146705
sensor_etth1,HUFL,F11,sgd,classification,2,4000,0,-1.7289726752356078,0.0011960794960957318,0.0010070305540973942,0.0013823900417540597,-2.3980963259012644,0.0009580327217697253,0.6610558530986993,1.264450074649729,0.046859876781146705
sensor_etth1,HUFL,F11,sgd,classification,3,4000,0,-2.034616960038536,0.0012026579329188149,0.0009782133196851968,0.0014476203785343926,-2.383566346633608,0.0009588377798860666,0.6633511859219586,1.264450074649729,0.046859876781146705
sensor_etth1,HUFL,F11,adam,regression,0,76,1,-0.7699723206354849,0.0008870069081633663,0.00023506299366796756,0.0023600199674443795,-3.0908726230574075,0.00026734624581982734,1.3508659279735336,1.264450074649729,0.046859876781146705
sensor_etth1,HUFL,F11,adam,regression,1,67,1,-0.5850519525622067,0.0007037793841604982,0.00017252925984679896,0.0018508385493751632,-3.128151350032429,0.0012653892766695928,1.3311001381776353,1.264450074649729,0.046859876781146705
sensor_etth1,HUFL,F11,adam,regression,2,65,1,-0.2350018739213835,0.0007682027709704625,0.00025456201279096925,0.002403966710483173,-3.1018150534169817,0.0012230924868491793,1.3882286557420693,1.264450074649729,0.046859876781146705
sensor_etth1,HUFL,F11,adam,regression,3,72,1,1.2846462429129601,0.0007605469724740802,0.0002481933696000648,0.0018495042947124488,-3.1192944005491694,2.3348600436372047e-05,1.3485589787371737,1.264450074649729,0.046859876781146705
sensor_etth1,HUFL,F11,adam,classification,0,495,1,-2.3857017201885613,2.4187759333089398e-05,6.389953006515991e-06,0.00010641889940071223,-4.061064265090987,4.812344307355892e-05,0.6434583014537107,1.264450074649729,0.046859876781146705
sensor_etth1,HUFL,F11,adam,classification,1,495,1,0.5543891203483713,2.8824120987692592e-05,5.167286033212022e-06,0.00010665957675718727,-4.136703100797383,4.7542933540204124e-05,0.6618209640397857,1.264450074649729,0.046859876781146705
sensor_etth1,HUFL,F11,adam,classification,2,454,1,-1.2427057181523378,2.8878117009578415e-05,1.3962965924141518e-05,8.329989128582664e-05,-4.158669969125644,8.315211476458294e-06,0.6549349655700076,1.264450074649729,0.046859876781146705
sensor_etth1,HUFL,F11,adam,classification,3,481,1,1.0009577940096177,3.319355683476186e-05,1.1637763590924414e-05,7.72830821170357e-05,-4.103987393060262,1.3305952427762514e-05,0.6534047436878347,1.264450074649729,0.046859876781146705
sensor_etth1,HUFL,FA,sgd,regression,0,465,1,-2.24650176493778,3.614767220968107e-05,2.4319456453155708e-05,8.615801568404132e-05,-3.682107266639322,4.8422510220622565e-05,1.2670869005863006,1.264450074649729,0.046859876781146705
sensor_etth1,HUFL,FA,sgd,regression,1,468,1,-0.12400955877522467,3.379068939970865e-05,1.683640896963613e-05,0.00011113336552334638,-3.7087563107149966,5.5593721651505813e-05,1.2543577264444656,1.264450074649729,0.046859876781146705
sensor_etth1,HUFL,FA,sgd,regression,2,448,1,-1.264072606526441,4.1547384551671635e-05,2.6355110675978684e-05,7.915995751537388e-05,-3.7387441616666512,2.3910613416457287e-05,1.2620018963931547,1.264450074649729,0.046859876781146705
sensor_etth1,HUFL,FA,sgd,regression,3,454,1,1.0718920195260115,4.167510260164703e-05,2.5239799101727345e-05,8.159762161925208e-05,-3.704813779850201,3.816031008398176e-05,1.2603092331985424,1.264450074649729,0.046859876781146705
sensor_etth1,HUFL,FA,sgd,classification,0,4000,0,-1.1250225600366226,0.0017449999920893836,0.0015757531700646167,0.0019440927607185523,-2.3689962901554473,0.0015406988323088196,0.6618209640397857,1.264450074649729,0.046859876781146705
sensor_etth1,HUFL,FA,sgd,classification,1,4000,0,-1.0850451036378113,0.001732593084993034,0.0015796391444065153,0.0019228454683775406,-2.373838029919112,0.001546486540685636,0.6610558530986993,1.264450074649729,0.046859876781146705
sensor_etth1,HUFL,FA,sgd,classification,2,4000,0,-1.030149726392827,0.0017343034087466,0.001572641786290718,0.0018976670554419943,-2.3753464649078633,0.0015284737956211623,0.6618209640397857,1.264450074649729,0.046859876781146705
sensor_etth1,HUFL,FA,sgd,classification,3,4000,0,-1.1379476785818228,0.0017712472958673882,0.0015776598690825025,0.001967413532468431,-2.3665395349391822,0.0015575816541469405,0.6610558530986993,1.264450074649729,0.046859876781146705
sensor_etth1,HUFL,FA,adam,regression,0,88,1,0.20848288721920974,0.00040182945381494193,0.00011226511076181316,0.0013392530417187945,-3.3673776471456653,0.0004600551070612171,1.25914183413968,1.264450074649729,0.046859876781146705
sensor_etth1,HUFL,FA,adam,regression,1,78,1,-0.7563023017116021,0.0002975774862530831,9.005422343964237e-05,0.0012221986421184175,-3.4199104177382633,0.0009620388616551663,1.245676976183283,1.264450074649729,0.046859876781146705
sensor_etth1,HUFL,FA,adam,regression,2,76,1,-0.32337943977808303,0.0004128324609116041,0.00013119698263945321,0.0012027944610943572,-3.3806783431352523,0.000717975678938277,1.2559526024326475,1.264450074649729,0.046859876781146705
sensor_etth1,HUFL,FA,adam,regression,3,84,1,1.734903730278515,0.0003489658717151239,0.00010693991086607415,0.000995216845227016,-3.419443439362344,0.00022763118714132636,1.2619497935353958,1.264450074649729,0.046859876781146705
sensor_etth1,HUFL,FA,adam,classification,0,628,1,-2.9762380369732186,1.4199943038707453e-05,8.820428773494954e-06,3.0379120342933723e-05,-4.051153698264604,2.977120483469373e-05,0.6885998469778117,1.264450074649729,0.046859876781146705
sensor_etth1,HUFL,FA,adam,classification,1,639,1,0.24748212237004713,1.4828345498249223e-05,9.164557349610898e-06,5.5272073721093285e-05,-4.0358213933500675,1.2474236508738795e-05,0.6993114001530222,1.264450074649729,0.046859876781146705
sensor_etth1,HUFL,FA,adam,classification,2,598,1,-1.8632937184494682,2.10979929873534e-05,1.4803345908694954e-05,3.8927523293415275e-05,-4.09537428334757,8.70533742313924e-06,0.6954858454475898,1.264450074649729,0.046859876781146705
sensor_etth1,HUFL,FA,adam,classification,3,628,1,-3.5747087119210748,1.4490685862651729e-05,6.897008340836154e-06,2.5412354416823587e-05,-4.0403658903065915,6.17665044550965e-06,0.6954858454475898,1.264450074649729,0.046859876781146705
sensor_etth2,OT,F0,sgd,regression,0,32,1,-1.9090134666670995,0.0002069201309460151,0.0001572782357330179,0.00041123801884308906,-3.095286832207447,0.00020023318289711316,0.061488281930270686,1.2524861533434761,0.13607433509063155
sensor_etth2,OT,F0,sgd,regression,1,32,1,-1.2516552212208338,0.0002018025196371941,0.00014785371925980198,0.000464586235317973,-3.1127012579964823,0.0004812822459484123,0.061624327264956744,1.2524861533434761,0.13607433509063155
sensor_etth2,OT,F0,sgd,regression,2,32,1,-1.4717133814815873,0.00017548669020870966,0.00011200585243709534,0.00037905784346764114,-3.1576908031663375,9.246133977897738e-05,0.06064010457594214,1.2524861533434761,0.13607433509063155
sensor_etth2,OT,F0,sgd,regression,3,32,1,-0.4401674189043195,0.00022763375860866724,0.0001763761501747572,0.00047049357151586284,-3.1114575486462943,0.00012085920591873527,0.06156404567781544,1.2524861533434761,0.13607433509063155
sensor_etth2,OT,F0,sgd,classification,0,624,1,-0.9253656592628529,0.0006168702688626364,0.0005691339618229594,0.0006752322818601307,-2.7313159866733123,0.0005601145018467176,0.9219586840091814,1.2524861533434761,0.13607433509063155
sensor_etth2,OT,F0,sgd,classification,1,641,1,-0.8245995895704114,0.0006062428816117482,0.0005683584514382426,0.000658228618143991,-2.742512074616437,0.0005613311737327076,0.9211935730680949,1.2524861533434761,0.13607433509063155
sensor_etth2,OT,F0,sgd,classification,2,594,1,-0.7828311895066945,0.0006130708078442265,0.0005698573416055582,0.0006557139611429377,-2.739978769831032,0.000555236754530582,0.9227237949502678,1.2524861533434761,0.13607433509063155
sensor_etth2,OT,F0,sgd,classification,3,612,1,-0.9135137366859807,0.0006287600898895405,0.0005696233072941703,0.0006848393110343709,-2.7284882690497603,0.000567509700910706,0.9227237949502678,1.2524861533434761,0.13607433509063155
sensor_etth2,OT,F0,adam,regression,0,20,1,-0.07287862920466383,0.0009921382254474964,0.00015031673785816544,0.00434394129620238,-2.992508769205071,0.00025656605937132346,0.057813120687011894,1.2524861533434761,0.13607433509063155
sensor_etth2,OT,F0,adam,regression,1,20,1,-0.3296496149516193,0.0009258804310131427,0.00012942678525458117,0.004407179636151999,-2.9925087111675377,0.003230108968458768,0.05861164736126848,1.2524861533434761,0.13607433509063155
sensor_etth2,OT,F0,adam,regression,2,21,1,0.940277087230083,0.0011035551462301734,0.0001895599305310355,0.004728973048848888,-2.9903469686266217,0.0008245390842338981,0.05817371173832575,1.2524861533434761,0.13607433509063155
sensor_etth2,OT,F0,adam,regression,3,21,1,0.998327200423343,0.0009791873885221796,0.00018254625333341516,0.004567051984403207,-2.9692472473036737,0.00448413142074169,0.05866732286169183,1.2524861533434761,0.13607433509063155
sensor_etth2,OT,F0,adam,classification,0,113,1,-2.430396315667364,2.6415444337522292e-05,2.091823335030514e-05,5.2615286952045225e-05,-3.9365633174013017,3.722563770772595e-05,0.9433817903596021,1.2524861533434761,0.13607433509063155
sensor_etth2,OT,F0,adam,classification,1,116,1,-0.06840089707245742,3.2218784543605126e-05,2.009377921549858e-05,8.483304020343983e-05,-3.925030350335313,2.123747750386064e-05,0.9426166794185157,1.2524861533434761,0.13607433509063155
sensor_etth2,OT,F0,adam,classification,2,112,1,-1.6229457435794863,2.6922755796536288e-05,1.7940393087288764e-05,6.0223018368968174e-05,-4.016443644091337,1.323378978686072e-05,0.9441469013006886,1.2524861533434761,0.13607433509063155
sensor_etth2,OT,F0,adam,classification,3,109,1,-1.9794853447003193,2.983207769763644e-05,2.10442642680193e-05,4.3360683246797815e-05,-3.9339607713460367,2.189449984185554e-05,0.9418515684774292,1.2524861533434761,0.13607433509063155
sensor_etth2,OT,F1,sgd,regression,0,29,1,-2.2761536857404,0.00010539403163547709,6.532846486674688e-05,0.0002911689631468621,-3.661931511094969,9.580552969864783e-05,0.21550792972467905,1.2524861533434761,0.13607433509063155
sensor_etth2,OT,F1,sgd,regression,1,30,1,-0.4745893916462821,0.0001020286732141874,5.640644553210077e-05,0.00035417740602688985,-3.6804006737861927,0.0003832957211062143,0.2154321798929348,1.2524861533434761,0.13607433509063155
sensor_etth2,OT,F1,sgd,regression,2,29,1,-0.7418850374397883,8.765673881870706e-05,5.122943664188364e-05,0.00028903340493618176,-3.6968055578640384,4.747507694413854e-05,0.21454211245936536,1.2524861533434761,0.13607433509063155
sensor_etth2,OT,F1,sgd,regression,3,29,1,0.3480318430307363,0.00010791566804568095,6.376282262861062e-05,0.00034743683556355813,-3.6922880310527835,5.0226349829812094e-05,0.21556336320996997,1.2524861533434761,0.13607433509063155
sensor_etth2,OT,F1,sgd,classification,0,808,1,-1.5673173942583822,0.0007444053868808581,0.0006545432339738916,0.0008715376180066672,-2.553146388122867,0.0006360960669872961,0.8936495791889824,1.2524861533434761,0.13607433509063155
sensor_etth2,OT,F1,sgd,classification,1,809,1,-1.5851549401308103,0.0007018349189930463,0.0006107319325740179,0.0008230605267226582,-2.5696408135820756,0.0005968837506578164,0.8936495791889824,1.2524861533434761,0.13607433509063155
sensor_etth2,OT,F1,sgd,classification,2,790,1,-1.4030458491911602,0.0007632337858298089,0.0006797071386491221,0.0008741795518835206,-2.5536050001301644,0.0006549959276453348,0.8944146901300689,1.2524861533434761,0.13607433509063155
sensor_etth2,OT,F1,sgd,classification,3,792,1,-1.5102329428745034,0.0007566155301772049,0.0006529289642068475,0.0008733209106448788,-2.5525259501049944,0.0006415805988987925,0.8936495791889824,1.2524861533434761,0.13607433509063155
sensor_etth2,OT,F1,adam,regression,0,20,1,-1.3162228752389211,0.0007178607134986335,3.4023451742039124e-05,0.0039165229393158104,-3.297089701872925,0.00033682905975292713,0.19844561188057266,1.2524861533434761,0.13607433509063155
sensor_etth2,OT,F1,adam,regression,1,20,1,-0.8716881908864215,0.0006464497248994281,2.810418803828811e-05,0.004086145399190334,-3.238420099941524,0.0036882281556002644,0.1970279326635518,1.2524861533434761,0.13607433509063155
sensor_etth2,OT,F1,adam,regression,2,21,1,1.9547295921382224,0.0007978801821905562,3.321592200784408e-05,0.004268638875175636,-3.2950344291668427,0.00018204969002101214,0.1977164416241638,1.2524861533434761,0.13607433509063155
sensor_etth2,OT,F1,adam,regression,3,20,1,0.36816126562350293,0.0006962289456598121,3.8737768722286766e-05,0.004234390092397252,-3.253070032414289,0.004556129917837566,0.19681606911973643,1.2524861533434761,0.13607433509063155
sensor_etth2,OT,F1,adam,classification,0,158,1,-2.7752353270762034,1.2257475562755337e-05,9.80580448950843e-06,1.6661021646827606e-05,-4.159088817479533,9.685089953054326e-06,0.8944146901300689,1.2524861533434761,0.13607433509063155
sensor_etth2,OT,F1,adam,classification,1,151,1,-2.7160084384334446,7.352088428789493e-06,5.567288288481414e-06,1.0138883072467274e-05,-4.29971745664699,5.6987381989977074e-06,0.8959449120122418,1.2524861533434761,0.13607433509063155
sensor_etth2,OT,F1,adam,classification,2,151,1,-1.0629490811336293,1.6461070545058317e-05,1.5077438277975493e-05,1.8901917839484717e-05,-4.1492637527061484,1.3305404526018804e-05,0.8959449120122418,1.2524861533434761,0.13607433509063155
sensor_etth2,OT,F1,adam,classification,3,149,1,-2.1329444004813083,1.3887511058710885e-05,1.02023888665301e-05,1.7716548260594264e-05,-4.14262234890404,1.070795857576538e-05,0.8959449120122418,1.2524861533434761,0.13607433509063155
sensor_etth2,OT,F2,sgd,regression,0,31,1,-2.733620782405765,4.052738516542908e-05,5.378384072972368e-06,0.0002102761394702025,-4.26598572682317,4.344048521254135e-05,0.24444169690291756,1.2524861533434761,0.13607433509063155
sensor_etth2,OT,F2,sgd,regression,1,32,1,0.4195712862515119,4.9156949682659134e-05,4.885052440263908e-06,0.0002793972186099692,-4.284427836209676,0.0003090360913337826,0.24432082777998193,1.2524861533434761,0.13607433509063155
sensor_etth2,OT,F2,sgd,regression,2,32,1,0.11683989484189251,3.612890649899496e-05,4.804201104084608e-06,0.00022151041777370288,-4.294034230726054,7.466989027388293e-06,0.24358857011847806,1.2524861533434761,0.13607433509063155
sensor_etth2,OT,F2,sgd,regression,3,31,1,2.668104608003446,4.515281853799987e-05,5.199659386401872e-06,0.0002830463807372063,-4.30268306109392,3.997454012124978e-06,0.24423874678209775,1.2524861533434761,0.13607433509063155
sensor_etth2,OT,F2,sgd,classification,0,868,1,-1.5422955617484124,0.0008157869339182829,0.0007187125395352266,0.0009524004169094795,-2.5192087518605684,0.0006987862558047986,0.8882938026013772,1.2524861533434761,0.13607433509063155
sensor_etth2,OT,F2,sgd,classification,1,866,1,-1.5587164731415049,0.0007718061886640367,0.000673364185785066,0.0009022427420841139,-2.534861691648243,0.0006580706047703309,0.8882938026013772,1.2524861533434761,0.13607433509063155
sensor_etth2,OT,F2,sgd,classification,2,865,1,-1.3879577251787978,0.0008354121177858022,0.0007448155751705875,0.0009552064513118115,-2.5196082905624615,0.0007184003824715163,0.8882938026013772,1.2524861533434761,0.13607433509063155
sensor_etth2,OT,F2,sgd,classification,3,849,1,-1.4887197553076161,0.0008284816366003968,0.0007172440030740932,0.0009542019392885085,-2.518603894966042,0.0007044758560809218,0.8882938026013772,1.2524861533434761,0.13607433509063155
sensor_etth2,OT,F2,adam,regression,0,20,1,-1.3326729124566037,0.0006468641888241991,2.3951438043630287e-05,0.0036154589523014185,-3.4408690839304628,0.0005026453483396284,0.23371093402220672,1.2524861533434761,0.13607433509063155
sensor_etth2,OT,F2,adam,regression,1,20,1,-1.6038611086010985,0.0005863306431496078,1.600507632212725e-05,0.003996690191690911,-3.3896445363521153,0.0037452084720909257,0.2384629235008772,1.2524861533434761,0.13607433509063155
sensor_etth2,OT,F2,adam,regression,2,21,1,1.979264094885621,0.0007115326291475879,2.6345381845986155e-05,0.004037967630644875,-3.417402137319389,2.0895532523959735e-05,0.23119134973505834,1.2524861533434761,0.13607433509063155
sensor_etth2,OT,F2,adam,regression,3,21,1,0.020636018671517865,0.0006316942259234968,3.0137400753000974e-05,0.0038786930337473243,-3.384010091857294,0.004272329133187002,0.23712885373033346,1.2524861533434761,0.13607433509063155
sensor_etth2,OT,F2,adam,classification,0,166,1,-2.606990378785976,1.4221517612549978e-05,1.161266681081123e-05,1.9121676875025714e-05,-4.101663578499574,1.1464226945865813e-05,0.8882938026013772,1.2524861533434761,0.13607433509063155
sensor_etth2,OT,F2,adam,classification,1,161,1,-2.741863064068623,9.364870779170728e-06,6.922443000856002e-06,1.2779362217420897e-05,-4.220015981067829,6.9553307971234304e-06,0.8882938026013772,1.2524861533434761,0.13607433509063155
sensor_etth2,OT,F2,adam,classification,2,159,1,-1.1465166381313205,1.86397455471096e-05,1.710134798324044e-05,2.15972790459709e-05,-4.089555964203593,1.5371445873157666e-05,0.8882938026013772,1.2524861533434761,0.13607433509063155
sensor_etth2,OT,F2,adam,classification,3,157,1,-2.0808398904168985,1.620396638444721e-05,1.233936800458521e-05,2.047971631839715e-05,-4.081924734394444,1.2652017121830233e-05,0.8882938026013772,1.2524861533434761,0.13607433509063155
sensor_etth2,OT,F4,sgd,regression,0,29,1,-2.6641434412683163,0.00012508415204747435,7.892702082553212e-05,0.00030855371660051627,-3.3995786358174644,0.00010738003265464897,0.20101103284533897,1.2524861533434761,0.13607433509063155
sensor_etth2,OT,F4,sgd,regression,1,30,1,-1.1160469334472878,0.0001371344972650453,8.72861140524549e-05,0.0003842171292811487,-3.394693491672547,0.00039835121784158924,0.19945249008944707,1.2524861533434761,0.13607433509063155
sensor_etth2,OT,F4,sgd,regression,2,30,1,-0.7309027347963248,0.00010778096483916488,7.159319960744761e-05,0.0003099349742841498,-3.4475606174389823,6.17736640590408e-05,0.20060894368610635,1.2524861533434761,0.13607433509063155
sensor_etth2,OT,F4,sgd,regression,3,30,1,-0.8396740633663646,0.00013587695978321132,8.10195455767829e-05,0.0003666296736113799,-3.405750560551861,6.359823501148583e-05,0.2000422629613759,1.2524861533434761,0.13607433509063155
sensor_etth2,OT,F4,sgd,classification,0,790,1,-1.738601396647147,0.0006001002213033514,0.0005200704122612758,0.0007156345907097218,-2.6107567556027518,0.000503783259996111,0.8990053557765876,1.2524861533434761,0.13607433509063155
sensor_etth2,OT,F4,sgd,classification,1,797,1,-1.7686724276445824,0.0005586873736138716,0.0004776981374319548,0.0006684816983847799,-2.6298520097811844,0.0004662348503099025,0.899770466717674,1.2524861533434761,0.13607433509063155
sensor_etth2,OT,F4,sgd,classification,2,779,1,-1.5350704850382022,0.0006188902601417694,0.0005449792306751567,0.0007184027504307796,-2.611109538693261,0.0005222364035635115,0.9005355776587605,1.2524861533434761,0.13607433509063155
sensor_etth2,OT,F4,sgd,classification,3,779,1,-1.6690169456444208,0.0006120707423029957,0.0005178815443473145,0.0007176039323927028,-2.60994829080495,0.0005090750402649448,0.9005355776587605,1.2524861533434761,0.13607433509063155
sensor_etth2,OT,F4,adam,regression,0,20,1,-0.7019385743619768,0.0007299751602271081,6.238154116090725e-05,0.0038160194773706746,-3.21266191772884,0.00037223131421310513,0.19181456452290416,1.2524861533434761,0.13607433509063155
sensor_etth2,OT,F4,adam,regression,1,20,1,-0.9551667026757533,0.0006487084715136725,3.600093269258941e-05,0.004068829226430334,-3.1757084655330323,0.0037372388297407058,0.18321032095644094,1.2524861533434761,0.13607433509063155
sensor_etth2,OT,F4,adam,regression,2,20,1,1.2586008284305579,0.0007868068889501129,5.981646706169877e-05,0.00425114621336811,-3.2091094670199682,0.0001486568857503994,0.1904806137900922,1.2524861533434761,0.13607433509063155
sensor_etth2,OT,F4,adam,regression,3,20,1,0.8863144510129802,0.0007104640250149642,6.829351442905157e-05,0.0042634967308824625,-3.1753538059681357,0.0045650602569581285,0.18955269989070528,1.2524861533434761,0.13607433509063155
sensor_etth2,OT,F4,adam,classification,0,153,1,-2.190679884678462,1.5835051031267096e-05,1.2232502652837929e-05,1.8725493768304436e-05,-4.212226511248158,1.1666007843198521e-05,0.9020657995409335,1.2524861533434761,0.13607433509063155
sensor_etth2,OT,F4,adam,classification,1,146,1,-0.21125698305779544,1.2275156226499653e-05,1.1388088127922564e-05,1.3021879606292352e-05,-4.329411528405026,1.2773092959443724e-05,0.901300688599847,1.2524861533434761,0.13607433509063155
sensor_etth2,OT,F4,adam,classification,2,146,1,-0.8229532322055881,1.6353345332207075e-05,1.4890494181325142e-05,1.858984389811381e-05,-4.23403031261937,1.2735502274410176e-05,0.9035960214231064,1.2524861533434761,0.13607433509063155
sensor_etth2,OT,F4,adam,classification,3,145,1,-1.4537883869279313,1.6349072086969913e-05,1.2100109941787863e-05,1.8919844935085707e-05,-4.215465741694472,1.2696442100935433e-05,0.9005355776587605,1.2524861533434761,0.13607433509063155
sensor_etth2,OT,F7,sgd,regression,0,30,1,-2.5600181216979583,0.00011215105883912436,7.146283860337163e-05,0.00028761289528525535,-3.559457290337222,9.483524371421786e-05,0.16994008384951198,1.2524861533434761,0.13607433509063155
sensor_etth2,OT,F7,sgd,regression,1,31,1,-0.6764150423406255,0.00010634976518896744,6.349769802671151e-05,0.0003481720629767057,-3.5804821524969603,0.0003717080484317856,0.1689413246830517,1.2524861533434761,0.13607433509063155
sensor_etth2,OT,F7,sgd,regression,2,30,1,-1.0318613340687441,9.132075692945892e-05,5.5725936175253454e-05,0.00028293062307632597,-3.5997485326160623,4.9586010655525225e-05,0.17042773108740925,1.2524861533434761,0.13607433509063155
sensor_etth2,OT,F7,sgd,regression,3,31,1,-0.06612267201130226,0.00011813430535036147,7.023758662205356e-05,0.0003530239616924924,-3.5895259194847884,5.553320368817032e-05,0.16931670313334304,1.2524861533434761,0.13607433509063155
sensor_etth2,OT,F7,sgd,classification,0,825,1,-1.650967434988307,0.0006843218216141536,0.0005975498312201585,0.0008083267117577026,-2.5716535602374524,0.0005796999136202545,0.9104820198928845,1.2524861533434761,0.13607433509063155
sensor_etth2,OT,F7,sgd,classification,1,826,1,-1.6743932080281447,0.0006419335967462522,0.0005538828659165304,0.0007600731048918508,-2.589176110410662,0.0005408405901661876,0.9104820198928845,1.2524861533434761,0.13607433509063155
sensor_etth2,OT,F7,sgd,classification,2,810,1,-1.4704854835118164,0.0007034999404998153,0.0006228964757025913,0.0008112409095455954,-2.5719932113245543,0.0005987221027109245,0.9104820198928845,1.2524861533434761,0.13607433509063155
sensor_etth2,OT,F7,sgd,classification,3,808,1,-1.5888240789415105,0.0006966086109319093,0.0005956146781302509,0.0008102618952035869,-2.5709290058923635,0.0005851555178483918,0.9104820198928845,1.2524861533434761,0.13607433509063155
sensor_etth2,OT,F7,adam,regression,0,20,1,-1.005838253349701,0.0006821825269753679,3.994270584649614e-05,0.0036451797751660625,-3.283904958326885,0.00045259182464640364,0.1809221933948268,1.2524861533434761,0.13607433509063155
sensor_etth2,OT,F7,adam,regression,1,20,1,-1.2443482583291126,0.000620947301850622,2.5463281534103813e-05,0.0041878862118401895,-3.226462699709821,0.0037828014675056003,0.16933142069840976,1.2524861533434761,0.13607433509063155
sensor_etth2,OT,F7,adam,regression,2,21,1,1.8073560129982575,0.0007617480404860755,3.749362902602268e-05,0.004132896437601182,-3.2844443879552454,6.22675992670613e-05,0.17783749761739956,1.2524861533434761,0.13607433509063155
sensor_etth2,OT,F7,adam,regression,3,20,1,0.6277906500517846,0.0006643035054462113,4.436233439286313e-05,0.004056095280537593,-3.2448924028857737,0.0044798995210586605,0.17564329397888623,1.2524861533434761,0.13607433509063155
sensor_etth2,OT,F7,adam,classification,0,158,1,-2.324652475540518,1.298356774817118e-05,1.0812217036336735e-05,1.6495841523728018e-05,-4.200791037262099,1.0511684860114539e-05,0.9135424636572304,1.2524861533434761,0.13607433509063155
sensor_etth2,OT,F7,adam,classification,1,152,1,-1.4155570818775567,8.44519935099521e-06,7.784777406782703e-06,1.0093554638847331e-05,-4.340665677986862,7.905718304548249e-06,0.9127773527161438,1.2524861533434761,0.13607433509063155
sensor_etth2,OT,F7,adam,classification,2,152,1,-0.8295869091491539,1.5959895038639623e-05,1.4920998596841962e-05,1.806279547914979e-05,-4.2013337934462305,1.3143044418757199e-05,0.9135424636572304,1.2524861533434761,0.13607433509063155
sensor_etth2,OT,F7,adam,classification,3,150,1,-1.6656892259678662,1.3806042961811517e-05,1.0599057284948069e-05,1.6893650722073735e-05,-4.193694687593596,1.116841728114839e-05,0.9127773527161438,1.2524861533434761,0.13607433509063155
sensor_etth2,OT,F10,sgd,regression,0,31,1,-2.7486620416927248,4.036082619890557e-05,5.248184066872839e-06,0.00020711615872306724,-4.272046840296221,4.2261677580566444e-05,0.25403153540233575,1.2524861533434761,0.13607433509063155
sensor_etth2,OT,F10,sgd,regression,1,32,1,0.4467041559382738,4.8887419576902635e-05,4.730650384519401e-06,0.000273801394953993,-4.2903405879790295,0.0003043334815904936,0.2536684977384184,1.2524861533434761,0.13607433509063155
sensor_etth2,OT,F10,sgd,regression,2,32,1,0.1376070189170363,3.5916595397283505e-05,4.687118018226344e-06,0.0002180524739574299,-4.299794221799546,7.273470818994254e-06,0.25354318443579066,1.2524861533434761,0.13607433509063155
sensor_etth2,OT,F10,sgd,regression,3,32,1,2.688025585890439,4.478997889022991e-05,5.129590068166064e-06,0.0002803048457217723,-4.3088482901407055,4.124695084340354e-06,0.2537642264224139,1.2524861533434761,0.13607433509063155
sensor_etth2,OT,F10,sgd,classification,0,874,1,-1.5518893139051313,0.0008107600329846632,0.0007136992052426413,0.0009474755580753905,-2.519752896052661,0.0006937849266148694,0.8882938026013772,1.2524861533434761,0.13607433509063155
sensor_etth2,OT,F10,sgd,classification,1,872,1,-1.5688416183794827,0.0007667322266917406,0.0006683020469070891,0.0008972584614138848,-2.535487423063997,0.0006530370531571746,0.8882938026013772,1.2524861533434761,0.13607433509063155
sensor_etth2,OT,F10,sgd,classification,2,873,1,-1.3961792192930058,0.00083046652757342,0.0007398870145392214,0.0009503292398976737,-2.5201308245626164,0.0007134617394411512,0.8890589135424637,1.2524861533434761,0.13607433509063155
sensor_etth2,OT,F10,sgd,classification,3,854,1,-1.4978702339780006,0.0008234862124103871,0.0007122133231361661,0.0009492839779338011,-2.519135763266088,0.0006994822422243594,0.8882938026013772,1.2524861533434761,0.13607433509063155
sensor_etth2,OT,F10,adam,regression,0,20,1,-1.2873308436416606,0.0006336192802372775,2.3383792923036346e-05,0.0035829820212163995,-3.443962907765749,0.000551259957607586,0.24599370523358324,1.2524861533434761,0.13607433509063155
sensor_etth2,OT,F10,adam,regression,1,20,1,-1.7234087221045535,0.0005648153851930888,1.4479338159626774e-05,0.003965000955140141,-3.391770141799284,0.003702273583940918,0.24689347087220906,1.2524861533434761,0.13607433509063155
sensor_etth2,OT,F10,adam,regression,2,21,1,1.8244449448647222,0.000705649492977727,2.5777855477447278e-05,0.003980052027640975,-3.420599942208918,1.1357514858992565e-05,0.24491012244924956,1.2524861533434761,0.13607433509063155
sensor_etth2,OT,F10,adam,regression,3,21,1,0.054761322722067435,0.0006151406784889995,2.6748824896351237e-05,0.0037829341127654827,-3.387219697616858,0.004149202894996032,0.24834408620030612,1.2524861533434761,0.13607433509063155
sensor_etth2,OT,F10,adam,classification,0,166,1,-2.6483921459810764,1.3632254006576634e-05,1.1090458469111273e-05,1.8423089551105856e-05,-4.113628507193811,1.0961639991165419e-05,0.8890589135424637,1.2524861533434761,0.13607433509063155
sensor_etth2,OT,F10,adam,classification,1,162,1,-2.7918159509866536,8.871358538061511e-06,6.509454316325216e-06,1.2181835196383137e-05,-4.2349868132886455,6.551395691973072e-06,0.8890589135424637,1.2524861533434761,0.13607433509063155
sensor_etth2,OT,F10,adam,classification,2,159,1,-1.1438520024602286,1.8039836274312743e-05,1.6538417695058503e-05,2.0901462069321707e-05,-4.101022847862814,1.4831579489466377e-05,0.8898240244835501,1.2524861533434761,0.13607433509063155
sensor_etth2,OT,F10,adam,classification,3,157,1,-2.1058196652228736,1.5584491394513772e-05,1.1806142262169466e-05,1.9770263838845498e-05,-4.093533148180661,1.2129382856079203e-05,0.8890589135424637,1.2524861533434761,0.13607433509063155
sensor_etth2,OT,F11,sgd,regression,0,30,1,-2.1886005507542166,9.382144465610944e-05,5.214526622808128e-05,0.0003007400329809632,-3.367972531586664,0.00010927536550217636,0.17745692237528204,1.2524861533434761,0.13607433509063155
sensor_etth2,OT,F11,sgd,regression,1,31,1,-0.8766913057024686,9.044909558673407e-05,4.395076415055895e-05,0.0003468703361775137,-3.395467671572326,0.00038249978145513125,0.17261714328230654,1.2524861533434761,0.13607433509063155
sensor_etth2,OT,F11,sgd,regression,2,30,1,-0.9138747933276876,7.526668982902734e-05,3.6252837192632694e-05,0.00028923182478697253,-3.4551444003663874,2.8367395763303136e-05,0.17560668638712165,1.2524861533434761,0.13607433509063155
sensor_etth2,OT,F11,sgd,regression,3,30,1,0.6907866680568159,0.00010358203407720132,5.971813455645301e-05,0.0003534256416013702,-3.395045127471452,3.5741585410027775e-05,0.17527604417926282,1.2524861533434761,0.13607433509063155
sensor_etth2,OT,F11,sgd,classification,0,658,1,-1.2514131600957488,0.0004483532325087595,0.00040711755843936227,0.000508760961785453,-2.7729704008134766,0.0003991402880024433,0.9104820198928845,1.2524861533434761,0.13607433509063155
sensor_etth2,OT,F11,sgd,classification,1,665,1,-1.1627032274041629,0.00042424931047214406,0.0003880705923030643,0.0004788966522521036,-2.792400886384856,0.00038434551869444045,0.909716908951798,1.2524861533434761,0.13607433509063155
sensor_etth2,OT,F11,sgd,classification,2,628,1,-1.044493526839859,0.00045455344154661265,0.0004175871971079399,0.0005006934708705324,-2.7785876067487334,0.00040384808968662423,0.9112471308339709,1.2524861533434761,0.13607433509063155
sensor_etth2,OT,F11,sgd,classification,3,648,1,-1.186598417574234,0.000459106351015734,0.0004066949106424879,0.0005143880062014143,-2.7709918966003215,0.0004050460156805613,0.9104820198928845,1.2524861533434761,0.13607433509063155
sensor_etth2,OT,F11,adam,regression,0,20,1,-0.031363691994811614,0.0009116990378002245,0.00012871353129672116,0.004194632954275602,-3.0656568731806404,0.000269030838165533,0.17940974971313192,1.2524861533434761,0.13607433509063155
sensor_etth2,OT,F11,adam,regression,1,20,1,-0.5379648790767506,0.0008314468678253843,0.00010720274203382475,0.00424884382391356,-3.0623742870890682,0.003409389771931406,0.17250579596437654,1.2524861533434761,0.13607433509063155
sensor_etth2,OT,F11,adam,regression,2,20,1,0.9329238051303419,0.0010015639997965052,0.00014885308220328783,0.004502832209963661,-3.0644827974568414,0.0005302990068001489,0.18591119519617422,1.2524861533434761,0.13607433509063155
sensor_etth2,OT,F11,adam,regression,3,20,1,0.9018911930849187,0.0008946012002060689,0.00014401491390950068,0.004593829205409512,-3.0434036529032644,0.004620562893159427,0.17325137977374291,1.2524861533434761,0.13607433509063155
sensor_etth2,OT,F11,adam,classification,0,122,1,-3.2379094873503593,1.7950401349946566e-05,1.3049427451001734e-05,2.7313995706876783e-05,-4.068314839365765,2.024645720017989e-05,0.9150726855394032,1.2524861533434761,0.13607433509063155
sensor_etth2,OT,F11,adam,classification,1,122,1,-0.11672867095454918,2.115659734120555e-05,1.5678865940134415e-05,5.6038965288709365e-05,-4.018728300544952,1.1456717919031883e-05,0.9166029074215761,1.2524861533434761,0.13607433509063155
sensor_etth2,OT,F11,adam,classification,2,120,1,-1.9728122022814427,1.8012815009301515e-05,1.3795861794973668e-05,3.892989506325143e-05,-4.124969899250992,9.006639661362046e-06,0.9143075745983168,1.2524861533434761,0.13607433509063155
sensor_etth2,OT,F11,adam,classification,3,116,1,-3.824893488329897,1.9286209919196447e-05,9.328885808297011e-06,2.7878723070153414e-05,-4.051308572860457,1.1301060385951672e-05,0.9143075745983168,1.2524861533434761,0.13607433509063155
sensor_etth2,OT,FA,sgd,regression,0,29,1,-2.646488104032335,0.0001305673943791115,8.28630225167153e-05,0.0003221747570479075,-3.373010606150489,0.000113083296466522,0.17216886340786505,1.2524861533434761,0.13607433509063155
sensor_etth2,OT,FA,sgd,regression,1,29,1,-1.1496043561898648,0.00014382786868153758,9.200872301897878e-05,0.0003968826288890434,-3.3679483463545394,0.0004103728629749367,0.17127322976164575,1.2524861533434761,0.13607433509063155
sensor_etth2,OT,FA,sgd,regression,2,29,1,-0.7570665684990787,0.00011263534692423612,7.452619349126905e-05,0.0003198622549589402,-3.4198850575769404,6.496335529558566e-05,0.17100641937826808,1.2524861533434761,0.13607433509063155
sensor_etth2,OT,FA,sgd,regression,3,29,1,-0.8756850968720362,0.0001420044573650486,8.520176978874376e-05,0.00037336966668795584,-3.3791607958605554,6.682528077398526e-05,0.17141157815963953,1.2524861533434761,0.13607433509063155
sensor_etth2,OT,FA,sgd,classification,0,770,1,-1.7200839620423476,0.0005882158121135604,0.0005106915544680876,0.0007001986003811799,-2.621629290377452,0.0004949084257302726,0.9066564651874521,1.2524861533434761,0.13607433509063155
sensor_etth2,OT,FA,sgd,classification,1,775,1,-1.7486398050557745,0.0005475415543609017,0.00046911442718512004,0.0006538958655666491,-2.6408539564511013,0.00045808026512071984,0.9066564651874521,1.2524861533434761,0.13607433509063155
sensor_etth2,OT,FA,sgd,classification,2,755,1,-1.5163763947140858,0.0006065248522432434,0.000535020971392681,0.0007027798892730193,-2.6220684258875235,0.0005128944889304092,0.9066564651874521,1.2524861533434761,0.13607433509063155
sensor_etth2,OT,FA,sgd,classification,3,763,1,-1.6504671749852269,0.0005999575242078379,0.0005085073506361898,0.0007021581714137926,-2.6208184894312385,0.000500115531078362,0.9066564651874521,1.2524861533434761,0.13607433509063155
sensor_etth2,OT,FA,adam,regression,0,20,1,-0.6535292211288384,0.0007637658608541308,6.264263347153054e-05,0.003997489175839286,-3.200040816379321,0.0003286011617773566,0.15642928793074337,1.2524861533434761,0.13607433509063155
sensor_etth2,OT,FA,adam,regression,1,20,1,-0.8317855125800158,0.0006684386142122513,3.6998888129245725e-05,0.004152993405909497,-3.164147340169555,0.003639401234247034,0.1519731912128274,1.2524861533434761,0.13607433509063155
sensor_etth2,OT,FA,adam,regression,2,20,1,1.2806915931913339,0.0008299489620006957,5.100656868933642e-05,0.004298809620270167,-3.203964572463258,0.00022390187132296217,0.15321853738231436,1.2524861533434761,0.13607433509063155
sensor_etth2,OT,FA,adam,regression,3,20,1,0.882633941743172,0.0007529282771761021,7.068923217364816e-05,0.004288665121114907,-3.160334822350378,0.004539499863574095,0.1579565391862273,1.2524861533434761,0.13607433509063155
sensor_etth2,OT,FA,adam,classification,0,151,1,-2.1187761994233285,1.7527311350221663e-05,1.356993358963392e-05,2.0518027452974795e-05,-4.18707664063451,1.2945107181668926e-05,0.9081866870696251,1.2524861533434761,0.13607433509063155
sensor_etth2,OT,FA,adam,classification,1,142,1,-0.23526349685785747,1.3974926078287198e-05,1.3011756123588618e-05,1.4699478176833708e-05,-4.293443422961395,1.4424238474270117e-05,0.9066564651874521,1.2524861533434761,0.13607433509063155
sensor_etth2,OT,FA,adam,classification,2,143,1,-0.8025794502313531,1.7802968190497606e-05,1.624762506923007e-05,2.007070144241515e-05,-4.2104958107177675,1.3940136918438176e-05,0.9081866870696251,1.2524861533434761,0.13607433509063155
sensor_etth2,OT,FA,adam,classification,3,142,1,-1.43491836271088,1.8141823886471153e-05,1.355309818083534e-05,2.0894545827086576e-05,-4.188601430728915,1.4176860774576125e-05,0.9081866870696251,1.2524861533434761,0.13607433509063155
sensor_etth2,HUFL,F0,sgd,regression,0,55,1,-1.6178280508521317,7.008180773377956e-05,1.2921458572879622e-05,0.0002847682346158202,-3.652968355489961,8.853367366709653e-05,0.21518150524022825,1.679358294833183,0.17662390630616728
sensor_etth2,HUFL,F0,sgd,regression,1,57,1,0.17952444619580663,6.169925101498746e-05,1.1142395938720777e-05,0.00031293542765044915,-3.7310129393813902,0.00036274739230624827,0.2150487518448654,1.679358294833183,0.17662390630616728
sensor_etth2,HUFL,F0,sgd,regression,2,49,1,-1.4637606878722642,6.0142075572532886e-05,1.674206039325723e-05,0.00026678858979882285,-3.682723220782461,2.3235767175925296e-05,0.2138112054668753,1.679358294833183,0.17662390630616728
sensor_etth2,HUFL,F0,sgd,regression,3,51,1,3.850418648835003,8.595253104551204e-05,1.9416438755813126e-05,0.0003262784146082161,-3.724733939668664,1.4219514690090246e-06,0.21477007806594894,1.679358294833183,0.17662390630616728
sensor_etth2,HUFL,F0,sgd,classification,0,716,1,-1.3796945065399449,0.0005879710676895358,0.0005087426790158164,0.0006654642447240841,-2.7339512157804045,0.0004946105864460349,0.8898240244835501,1.679358294833183,0.17662390630616728
sensor_etth2,HUFL,F0,sgd,classification,1,727,1,-1.202640929870435,0.0005784705709451731,0.0005236529891144405,0.0006448712948466146,-2.7416064778168447,0.0005103476657231602,0.8898240244835501,1.679358294833183,0.17662390630616728
sensor_etth2,HUFL,F0,sgd,classification,2,690,1,-1.1993479271329788,0.0005642710656184896,0.0004987001419394933,0.0006216230578436408,-2.7500663851550162,0.00047944703601627187,0.8905891354246366,1.679358294833183,0.17662390630616728
sensor_etth2,HUFL,F0,sgd,classification,3,712,1,-1.3811490407009825,0.0005961073314123871,0.0005087936422602634,0.0006748887612471976,-2.7320869783806385,0.0005038799688227327,0.8882938026013772,1.679358294833183,0.17662390630616728
sensor_etth2,HUFL,F0,adam,regression,0,48,1,-0.6463046104423221,0.0011517477947193214,0.00024337653494792912,0.004698335649259971,-2.968129495290249,0.0002704892378240205,0.2123208755799298,1.679358294833183,0.17662390630616728
sensor_etth2,HUFL,F0,adam,regression,1,48,1,-0.18236866476739202,0.0010834693920463371,0.00019487598335390192,0.004325851911149571,-2.975740691772206,0.0031641473717888974,0.21550761686153874,1.679358294833183,0.17662390630616728
sensor_etth2,HUFL,F0,adam,regression,2,47,1,0.7740377869531759,0.001283668355168181,0.00030738847704911665,0.004753452486186819,-2.9679265867637112,0.00102930564424411,0.21730091234201923,1.679358294833183,0.17662390630616728
sensor_etth2,HUFL,F0,adam,regression,3,48,1,0.7679107811684275,0.0011063103418822136,0.00026375005699747205,0.004830788888381147,-2.9505807697368436,0.004505848171986923,0.21459808835462932,1.679358294833183,0.17662390630616728
sensor_etth2,HUFL,F0,adam,classification,0,124,1,-3.8631693385581127,1.405865290414944e-05,3.5224739499642496e-06,9.637138784452881e-05,-4.146391126779716,3.340348780578445e-05,0.8951798010711554,1.679358294833183,0.17662390630616728
sensor_etth2,HUFL,F0,adam,classification,1,122,1,1.1900535352028117,2.4861363378925977e-05,5.021209748604319e-06,0.00011430515689711299,-4.16785489539204,2.458430374855054e-05,0.8944146901300689,1.679358294833183,0.17662390630616728
sensor_etth2,HUFL,F0,adam,classification,2,116,1,-1.6211625590828107,2.606149473016004e-05,8.383634624555949e-06,8.752227866306024e-05,-4.181290838060806,8.01629473111002e-06,0.8974751338944147,1.679358294833183,0.17662390630616728
sensor_etth2,HUFL,F0,adam,classification,3,112,1,1.7383537458547325,2.8020241323649675e-05,9.095823227548726e-06,6.0174810733872516e-05,-4.184287054185389,1.9038826529576717e-05,0.8967100229533282,1.679358294833183,0.17662390630616728
sensor_etth2,HUFL,F1,sgd,regression,0,32,1,-3.4717071042278707,9.447501469012586e-05,5.3795067761661505e-05,0.00025773255259277605,-3.3707246978268754,7.187500552590383e-05,0.33490439909018693,1.679358294833183,0.17662390630616728
sensor_etth2,HUFL,F1,sgd,regression,1,33,1,-0.8026053390574647,9.021821159480088e-05,4.898684889291057e-05,0.00031667754357722643,-3.4077044899046465,0.0003357093403568649,0.3348742241797555,1.679358294833183,0.17662390630616728
sensor_etth2,HUFL,F1,sgd,regression,2,34,1,-1.436383629358326,7.350943707925658e-05,4.0885057639174404e-05,0.00024849124000244217,-3.422588249677068,3.605891468255756e-05,0.33404723338429143,1.679358294833183,0.17662390630616728
sensor_etth2,HUFL,F1,sgd,regression,3,33,1,-0.6308020429894118,0.00010211941569638345,5.555754223476416e-05,0.0003240039318592616,-3.4042177755814045,4.242744033351537e-05,0.33513303287302565,1.679358294833183,0.17662390630616728
sensor_etth2,HUFL,F1,sgd,classification,0,1030,1,-1.7905109008129485,0.0006980726595101335,0.0006023964730695962,0.0008362269628783487,-2.536479219706527,0.0005829365082688843,0.854628921193573,1.679358294833183,0.17662390630616728
sensor_etth2,HUFL,F1,sgd,classification,1,1012,1,-1.8198246364999708,0.0006521025684990565,0.000555441766791576,0.0007836308436289385,-2.5545324838245143,0.0005414324203406399,0.854628921193573,1.679358294833183,0.17662390630616728
sensor_etth2,HUFL,F1,sgd,classification,2,1023,1,-1.5961831425011987,0.0007190740888636095,0.0006301243645516158,0.000839375781446113,-2.5365916444714087,0.000603544018545321,0.854628921193573,1.679358294833183,0.17662390630616728
sensor_etth2,HUFL,F1,sgd,classification,3,1007,1,-1.7227979552614698,0.0007112393534087048,0.0005998498326971242,0.0008377717527934314,-2.535808587007303,0.0005885955194713415,0.854628921193573,1.679358294833183,0.17662390630616728
sensor_etth2,HUFL,F1,adam,regression,0,20,1,-0.609599486185952,0.000657823233819619,5.618028348374593e-05,0.003533206242389849,-3.242755345044834,0.0006807954381456028,0.3114971028207029,1.679358294833183,0.17662390630616728
sensor_etth2,HUFL,F1,adam,regression,1,20,1,-1.6416156280735914,0.0005628680114592409,3.329883153997114e-05,0.003925641332094812,-3.1886228668315226,0.0035821743144317697,0.31210404781049367,1.679358294833183,0.17662390630616728
sensor_etth2,HUFL,F1,adam,regression,2,20,1,1.408192365906243,0.0007189209535602097,3.593938935281402e-05,0.0038892386832019145,-3.251750396269783,7.4388568811309375e-06,0.3132449259667722,1.679358294833183,0.17662390630616728
sensor_etth2,HUFL,F1,adam,regression,3,20,1,0.4326917357221214,0.0005992437734266833,4.266144522858442e-05,0.003721391621331928,-3.213338183985129,0.0038997019135959326,0.3135685846187482,1.679358294833183,0.17662390630616728
sensor_etth2,HUFL,F1,adam,classification,0,180,1,-1.906442203001485,2.1998107233305045e-05,1.773381087329446e-05,2.5494043796231788e-05,-4.113162655440981,1.7144168395464176e-05,0.8553940321346595,1.679358294833183,0.17662390630616728
sensor_etth2,HUFL,F1,adam,classification,1,175,1,-0.4204932420944977,1.6992388447728738e-05,1.624328130603437e-05,1.7534046365796865e-05,-4.215607524872377,1.7181770985374295e-05,0.856159143075746,1.679358294833183,0.17662390630616728
sensor_etth2,HUFL,F1,adam,classification,2,169,1,-0.8625371705040586,2.1826434262947268e-05,2.021178429723563e-05,2.465209386148121e-05,-4.13336978343856,1.790284829281327e-05,0.856159143075746,1.679358294833183,0.17662390630616728
sensor_etth2,HUFL,F1,adam,classification,3,168,1,-1.2378030816385863,2.1688298026392295e-05,1.7287104275866674e-05,2.4568933972191377e-05,-4.127591231658731,1.7625457343502975e-05,0.8553940321346595,1.679358294833183,0.17662390630616728
sensor_etth2,HUFL,F2,sgd,regression,0,44,1,-2.307916239580872,4.864751613847755e-05,2.4238046711753488e-05,0.0001626714352365763,-4.077270181231182,3.7215989181107856e-05,0.38116017012857295,1.679358294833183,0.17662390630616728
sensor_etth2,HUFL,F2,sgd,regression,1,45,1,0.438525552278974,5.62774988942833e-05,2.1564313754203776e-05,0.00021903200964794572,-4.087069853476505,0.0002197644363690404,0.38084842345099806,1.679358294833183,0.17662390630616728
sensor_etth2,HUFL,F2,sgd,regression,2,45,1,0.14826365401563238,4.438197977681426e-05,2.0830033495092566e-05,0.0001718873204105056,-4.101606590922974,1.9144179341740455e-05,0.3798778586291847,1.679358294833183,0.17662390630616728
sensor_etth2,HUFL,F2,sgd,regression,3,45,1,1.5998889371381022,4.98845360852077e-05,2.303285277649998e-05,0.0002170138060949077,-4.112052330528938,3.0526803878419e-05,0.3808792416260193,1.679358294833183,0.17662390630616728
sensor_etth2,HUFL,F2,sgd,classification,0,1250,1,-1.6002192717501584,0.0009196060519694401,0.0008061467785147682,0.0010793667354912155,-2.457885817980168,0.0007828541558703983,0.846212700841622,1.679358294833183,0.17662390630616728
sensor_etth2,HUFL,F2,sgd,classification,1,1234,1,-1.6174924543353941,0.0008716243935724021,0.0007567232884965199,0.0010242758263088402,-2.472911488342711,0.0007385627921239016,0.846212700841622,1.679358294833183,0.17662390630616728
sensor_etth2,HUFL,F2,sgd,classification,2,1242,1,-1.4493960795157097,0.0009414165775899674,0.0008349138796091665,0.001082475812784268,-2.4580739731675023,0.00080443973715258,0.846212700841622,1.679358294833183,0.17662390630616728
sensor_etth2,HUFL,F2,sgd,classification,3,1252,1,-1.5478281427188945,0.0009335769642720377,0.000804483535229935,0.0010810104701106885,-2.4572858159823263,0.0007890152550056959,0.846212700841622,1.679358294833183,0.17662390630616728
sensor_etth2,HUFL,F2,adam,regression,0,20,1,-1.560131620371544,0.0005413358102459698,2.6251558695368625e-05,0.0026695319555588414,-3.4776510052439997,0.0010144149189440213,0.3533777943114727,1.679358294833183,0.17662390630616728
sensor_etth2,HUFL,F2,adam,regression,1,20,1,-1.0988756574349985,0.00036958627340396265,1.3498967510325586e-05,0.002821158443610486,-3.445805125008236,0.0018698184894626122,0.36774770334589085,1.679358294833183,0.17662390630616728
sensor_etth2,HUFL,F2,adam,regression,2,21,1,2.335740372909278,0.00048702862730370673,1.9011356066505014e-05,0.0032939796721774667,-3.4556787983348833,2.095283050318274e-06,0.3553327371615113,1.679358294833183,0.17662390630616728
sensor_etth2,HUFL,F2,adam,regression,3,20,1,0.6722368121542717,0.0004511145587126248,2.0623773802008565e-05,0.0027856625775969446,-3.4456959202431268,0.00043129433645110134,0.3611172546852939,1.679358294833183,0.17662390630616728
sensor_etth2,HUFL,F2,adam,classification,0,207,1,-2.609367482917788,1.4077262345554922e-05,1.1463300632390266e-05,1.8914968980783858e-05,-4.111144768662949,1.1326703559060323e-05,0.846212700841622,1.679358294833183,0.17662390630616728
sensor_etth2,HUFL,F2,adam,classification,1,199,1,-2.7595670171179454,9.045864333601696e-06,6.658149536514046e-06,1.2385228924380026e-05,-4.234939826707667,6.721659158208797e-06,0.846212700841622,1.679358294833183,0.17662390630616728
sensor_etth2,HUFL,F2,adam,classification,2,190,1,-1.1137598384055578,1.849652853703006e-05,1.698858917043802e-05,2.134902268171768e-05,-4.099488576283475,1.5249590060867703e-05,0.846212700841622,1.679358294833183,0.17662390630616728
sensor_etth2,HUFL,F2,adam,classification,3,196,1,-2.0691075416223312,1.6015772613036057e-05,1.2156887089435063e-05,2.0220904900890293e-05,-4.091415073449147,1.2507285616626726e-05,0.846212700841622,1.679358294833183,0.17662390630616728
sensor_etth2,HUFL,F4,sgd,regression,0,31,1,-2.667615447886301,9.664253582483234e-05,5.590472488022496e-05,0.00029687481180955077,-3.308735074055885,0.00010325133504344834,0.3159659287077532,1.679358294833183,0.17662390630616728
sensor_etth2,HUFL,F4,sgd,regression,1,32,1,-1.6486080330135453,9.912564066056413e-05,5.077261869677784e-05,0.0003507677454677552,-3.3130163417865086,0.00036915384660914807,0.31499213578052165,1.679358294833183,0.17662390630616728
sensor_etth2,HUFL,F4,sgd,regression,2,31,1,-0.6529406290069809,8.68560047378955e-05,4.8851927232687384e-05,0.00029266532037058505,-3.368830560525239,4.001914726998353e-05,0.31551296251477834,1.679358294833183,0.17662390630616728
sensor_etth2,HUFL,F4,sgd,regression,3,31,1,-0.6995916197272686,9.76703055648721e-05,5.036824798119836e-05,0.00033177301392556014,-3.3303872326820327,3.3229153513198115e-05,0.31555375486082704,1.679358294833183,0.17662390630616728
sensor_etth2,HUFL,F4,sgd,classification,0,892,1,-1.657734989875288,0.0005230673244667239,0.0004594799547794711,0.0006186146777217053,-2.6491680054252775,0.0004471560482248983,0.8592195868400918,1.679358294833183,0.17662390630616728
sensor_etth2,HUFL,F4,sgd,classification,1,894,1,-1.6477182335246883,0.00048179238369858396,0.0004204717939246543,0.0005709346208917952,-2.671293040206061,0.0004140046068291552,0.8592195868400918,1.679358294833183,0.17662390630616728
sensor_etth2,HUFL,F4,sgd,classification,2,893,1,-1.4373892824851553,0.0005382461075512587,0.00048122431419958886,0.0006193012826310477,-2.6505072300662924,0.0004620430669206058,0.8592195868400918,1.679358294833183,0.17662390630616728
sensor_etth2,HUFL,F4,sgd,classification,3,869,1,-1.56985098149376,0.0005318908275667843,0.0004550000776613979,0.0006179150827540175,-2.6494258109510804,0.00045032117542675407,0.8592195868400918,1.679358294833183,0.17662390630616728
sensor_etth2,HUFL,F4,adam,regression,0,20,1,-0.20363094494489742,0.0008260445532434795,9.25975391932355e-05,0.004033940946724257,-3.102037376139456,0.0002982458097357443,0.3117351680117591,1.679358294833183,0.17662390630616728
sensor_etth2,HUFL,F4,adam,regression,1,20,1,-0.7231635466418557,0.0007432327079040623,7.984951108500659e-05,0.0041203851477240655,-3.0887363322231103,0.0035350794868958574,0.31046443523923495,1.679358294833183,0.17662390630616728
sensor_etth2,HUFL,F4,adam,regression,2,20,1,0.9428605460293167,0.0008803798011088873,0.00011544729777859357,0.004338752186503057,-3.1008793248948012,0.0002920651053562123,0.3119824496121732,1.679358294833183,0.17662390630616728
sensor_etth2,HUFL,F4,adam,regression,3,20,1,0.6617393892773001,0.0007953366167565072,0.00010654562168073633,0.004476729324977693,-3.082228661412526,0.00464688159520303,0.3162433735254188,1.679358294833183,0.17662390630616728
sensor_etth2,HUFL,F4,adam,classification,0,158,1,-3.5023382577210143,2.5090335620029163e-05,1.7216480342437222e-05,3.141827803298889e-05,-3.9797743417666775,1.5906237775644304e-05,0.854628921193573,1.679358294833183,0.17662390630616728
sensor_etth2,HUFL,F4,adam,classification,1,151,1,0.9051684467657273,2.5834160647829156e-05,1.7788599280611006e-05,3.746664701260345e-05,-4.029027424230493,2.31511074506209e-05,0.8553940321346595,1.679358294833183,0.17662390630616728
sensor_etth2,HUFL,F4,adam,classification,2,151,1,-2.3988967358410815,2.3241902634901756e-05,1.849631116368441e-05,3.7683533728586357e-05,-4.001079748122447,1.3505114563343355e-05,0.854628921193573,1.679358294833183,0.17662390630616728
sensor_etth2,HUFL,F4,adam,classification,3,149,1,-2.5671181356728128,2.629094525220981e-05,1.7089676964054728e-05,3.4080715187759925e-05,-4.001665696266029,1.8359864300108508e-05,0.856159143075746,1.679358294833183,0.17662390630616728
sensor_etth2,HUFL,F7,sgd,regression,0,33,1,-2.5053416294022206,0.00011945125600946877,7.969279250183012e-05,0.00030022630202703187,-3.265728214810938,0.00011638570280015135,0.2480323484838095,1.679358294833183,0.17662390630616728
sensor_etth2,HUFL,F7,sgd,regression,1,33,1,-1.453311818011755,0.0001321715434416267,8.197243369555899e-05,0.0003684733029320086,-3.255897310461495,0.0003739623273600186,0.24815964469351384,1.679358294833183,0.17662390630616728
sensor_etth2,HUFL,F7,sgd,regression,2,34,1,-0.7081395888741957,0.00010795558780035766,7.200504405615487e-05,0.0002963958884003799,-3.3158666367696377,5.912554378863362e-05,0.24777337264245844,1.679358294833183,0.17662390630616728
sensor_etth2,HUFL,F7,sgd,regression,3,33,1,-0.9844773157238541,0.00012601917308860655,7.457858603595173e-05,0.00035192743111683167,-3.2758956038504743,5.75460235447273e-05,0.24790969053781114,1.679358294833183,0.17662390630616728
sensor_etth2,HUFL,F7,sgd,classification,0,968,1,-1.6095949438499122,0.0006230401917677421,0.000548843886348811,0.0007330368347320679,-2.5929000332250736,0.0005342968116930181,0.8706962509563887,1.679358294833183,0.17662390630616728
sensor_etth2,HUFL,F7,sgd,classification,1,960,1,-1.6069308815352898,0.0005788071621355024,0.0005060692081625017,0.0006820490547079272,-2.6129454372076015,0.0004974911762417278,0.8706962509563887,1.679358294833183,0.17662390630616728
sensor_etth2,HUFL,F7,sgd,classification,2,967,1,-1.4124952233098755,0.0006401457544706829,0.0005727677149804215,0.0007343584358048119,-2.5938323143826163,0.0005511165253648258,0.8706962509563887,1.679358294833183,0.17662390630616728
sensor_etth2,HUFL,F7,sgd,classification,3,944,1,-1.5313048776179874,0.0006328312307500462,0.0005445689733810377,0.0007318860856966275,-2.593108018529315,0.0005378230052569685,0.8706962509563887,1.679358294833183,0.17662390630616728
sensor_etth2,HUFL,F7,adam,regression,0,20,1,-0.23119448085268302,0.0007753329711385167,8.265648805100845e-05,0.0036987126194976995,-3.138361347398487,0.00044114829223479754,0.24332839930564168,1.679358294833183,0.17662390630616728
sensor_etth2,HUFL,F7,adam,regression,1,20,1,-1.0700316575204694,0.000645274742652684,6.021206781566776e-05,0.0041068754233883,-3.114141526786713,0.0036668011722278473,0.24425153633441654,1.679358294833183,0.17662390630616728
sensor_etth2,HUFL,F7,adam,regression,2,20,1,0.9283556357828583,0.000797625105957902,9.062493833073912e-05,0.004121131838013093,-3.132965604350293,9.342491776433841e-05,0.24320471134731414,1.679358294833183,0.17662390630616728
sensor_etth2,HUFL,F7,adam,regression,3,20,1,0.651583451743946,0.0006829047618140244,8.41028886182748e-05,0.004094158437869889,-3.114280368165104,0.004466048820587266,0.24430388040767795,1.679358294833183,0.17662390630616728
sensor_etth2,HUFL,F7,adam,classification,0,167,1,-2.8864512903777313,3.267073139523428e-05,2.3324562527305707e-05,3.897185900086657e-05,-3.9060521196453135,2.154730893588666e-05,0.8768171384850804,1.679358294833183,0.17662390630616728
sensor_etth2,HUFL,F7,adam,classification,1,162,1,0.2513335991717028,2.8593110531208357e-05,2.32519468331697e-05,3.505217056466451e-05,-3.968592045953611,2.8376649140183918e-05,0.8768171384850804,1.679358294833183,0.17662390630616728
sensor_etth2,HUFL,F7,adam,classification,2,159,1,-1.9355085704205475,2.998253593382132e-05,2.4552131736121403e-05,4.04891527549945e-05,-3.9277514273306995,1.932232253257772e-05,0.8768171384850804,1.679358294833183,0.17662390630616728
sensor_etth2,HUFL,F7,adam,classification,3,157,1,-1.9470505609608866,3.280000708041825e-05,2.3989750340520833e-05,3.9494170793391465e-05,-3.931724867832448,2.4267251344576804e-05,0.8768171384850804,1.679358294833183,0.17662390630616728
sensor_etth2,HUFL,F10,sgd,regression,0,45,1,-2.289585389832678,4.9086662969646985e-05,2.4773889765381963e-05,0.00016304129870120272,-4.074180905383328,3.746982826859699e-05,0.3927175640921326,1.679358294833183,0.17662390630616728
sensor_etth2,HUFL,F10,sgd,regression,1,45,1,0.43919039459209297,5.698454158605821e-05,2.2131637883719104e-05,0.00021792064015995077,-4.083730625778688,0.00021856868304166854,0.3922753922099748,1.679358294833183,0.17662390630616728
sensor_etth2,HUFL,F10,sgd,regression,2,45,1,0.1530948835488732,4.487080259322109e-05,2.13880718771141e-05,0.00017166927302945064,-4.098000152495787,1.967285513411002e-05,0.3917234396433158,1.679358294833183,0.17662390630616728
sensor_etth2,HUFL,F10,sgd,regression,3,45,1,1.5870253773620528,5.0524921217700605e-05,2.358724072860313e-05,0.00021521609863975823,-4.1086161361076545,3.1337434024789146e-05,0.39236861851853266,1.679358294833183,0.17662390630616728
sensor_etth2,HUFL,F10,sgd,classification,0,1261,1,-1.6027965568425249,0.0009256011357890212,0.0008112116882612215,0.0010866652545304105,-2.454921826317137,0.0007877240897305181,0.8439173680183627,1.679358294833183,0.17662390630616728
sensor_etth2,HUFL,F10,sgd,classification,1,1243,1,-1.620211170406051,0.0008774030007687526,0.0007615512647804874,0.0010313153500036423,-2.4699091822509014,0.0007432200041200178,0.8439173680183627,1.679358294833183,0.17662390630616728
sensor_etth2,HUFL,F10,sgd,classification,2,1253,1,-1.452209977097804,0.0009475411905170194,0.0008401313072552633,0.0010898038366387711,-2.455101542792931,0.0008094238889749793,0.8446824789594491,1.679358294833183,0.17662390630616728
sensor_etth2,HUFL,F10,sgd,classification,3,1266,1,-1.5505058540349725,0.0009396439220027346,0.0008095386844334157,0.0010883071844154932,-2.4543239213910564,0.000793909633671285,0.8439173680183627,1.679358294833183,0.17662390630616728
sensor_etth2,HUFL,F10,adam,regression,0,20,1,-1.5784665059733076,0.0005344222046456215,2.5650721027601133e-05,0.002626821340798775,-3.478676241210096,0.0009973499593470606,0.3682468009597218,1.679358294833183,0.17662390630616728
sensor_etth2,HUFL,F10,adam,regression,1,20,1,-1.0469780042205625,0.0003695070203917308,1.4249398405545224e-05,0.0028216241216508964,-3.4494925358389152,0.0018550924776638352,0.37932034435624445,1.679358294833183,0.17662390630616728
sensor_etth2,HUFL,F10,adam,regression,2,21,1,2.380520509352811,0.0004877100438369405,1.9098140386453153e-05,0.0032767629054783146,-3.4571422815329806,1.9660436442585443e-06,0.37111895463149275,1.679358294833183,0.17662390630616728
sensor_etth2,HUFL,F10,adam,regression,3,20,1,0.742914589619008,0.0004498728448497238,2.1322050493349665e-05,0.0027693639697288393,-3.4461174577530875,0.00040048000286949917,0.3744953558078434,1.679358294833183,0.17662390630616728
sensor_etth2,HUFL,F10,adam,classification,0,208,1,-2.594981303035498,1.4096591226021484e-05,1.1497538281861526e-05,1.89108830218328e-05,-4.111136013049896,1.136350364750108e-05,0.8446824789594491,1.679358294833183,0.17662390630616728
sensor_etth2,HUFL,F10,adam,classification,1,200,1,-2.7319514210668507,9.089577804878471e-06,6.717551419254765e-06,1.2409046921057477e-05,-4.234570586280304,6.7805511358125445e-06,0.8446824789594491,1.679358294833183,0.17662390630616728
sensor_etth2,HUFL,F10,adam,classification,2,191,1,-1.1072429397244357,1.8507756901556345e-05,1.700578334077007e-05,2.1343613886999708e-05,-4.099538849034401,1.5272194474572793e-05,0.8446824789594491,1.679358294833183,0.17662390630616728
sensor_etth2,HUFL,F10,adam,classification,3,198,1,-2.0577189964251565,1.6026199500972984e-05,1.2187431331420456e-05,2.0212313305231763e-05,-4.091387029488908,1.2536111319854462e-05,0.8446824789594491,1.679358294833183,0.17662390630616728
sensor_etth2,HUFL,F11,sgd,regression,0,44,1,-2.6060490705404242,8.464247534148944e-05,3.243932824157585e-05,0.0002866958253732745,-3.306489738185141,9.766161953981481e-05,0.2805943874071393,1.679358294833183,0.17662390630616728
sensor_etth2,HUFL,F11,sgd,regression,1,45,1,-1.5307963001262033,7.137186792919015e-05,2.328212687013228e-05,0.0003225297823765934,-3.362702845395746,0.0003618372345378166,0.27757911620125475,1.679358294833183,0.17662390630616728
sensor_etth2,HUFL,F11,sgd,regression,2,41,1,-1.643685926218266,6.667657359863861e-05,2.5366000603938707e-05,0.0002739605014519463,-3.376264135298855,2.0951916216486367e-05,0.2791704432985447,1.679358294833183,0.17662390630616728
sensor_etth2,HUFL,F11,sgd,regression,3,43,1,0.6389246313425352,9.110087005845743e-05,3.924532087474128e-05,0.00033426924966088213,-3.35199489771076,1.142841014689667e-05,0.2790535129265125,1.679358294833183,0.17662390630616728
sensor_etth2,HUFL,F11,sgd,classification,0,786,1,-1.0536169499014088,0.0006840095724630603,0.0006207859488155736,0.0007547323744282859,-2.6701594316634103,0.0006088389770033843,0.8699311400153023,1.679358294833183,0.17662390630616728
sensor_etth2,HUFL,F11,sgd,classification,1,792,1,-0.9134870840451509,0.0006584249871270047,0.0006130186992147101,0.0007200513384452624,-2.684386760690729,0.0006065427017928371,0.8706962509563887,1.679358294833183,0.17662390630616728
sensor_etth2,HUFL,F11,sgd,classification,2,773,1,-0.9294877225796737,0.0006699172851750718,0.0006161628832961873,0.000726750348549344,-2.6796341567748185,0.0005992075435179717,0.8706962509563887,1.679358294833183,0.17662390630616728
sensor_etth2,HUFL,F11,sgd,classification,3,772,1,-0.9936226207452006,0.0006909571685327295,0.0006192452362633354,0.0007569947534613492,-2.6706041027650973,0.000615690962354444,0.8699311400153023,1.679358294833183,0.17662390630616728
sensor_etth2,HUFL,F11,adam,regression,0,46,1,-0.23267703387534547,0.0010373542562737439,0.0001636723660583929,0.004389350731584056,-2.9881504340321388,0.0002544125203335139,0.2793980083268375,1.679358294833183,0.17662390630616728
sensor_etth2,HUFL,F11,adam,regression,1,46,1,-0.25760661004307683,0.0009715713904380757,0.00013563543653596373,0.004236675935213222,-2.9940286694932743,0.0032020062197699356,0.2772608613910298,1.679358294833183,0.17662390630616728
sensor_etth2,HUFL,F11,adam,regression,2,46,1,0.7025366977851498,0.0010908712488090005,0.00020797134972815902,0.004564711151785292,-2.987921985978222,0.0008550135411446731,0.28473799533711475,1.679358294833183,0.17662390630616728
sensor_etth2,HUFL,F11,adam,regression,3,46,1,0.8328073031889615,0.0009799056049114275,0.000200140940532037,0.004697839055183438,-2.9732743804184363,0.004628739037525459,0.27680829562587744,1.679358294833183,0.17662390630616728
sensor_etth2,HUFL,F11,adam,classification,0,140,1,-3.0497207717058283,1.9369531148413396e-05,1.270087200855331e-05,5.168217944840306e-05,-3.9916556112019785,3.0547975051596535e-05,0.846212700841622,1.679358294833183,0.17662390630616728
sensor_etth2,HUFL,F11,adam,classification,1,132,1,-0.2181705371142421,2.5360237616819126e-05,1.1261981437474324e-05,8.77472237278161e-05,-3.982806935223909,1.0539001797877396e-05,0.8553940321346595,1.679358294833183,0.17662390630616728
sensor_etth2,HUFL,F11,adam,classification,2,131,1,-1.392729457164129,2.218661509091688e-05,1.3557470940433332e-05,6.220768067666414e-05,-4.050493497847341,1.0466957931184534e-05,0.8538638102524866,1.679358294833183,0.17662390630616728
sensor_etth2,HUFL,F11,adam,classification,3,129,1,-3.0362360018497236,2.079396482365047e-05,1.0741957283680708e-05,3.628725754740669e-05,-4.005850266368968,1.4657246243818886e-05,0.8515684774292273,1.679358294833183,0.17662390630616728
sensor_etth2,HUFL,FA,sgd,regression,0,31,1,-2.444586312497182,0.00012880609486483357,8.823163864762495e-05,0.0003127158932466089,-3.233179828734251,0.00012498299436414443,0.27327016380203806,1.679358294833183,0.17662390630616728
sensor_etth2,HUFL,FA,sgd,regression,1,32,1,-1.4993787715624933,0.00013698014332643084,8.585449574224437e-05,0.0003782730352478325,-3.2265728937121785,0.00038510397889027545,0.27220843381629145,1.679358294833183,0.17662390630616728
sensor_etth2,HUFL,FA,sgd,regression,2,32,1,-0.6018747657979376,0.00011909331638083827,8.245160856698808e-05,0.00031446635073796526,-3.279923591682297,7.03485704482035e-05,0.2722555558861426,1.679358294833183,0.17662390630616728
sensor_etth2,HUFL,FA,sgd,regression,3,32,1,-0.9524528874280475,0.00013189279227885682,8.033252709326612e-05,0.0003601879825598311,-3.2421859153570605,6.332293388561257e-05,0.2726732230621139,1.679358294833183,0.17662390630616728
sensor_etth2,HUFL,FA,sgd,classification,0,934,1,-1.787974656671548,0.000524689266727809,0.0004550944535348304,0.0006291294858817202,-2.6343350981449687,0.00044137732016494757,0.8653404743687835,1.679358294833183,0.17662390630616728
sensor_etth2,HUFL,FA,sgd,classification,1,926,1,-1.7989481261733868,0.0004828973313593522,0.00041441018858821474,0.0005808554531361983,-2.656143220576396,0.00040651660866278716,0.8653404743687835,1.679358294833183,0.17662390630616728
sensor_etth2,HUFL,FA,sgd,classification,2,927,1,-1.5570121224378175,0.0005416893033674502,0.00047839707739401484,0.0006303979253482476,-2.635202457394702,0.00045769841087643854,0.8661055853098699,1.679358294833183,0.17662390630616728
sensor_etth2,HUFL,FA,sgd,classification,3,901,1,-1.7013060572548264,0.0005354007847670016,0.00045158515620637163,0.0006296554418721485,-2.6340115896435523,0.0004456855093329661,0.8653404743687835,1.679358294833183,0.17662390630616728
sensor_etth2,HUFL,FA,adam,regression,0,20,1,-0.23509334372274265,0.0007827806034120867,8.466170240278915e-05,0.0037800858693787503,-3.126737100779114,0.00039928312161009537,0.2635863098761481,1.679358294833183,0.17662390630616728
sensor_etth2,HUFL,FA,adam,regression,1,20,1,-1.0004304707700853,0.0006651881724179193,6.142290853871825e-05,0.004230362970772751,-3.1073552907891,0.003700330712982322,0.26329349089641263,1.679358294833183,0.17662390630616728
sensor_etth2,HUFL,FA,adam,regression,2,20,1,0.9646062725788067,0.0007982758885987822,0.00010454116726171502,0.0041609982506414425,-3.1199465587510278,0.00012625660179110652,0.26286971185980934,1.679358294833183,0.17662390630616728
sensor_etth2,HUFL,FA,adam,regression,3,20,1,0.6912648600248897,0.0007028340955434354,8.588397739096923e-05,0.004184660092487572,-3.1034105386598876,0.00458011921416715,0.26988232433947446,1.679358294833183,0.17662390630616728
sensor_etth2,HUFL,FA,adam,classification,0,162,1,-2.8943915325902987,3.0044537418608603e-05,2.0988143128849843e-05,3.533659342067044e-05,-3.980135040791766,1.9287269165351456e-05,0.8622800306044377,1.679358294833183,0.17662390630616728
sensor_etth2,HUFL,FA,adam,classification,1,156,1,0.48915676682365583,2.984873991213307e-05,2.3302928631876164e-05,3.870357913856035e-05,-4.01768946339549,2.862142181115486e-05,0.8630451415455241,1.679358294833183,0.17662390630616728
sensor_etth2,HUFL,FA,adam,classification,2,155,1,-1.795086738357287,2.728974436880395e-05,2.2889236639704357e-05,3.8534829286545014e-05,-4.009039583366899,1.7388524062352142e-05,0.8638102524866106,1.679358294833183,0.17662390630616728
sensor_etth2,HUFL,FA,adam,classification,3,153,1,-2.156082123183386,3.156558092340949e-05,2.1342515685200996e-05,3.849196904120102e-05,-3.9938666068245676,2.2519861514480505e-05,0.8630451415455241,1.679358294833183,0.17662390630616728
sensor_ettm1,OT,F0,sgd,regression,0,23,1,-3.1370009711519673,9.725468719540366e-05,4.6741264767284735e-05,0.00034697624865453797,-3.439286047886466,9.405364984007849e-05,0.00562240721028124,1.478896261771914,0.2864913627093186
sensor_ettm1,OT,F0,sgd,regression,1,23,1,-0.85700934523042,0.0001009001955072958,4.26497043780738e-05,0.00042606054651318114,-3.466681242200096,0.00046206759854297374,0.005692595983393811,1.478896261771914,0.2864913627093186
sensor_ettm1,OT,F0,sgd,regression,2,23,1,-1.1079017230736532,7.760211346875805e-05,3.170007751397418e-05,0.00034183084320345367,-3.4958326282323986,3.0001304113055518e-05,0.005553573222684055,1.478896261771914,0.2864913627093186
sensor_ettm1,OT,F0,sgd,regression,3,22,1,-0.4000718938861231,0.00010969844670654993,4.827738628275552e-05,0.00039376079861777906,-3.4691748813835845,3.534084865077212e-05,0.005615941737018418,1.478896261771914,0.2864913627093186
sensor_ettm1,OT,F0,sgd,classification,0,873,1,-1.7847946732027618,0.0006625951159612845,0.0005720251623844195,0.0007935038318858264,-2.5687278667879583,0.0005537065728076816,0.9877535399923459,1.478896261771914,0.2864913627093186
sensor_ettm1,OT,F0,sgd,classification,1,872,1,-1.814573346029964,0.0006167348657304891,0.000525573466093062,0.0007412019318503985,-2.5875083067193163,0.0005128059494876932,0.9877535399923459,1.478896261771914,0.2864913627093186
sensor_ettm1,OT,F0,sgd,classification,2,866,1,-1.583972114962345,0.000682490762999714,0.0005988060183850451,0.0007959065257462522,-2.5691706454544545,0.000573361612624086,0.9877535399923459,1.478896261771914,0.2864913627093186
sensor_ettm1,OT,F0,sgd,classification,3,850,1,-1.713484374703672,0.0006750451966061304,0.000569044174852794,0.0007946021979614934,-2.5683258991176943,0.0005589848230118372,0.9877535399923459,1.478896261771914,0.2864913627093186
sensor_ettm1,OT,F0,adam,regression,0,20,1,-0.9801316414347088,0.000926720210116176,6.821499940822917e-05,0.00527136101609299,-3.1594472664093707,0.0005874407520428551,0.005503292476622326,1.478896261771914,0.2864913627093186
sensor_ettm1,OT,F0,adam,regression,1,20,1,0.1143714878480618,0.0008587999272862796,5.097877282674382e-05,0.005002226899810148,-3.1171491738262076,0.0014368167894817244,0.005573545267261826,1.478896261771914,0.2864913627093186
sensor_ettm1,OT,F0,adam,regression,2,20,1,1.7835157901808494,0.001019074021247457,4.576035057099188e-05,0.005533224261696291,-3.1732635886009986,0.0012427293100080398,0.005543463881474692,1.478896261771914,0.2864913627093186
sensor_ettm1,OT,F0,adam,regression,3,20,1,1.5077190696619192,0.001056781411978994,5.7521644999538575e-05,0.005290154460993494,-3.1347419543015587,0.0019527204456025432,0.005379817418624138,1.478896261771914,0.2864913627093186
sensor_ettm1,OT,F0,adam,classification,0,159,1,-2.5721041557591686,2.474001847988204e-05,1.6717841163619643e-05,2.89601100550909e-05,-4.06941307400051,1.574901742991772e-05,0.9906238040566399,1.478896261771914,0.2864913627093186
sensor_ettm1,OT,F0,adam,classification,1,153,1,-0.18175351818318874,1.9335278616546562e-05,1.631485868035348e-05,2.1588285230579885e-05,-4.159745083089849,1.9880722671489883e-05,0.9904324531190203,1.478896261771914,0.2864913627093186
sensor_ettm1,OT,F0,adam,classification,2,153,1,-1.395580988208853,2.1965735896389826e-05,1.9217766938328674e-05,2.6793940004140464e-05,-4.100930952762787,1.5635262178505074e-05,0.9910065059318791,1.478896261771914,0.2864913627093186
sensor_ettm1,OT,F0,adam,classification,3,150,1,-1.7668631265655614,2.401761066465335e-05,1.724334204812015e-05,2.8109389413979603e-05,-4.09396406854182,1.743447395078746e-05,0.9906238040566399,1.478896261771914,0.2864913627093186
sensor_ettm1,OT,F1,sgd,regression,0,23,1,-1.8639994753518845,0.0001024778764836387,5.455205960236773e-05,0.0003499925382795756,-3.7541911577751796,0.00010947162163037182,0.02795484355358967,1.478896261771914,0.2864913627093186
sensor_ettm1,OT,F1,sgd,regression,1,23,1,-0.2977345567922916,0.00010417621904665259,4.7690091974068944e-05,0.0004225385172144612,-3.7712869277044416,0.0004618670158867862,0.027902116287248195,1.478896261771914,0.2864913627093186
sensor_ettm1,OT,F1,sgd,regression,2,23,1,-0.3740946833017314,9.054630799057155e-05,4.6362758313929656e-05,0.00034902722426962936,-3.7766119649086662,4.662283012812486e-05,0.027629446660861926,1.478896261771914,0.2864913627093186
sensor_ettm1,OT,F1,sgd,regression,3,23,1,0.8691653182129135,0.00010838616290054676,5.180767367629596e-05,0.0003933654869399196,-3.7822707843904984,4.610511152234116e-05,0.027944087952490926,1.478896261771914,0.2864913627093186
sensor_ettm1,OT,F1,sgd,classification,0,980,1,-1.5626115316119742,0.000981544853294662,0.0008626646351798703,0.0011475804597419837,-2.452605629151556,0.0008381377908886349,0.9831611174894757,1.478896261771914,0.2864913627093186
sensor_ettm1,OT,F1,sgd,classification,1,978,1,-1.5798171643905623,0.0009321457690819017,0.0008116634616594615,0.001091066145093476,-2.467041148866414,0.0007923485761683335,0.9831611174894757,1.478896261771914,0.2864913627093186
sensor_ettm1,OT,F1,sgd,classification,2,979,1,-1.4188175479248966,0.0010032612420422062,0.0008916266115508744,0.0011501467062483642,-2.453095811876334,0.0008598344139449181,0.9831611174894757,1.478896261771914,0.2864913627093186
sensor_ettm1,OT,F1,sgd,classification,3,956,1,-1.512584910193579,0.000995585847757929,0.0008609088295621982,0.0011489790447345145,-2.452244282796061,0.0008443094866269067,0.9831611174894757,1.478896261771914,0.2864913627093186
sensor_ettm1,OT,F1,adam,regression,0,20,1,-1.8302486902271091,0.0008618397754005095,3.224138657385331e-05,0.00493551519476961,-3.266080402001185,0.0004964965537219275,0.021684361850703982,1.478896261771914,0.2864913627093186
sensor_ettm1,OT,F1,adam,regression,1,20,1,0.16647270802571026,0.0008323251434659899,3.86510362926408e-05,0.004891395278107605,-3.23658558986341,0.0015780191297222938,0.02488212718230319,1.478896261771914,0.2864913627093186
sensor_ettm1,OT,F1,adam,regression,2,21,1,2.517960438586302,0.0009693698080776756,2.647106764662629e-05,0.005246603445099264,-3.2635102063744177,0.0012287791844863458,0.022559234511028436,1.478896261771914,0.2864913627093186
sensor_ettm1,OT,F1,adam,regression,3,20,1,0.6021203883370132,0.0009791959499461846,3.1821675625097005e-05,0.005026276427071655,-3.236744613436359,0.00219178718217603,0.02335728668719881,1.478896261771914,0.2864913627093186
sensor_ettm1,OT,F1,adam,classification,0,179,1,-2.5678838171454745,1.5427176106704116e-05,1.2615324680902632e-05,2.0541633504037154e-05,-4.073303122892722,1.2434502579294337e-05,0.9831611174894757,1.478896261771914,0.2864913627093186
sensor_ettm1,OT,F1,adam,classification,1,174,1,-2.5583183914925476,9.977734436850379e-06,7.65701144360443e-06,1.3409363607040673e-05,-4.196087664203163,7.757994976820514e-06,0.9831611174894757,1.478896261771914,0.2864913627093186
sensor_ettm1,OT,F1,adam,classification,2,168,1,-1.1136434415479606,1.9947287864994256e-05,1.831196801835423e-05,2.3000940143235953e-05,-4.062709811976307,1.6419715894122025e-05,0.9831611174894757,1.478896261771914,0.2864913627093186
sensor_ettm1,OT,F1,adam,classification,3,167,1,-2.022586202735563,1.727422791214204e-05,1.3147366690289855e-05,2.1713903252241608e-05,-4.056350434294673,1.3572209188694378e-05,0.9831611174894757,1.478896261771914,0.2864913627093186
sensor_ettm1,OT,F2,sgd,regression,0,24,1,-2.5142702730263204,5.01258597894803e-05,3.6727489322917644e-06,0.00028494388334858266,-4.229216759771962,6.361486196762253e-05,0.04361224007851388,1.478896261771914,0.2864913627093186
sensor_ettm1,OT,F2,sgd,regression,1,25,1,0.0728594031010031,6.138521023162284e-05,3.8117238807117255e-06,0.00036185379093551845,-4.243550648698174,0.00040136576837888845,0.043509664405708734,1.478896261771914,0.2864913627093186
sensor_ettm1,OT,F2,sgd,regression,2,24,1,-0.10688923525001447,4.48564851024098e-05,3.3803503446016028e-06,0.00029361033056261144,-4.254637998924758,8.77301377600648e-06,0.04332119653521858,1.478896261771914,0.2864913627093186
sensor_ettm1,OT,F2,sgd,regression,3,24,1,2.564636962871384,5.673579309859883e-05,4.023107595304923e-06,0.00033829559516957553,-4.257714623930763,3.8127525675213307e-06,0.04351920369041958,1.478896261771914,0.2864913627093186
sensor_ettm1,OT,F2,sgd,classification,0,1095,1,-1.5825908517014315,0.001047012851170719,0.0009187716167926788,0.0012262299021018846,-2.4206932348304115,0.000892299038308298,0.9776119402985075,1.478896261771914,0.2864913627093186
sensor_ettm1,OT,F2,sgd,classification,1,1069,1,-1.5992683897303213,0.000995742566054864,0.0008658505199263536,0.0011673783122985294,-2.4347330855575624,0.0008448144809233006,0.9776119402985075,1.478896261771914,0.2864913627093186
sensor_ettm1,OT,F2,sgd,classification,2,1079,1,-1.4418694368904403,0.0010697572187639945,0.0009490115948579532,0.0012289508517365018,-2.4211260084351327,0.0009149408175069924,0.9776119402985075,1.478896261771914,0.2864913627093186
sensor_ettm1,OT,F2,sgd,classification,3,1063,1,-1.5337064114619778,0.0010617160525403422,0.00091695907423199,0.0012276395357686133,-2.420328549733811,0.0008987050967931131,0.9776119402985075,1.478896261771914,0.2864913627093186
sensor_ettm1,OT,F2,adam,regression,0,20,1,-1.6870295079970734,0.0008378943900825228,3.096903107800968e-05,0.004740197293042597,-3.3816415367952395,0.0003570108301753618,0.039758697389413705,1.478896261771914,0.2864913627093186
sensor_ettm1,OT,F2,adam,regression,1,20,1,-0.3100887648953416,0.0007900791559759838,3.0752593458239615e-05,0.004779218471973626,-3.331036267872626,0.0020209058048607452,0.04042797318789929,1.478896261771914,0.2864913627093186
sensor_ettm1,OT,F2,adam,regression,2,21,1,2.4215429608380994,0.0009200218371572613,3.293530148213471e-05,0.005011049356999357,-3.371942918273984,0.0010949278111186663,0.038641121388116054,1.478896261771914,0.2864913627093186
sensor_ettm1,OT,F2,adam,regression,3,21,1,0.14893275360105382,0.00096813418323795,2.326766567138858e-05,0.004839290535909123,-3.330132699096129,0.0028232522782355527,0.0411246251599122,1.478896261771914,0.2864913627093186
sensor_ettm1,OT,F2,adam,classification,0,193,1,-2.4389445078005014,1.713475379290446e-05,1.4211296831997113e-05,2.2570036308731476e-05,-4.0373121472029405,1.396784324456508e-05,0.9776119402985075,1.478896261771914,0.2864913627093186
sensor_ettm1,OT,F2,adam,classification,1,189,1,-2.5409810817705343,1.1798437672636046e-05,8.956899562582744e-06,1.564492938443574e-05,-4.144811082457501,8.967073054226475e-06,0.9776119402985075,1.478896261771914,0.2864913627093186
sensor_ettm1,OT,F2,adam,classification,2,180,1,-1.1597261420367513,2.1721040209101732e-05,1.9924445332946515e-05,2.508589922325063e-05,-4.0258298499084075,1.808516300812149e-05,0.9776119402985075,1.478896261771914,0.2864913627093186
sensor_ettm1,OT,F2,adam,classification,3,184,1,-1.976624279763517,1.9280780540299812e-05,1.5001388688402586e-05,2.4008613460454376e-05,-4.017973440125098,1.5255552116100625e-05,0.9776119402985075,1.478896261771914,0.2864913627093186
sensor_ettm1,OT,F4,sgd,regression,0,23,1,-2.655437429741908,0.0001318372786895485,7.815399995393574e-05,0.0003790455963198481,-3.462194818486799,0.00011795669557052408,0.021939368078097245,1.478896261771914,0.2864913627093186
sensor_ettm1,OT,F4,sgd,regression,1,23,1,-1.0521385568429145,0.00012247976237656587,6.508082512055076e-05,0.00044964061038997637,-3.4898681575615775,0.0004752393664426209,0.022001925532246887,1.478896261771914,0.2864913627093186
sensor_ettm1,OT,F4,sgd,regression,2,23,1,-1.3808752697132884,0.00010946834331916832,5.75710952031555e-05,0.0003685903281670631,-3.497767868804087,5.1691145805147405e-05,0.021727712628070096,1.478896261771914,0.2864913627093186
sensor_ettm1,OT,F4,sgd,regression,3,23,1,-0.30805881599662677,0.00013608766603480718,7.482815306963819e-05,0.000417788083306219,-3.4945129017679992,5.780834098031635e-05,0.022021090322700537,1.478896261771914,0.2864913627093186
sensor_ettm1,OT,F4,sgd,classification,0,943,1,-1.653038031557316,0.0008473816561167079,0.0007390621767316253,0.001000356631987377,-2.4953244556883876,0.000716932673019048,0.983926521239954,1.478896261771914,0.2864913627093186
sensor_ettm1,OT,F4,sgd,classification,1,936,1,-1.6756465194201855,0.0007992706060975864,0.0006896615010307866,0.0009454067166960063,-2.5112412614152664,0.0006727804145815725,0.983926521239954,1.478896261771914,0.2864913627093186
sensor_ettm1,OT,F4,sgd,classification,2,931,1,-1.4891210434128184,0.0008685727415624167,0.0007674497967071878,0.0010029647009717915,-2.495756186090403,0.0007381012364683771,0.983926521239954,1.478896261771914,0.2864913627093186
sensor_ettm1,OT,F4,sgd,classification,3,911,1,-1.5959317876870698,0.0008609434476387713,0.0007369858988423405,0.0010016838370039973,-2.4949077358375833,0.00072284758805024,0.983926521239954,1.478896261771914,0.2864913627093186
sensor_ettm1,OT,F4,adam,regression,0,20,1,-1.2752861126659016,0.0008907966412368916,5.590805979086224e-05,0.005036434120520466,-3.1981351269184453,0.0005436608998004641,0.019205236741799112,1.478896261771914,0.2864913627093186
sensor_ettm1,OT,F4,adam,regression,1,20,1,0.0941064784467841,0.0008402787601021987,4.2360574779027584e-05,0.004921966481521448,-3.155716669269006,0.001532790942568289,0.02037179282084762,1.478896261771914,0.2864913627093186
sensor_ettm1,OT,F4,adam,regression,2,21,1,2.1324384288681415,0.0009873684797456965,3.2344705561561224e-05,0.005374978202449199,-3.208272574506176,0.001237098549443133,0.0196448109338265,1.478896261771914,0.2864913627093186
sensor_ettm1,OT,F4,adam,regression,3,20,1,1.0835898753605677,0.0010101136907620602,3.795773328740301e-05,0.0050259192634067055,-3.174804696163805,0.002119370913479028,0.019765805929307195,1.478896261771914,0.2864913627093186
sensor_ettm1,OT,F4,adam,classification,0,170,1,-1.8683412136966022,2.0319179249600778e-05,1.7245056981689134e-05,2.424827047039296e-05,-4.086550497932701,1.6690273742151056e-05,0.9845005740528129,1.478896261771914,0.2864913627093186
sensor_ettm1,OT,F4,adam,classification,1,166,1,-0.8985969603985379,1.4693320118359734e-05,1.4261589664377974e-05,1.6263765277698806e-05,-4.199576134167072,1.4370829387258765e-05,0.9843092231151933,1.478896261771914,0.2864913627093186
sensor_ettm1,OT,F4,adam,classification,2,162,1,-0.8406535836375947,2.218486955293636e-05,2.0660817223113818e-05,2.484167498104404e-05,-4.094743477305114,1.864421962105536e-05,0.9845005740528129,1.478896261771914,0.2864913627093186
sensor_ettm1,OT,F4,adam,classification,3,160,1,-1.3159468671902879,2.0606383052661387e-05,1.668051539873625e-05,2.3955749542553126e-05,-4.087604732978754,1.716623024259443e-05,0.9843092231151933,1.478896261771914,0.2864913627093186
sensor_ettm1,OT,F7,sgd,regression,0,23,1,-2.5608265262394454,0.00013675720049487156,8.334587977614859e-05,0.00038341171747809756,-3.4596762862934374,0.00012291145287102805,0.011485085819412568,1.478896261771914,0.2864913627093186
sensor_ettm1,OT,F7,sgd,regression,1,23,1,-1.0083511641473157,0.0001269583131757433,7.018661117844487e-05,0.00045511597575603253,-3.4859316223102668,0.00047867994289993703,0.011571953279246606,1.478896261771914,0.2864913627093186
sensor_ettm1,OT,F7,sgd,regression,2,23,1,-1.307345204491321,0.00011502577376633343,6.280819769234332e-05,0.0003733619712460149,-3.493402854628259,5.669688052301201e-05,0.011270419777773329,1.478896261771914,0.2864913627093186
sensor_ettm1,OT,F7,sgd,regression,3,23,1,-0.27099476626858304,0.00014073195441056976,7.980373843306595e-05,0.00042230910488669725,-3.4912120517059257,6.263428368427645e-05,0.011512789277935235,1.478896261771914,0.2864913627093186
sensor_ettm1,OT,F7,sgd,classification,0,954,1,-1.6462426520824793,0.0008639200995938766,0.0007539689124200784,0.0010191045087547912,-2.488351851733719,0.0007314890332982295,0.9860313815537696,1.478896261771914,0.2864913627093186
sensor_ettm1,OT,F7,sgd,classification,1,947,1,-1.668177199797375,0.0008155144986746808,0.0007042381715382854,0.000963781651052078,-2.504095223201039,0.0006870263776245623,0.9860313815537696,1.478896261771914,0.2864913627093186
sensor_ettm1,OT,F7,sgd,classification,2,945,1,-1.4845906671500742,0.0008852813933418677,0.0007825469678679747,0.0010217597530448477,-2.488776953968208,0.0007528107628097661,0.9860313815537696,1.478896261771914,0.2864913627093186
sensor_ettm1,OT,F7,sgd,classification,3,923,1,-1.5898569646477,0.0008775730019468916,0.0007519078005755062,0.001020373841410088,-2.487944364043282,0.00073743567756052,0.9860313815537696,1.478896261771914,0.2864913627093186
sensor_ettm1,OT,F7,adam,regression,0,20,1,-1.3060579123847216,0.000881047746106169,5.416706411011202e-05,0.005000342674806582,-3.1966281204420173,0.000532107713127758,0.008297203841554383,1.478896261771914,0.2864913627093186
sensor_ettm1,OT,F7,adam,regression,1,20,1,0.08312655549776024,0.000834409729411267,4.3557437182073126e-05,0.004903597629129595,-3.153457220303016,0.0015590373444696263,0.010030828721194261,1.478896261771914,0.2864913627093186
sensor_ettm1,OT,F7,adam,regression,2,21,1,2.151460609803375,0.000981671514090904,3.169718335704543e-05,0.005323133057947624,-3.2055667204493177,0.001235409415110302,0.008813749875693994,1.478896261771914,0.2864913627093186
sensor_ettm1,OT,F7,adam,regression,3,20,1,0.9692439003639374,0.0010028702014820367,3.8210340378121855e-05,0.005026516316728816,-3.1716512479377514,0.00216029234334247,0.008905487363491877,1.478896261771914,0.2864913627093186
sensor_ettm1,OT,F7,adam,classification,0,172,1,-1.8467617259457552,2.1051939040171473e-05,1.796023191039239e-05,2.5132875383552534e-05,-4.071809014428866,1.7398160689524937e-05,0.98584003061615,1.478896261771914,0.2864913627093186
sensor_ettm1,OT,F7,adam,classification,1,168,1,-0.9689456127936408,1.5245659008832673e-05,1.4623608474022069e-05,1.7003282609841876e-05,-4.182816862827686,1.4736715248547028e-05,0.98584003061615,1.478896261771914,0.2864913627093186
sensor_ettm1,OT,F7,adam,classification,2,163,1,-0.846960334388856,2.3057860840269158e-05,2.147947065711399e-05,2.5790294382147147e-05,-4.078914144356821,1.948713720144474e-05,0.98584003061615,1.478896261771914,0.2864913627093186
sensor_ettm1,OT,F7,adam,classification,3,162,1,-1.3115697947700555,2.141240112463725e-05,1.741866962424733e-05,2.4851448021674918e-05,-4.072093320944704,1.7898847771846153e-05,0.98584003061615,1.478896261771914,0.2864913627093186
sensor_ettm1,OT,F10,sgd,regression,0,24,1,-2.517970175271688,5.022241731101247e-05,3.5973591078518518e-06,0.000285318844699984,-4.2309603572870325,6.365793995874901e-05,0.04588793857071168,1.478896261771914,0.2864913627093186
sensor_ettm1,OT,F10,sgd,regression,1,24,1,0.07219127624937505,6.14782588118202e-05,3.725468291040853e-06,0.00036222481220230484,-4.245194331087095,0.0004018471720581305,0.045780612787010795,1.478896261771914,0.2864913627093186
sensor_ettm1,OT,F10,sgd,regression,2,24,1,-0.10896755632600302,4.4912884032200165e-05,3.3206581129390588e-06,0.000293935707787196,-4.256381363370605,8.720658207507722e-06,0.04561351261878809,1.478896261771914,0.2864913627093186
sensor_ettm1,OT,F10,sgd,regression,3,24,1,2.570935712450082,5.70391306263748e-05,4.011064948002234e-06,0.0003382646303189254,-4.259359537315617,3.7792008351639715e-06,0.04580722594038512,1.478896261771914,0.2864913627093186
sensor_ettm1,OT,F10,sgd,classification,0,1093,1,-1.5830122578053598,0.001046547168083829,0.0009183257987209348,0.0012257399454320252,-2.4208086396728894,0.0008918577348323804,0.9770378874856487,1.478896261771914,0.2864913627093186
sensor_ettm1,OT,F10,sgd,classification,1,1068,1,-1.5997262451805498,0.0009952768690520216,0.0008654041479913173,0.0011668889390183397,-2.4348525538060795,0.0008443730361435975,0.9770378874856487,1.478896261771914,0.2864913627093186
sensor_ettm1,OT,F10,sgd,classification,2,1078,1,-1.442220322818989,0.0010692934094604723,0.0009485675499572126,0.001228461275697022,-2.4212413723965747,0.0009145007377961879,0.9770378874856487,1.478896261771914,0.2864913627093186
sensor_ettm1,OT,F10,sgd,classification,3,1062,1,-1.534106753625017,0.0010612510211785386,0.0009165126381029349,0.0012271496429969745,-2.420443704339213,0.0008982641543493114,0.9770378874856487,1.478896261771914,0.2864913627093186
sensor_ettm1,OT,F10,adam,regression,0,20,1,-1.685591449775855,0.0008441513538320091,3.0450958278072147e-05,0.004758478295374013,-3.381833637224876,0.000359915919259858,0.04224788866863861,1.478896261771914,0.2864913627093186
sensor_ettm1,OT,F10,adam,regression,1,20,1,-0.3071012322814328,0.0007909790865624643,2.9627462765966863e-05,0.00478034894469903,-3.3310882152433323,0.002006771847629144,0.04283870126830567,1.478896261771914,0.2864913627093186
sensor_ettm1,OT,F10,adam,regression,2,21,1,2.462127497631609,0.0009192622009984011,3.2716816142224295e-05,0.0050070726561454535,-3.3720622996596403,0.0011009176924377275,0.0412040608634252,1.478896261771914,0.2864913627093186
sensor_ettm1,OT,F10,adam,regression,3,21,1,0.15919052333573863,0.0009727178437024697,2.3262418254958e-05,0.004880212472018441,-3.3302706642691167,0.002804399836764195,0.04360463328518888,1.478896261771914,0.2864913627093186
sensor_ettm1,OT,F10,adam,classification,0,193,1,-2.4402551774848646,1.7092010204984452e-05,1.417474149659827e-05,2.2517199439914085e-05,-4.037944936367037,1.3932910963815335e-05,0.9770378874856487,1.478896261771914,0.2864913627093186
sensor_ettm1,OT,F10,adam,classification,1,189,1,-2.5413357438058135,1.1766258465731935e-05,8.932569015233598e-06,1.5604297057713207e-05,-4.145553166789339,8.942910661173774e-06,0.9770378874856487,1.478896261771914,0.2864913627093186
sensor_ettm1,OT,F10,adam,classification,2,180,1,-1.1594554283209406,2.167347139330164e-05,1.988251185919963e-05,2.503290011986764e-05,-4.0264422854955315,1.804537741940441e-05,0.9772292384232683,1.478896261771914,0.2864913627093186
sensor_ettm1,OT,F10,adam,classification,3,184,1,-1.977290020740144,1.9234977556051087e-05,1.4963732371894948e-05,2.3954580491304142e-05,-4.018585619598265,1.5218467491087126e-05,0.9770378874856487,1.478896261771914,0.2864913627093186
sensor_ettm1,OT,F11,sgd,regression,0,23,1,-2.8482247253408075,0.00012063900079644498,6.802162177213135e-05,0.00036993875425301816,-3.3817617952391146,0.00011187975387557173,0.009632573359117552,1.478896261771914,0.2864913627093186
sensor_ettm1,OT,F11,sgd,regression,1,23,1,-0.8302170379469848,0.00011964652245610488,6.230234331522498e-05,0.00044550925073697715,-3.407508135265643,0.0004807102207459541,0.009713686881717651,1.478896261771914,0.2864913627093186
sensor_ettm1,OT,F11,sgd,regression,2,23,1,-1.1443138722902113,9.78342955478128e-05,5.064173458311513e-05,0.0003627259823842187,-3.426776116705426,4.7245863533016705e-05,0.009511765659224005,1.478896261771914,0.2864913627093186
sensor_ettm1,OT,F11,sgd,regression,3,22,1,-0.38027977788508255,0.0001319087221989374,6.920282650118378e-05,0.000414718778320678,-3.4098068127881653,5.488932526788052e-05,0.009657282148383264,1.478896261771914,0.2864913627093186
sensor_ettm1,OT,F11,sgd,classification,0,885,1,-1.72291237226336,0.000716610890839508,0.0006219537742604966,0.0008525025988494723,-2.5475684049927523,0.0006027361265413208,0.9852659778032913,1.478896261771914,0.2864913627093186
sensor_ettm1,OT,F11,sgd,classification,1,888,1,-1.7481338823954191,0.0006700636295424711,0.0005746885011488457,0.0007994774409507464,-2.5654189921925545,0.000561000325129516,0.9852659778032913,1.478896261771914,0.2864913627093186
sensor_ettm1,OT,F11,sgd,classification,2,883,1,-1.5356279557525518,0.0007366393896757191,0.0006490002307153178,0.0008548467494986309,-2.5480530860762176,0.0006226810421702364,0.9852659778032913,1.478896261771914,0.2864913627093186
sensor_ettm1,OT,F11,sgd,classification,3,862,1,-1.6562086524483017,0.0007292442298486117,0.0006191148849721954,0.0008535490464753117,-2.5472039732987986,0.0006081164822415493,0.9852659778032913,1.478896261771914,0.2864913627093186
sensor_ettm1,OT,F11,adam,regression,0,20,1,-1.0254911708814811,0.0009244828517986527,6.515642856219315e-05,0.0052586706297367124,-3.1507124794595947,0.0005879376919497236,0.008438821779019725,1.478896261771914,0.2864913627093186
sensor_ettm1,OT,F11,adam,regression,1,20,1,0.06659390468545709,0.0008566435236648761,4.619693157151619e-05,0.004992751425451861,-3.1075037197799182,0.00143448947417083,0.00854114576950552,1.478896261771914,0.2864913627093186
sensor_ettm1,OT,F11,adam,regression,2,20,1,1.9936015184519793,0.0010180076266085953,4.1088428577775764e-05,0.00552506125581314,-3.169467389846962,0.0012370847399433371,0.008589552781254756,1.478896261771914,0.2864913627093186
sensor_ettm1,OT,F11,adam,regression,3,20,1,1.4033411587084395,0.001046889172087318,5.296351415419231e-05,0.005280743102550383,-3.1237903359307513,0.001957199788960154,0.00847869115264669,1.478896261771914,0.2864913627093186
sensor_ettm1,OT,F11,adam,classification,0,162,1,-2.0721894246115196,3.161544420608323e-05,2.3680239692021816e-05,3.6313722674721636e-05,-3.9950573464129207,2.2684555353479412e-05,0.9875621890547264,1.478896261771914,0.2864913627093186
sensor_ettm1,OT,F11,adam,classification,1,156,1,-0.4418415357861404,2.518784440830089e-05,2.2902207025969496e-05,2.6203272916945346e-05,-4.076818345323095,2.5050532829526332e-05,0.9875621890547264,1.478896261771914,0.2864913627093186
sensor_ettm1,OT,F11,adam,classification,2,155,1,-1.2190505742156421,2.8781509582487814e-05,2.5715476589966033e-05,3.355905063922267e-05,-4.020753123643528,2.243298603199196e-05,0.9875621890547264,1.478896261771914,0.2864913627093186
sensor_ettm1,OT,F11,adam,classification,3,153,1,-1.4222182064744051,3.067446429424182e-05,2.3822259740774448e-05,3.489387098669365e-05,-4.015547411406987,2.397511792620235e-05,0.9877535399923459,1.478896261771914,0.2864913627093186
sensor_ettm1,OT,FA,sgd,regression,0,23,1,-2.5349684473448364,0.00013316736049200496,8.022226856140011e-05,0.0003795057352061475,-3.4809675790837575,0.00012085431239329066,0.01653336685383984,1.478896261771914,0.2864913627093186
sensor_ettm1,OT,FA,sgd,regression,1,23,1,-0.9744997295372311,0.00012437643185076418,6.740640242244286e-05,0.0004521293358316263,-3.5069549815805394,0.00047652607202211257,0.01660371158851561,1.478896261771914,0.2864913627093186
sensor_ettm1,OT,FA,sgd,regression,2,23,1,-1.2676420750313366,0.00011109970987397442,6.045646164079792e-05,0.00037083498111619806,-3.5148094243631722,5.4619780228267736e-05,0.01629114982965687,1.478896261771914,0.2864913627093186
sensor_ettm1,OT,FA,sgd,regression,3,23,1,-0.20883057558527157,0.00013776223678979953,7.72066345468173e-05,0.0004194158338024275,-3.5127078093327935,6.0291440835295516e-05,0.01659288956231379,1.478896261771914,0.2864913627093186
sensor_ettm1,OT,FA,sgd,classification,0,946,1,-1.6498797484669776,0.0008540170778330196,0.0007450755214984051,0.0010078383902015402,-2.492276046336918,0.0007228074945478483,0.9850746268656716,1.478896261771914,0.2864913627093186
sensor_ettm1,OT,FA,sgd,classification,1,939,1,-1.6721992763459865,0.0008058651523000929,0.0006956010437405674,0.0009528198092183331,-2.5081085605750397,0.0006785744675043904,0.9850746268656716,1.478896261771914,0.2864913627093186
sensor_ettm1,OT,FA,sgd,classification,2,936,1,-1.4870505197608945,0.0008752989178129854,0.0007735385242069678,0.0010105060279674877,-2.492696959323831,0.0007440449118574586,0.9850746268656716,1.478896261771914,0.2864913627093186
sensor_ettm1,OT,FA,sgd,classification,3,916,1,-1.593164512076799,0.0008676273773472886,0.00074303174339426,0.001009166003857356,-2.491854364130719,0.0007287442178040506,0.9850746268656716,1.478896261771914,0.2864913627093186
sensor_ettm1,OT,FA,adam,regression,0,20,1,-1.316680550783966,0.0008818122919815505,5.3229451102981285e-05,0.005002639204236738,-3.203997088278895,0.0005326680465917025,0.013107710797117903,1.478896261771914,0.2864913627093186
sensor_ettm1,OT,FA,adam,regression,1,20,1,0.0865953519384297,0.0008322659887422359,4.270617809433826e-05,0.0049009902107796,-3.1610373928413313,0.0015555719498177645,0.014825266825161982,1.478896261771914,0.2864913627093186
sensor_ettm1,OT,FA,adam,regression,2,21,1,2.1611774030486703,0.0009823286750634992,3.1898940716437804e-05,0.0053262962845259795,-3.21247576743891,0.0012354808640085316,0.01371405466224498,1.478896261771914,0.2864913627093186
sensor_ettm1,OT,FA,adam,regression,3,20,1,1.0012115310029048,0.001004469993591783,3.7574893484546064e-05,0.005026823219721154,-3.1791577845229093,0.0021555258673954226,0.013831363732977324,1.478896261771914,0.2864913627093186
sensor_ettm1,OT,FA,adam,classification,0,171,1,-1.8994601908220503,1.9645548101920064e-05,1.6747490301768902e-05,2.3611378558372913e-05,-4.089942718348323,1.6212439134718243e-05,0.98584003061615,1.478896261771914,0.2864913627093186
sensor_ettm1,OT,FA,adam,classification,1,167,1,-0.9936333659613203,1.4099192446479884e-05,1.3513098991996704e-05,1.5791340260465516e-05,-4.204448309886555,1.3627131092593859e-05,0.9856486796785304,1.478896261771914,0.2864913627093186
sensor_ettm1,OT,FA,adam,classification,2,163,1,-0.8386858291350179,2.1836312370104337e-05,2.035267798026556e-05,2.4443334904965664e-05,-4.096243085691314,1.8385207898059124e-05,0.98584003061615,1.478896261771914,0.2864913627093186
sensor_ettm1,OT,FA,adam,classification,3,161,1,-1.350211463353131,2.0070353121877062e-05,1.6233517412368767e-05,2.3468580718267588e-05,-4.0890536493438,1.6736619576945386e-05,0.9856486796785304,1.478896261771914,0.2864913627093186
sensor_ettm1,HUFL,F0,sgd,regression,0,132,1,-1.7766585516775384,6.567405187192063e-05,1.3666738999313843e-05,0.00024411727047111352,-3.5006085251588517,6.625670484594068e-05,0.1982042763319628,1.3004719435733434,0.14879150737250987
sensor_ettm1,HUFL,F0,sgd,regression,1,135,1,-0.6981109514673115,5.680409483914694e-05,1.1494818654901587e-05,0.00025044400329122916,-3.5380699298578766,0.00027594608591770703,0.19814662964845828,1.3004719435733434,0.14879150737250987
sensor_ettm1,HUFL,F0,sgd,regression,2,126,1,-0.5929701354110753,4.625226503610442e-05,1.06504016458833e-05,0.00021003083439045183,-3.6193741746876302,1.0696157671828756e-05,0.19806696903119345,1.3004719435733434,0.14879150737250987
sensor_ettm1,HUFL,F0,sgd,regression,3,129,1,1.8027288579392868,6.354825043049746e-05,1.7016539314824513e-05,0.0002645644586374163,-3.5391532949406272,5.881003739286752e-06,0.19835019034012027,1.3004719435733434,0.14879150737250987
sensor_ettm1,HUFL,F0,sgd,classification,0,1997,1,-1.672125698679672,0.0011080528892746491,0.0009389598341598272,0.00128211976280458,-2.4801447227077715,0.0009086914065098621,0.8884424033677765,1.3004719435733434,0.14879150737250987
sensor_ettm1,HUFL,F0,sgd,classification,1,1963,1,-1.4645012502506431,0.0010397498409744623,0.0009202202519620901,0.0011847334815033236,-2.4937119192614055,0.0008984385504618435,0.8874856486796785,1.3004719435733434,0.14879150737250987
sensor_ettm1,HUFL,F0,sgd,classification,2,1942,1,-1.5411895874601054,0.0010583351578011728,0.0009273396993173567,0.0012209985363201008,-2.490288704414421,0.0008935681334870105,0.8890164561806353,1.3004719435733434,0.14879150737250987
sensor_ettm1,HUFL,F0,sgd,classification,3,1905,1,-1.5370069718648596,0.0010988653337423524,0.000938293322789963,0.001261326319974849,-2.488176742592722,0.0009166209945472605,0.8884424033677765,1.3004719435733434,0.14879150737250987
sensor_ettm1,HUFL,F0,adam,regression,0,69,1,-0.8116840585636821,0.0009498974105878147,0.00017509913699349452,0.0038485566037505664,-2.9987573860339953,0.000819634836627125,0.19692730270958006,1.3004719435733434,0.14879150737250987
sensor_ettm1,HUFL,F0,adam,regression,1,70,1,-0.670480259966434,0.0009018570237415984,0.0001395449756786279,0.0037148097719817146,-3.000552878219472,0.0024720527880594365,0.19688805825564895,1.3004719435733434,0.14879150737250987
sensor_ettm1,HUFL,F0,adam,regression,2,68,1,-0.02469170619285507,0.001017653402224701,0.00018670538355052737,0.004072691806330736,-2.998005940771809,0.0004394513338910767,0.1964517769218106,1.3004719435733434,0.14879150737250987
sensor_ettm1,HUFL,F0,adam,regression,3,71,1,0.4373831444843582,0.0008334741878505397,0.00018374346831679958,0.0037267319033428407,-2.9919637643614987,0.0031475349619473005,0.20459662666846318,1.3004719435733434,0.14879150737250987
sensor_ettm1,HUFL,F0,adam,classification,0,287,1,-3.4718188356198487,2.765356796572318e-05,1.2638741575383107e-05,0.00012005036597161103,-3.8666219906735577,1.562319954973249e-05,0.9112131649445082,1.3004719435733434,0.14879150737250987
sensor_ettm1,HUFL,F0,adam,classification,1,286,1,-0.8249388212963369,3.6251337145103274e-05,1.195705955817062e-05,0.00014035430719799112,-3.878015903293165,9.248925519084401e-06,0.9119785686949866,1.3004719435733434,0.14879150737250987
sensor_ettm1,HUFL,F0,adam,classification,2,254,1,-1.061201307936336,2.2670278337945125e-05,8.404621606540707e-06,8.364798490670003e-05,-3.966943043442536,7.592973364126918e-06,0.9110218140068886,1.3004719435733434,0.14879150737250987
sensor_ettm1,HUFL,F0,adam,classification,3,285,1,-1.893478665535454,2.8907750243528997e-05,1.151143284971786e-05,8.773358004181546e-05,-3.894802793682717,4.137814740154308e-05,0.9119785686949866,1.3004719435733434,0.14879150737250987
sensor_ettm1,HUFL,F1,sgd,regression,0,92,1,-3.104329771818756,4.335094621287873e-05,2.9151793676493877e-05,0.00012328013709172648,-3.507995337878419,3.437708501621445e-05,1.789469923473355,1.3004719435733434,0.14879150737250987
sensor_ettm1,HUFL,F1,sgd,regression,1,95,1,0.7032513576281126,5.482351903545215e-05,2.950265863293332e-05,0.00016466445232318487,-3.5501542043348073,0.00012773458251602064,1.7926274819842525,1.3004719435733434,0.14879150737250987
sensor_ettm1,HUFL,F1,sgd,regression,2,88,1,0.2602466034081793,4.3613189417224924e-05,2.6610981944602504e-05,0.00012002963739615444,-3.5590899699760774,2.5622627679686957e-05,1.7876289875540043,1.3004719435733434,0.14879150737250987
sensor_ettm1,HUFL,F1,sgd,regression,3,90,1,0.39538366635652006,5.047279328533686e-05,3.041416749334255e-05,0.00014735145398256516,-3.5462900055959166,5.436765811605674e-05,1.7918925438808815,1.3004719435733434,0.14879150737250987
sensor_ettm1,HUFL,F1,sgd,classification,0,2804,1,-0.9929926680822121,0.0014824281154449904,0.0013649538988990976,0.0016309550029622933,-2.391468612934358,0.0013415089722438635,0.45082280903176425,1.3004719435733434,0.14879150737250987
sensor_ettm1,HUFL,F1,sgd,classification,1,2675,1,-0.9452739775473094,0.00142316612129471,0.0013179733564113113,0.001561815936430491,-2.403961884386655,0.0013033090073702065,0.4506314580941447,1.3004719435733434,0.14879150737250987
sensor_ettm1,HUFL,F1,sgd,classification,2,2683,1,-0.9128918870440642,0.0014800545482095149,0.0013756622315661956,0.0016143553325562235,-2.3943048463159853,0.0013458593917811423,0.4517795637198622,1.3004719435733434,0.14879150737250987
sensor_ettm1,HUFL,F1,sgd,classification,3,2699,1,-0.9391310355992064,0.0014835865867995628,0.0013554564118280306,0.001618624911250668,-2.393742158706512,0.0013409746317206766,0.45082280903176425,1.3004719435733434,0.14879150737250987
sensor_ettm1,HUFL,F1,adam,regression,0,46,1,0.08480622110550615,0.00044133132511187264,5.8128522789566896e-05,0.0017877204882490855,-3.405498451095218,0.0001915380218676691,1.62943189843957,1.3004719435733434,0.14879150737250987
sensor_ettm1,HUFL,F1,adam,regression,1,47,1,-0.5145330421932671,0.00034318734879816446,3.811544720594565e-05,0.0018796645928565053,-3.4007940382782236,0.0019511811219824204,1.6497788540589484,1.3004719435733434,0.14879150737250987
sensor_ettm1,HUFL,F1,adam,regression,2,22,1,-0.6033330085488368,0.0003289615035220185,3.7014921448439376e-05,0.002249871275492407,-3.444224197277648,0.0002616799900278214,1.6253933991054836,1.3004719435733434,0.14879150737250987
sensor_ettm1,HUFL,F1,adam,regression,3,47,1,1.3548758101659824,0.00036298897954321744,2.3878958240918303e-05,0.0019557566697531903,-3.417468062626927,0.00020045134798791462,1.6410072024831497,1.3004719435733434,0.14879150737250987
sensor_ettm1,HUFL,F1,adam,classification,0,324,1,-2.583673779049741,5.900981903984643e-05,4.595686399927982e-05,7.343390658995423e-05,-3.635118282000498,4.3956204484663154e-05,0.5285112897053196,1.3004719435733434,0.14879150737250987
sensor_ettm1,HUFL,F1,adam,classification,1,321,1,-0.15501807986788999,4.8774271082478484e-05,4.212162874203364e-05,6.416713400670796e-05,-3.6942927419831437,4.400023443876018e-05,0.5204745503252965,1.3004719435733434,0.14879150737250987
sensor_ettm1,HUFL,F1,adam,classification,2,317,1,-2.225032917117384,5.4429111575960924e-05,4.422900023702375e-05,7.715007757271972e-05,-3.6476648823762776,3.7955089475592264e-05,0.5277458859548412,1.3004719435733434,0.14879150737250987
sensor_ettm1,HUFL,F1,adam,classification,3,322,1,-1.9728736154815267,5.8254849013509577e-05,4.3859340741266936e-05,7.018195723025988e-05,-3.6640382699363108,4.497912873739463e-05,0.5250669728281668,1.3004719435733434,0.14879150737250987
sensor_ettm1,HUFL,F2,sgd,regression,0,121,1,-1.8094026024569692,5.0638794612990335e-05,4.178042405565133e-05,0.00010267444014046323,-4.00425985976078,3.919024871201493e-05,1.415429970354041,1.3004719435733434,0.14879150737250987
sensor_ettm1,HUFL,F2,sgd,regression,1,119,1,0.5257837013545513,5.456484891402343e-05,3.699737940066903e-05,0.0001385133612103143,-3.994327465052414,7.954312371383808e-05,1.4140618067731463,1.3004719435733434,0.14879150737250987
sensor_ettm1,HUFL,F2,sgd,regression,2,119,1,-0.5621607808722445,4.930360403555584e-05,3.615871458364327e-05,9.165588160550117e-05,-4.016283641377009,3.646134671783661e-05,1.4088985069518958,1.3004719435733434,0.14879150737250987
sensor_ettm1,HUFL,F2,sgd,regression,3,113,1,0.5447286201751417,5.289209368176428e-05,4.00789082395812e-05,0.00010490293881106076,-4.018039221539589,6.698889759101741e-05,1.4137627805137587,1.3004719435733434,0.14879150737250987
sensor_ettm1,HUFL,F2,sgd,classification,0,3938,1,-1.5493397731836684,0.001720830821796827,0.0015119438823683938,0.002005823169193003,-2.2488271174549257,0.0014679858824930923,0.5445847684653655,1.3004719435733434,0.14879150737250987
sensor_ettm1,HUFL,F2,sgd,classification,1,3814,1,-1.5640519101703767,0.0016536522280930846,0.0014421898586314554,0.0019284071301528738,-2.2600084830210703,0.0014053393346929142,0.5445847684653655,1.3004719435733434,0.14879150737250987
sensor_ettm1,HUFL,F2,sgd,classification,2,3961,1,-1.440202491287328,0.0017500132385181548,0.00155068653799187,0.0020084285879170788,-2.2488826362990495,0.0014970464572702004,0.5445847684653655,1.3004719435733434,0.14879150737250987
sensor_ettm1,HUFL,F2,sgd,classification,3,3905,1,-1.5111722030322638,0.001739619354089693,0.0015096951195850052,0.002006210300369312,-2.24862793967871,0.0014759653523765146,0.5445847684653655,1.3004719435733434,0.14879150737250987
sensor_ettm1,HUFL,F2,adam,regression,0,20,1,-1.548471643602443,0.0002518040607065126,1.5379671881172724e-05,0.0012983886242503362,-3.680032195211148,0.0003168059857400388,1.2338466142111764,1.3004719435733434,0.14879150737250987
sensor_ettm1,HUFL,F2,adam,regression,1,20,1,-2.2951265733364163,0.0001795996417718116,1.1399193150953579e-05,0.001262102288004348,-3.7080088601572707,0.0010949508384120747,1.3389107112907772,1.3004719435733434,0.14879150737250987
sensor_ettm1,HUFL,F2,adam,regression,2,21,1,0.15513955285485956,0.0002647757282053102,1.3539681066108761e-05,0.0013319268856985748,-3.7042778347859913,0.00048146275105958545,1.2553307372170075,1.3004719435733434,0.14879150737250987
sensor_ettm1,HUFL,F2,adam,regression,3,20,1,0.8334222171232593,0.00018946458842989658,8.498265187647433e-06,0.0010601950394275928,-3.766480226762189,4.210015683819782e-06,1.2920510782035002,1.3004719435733434,0.14879150737250987
sensor_ettm1,HUFL,F2,adam,classification,0,371,1,-2.108426009174146,2.4223427275894328e-05,2.0584748448495398e-05,3.0453107243958896e-05,-3.9524915184287637,2.016527011316213e-05,0.5487944890929966,1.3004719435733434,0.14879150737250987
sensor_ettm1,HUFL,F2,adam,classification,1,367,1,-1.9235535080722554,1.721312775947581e-05,1.4366889890321956e-05,2.1355590882587405e-05,-4.055016413422173,1.4477559431709803e-05,0.5480290853425182,1.3004719435733434,0.14879150737250987
sensor_ettm1,HUFL,F2,adam,classification,2,378,1,-1.0573680940049273,2.85965057879566e-05,2.651023093169657e-05,3.2641502234486165e-05,-3.948134107817797,2.433738964361618e-05,0.5497512437810945,1.3004719435733434,0.14879150737250987
sensor_ettm1,HUFL,F2,adam,classification,3,368,1,-1.6922962258229564,2.6087231854279614e-05,2.0931598015072808e-05,3.140718128012593e-05,-3.9393053980710375,2.133211874967157e-05,0.548603138155377,1.3004719435733434,0.14879150737250987
sensor_ettm1,HUFL,F4,sgd,regression,0,170,1,-1.9720412286102762,0.00016215530648851809,0.00011855034877542951,0.0002917291738808996,-3.1744602912387334,0.0001439502758385205,1.6834279604494422,1.3004719435733434,0.14879150737250987
sensor_ettm1,HUFL,F4,sgd,regression,1,176,1,-1.4590477685873928,0.00015969889172105263,0.00011130736375334567,0.00032599968107112516,-3.176864090179416,0.00029512055087990865,1.676350795866773,1.3004719435733434,0.14879150737250987
sensor_ettm1,HUFL,F4,sgd,regression,2,163,1,-0.968148247117655,0.00014247726097067545,0.00010143971902489155,0.00026774886775089983,-3.22757484688752,8.628094901812771e-05,1.6829063462152805,1.3004719435733434,0.14879150737250987
sensor_ettm1,HUFL,F4,sgd,regression,3,166,1,-1.0315743886544055,0.00015387616626371677,0.0001139808031467739,0.00030511396214032073,-3.1852738161022343,9.329821481999673e-05,1.6828515625455147,1.3004719435733434,0.14879150737250987
sensor_ettm1,HUFL,F4,sgd,classification,0,2687,1,-1.29723169889552,0.0016542405855728085,0.0014566844066107043,0.0018574052137310853,-2.374388632939516,0.001417860087757862,0.6283964791427478,1.3004719435733434,0.14879150737250987
sensor_ettm1,HUFL,F4,sgd,classification,1,2592,1,-1.1857046656944275,0.0015796677293565757,0.0014260642709003188,0.0017605247812273784,-2.385071720509257,0.001398560473979922,0.6259089169536931,1.3004719435733434,0.14879150737250987
sensor_ettm1,HUFL,F4,sgd,classification,2,2570,1,-1.2316176876133953,0.0016034890477170218,0.0014396495053015438,0.0017988178833172703,-2.381335193606541,0.0013999947397460885,0.6293532338308457,1.3004719435733434,0.14879150737250987
sensor_ettm1,HUFL,F4,sgd,classification,3,2598,1,-1.2098292912386321,0.0016375655716961658,0.0014500438941588984,0.0018285543426110702,-2.3805661259378983,0.0014190043871124033,0.627822426329889,1.3004719435733434,0.14879150737250987
sensor_ettm1,HUFL,F4,adam,regression,0,75,1,-0.5540651147092805,0.0007577463971944797,9.32361377336087e-05,0.0031013180920608043,-3.1168722935411908,0.0009549981234900991,1.6495442480589637,1.3004719435733434,0.14879150737250987
sensor_ettm1,HUFL,F4,adam,regression,1,75,1,-0.41380569579990784,0.0006052420042400658,9.311905726001571e-05,0.0030645459605872297,-3.1092230941747623,0.0015417918062764827,1.6470050777040564,1.3004719435733434,0.14879150737250987
sensor_ettm1,HUFL,F4,adam,regression,2,73,1,-0.11998564908150293,0.0007002781753011984,9.713067189774031e-05,0.0034664660715450725,-3.1070272493354816,0.00024267432020017504,1.6670988375360893,1.3004719435733434,0.14879150737250987
sensor_ettm1,HUFL,F4,adam,regression,3,76,1,0.8064197533571138,0.0006050416093373171,9.795471112387655e-05,0.0030387241352190855,-3.1149137501860507,0.0005809370356012919,1.6935482754845423,1.3004719435733434,0.14879150737250987
sensor_ettm1,HUFL,F4,adam,classification,0,343,1,-2.142060170022484,3.991204938377776e-05,3.0064772669404982e-05,9.085418450342702e-05,-3.7751104906106883,3.78930579542627e-05,0.6695369307309605,1.3004719435733434,0.14879150737250987
sensor_ettm1,HUFL,F4,adam,classification,1,344,1,0.40755056578576687,4.664926871751644e-05,3.1546740453367104e-05,0.00012111336056752265,-3.79385911934304,2.672011696979936e-05,0.6680061232300039,1.3004719435733434,0.14879150737250987
sensor_ettm1,HUFL,F4,adam,classification,2,331,1,-1.8509039557019087,3.4883976109516476e-05,2.633658781773581e-05,7.797804947084e-05,-3.804289852859646,2.537546577231362e-05,0.667432070417145,1.3004719435733434,0.14879150737250987
sensor_ettm1,HUFL,F4,adam,classification,3,333,1,-2.1418546800380582,4.6447891838413325e-05,2.6906433087429407e-05,6.690072990915567e-05,-3.7779912618564166,4.2553455486404945e-05,0.6695369307309605,1.3004719435733434,0.14879150737250987
sensor_ettm1,HUFL,F7,sgd,regression,0,215,1,-1.5161541935917786,0.00019630668247900402,0.00016299398206593332,0.0003020348136821903,-3.2340957546606823,0.00017883309063426993,0.7751917792832933,1.3004719435733434,0.14879150737250987
sensor_ettm1,HUFL,F7,sgd,regression,1,217,1,-0.7259144426136627,0.00021262946795987575,0.00016744971875433262,0.00035018054223514883,-3.2228472393400445,0.00030190645135189277,0.7816916884632923,1.3004719435733434,0.14879150737250987
sensor_ettm1,HUFL,F7,sgd,regression,2,201,1,-0.7260411291503349,0.0001800001609858672,0.000146638817362158,0.00027955421128713406,-3.2710184233941937,0.0001296979511375371,0.7753658891569144,1.3004719435733434,0.14879150737250987
sensor_ettm1,HUFL,F7,sgd,regression,3,208,1,-0.5854324766892262,0.000202882824788928,0.00016714643606202434,0.000320242474079788,-3.2410307171326083,0.00016180778552416964,0.7786930176122222,1.3004719435733434,0.14879150737250987
sensor_ettm1,HUFL,F7,sgd,classification,0,3364,1,-0.9739134868590252,0.0019328736266895222,0.0017662261842290993,0.0021150405031940774,-2.3341634787214662,0.001732328805497765,0.709911978568695,1.3004719435733434,0.14879150737250987
sensor_ettm1,HUFL,F7,sgd,classification,1,3270,1,-0.9065983685771652,0.001864878770655153,0.0017266945450775467,0.002031903718947197,-2.3441604884171268,0.001703359312402101,0.7091465748182166,1.3004719435733434,0.14879150737250987
sensor_ettm1,HUFL,F7,sgd,classification,2,3248,1,-0.9206664654886455,0.001902172413621765,0.0017569055820129914,0.0020736883071704876,-2.3388837336901416,0.0017195722954690626,0.7120168388825105,1.3004719435733434,0.14879150737250987
sensor_ettm1,HUFL,F7,sgd,classification,3,3279,1,-0.9168378903699935,0.0019215407702036697,0.0017545878614157286,0.002090620861717121,-2.3382002413999596,0.0017290855103819335,0.7104860313815538,1.3004719435733434,0.14879150737250987
sensor_ettm1,HUFL,F7,adam,regression,0,78,1,-0.24534537486945773,0.0006639516069657267,8.265270179522833e-05,0.002386441742239688,-3.2319621080724663,0.000395236658183289,0.668123559201919,1.3004719435733434,0.14879150737250987
sensor_ettm1,HUFL,F7,adam,regression,1,78,1,-0.3882938833498671,0.0004774678124104129,7.085988794174278e-05,0.002335162132197911,-3.2293062667619505,0.0018599249397870247,0.6736099950736272,1.3004719435733434,0.14879150737250987
sensor_ettm1,HUFL,F7,adam,regression,2,75,1,0.3435966182931974,0.0005477547056045904,6.529262980537908e-05,0.0027179574836146614,-3.2347792659745873,0.000128433875586055,0.662784311881473,1.3004719435733434,0.14879150737250987
sensor_ettm1,HUFL,F7,adam,regression,3,80,1,1.354066697487338,0.0004734189681604772,7.258852104107734e-05,0.002469360644907044,-3.2211394949632077,4.5479303978061306e-05,0.6941265585548373,1.3004719435733434,0.14879150737250987
sensor_ettm1,HUFL,F7,adam,classification,0,398,1,-2.3572380652154967,5.653057071664039e-05,4.279783227169187e-05,7.588139782149981e-05,-3.63435745127056,4.629814853280623e-05,0.7824339839265212,1.3004719435733434,0.14879150737250987
sensor_ettm1,HUFL,F7,adam,classification,1,430,1,0.38454472422126723,4.5872213265215394e-05,3.763421636047362e-05,8.861341168461793e-05,-3.694874713085128,3.6070704003209195e-05,0.7780329123612706,1.3004719435733434,0.14879150737250987
sensor_ettm1,HUFL,F7,adam,classification,2,406,1,-2.3600093998341,4.87582876985003e-05,3.726894703591316e-05,8.377767320659614e-05,-3.64707176294414,3.469195093386539e-05,0.7801377726750861,1.3004719435733434,0.14879150737250987
sensor_ettm1,HUFL,F7,adam,classification,3,387,1,-1.9492083312407535,5.646421718358853e-05,3.978057451913216e-05,7.001118669026583e-05,-3.6602686404643348,4.690630911432921e-05,0.7816685801760429,1.3004719435733434,0.14879150737250987
sensor_ettm1,HUFL,F10,sgd,regression,0,122,1,-1.8019573064039494,4.8796550885180394e-05,4.01235801807295e-05,0.00010027429852745351,-4.022757998150048,3.777608110601094e-05,1.4740344726978882,1.3004719435733434,0.14879150737250987
sensor_ettm1,HUFL,F10,sgd,regression,1,120,1,0.5737713380389059,5.274502159693223e-05,3.544979289807387e-05,0.00013629823889173642,-4.011106429816675,7.736185684704707e-05,1.4729033151497173,1.3004719435733434,0.14879150737250987
sensor_ettm1,HUFL,F10,sgd,regression,2,121,1,-0.5357725831229416,4.783101192279763e-05,3.469779917208671e-05,8.955918386128884e-05,-4.033169498594185,3.529289951148914e-05,1.4691226619283926,1.3004719435733434,0.14879150737250987
sensor_ettm1,HUFL,F10,sgd,regression,3,114,1,0.5937043741763418,5.09937152608559e-05,3.848338782938971e-05,0.00010272416922682586,-4.03539395033636,6.544719324763016e-05,1.4726142260456307,1.3004719435733434,0.14879150737250987
sensor_ettm1,HUFL,F10,sgd,classification,0,4000,0,-1.541837792213481,0.0017435191123158543,0.001532800333420276,0.002030704347923068,-2.2459558909865582,0.0014884200197229033,0.5296593953310371,1.3004719435733434,0.14879150737250987
sensor_ettm1,HUFL,F10,sgd,classification,1,3910,1,-1.5563106328189067,0.0016760609869080874,0.0014627343778532852,0.0019529597631378515,-2.257049340818871,0.001425479477992772,0.5296593953310371,1.3004719435733434,0.14879150737250987
sensor_ettm1,HUFL,F10,sgd,classification,2,4000,0,-1.4338813144079496,0.0017727486240189311,0.0015716052014376986,0.0020332449688149675,-2.2460171919998264,0.0015175474399299193,0.5304247990815155,1.3004719435733434,0.14879150737250987
sensor_ettm1,HUFL,F10,sgd,classification,3,4000,0,-1.5040700927137973,0.0017623437490601659,0.0015305583878652152,0.002031041800810141,-2.245766001261494,0.0014964185629727591,0.5296593953310371,1.3004719435733434,0.14879150737250987
sensor_ettm1,HUFL,F10,adam,regression,0,20,1,-1.5800082928071073,0.00025283636606600877,1.3998595367052136e-05,0.0012605044223432187,-3.686359439130901,0.0003237646243805024,1.3346111147318434,1.3004719435733434,0.14879150737250987
sensor_ettm1,HUFL,F10,adam,regression,1,20,1,-2.3380422608287628,0.0001775885289255076,1.1246934546171937e-05,0.0012243235417215652,-3.7139845879420754,0.0010877114682308982,1.414370138996849,1.3004719435733434,0.14879150737250987
sensor_ettm1,HUFL,F10,adam,regression,2,21,1,0.199234034931499,0.00026527949273856186,1.4161819446093548e-05,0.001335583203735014,-3.708958073931669,0.00048277099936906985,1.3433553268019265,1.3004719435733434,0.14879150737250987
sensor_ettm1,HUFL,F10,adam,regression,3,20,1,0.8116306268139278,0.00018826278811066307,8.4695385351981e-06,0.0010494988625788103,-3.7733110025861847,3.1917076564594083e-06,1.3826937170348854,1.3004719435733434,0.14879150737250987
sensor_ettm1,HUFL,F10,adam,classification,0,376,1,-2.118287868048731,2.4528779265095648e-05,2.083009805580915e-05,3.088521922725736e-05,-3.946193593494216,2.0401349407425756e-05,0.5321469575200919,1.3004719435733434,0.14879150737250987
sensor_ettm1,HUFL,F10,adam,classification,1,373,1,-1.9588297766169214,1.7447229901223063e-05,1.4483187018831402e-05,2.1710746639700652e-05,-4.047853197073213,1.4586817505866708e-05,0.5321469575200919,1.3004719435733434,0.14879150737250987
sensor_ettm1,HUFL,F10,adam,classification,2,383,1,-1.0706530294651064,2.8986665198543577e-05,2.6848705183477358e-05,3.3120949717958174e-05,-3.9415410957149817,2.4652196959426938e-05,0.5336777650210486,1.3004719435733434,0.14879150737250987
sensor_ettm1,HUFL,F10,adam,classification,3,372,1,-1.7069150103207555,2.646875965304429e-05,2.1220748482671577e-05,3.1893345383697446e-05,-3.9326690031151488,2.1605766202419346e-05,0.5323383084577115,1.3004719435733434,0.14879150737250987
sensor_ettm1,HUFL,F11,sgd,regression,0,142,1,-1.8916701949885633,0.00014059412118064708,8.802982835111152e-05,0.000306959657745002,-3.1687556516776154,0.0001229895185955536,0.4610566191299151,1.3004719435733434,0.14879150737250987
sensor_ettm1,HUFL,F11,sgd,regression,1,145,1,-1.5396046813091238,0.0001261962206684121,8.005974081526134e-05,0.00031822955481679614,-3.1825339097537717,0.00031896854938546414,0.45989708034803606,1.3004719435733434,0.14879150737250987
sensor_ettm1,HUFL,F11,sgd,regression,2,135,1,-0.9891346696715969,0.00011322918233654016,7.180801564658078e-05,0.0002707902445917238,-3.2361791310536367,5.8570120233953066e-05,0.4612213275040521,1.3004719435733434,0.14879150737250987
sensor_ettm1,HUFL,F11,sgd,regression,3,137,1,-0.6379412938301144,0.00012733829013243585,8.42831987695497e-05,0.00031387848510656795,-3.18637053414314,5.728772401365211e-05,0.46161771855951317,1.3004719435733434,0.14879150737250987
sensor_ettm1,HUFL,F11,sgd,classification,0,2253,1,-1.5307307563520713,0.0013883880529637596,0.0011952384665285568,0.0015886886936561295,-2.4120945700266185,0.0011592301573117964,0.8260619977037887,1.3004719435733434,0.14879150737250987
sensor_ettm1,HUFL,F11,sgd,classification,1,2233,1,-1.3688010710734126,0.0013135960678740417,0.0011700139764889176,0.0014855944724481128,-2.423895541797062,0.001144297821679393,0.8249138920780712,1.3004719435733434,0.14879150737250987
sensor_ettm1,HUFL,F11,sgd,classification,2,2194,1,-1.4282527615400986,0.0013365680012854294,0.001182032174861317,0.0015261519063111747,-2.420517018838782,0.0011436405542097567,0.8275928052047455,1.3004719435733434,0.14879150737250987
sensor_ettm1,HUFL,F11,sgd,classification,3,2181,1,-1.4161483148524254,0.0013758623379451541,0.0011930924524979,0.0015635828990247596,-2.4193886721549145,0.0011654544301011474,0.8256792958285496,1.3004719435733434,0.14879150737250987
sensor_ettm1,HUFL,F11,adam,regression,0,72,1,-0.7947672880928459,0.0008615151322133701,0.00013311185470797797,0.0036756467169087384,-3.0084305046126167,0.0008915055562579092,0.4478788622972349,1.3004719435733434,0.14879150737250987
sensor_ettm1,HUFL,F11,adam,regression,1,72,1,-0.8079151124440797,0.0008439432456854342,0.0001075513703033496,0.0036288326457139743,-3.0070594522740177,0.002316297245220809,0.4463164201228058,1.3004719435733434,0.14879150737250987
sensor_ettm1,HUFL,F11,adam,regression,2,70,1,-0.1635706310431066,0.000923833688478439,0.00014305897258549,0.003951738802638846,-3.006932517047655,0.00036354192907145616,0.4508994508458661,1.3004719435733434,0.14879150737250987
sensor_ettm1,HUFL,F11,adam,regression,3,74,1,0.28943022344229674,0.0007468621814720181,0.00013577126901973482,0.003547568933424883,-3.0042961726102924,0.002674046538523169,0.47383211586282775,1.3004719435733434,0.14879150737250987
sensor_ettm1,HUFL,F11,adam,classification,0,317,1,-2.5234555370133522,4.1980690337605996e-05,2.8758663130241228e-05,0.0001272517173418656,-3.7451069134383377,2.8792289768940747e-05,0.8522770761576731,1.3004719435733434,0.14879150737250987
sensor_ettm1,HUFL,F11,adam,classification,1,312,1,-0.7292938800884317,5.5291896621338546e-05,2.7198730502028818e-05,0.0001523582705621841,-3.7434111505275767,2.1379520532651863e-05,0.851894374282434,1.3004719435733434,0.14879150737250987
sensor_ettm1,HUFL,F11,adam,classification,2,304,1,-1.3215418021721934,3.8243127430148844e-05,2.4499298370301187e-05,9.319707645396077e-05,-3.797699972312855,2.366951859713531e-05,0.8517030233448144,1.3004719435733434,0.14879150737250987
sensor_ettm1,HUFL,F11,adam,classification,3,302,1,-2.2276833326199035,4.6963291366770166e-05,2.53125477438353e-05,9.185095888903956e-05,-3.7500546511347044,5.205015588525929e-05,0.8543819364714887,1.3004719435733434,0.14879150737250987
sensor_ettm1,HUFL,FA,sgd,regression,0,212,1,-2.428144281238176,0.00010650489646314837,7.247057248101675e-05,0.0002115625058474668,-3.2977984489380523,9.231451202848653e-05,1.3220068791364004,1.3004719435733434,0.14879150737250987
sensor_ettm1,HUFL,FA,sgd,regression,1,215,1,-1.610725669585631,0.00011761345273601654,7.330559453216778e-05,0.00024669094168066464,-3.2861120935026364,0.00020073529267514704,1.3217558408449808,1.3004719435733434,0.14879150737250987
sensor_ettm1,HUFL,FA,sgd,regression,2,200,1,-1.1786951355308752,9.007599028944437e-05,5.947902928215279e-05,0.00018435117877130608,-3.3640902218156845,4.352567802915825e-05,1.3234136034664326,1.3004719435733434,0.14879150737250987
sensor_ettm1,HUFL,FA,sgd,regression,3,207,1,-1.4259794905101066,0.00010542384786091556,7.20171102531486e-05,0.00021737755350600578,-3.3019556565163533,6.882382169412735e-05,1.3222344722727468,1.3004719435733434,0.14879150737250987
sensor_ettm1,HUFL,FA,sgd,classification,0,2904,1,-1.1017822258524,0.001547579108074537,0.0013945619239887255,0.0017115894484662027,-2.401703842359341,0.0013641598029197589,0.6417910447761194,1.3004719435733434,0.14879150737250987
sensor_ettm1,HUFL,FA,sgd,classification,1,2765,1,-1.0126422845309682,0.0014830207296788805,0.0013613579199876127,0.0016309601224652542,-2.413082290512616,0.001341032759915257,0.6410256410256411,1.3004719435733434,0.14879150737250987
sensor_ettm1,HUFL,FA,sgd,classification,2,2755,1,-1.035660670586921,0.0015130264338715593,0.0013827639469323786,0.0016662035073557208,-2.4078385608201014,0.0013493874267935249,0.6431305013394566,1.3004719435733434,0.14879150737250987
sensor_ettm1,HUFL,FA,sgd,classification,3,2775,1,-1.0318711488649581,0.001537087374159332,0.0013849262713536963,0.0016892497320054206,-2.406445336749438,0.001362993261686729,0.6414083429008802,1.3004719435733434,0.14879150737250987
sensor_ettm1,HUFL,FA,adam,regression,0,75,1,-0.028604595390563516,0.0007032092078153609,8.951052156721336e-05,0.0022589122240383847,-3.2166426109016717,0.0003268947767291984,1.29232120477745,1.3004719435733434,0.14879150737250987
sensor_ettm1,HUFL,FA,adam,regression,1,75,1,-0.24982006208386198,0.0004929337115649738,8.121579638920678e-05,0.002299054923333121,-3.2259111139700902,0.00196025939749824,1.285376818810289,1.3004719435733434,0.14879150737250987
sensor_ettm1,HUFL,FA,adam,regression,2,72,1,-0.35131796693488565,0.0005517306585784692,8.481763475669149e-05,0.0027142076908317652,-3.2167416501465813,0.0002141409735988497,1.2934345891602301,1.3004719435733434,0.14879150737250987
sensor_ettm1,HUFL,FA,adam,regression,3,77,1,1.4427749534571734,0.0004941056088343036,8.561477010371386e-05,0.0023731539829136366,-3.2247278366847993,9.069723445747355e-05,1.3183683846380703,1.3004719435733434,0.14879150737250987
sensor_ettm1,HUFL,FA,adam,classification,0,355,1,-2.481288447755656,4.023417800892537e-05,2.7742921652347827e-05,6.612975652098356e-05,-3.7710180259620523,3.374512634935097e-05,0.7141216991963261,1.3004719435733434,0.14879150737250987
sensor_ettm1,HUFL,FA,adam,classification,1,370,1,0.8578415939675984,3.676350883016206e-05,2.8073779355853694e-05,9.141037541414477e-05,-3.814916330698118,2.5797140460477105e-05,0.7093379257558362,1.3004719435733434,0.14879150737250987
sensor_ettm1,HUFL,FA,adam,classification,2,346,1,-2.3042161820899807,3.355767939182565e-05,2.4775393236661237e-05,6.750825890295885e-05,-3.794966563232593,2.2690276375440625e-05,0.7110600841944126,1.3004719435733434,0.14879150737250987
sensor_ettm1,HUFL,FA,adam,classification,3,347,1,-2.198085811137326,4.258945714487272e-05,2.631671587112025e-05,5.776718042780644e-05,-3.7850553755073726,3.7526910161868825e-05,0.7122081898201301,1.3004719435733434,0.14879150737250987
scientific_sunspots,sn,F0,sgd,regression,0,35,1,-1.394158286773647,7.084009007411386e-05,1.7056925113713466e-05,0.00027624446885512235,-3.7787777377235616,8.728402841915435e-05,0.22425690071166765,1.4468,0.15735290729043636
scientific_sunspots,sn,F0,sgd,regression,1,35,1,0.13665519024621814,6.619371504541778e-05,1.406702461751237e-05,0.00030019129812085455,-3.854785223770582,0.00035054435070783874,0.2244366885414462,1.4468,0.15735290729043636
scientific_sunspots,sn,F0,sgd,regression,2,35,1,-1.4980802326155729,6.248834306635159e-05,1.9228198486935065e-05,0.0002570601281580149,-3.8314262609620964,2.998276879177672e-05,0.2240423532973219,1.4468,0.15735290729043636
scientific_sunspots,sn,F0,sgd,regression,3,34,1,3.619048765421025,9.141362564428384e-05,2.5409747923825154e-05,0.00032775785417731886,-3.8655205112344655,1.0080108986981939e-05,0.22427185565585356,1.4468,0.15735290729043636
scientific_sunspots,sn,F0,sgd,classification,0,583,1,-2.092392118382973,0.00020773497891808684,0.00016337830143898428,0.00025002371429025844,-3.051750623242058,0.00015667199655127847,0.8830931137039579,1.4468,0.15735290729043636
scientific_sunspots,sn,F0,sgd,classification,1,603,1,-1.861874103959847,0.00020761496769938033,0.00017816252173615782,0.00023963196999330418,-3.0561205243537217,0.00016661855163510142,0.8826355525051476,1.4468,0.15735290729043636
scientific_sunspots,sn,F0,sgd,classification,2,553,1,-1.631625232864835,0.0001905630469534872,0.0001573066299452853,0.000215529043478893,-3.086170147929619,0.00014489951153866633,0.8837794555021734,1.4468,0.15735290729043636
scientific_sunspots,sn,F0,sgd,classification,3,576,1,-2.3074897959273137,0.00020896966010663622,0.0001575837158347626,0.00025587465169583544,-3.0472097078901177,0.00015695407331038497,0.8837794555021734,1.4468,0.15735290729043636
scientific_sunspots,sn,F0,adam,regression,0,20,1,-1.027444743823998,0.001237262111071434,0.0002945769252335399,0.004479167640690375,-2.9705722238449286,0.00043556416910151365,0.22429719532046968,1.4468,0.15735290729043636
scientific_sunspots,sn,F0,adam,regression,1,20,1,-0.5587840904428302,0.0010984622331241829,0.00023730065591295966,0.004533097244525941,-2.969526717235517,0.0036699726804191894,0.22529334901290998,1.4468,0.15735290729043636
scientific_sunspots,sn,F0,adam,regression,2,20,1,0.6459488108002223,0.001301064267879406,0.00037904312612286787,0.004747300531699718,-2.967318651900196,0.0008306269842674458,0.22439929609318546,1.4468,0.15735290729043636
scientific_sunspots,sn,F0,adam,regression,3,20,1,0.6312825829615373,0.0011547104831785592,0.00032153472991582017,0.004605145934091866,-2.950861585655045,0.004523557271787029,0.22441230033041712,1.4468,0.15735290729043636
scientific_sunspots,sn,F0,adam,classification,0,91,1,-1.9109129215740714,3.929091383504476e-05,1.233462738345056e-05,0.00014516640367950553,-4.097094998224357,5.7737389474791935e-05,0.8842370167009838,1.4468,0.15735290729043636
scientific_sunspots,sn,F0,adam,classification,1,90,1,1.0663923353847145,4.845207378864523e-05,1.1587688116683648e-05,0.00013885273991648053,-4.151482925664204,6.64875088645662e-05,0.8865248226950354,1.4468,0.15735290729043636
scientific_sunspots,sn,F0,adam,classification,2,87,1,-2.026370252296644,4.3087367601431245e-05,1.4012777329417196e-05,0.00011287960793134346,-4.140309391097392,2.1151669845487147e-05,0.8862960420956303,1.4468,0.15735290729043636
scientific_sunspots,sn,F0,adam,classification,3,89,1,3.1694478843097746,5.569813546463729e-05,2.1778385039520057e-05,0.00012775117124508092,-4.171692119798485,5.309420122017297e-05,0.8865248226950354,1.4468,0.15735290729043636
scientific_sunspots,sn,F1,sgd,regression,0,32,1,-2.4777104318872083,0.00010340913113416798,6.675882580187023e-05,0.00026536542523130947,-3.6273723375087075,8.647741125906339e-05,0.2857703957887658,1.4468,0.15735290729043636
scientific_sunspots,sn,F1,sgd,regression,1,32,1,-0.5961914681160213,9.889168751938806e-05,5.7816381807281195e-05,0.00032474094833265856,-3.648694233025533,0.00034289181641561855,0.28547850794145374,1.4468,0.15735290729043636
scientific_sunspots,sn,F1,sgd,regression,2,33,1,-0.9488815079667354,8.575718301311475e-05,5.2691153235849845e-05,0.0002619173950265482,-3.6652318948858,4.6252200726144294e-05,0.2852415484928342,1.4468,0.15735290729043636
scientific_sunspots,sn,F1,sgd,regression,3,33,1,0.1101139167755033,0.00010660496644452418,6.392696869117056e-05,0.0003289660958879896,-3.659984549824652,5.1926749129763895e-05,0.28571346675062587,1.4468,0.15735290729043636
scientific_sunspots,sn,F1,sgd,classification,0,980,1,-1.5993738073702555,0.0007760536530746793,0.0006805094679348875,0.0009114063735544947,-2.528673894923554,0.0006609481018460612,0.8615877373598719,1.4468,0.15735290729043636
scientific_sunspots,sn,F1,sgd,classification,1,968,1,-1.6184530148250995,0.0007317984859245038,0.0006349686985663662,0.0008609305870554482,-2.545039790602245,0.0006202145977668669,0.8615877373598719,1.4468,0.15735290729043636
scientific_sunspots,sn,F1,sgd,classification,2,981,1,-1.4351914052767394,0.0007958425367363605,0.0007068724947170681,0.0009143276337973189,-2.5289738827227746,0.0006807320134019833,0.861816517959277,1.4468,0.15735290729043636
scientific_sunspots,sn,F1,sgd,classification,3,956,1,-1.541895212744754,0.0007886991709099103,0.0006787564102232423,0.0009130315817728086,-2.5280726293728883,0.0006665542805760396,0.8615877373598719,1.4468,0.15735290729043636
scientific_sunspots,sn,F1,adam,regression,0,20,1,-1.0734211854573539,0.0006307103319052446,3.5798837765164355e-05,0.0035096743306863762,-3.3231792513386615,0.0006865958097596734,0.28026547996311246,1.4468,0.15735290729043636
scientific_sunspots,sn,F1,adam,regression,1,20,1,-1.7028682063862073,0.0005607119051793425,2.0925527470279745e-05,0.003914060215133426,-3.2649800792660164,0.003589594419043335,0.27860219384863033,1.4468,0.15735290729043636
scientific_sunspots,sn,F1,adam,regression,2,21,1,1.6099080243790926,0.0007156357922394218,3.0040863317648727e-05,0.003893816761864362,-3.316492994823604,4.94401302072254e-06,0.27843358156628606,1.4468,0.15735290729043636
scientific_sunspots,sn,F1,adam,regression,3,20,1,0.36372154134190066,0.0005874250870195218,3.331838473995966e-05,0.003715267253503251,-3.291766719262025,0.003881313551595722,0.2806328893581738,1.4468,0.15735290729043636
scientific_sunspots,sn,F1,adam,classification,0,173,1,-2.2896324264125503,1.5535582373980603e-05,1.2920890304385904e-05,1.966386167960155e-05,-4.137239221662555,1.2537359860302048e-05,0.8634179821551132,1.4468,0.15735290729043636
scientific_sunspots,sn,F1,adam,classification,1,168,1,-1.6187204603555323,1.0130989039694591e-05,9.025683613530791e-06,1.2332200492049239e-05,-4.26836775807685,9.180268295838037e-06,0.8631892015557081,1.4468,0.15735290729043636
scientific_sunspots,sn,F1,adam,classification,2,164,1,-0.938976189298734,1.860458227729369e-05,1.7246943262813626e-05,2.1103278983061697e-05,-4.138176501690919,1.540265827534604e-05,0.8636467627545185,1.4468,0.15735290729043636
scientific_sunspots,sn,F1,adam,classification,3,162,1,-1.683971359243482,1.6535621563815896e-05,1.2764706812259378e-05,2.0068971586902215e-05,-4.130535718642201,1.3327187320283923e-05,0.8631892015557081,1.4468,0.15735290729043636
scientific_sunspots,sn,F2,sgd,regression,0,37,1,-2.7285174615859122,3.5637380435635933e-05,7.167046923592504e-06,0.00018114172006298922,-4.261430377545059,3.306190294233437e-05,0.32111769516312205,1.4468,0.15735290729043636
scientific_sunspots,sn,F2,sgd,regression,1,36,1,0.6266248128255947,4.457537519208875e-05,6.722277616953769e-06,0.00024569723414810674,-4.276647498262073,0.0002580298303517068,0.32086008122290427,1.4468,0.15735290729043636
scientific_sunspots,sn,F2,sgd,regression,2,38,1,0.29075811572742194,3.303724588722903e-05,6.449075636885528e-06,0.0001885345936084527,-4.287097232755452,7.486660942308835e-06,0.32037405033036814,1.4468,0.15735290729043636
scientific_sunspots,sn,F2,sgd,regression,3,37,1,2.5078793195113174,4.023806748231571e-05,7.120749022464444e-06,0.00025465661378571965,-4.299709841393225,9.533066987380947e-06,0.32089703892802973,1.4468,0.15735290729043636
scientific_sunspots,sn,F2,sgd,classification,0,1137,1,-1.528300345267046,0.0009249822677088219,0.0008158506737013734,0.001077833961164839,-2.471459278845096,0.0007933675294077775,0.8409974834134065,1.4468,0.15735290729043636
scientific_sunspots,sn,F2,sgd,classification,1,1105,1,-1.5427568535577227,0.0008783297323387564,0.0007677228528532425,0.0010244275115523721,-2.486192329273973,0.0007501364319601838,0.8409974834134065,1.4468,0.15735290729043636
scientific_sunspots,sn,F2,sgd,classification,2,1121,1,-1.3844196498861012,0.0009457717513666731,0.0008434370793260133,0.0010806695815603015,-2.471795637047078,0.0008141011044760152,0.8409974834134065,1.4468,0.15735290729043636
scientific_sunspots,sn,F2,sgd,classification,3,1107,1,-1.4780788069239834,0.0009384034510759369,0.0008143379036462298,0.0010794495042088718,-2.47093213281731,0.0007993369824400221,0.8409974834134065,1.4468,0.15735290729043636
scientific_sunspots,sn,F2,adam,regression,0,20,1,-1.7274620595017827,0.0005903459927293466,2.075197082344436e-05,0.003038068603455542,-3.4686093799064066,0.0010615232928244478,0.31030252562893273,1.4468,0.15735290729043636
scientific_sunspots,sn,F2,adam,regression,1,20,1,-2.1950066597292173,0.00044981330300319347,1.691836404963093e-05,0.0034130002030772115,-3.4160708733648746,0.0027843577601909526,0.3144331464542257,1.4468,0.15735290729043636
scientific_sunspots,sn,F2,adam,regression,2,21,1,1.7677624661432962,0.0006038919988975345,2.2139326663801036e-05,0.0037807554081099033,-3.445745657300823,7.706169966333006e-06,0.3088223701691348,1.4468,0.15735290729043636
scientific_sunspots,sn,F2,adam,regression,3,21,1,-0.08693607092719201,0.0004927445046391593,1.9502977506679744e-05,0.00313562489196698,-3.4329810500189644,0.002134047769811102,0.3133217300351987,1.4468,0.15735290729043636
scientific_sunspots,sn,F2,adam,classification,0,192,1,-2.4233195225275037,1.7327541467003855e-05,1.436430280571002e-05,2.2777788618391068e-05,-4.051603160226607,1.4111305833240363e-05,0.8409974834134065,1.4468,0.15735290729043636
scientific_sunspots,sn,F2,adam,classification,1,188,1,-2.550977088535208,1.1830794008884097e-05,8.952641878055043e-06,1.5704950792700987e-05,-4.159927089193363,8.9676367116218e-06,0.8407687028140014,1.4468,0.15735290729043636
scientific_sunspots,sn,F2,adam,classification,2,179,1,-1.1466726118276496,2.186710442003175e-05,2.007889033407997e-05,2.52218694395633e-05,-4.04162281262144,1.8236692858612375e-05,0.8409974834134065,1.4468,0.15735290729043636
scientific_sunspots,sn,F2,adam,classification,3,183,1,-1.9606145422296424,1.9463524350516894e-05,1.5149808529611606e-05,2.418315254831631e-05,-4.03344544250619,1.5408286856011918e-05,0.8407687028140014,1.4468,0.15735290729043636
scientific_sunspots,sn,F4,sgd,regression,0,31,1,-2.9429163612845524,9.546703146303466e-05,5.663268133808279e-05,0.0002684173154523873,-3.4250310755271576,8.427890061148232e-05,0.30481294799078923,1.4468,0.15735290729043636
scientific_sunspots,sn,F4,sgd,regression,1,31,1,-0.943809290279324,0.00010204403545412435,5.96619816908568e-05,0.0003402159070147823,-3.4344251898150118,0.00035690148410607436,0.30334120381158025,1.4468,0.15735290729043636
scientific_sunspots,sn,F4,sgd,regression,2,31,1,-0.5309708570195296,8.065697872306191e-05,4.8914171320329904e-05,0.000270585750724148,-3.481960259079238,4.230274938078069e-05,0.30437287136097874,1.4468,0.15735290729043636
scientific_sunspots,sn,F4,sgd,regression,3,31,1,-0.625024718454932,0.00010383288377354045,5.5355281090174216e-05,0.0003350821529938357,-3.4469502105431844,4.1967233731878185e-05,0.3040700438175005,1.4468,0.15735290729043636
scientific_sunspots,sn,F4,sgd,classification,0,835,1,-1.7501005105384964,0.0005128998478374262,0.00044522169920917074,0.0006127801500099487,-2.6604938613460827,0.00043172825780117845,0.8625028597574925,1.4468,0.15735290729043636
scientific_sunspots,sn,F4,sgd,classification,1,833,1,-1.7707462093355062,0.0004728799902103283,0.0004054370882535445,0.000566907033749699,-2.6820277143478783,0.00039708671475105646,0.8627316403568978,1.4468,0.15735290729043636
scientific_sunspots,sn,F4,sgd,classification,2,822,1,-1.5251805304333843,0.0005296760540069692,0.00046804881626889936,0.0006146122248415737,-2.661150199969556,0.0004481368075607779,0.8631892015557081,1.4468,0.15735290729043636
scientific_sunspots,sn,F4,sgd,classification,3,821,1,-1.6675173292058183,0.0005234383369142918,0.00044237995178038786,0.0006136557952565934,-2.6600045399404237,0.00043615158543616593,0.8627316403568978,1.4468,0.15735290729043636
scientific_sunspots,sn,F4,adam,regression,0,20,1,-0.46713187930966343,0.0007107180368820542,6.510180163813066e-05,0.0036532968630403548,-3.215797954810579,0.0004814627188884967,0.3029437813399222,1.4468,0.15735290729043636
scientific_sunspots,sn,F4,adam,regression,1,20,1,-1.2982430276019419,0.000625243678764204,3.9655772275937724e-05,0.004090283223765615,-3.1784465871133536,0.0037618046051394014,0.29780014611314204,1.4468,0.15735290729043636
scientific_sunspots,sn,F4,adam,regression,2,20,1,1.0259272842704263,0.0007765356558198039,5.8883567888734564e-05,0.004084204099076404,-3.211681165078643,5.927120149441579e-05,0.30222047416518133,1.4468,0.15735290729043636
scientific_sunspots,sn,F4,adam,regression,3,20,1,0.8269760979953724,0.0006664036081709638,6.930942692633899e-05,0.004003976048241667,-3.190327706313944,0.004411430000038511,0.3003373063244186,1.4468,0.15735290729043636
scientific_sunspots,sn,F4,adam,classification,0,153,1,-3.0221615025534123,2.5118529051545803e-05,1.614112802698872e-05,2.9711801952168498e-05,-4.059787566312492,1.4849413848451083e-05,0.8574696865705788,1.4468,0.15735290729043636
scientific_sunspots,sn,F4,adam,classification,1,144,1,0.15773150148347342,2.1476641550992543e-05,1.7192558271934375e-05,2.577962440834817e-05,-4.1296770332355575,2.2154238937456407e-05,0.8586135895676047,1.4468,0.15735290729043636
scientific_sunspots,sn,F4,adam,classification,2,145,1,-1.5069034736445743,2.287802385084932e-05,1.9517732311253853e-05,2.9261428878426608e-05,-4.092664352584638,1.4964565355465474e-05,0.8574696865705788,1.4468,0.15735290729043636
scientific_sunspots,sn,F4,adam,classification,3,144,1,-2.1366496134658335,2.5235055641722554e-05,1.6932254663968556e-05,3.047270505730954e-05,-4.083348201035533,1.7475172664221487e-05,0.8583848089681995,1.4468,0.15735290729043636
scientific_sunspots,sn,F7,sgd,regression,0,33,1,-2.6286975237434262,0.00012178080749823334,8.209297329645417e-05,0.0002795604570219074,-3.3452156522956757,0.00010251899363070632,0.25783486503256436,1.4468,0.15735290729043636
scientific_sunspots,sn,F7,sgd,regression,1,33,1,-0.5978111756479009,0.0001283727186471507,8.779661013011612e-05,0.0003523429212954564,-3.3569988792478833,0.0003649974306532348,0.2576846448984149,1.4468,0.15735290729043636
scientific_sunspots,sn,F7,sgd,regression,2,34,1,-0.6561810849387051,0.00010323404829821308,7.212474615750124e-05,0.00027845195198121877,-3.3906636358229836,6.461859874781424e-05,0.2572240699959316,1.4468,0.15735290729043636
scientific_sunspots,sn,F7,sgd,regression,3,33,1,-0.4400857674916168,0.00013327658450209195,8.539208542383723e-05,0.0003509350134417575,-3.3649045711272807,7.27617596490001e-05,0.25755247355010263,1.4468,0.15735290729043636
scientific_sunspots,sn,F7,sgd,classification,0,914,1,-1.6770278731953994,0.0005959578599567794,0.0005204554820374134,0.0007061555687338946,-2.6120607323896357,0.0005052156477951929,0.8716540837336993,1.4468,0.15735290729043636
scientific_sunspots,sn,F7,sgd,classification,1,909,1,-1.6939563357029992,0.0005540963969650413,0.00047842456349152647,0.0006583346021784142,-2.631757132193714,0.0004684278541983322,0.8716540837336993,1.4468,0.15735290729043636
scientific_sunspots,sn,F7,sgd,classification,2,914,1,-1.4760036163404877,0.0006137296866890699,0.0005444938191564732,0.0007083826900258229,-2.6125823262527184,0.0005227279825132743,0.8714253031342942,1.4468,0.15735290729043636
scientific_sunspots,sn,F7,sgd,classification,3,886,1,-1.6030574133419917,0.0006069260443690102,0.0005174416350997186,0.0007068661603542504,-2.61162967079988,0.0005098193776905025,0.8714253031342942,1.4468,0.15735290729043636
scientific_sunspots,sn,F7,adam,regression,0,20,1,-0.5133851210828126,0.0006489675212834708,5.894167424449955e-05,0.003491272167113,-3.233754643022845,0.000716966981182892,0.2508518475191225,1.4468,0.15735290729043636
scientific_sunspots,sn,F7,adam,regression,1,20,1,-1.6657104286610296,0.0005512319306673763,3.1522305486957454e-05,0.0038465568229109977,-3.188057581916557,0.0035208509115654887,0.24938633154235282,1.4468,0.15735290729043636
scientific_sunspots,sn,F7,adam,regression,2,20,1,1.1434176113218337,0.0007196338133397149,4.1214229111805925e-05,0.003905289234486204,-3.238307806164905,8.061235808617038e-06,0.24953325891969916,1.4468,0.15735290729043636
scientific_sunspots,sn,F7,adam,regression,3,20,1,0.6298979622073776,0.0005994691985180588,4.948293924498575e-05,0.0036607605994654967,-3.200976381581771,0.003767913378773964,0.2494623527957667,1.4468,0.15735290729043636
scientific_sunspots,sn,F7,adam,classification,0,161,1,-2.3509148565692204,3.5005089222579e-05,2.5056301091021847e-05,4.060688968095598e-05,-3.9613159365173134,2.3795676371438846e-05,0.87256920613132,1.4468,0.15735290729043636
scientific_sunspots,sn,F7,adam,classification,1,154,1,-0.42714869282513523,2.7764986592838374e-05,2.4559440938533712e-05,2.9474259158411185e-05,-4.036737991021504,2.7670611932750817e-05,0.8714253031342942,1.4468,0.15735290729043636
scientific_sunspots,sn,F7,adam,classification,2,154,1,-1.3691620534159328,3.140620400914041e-05,2.7663778557916724e-05,3.772211659146298e-05,-3.9888400485456605,2.3643363225580744e-05,0.8730267673301304,1.4468,0.15735290729043636
scientific_sunspots,sn,F7,adam,classification,3,151,1,-1.6063687599220988,3.3899331899102415e-05,2.5710817605690876e-05,3.894527326565561e-05,-3.9889143399098295,2.5782003148758504e-05,0.8723404255319149,1.4468,0.15735290729043636
scientific_sunspots,sn,F10,sgd,regression,0,36,1,-2.6997949256510063,3.661539538144046e-05,7.404238112082375e-06,0.00018390164167534918,-4.254654141807188,3.4271170273379914e-05,0.326596335964087,1.4468,0.15735290729043636
scientific_sunspots,sn,F10,sgd,regression,1,36,1,0.6048056516017275,4.485291069867504e-05,6.971587440068254e-06,0.0002488190690351883,-4.270123747458575,0.00026267161201240686,0.3262457875688304,1.4468,0.15735290729043636
scientific_sunspots,sn,F10,sgd,regression,2,37,1,0.2821366270037631,3.3351268796858604e-05,6.643019838883525e-06,0.00018977819602629045,-4.2799595420940735,7.879699233312837e-06,0.32609127646757974,1.4468,0.15735290729043636
scientific_sunspots,sn,F10,sgd,regression,3,36,1,2.4921398587633545,4.082146393783096e-05,7.272115035341796e-06,0.0002591769785749795,-4.292389219953364,9.321576439769428e-06,0.32636066594476404,1.4468,0.15735290729043636
scientific_sunspots,sn,F10,sgd,classification,0,1111,1,-1.5108467170745539,0.0009265140027739027,0.0008183991514381999,0.0010777213364375176,-2.4743407285513546,0.0007961061833538423,0.8407687028140014,1.4468,0.15735290729043636
scientific_sunspots,sn,F10,sgd,classification,1,1076,1,-1.5246873653431494,0.0008801709361096638,0.0007705757323331584,0.0010247127569598155,-2.4889993400931045,0.0007531247765163041,0.8407687028140014,1.4468,0.15735290729043636
scientific_sunspots,sn,F10,sgd,classification,2,1099,1,-1.3686284373782514,0.0009470614591145926,0.0008457090256293911,0.0010804908349578328,-2.474705231643468,0.0008166401214851572,0.8407687028140014,1.4468,0.15735290729043636
scientific_sunspots,sn,F10,sgd,classification,3,1084,1,-1.4611648816710543,0.0009398119737644368,0.0008169266195547279,0.0010793397936052097,-2.4738245560640038,0.0008020378328310741,0.8407687028140014,1.4468,0.15735290729043636
scientific_sunspots,sn,F10,adam,regression,0,20,1,-1.7948001404717098,0.0005925982623914995,2.037666599654949e-05,0.0030928454887014455,-3.4654654666877023,0.0010287298652742957,0.31684527478561225,1.4468,0.15735290729043636
scientific_sunspots,sn,F10,adam,regression,1,20,1,-2.189818680634114,0.0004534607777480341,1.4851286229089496e-05,0.00347025189765663,-3.4142355068604826,0.002883525222301261,0.3189307414426217,1.4468,0.15735290729043636
scientific_sunspots,sn,F10,adam,regression,2,21,1,1.6912432496827905,0.0006235623190199243,2.1766754070658672e-05,0.003769282009502586,-3.442378422955087,7.096224870486018e-06,0.316210740553522,1.4468,0.15735290729043636
scientific_sunspots,sn,F10,adam,regression,3,21,1,-0.04607297845808949,0.0004980462918415325,1.856099173903548e-05,0.0032149710823199972,-3.4271775539386944,0.0023352453069246633,0.3197123825492696,1.4468,0.15735290729043636
scientific_sunspots,sn,F10,adam,classification,0,189,1,-2.3597752310390225,1.839074658267131e-05,1.5339893682656537e-05,2.399767325104439e-05,-4.035443819823935,1.5049859026853866e-05,0.8407687028140014,1.4468,0.15735290729043636
scientific_sunspots,sn,F10,adam,classification,1,185,1,-2.469397162627129,1.2773583495808641e-05,9.771396863774465e-06,1.677164286303468e-05,-4.139728281002616,9.77550980800142e-06,0.8405399222145962,1.4468,0.15735290729043636
scientific_sunspots,sn,F10,adam,classification,2,176,1,-1.1423355206998804,2.2951824914020926e-05,2.108183741862688e-05,2.6437938250699205e-05,-4.026084742743493,1.9216485695135403e-05,0.8405399222145962,1.4468,0.15735290729043636
scientific_sunspots,sn,F10,adam,classification,3,179,1,-1.9183676117354191,2.0569039086214912e-05,1.6134564751253742e-05,2.5412459912302496e-05,-4.017832403069643,1.636811509040011e-05,0.8405399222145962,1.4468,0.15735290729043636
scientific_sunspots,sn,F11,sgd,regression,0,35,1,-2.8359912558940272,7.296875714015062e-05,2.7309029520938908e-05,0.00026168674479990585,-3.3519142016432815,8.786196837324096e-05,0.3241377361131648,1.4468,0.15735290729043636
scientific_sunspots,sn,F11,sgd,regression,1,35,1,-1.3570022364935486,6.383790001763357e-05,1.8812140296192424e-05,0.0003053972307814885,-3.4084745345511154,0.00034233504462121686,0.32064091131640293,1.4468,0.15735290729043636
scientific_sunspots,sn,F11,sgd,regression,2,35,1,-1.5352340214236606,5.81672501942582e-05,2.069114962512806e-05,0.0002550969887079993,-3.4305036637915514,1.5682135731505547e-05,0.32266577123738976,1.4468,0.15735290729043636
scientific_sunspots,sn,F11,sgd,regression,3,34,1,0.7483731430872016,8.380833025645803e-05,3.561419039649998e-05,0.00032387242505599274,-3.3962914354974094,1.0653273278618194e-05,0.32249981505743086,1.4468,0.15735290729043636
scientific_sunspots,sn,F11,sgd,classification,0,695,1,-1.0649562312043308,0.0006744444079190112,0.0006063672583364733,0.0007434135750740084,-2.7079501198010574,0.0005941230273948757,0.8611301761610616,1.4468,0.15735290729043636
scientific_sunspots,sn,F11,sgd,classification,1,703,1,-0.9175777628128202,0.0006582013924768109,0.0006111891263689268,0.0007174241478547567,-2.718623674011814,0.0006015788837919785,0.8615877373598719,1.4468,0.15735290729043636
scientific_sunspots,sn,F11,sgd,classification,2,665,1,-0.9301822994618649,0.0006537082717582994,0.0005968052654775621,0.0007063931470427542,-2.7203286662493444,0.00057947959722952,0.8611301761610616,1.4468,0.15735290729043636
scientific_sunspots,sn,F11,sgd,classification,3,692,1,-1.0357098570006489,0.0006809501203505109,0.0006052945680398229,0.0007480952741459728,-2.707783318359291,0.0006012237287731814,0.8611301761610616,1.4468,0.15735290729043636
scientific_sunspots,sn,F11,adam,regression,0,20,1,-0.0962769273039696,0.0009703137931738762,0.00015359435784031007,0.004136899578899412,-3.0272233994720357,0.0003640345398302459,0.32189819223155575,1.4468,0.15735290729043636
scientific_sunspots,sn,F11,adam,regression,1,20,1,-0.603920713292756,0.0008548826718772913,0.00011800223631301676,0.004323542147590522,-3.0306131886319903,0.00355052237603725,0.3190862736564548,1.4468,0.15735290729043636
scientific_sunspots,sn,F11,adam,regression,2,20,1,0.7456545801572709,0.0010010010304938454,0.00019484855385088287,0.004341191777582167,-3.02510276958283,0.0005544477046659273,0.3317573797099415,1.4468,0.15735290729043636
scientific_sunspots,sn,F11,adam,regression,3,20,1,0.8644607138131916,0.0008588448987146889,0.0001882529525550284,0.004429184928957576,-3.0134189156448024,0.0047134858068376435,0.3165317492441072,1.4468,0.15735290729043636
scientific_sunspots,sn,F11,adam,classification,0,119,1,-3.1134832763348386,1.6940774311705524e-05,1.120692346088981e-05,6.474590062580511e-05,-3.9995626974251843,3.3969593645290355e-05,0.8524365133836651,1.4468,0.15735290729043636
scientific_sunspots,sn,F11,adam,classification,1,120,1,-0.11958786051232435,2.3601097420876508e-05,7.133716340869807e-06,9.596735698042256e-05,-4.025615573689548,1.5001643225389948e-05,0.8570121253717685,1.4468,0.15735290729043636
scientific_sunspots,sn,F11,adam,classification,2,115,1,-1.3705895418185545,2.2704197682796752e-05,1.1146332116123248e-05,6.844098362148746e-05,-4.071020215295384,8.860653477770368e-06,0.8567833447723633,1.4468,0.15735290729043636
scientific_sunspots,sn,F11,adam,classification,3,111,1,-1.0530621691031616,2.352166140897952e-05,1.3442917158686094e-05,4.0266807418659707e-05,-4.034113889576088,1.8687339146611022e-05,0.8554106611759322,1.4468,0.15735290729043636
scientific_sunspots,sn,FA,sgd,regression,0,32,1,-2.868157423117525,9.770463197585052e-05,5.8710040956365996e-05,0.000264709067647514,-3.3978838955810313,8.699980730195528e-05,0.2759919453879804,1.4468,0.15735290729043636
scientific_sunspots,sn,FA,sgd,regression,1,32,1,-1.3417303826816886,0.00010404906240241453,5.9992294481845414e-05,0.0003329926965773339,-3.3982902477575623,0.0003430950890149318,0.2743214007924818,1.4468,0.15735290729043636
scientific_sunspots,sn,FA,sgd,regression,2,33,1,-0.48070887679391633,8.53120317510698e-05,5.338386369676737e-05,0.0002653902097940855,-3.457642903125576,4.39441052900844e-05,0.2750258029256315,1.4468,0.15735290729043636
scientific_sunspots,sn,FA,sgd,regression,3,32,1,-0.843966263554002,0.00010150821353056376,5.404857065504637e-05,0.0003280797244918286,-3.414843961406893,4.15843441564511e-05,0.274999980376354,1.4468,0.15735290729043636
scientific_sunspots,sn,FA,sgd,classification,0,839,1,-1.7836539503827726,0.0004428565221544961,0.00038410609560273677,0.0005310263298436795,-2.704318266650641,0.00037255295136423913,0.8606726149622512,1.4468,0.15735290729043636
scientific_sunspots,sn,FA,sgd,classification,1,835,1,-1.7909189907419911,0.0004049505748804425,0.0003475754666401382,0.00048727576503542624,-2.7279601320940845,0.00034137823940290585,0.8606726149622512,1.4468,0.15735290729043636
scientific_sunspots,sn,FA,sgd,classification,2,830,1,-1.536129411869779,0.0004575321638472197,0.00040475731895629736,0.0005316536134817944,-2.705525768444387,0.00038682452443440955,0.8609013955616563,1.4468,0.15735290729043636
scientific_sunspots,sn,FA,sgd,classification,3,823,1,-1.6890394853647197,0.00045261774209320665,0.0003810084880762574,0.0005321566355305885,-2.7038795209469475,0.0003767675501418195,0.8606726149622512,1.4468,0.15735290729043636
scientific_sunspots,sn,FA,adam,regression,0,20,1,-0.34010248345274247,0.0007010719811022222,7.745442188785433e-05,0.003595320856384494,-3.196419622057888,0.0005999230142945519,0.26891441520702997,1.4468,0.15735290729043636
scientific_sunspots,sn,FA,adam,regression,1,20,1,-1.45441393086429,0.0006161926616251717,4.6585434872324954e-05,0.003925176651604583,-3.1696176022582403,0.0036571457186917095,0.2660526600598613,1.4468,0.15735290729043636
scientific_sunspots,sn,FA,adam,regression,2,20,1,0.8270710812917453,0.0007243727869083608,7.52739375963951e-05,0.004005916721032311,-3.192503852410991,4.200380045159775e-05,0.2683393753182558,1.4468,0.15735290729043636
scientific_sunspots,sn,FA,adam,regression,3,20,1,0.7029129616727929,0.0006561786427844842,7.337935951454565e-05,0.003797843544358028,-3.1779983328832744,0.0041384305307169324,0.268062694314217,1.4468,0.15735290729043636
scientific_sunspots,sn,FA,adam,classification,0,150,1,-3.4011226408454998,2.124453986589091e-05,1.3761396468010629e-05,2.5138292337729025e-05,-4.099028905450952,1.2594853026166887e-05,0.8631892015557081,1.4468,0.15735290729043636
scientific_sunspots,sn,FA,adam,classification,1,141,1,0.5682687913365145,2.3353120257733803e-05,1.741583033106606e-05,3.2145873014144786e-05,-4.117546754580164,2.1888681711847587e-05,0.8631892015557081,1.4468,0.15735290729043636
scientific_sunspots,sn,FA,adam,classification,2,143,1,-1.6547989447416862,1.9593172050268028e-05,1.6334658751057182e-05,2.901275299415712e-05,-4.136201568617873,1.151385418687211e-05,0.8625028597574925,1.4468,0.15735290729043636
scientific_sunspots,sn,FA,adam,classification,3,141,1,-2.848460468566675,2.24540372650126e-05,1.3114542297795852e-05,2.9182789476319607e-05,-4.1049686659494276,1.4432834473678605e-05,0.8634179821551132,1.4468,0.15735290729043636
