domain,series,filter,optimizer,model,seed,t_conv,conv,slope,floor_p50,floor_p10,floor_p90,auc,final_grad,holdout,alpha_hat,hurst_hat
binance_crypto_1h,BTCUSDT,F0,sgd,regression,0,95,1,-0.8428890483751561,0.00012572060629678877,3.0901672177733695e-05,0.00026637746039253295,-3.909552243387546,5.7994415355285736e-05,0.8654391966283322,1.4590953378795988,0.04879200266929503
binance_crypto_1h,BTCUSDT,F0,sgd,regression,1,917,1,0.376595316829664,8.964560479706132e-05,3.3563062177175094e-05,0.00022165387491087336,-3.9593032936627877,0.0001572106520957447,0.8656596021176621,1.4590953378795988,0.04879200266929503
binance_crypto_1h,BTCUSDT,F0,sgd,regression,2,335,1,-1.004983517806352,0.00011218563877639084,5.199308559956402e-05,0.00021984512290285402,-3.9242181507425262,8.222432162703249e-05,0.8656738013473779,1.4590953378795988,0.04879200266929503
binance_crypto_1h,BTCUSDT,F0,sgd,regression,3,120,1,2.0545935271034015,0.00011543937076407137,4.3042598446088365e-05,0.0002740057249092264,-3.9205345249960937,0.00011760388992903684,0.8653701636511227,1.4590953378795988,0.04879200266929503
binance_crypto_1h,BTCUSDT,F0,sgd,classification,0,1163,1,-0.8311356679962683,7.876382510135827e-06,3.1261101291986663e-06,2.435987123154258e-05,-4.648540921766222,2.1666079470988705e-05,0.5377609108159392,1.4590953378795988,0.04879200266929503
binance_crypto_1h,BTCUSDT,F0,sgd,classification,1,1291,1,2.229753654423793,1.6571799506535074e-05,6.240978932031601e-06,2.624141930049288e-05,-4.535055896656498,1.538219879075393e-05,0.5434535104364326,1.4590953378795988,0.04879200266929503
binance_crypto_1h,BTCUSDT,F0,sgd,classification,2,1581,1,-1.962713012907468,1.714069099460862e-05,1.2653693675881446e-05,2.229031586447576e-05,-4.463339646055584,1.7007189178836765e-05,0.5347248576850094,1.4590953378795988,0.04879200266929503
binance_crypto_1h,BTCUSDT,F0,sgd,classification,3,1071,1,2.0405281742212176,1.2264832046646832e-05,5.93550797911778e-06,3.4499564646944784e-05,-4.680873747116629,3.755744865788263e-06,0.5370018975332068,1.4590953378795988,0.04879200266929503
binance_crypto_1h,BTCUSDT,F0,adam,regression,0,4000,0,0.17035129443650926,0.0022840570672076448,0.0008485395610505845,0.00458155547768913,-2.7001234949311748,0.0006908859536047582,0.8652889517153852,1.4590953378795988,0.04879200266929503
binance_crypto_1h,BTCUSDT,F0,adam,regression,1,817,1,-0.4865707051902355,0.0020932159087391324,0.0008263690165533837,0.0042807443293226095,-2.7052867116541153,0.0017735148886635968,0.8657387801250112,1.4590953378795988,0.04879200266929503
binance_crypto_1h,BTCUSDT,F0,adam,regression,2,4000,0,0.052633350661584505,0.0023230357211939975,0.000834814026729023,0.004819048331366078,-2.6955922883129997,0.0013520961527493224,0.8640885425216762,1.4590953378795988,0.04879200266929503
binance_crypto_1h,BTCUSDT,F0,adam,regression,3,334,1,0.7851057765171919,0.0020383125375052205,0.0007660114270755622,0.004553425467095405,-2.6903146794533397,0.0006797034734868724,0.8658024443464442,1.4590953378795988,0.04879200266929503
binance_crypto_1h,BTCUSDT,F0,adam,classification,0,3000,1,-1.1858762884506606,0.0002521985564433089,8.616033422262267e-05,0.0007137707805393882,-3.5520798245902476,6.736117955372422e-05,0.5316888045540797,1.4590953378795988,0.04879200266929503
binance_crypto_1h,BTCUSDT,F0,adam,classification,1,1230,1,0.6798711046257414,0.00023466640742787366,9.479736721026081e-05,0.0004956059931790982,-3.5979185571293364,0.00017189932844299672,0.5438330170777989,1.4590953378795988,0.04879200266929503
binance_crypto_1h,BTCUSDT,F0,adam,classification,2,2555,1,-0.34346494156527496,0.0002801071057202647,0.00013798475205654178,0.0005880022114565849,-3.577757088428339,0.0002999692318899972,0.538899430740038,1.4590953378795988,0.04879200266929503
binance_crypto_1h,BTCUSDT,F0,adam,classification,3,4000,0,1.2334682259035603,0.0002600000248237749,0.0001054142568680002,0.0005735141055741153,-3.5776879004265267,0.0002621854058878505,0.5426944971537002,1.4590953378795988,0.04879200266929503
binance_crypto_1h,BTCUSDT,F4,sgd,regression,0,824,1,-4.276620855416086,1.7471421306561702e-05,1.2678101268292808e-05,2.7691808171916826e-05,-3.840441179181323,1.426831479998937e-05,0.9195655501418671,1.4590953378795988,0.04879200266929503
binance_crypto_1h,BTCUSDT,F4,sgd,regression,1,881,1,-0.3648690018154388,2.1611361360423437e-05,1.3886164872571945e-05,6.817446070598253e-05,-3.829380478237526,1.1740143854192197e-05,0.9177690153515168,1.4590953378795988,0.04879200266929503
binance_crypto_1h,BTCUSDT,F4,sgd,regression,2,776,1,-0.8651433918687476,1.708616728224523e-05,1.1186974844401912e-05,3.462410720974518e-05,-3.9332937395127763,9.592508500948397e-06,0.9200045804918461,1.4590953378795988,0.04879200266929503
binance_crypto_1h,BTCUSDT,F4,sgd,regression,3,751,1,-3.7546968243667656,1.9647997464877608e-05,9.979201416733241e-06,3.01045532843794e-05,-3.869035071158606,1.078214285962374e-05,0.9184959196610074,1.4590953378795988,0.04879200266929503
binance_crypto_1h,BTCUSDT,F4,sgd,classification,0,4000,0,-1.372359907310925,0.0011864345448591544,0.001052449232083136,0.001354893514823791,-2.5223534804081225,0.0010259083640903478,0.4861480075901328,1.4590953378795988,0.04879200266929503
binance_crypto_1h,BTCUSDT,F4,sgd,classification,1,4000,0,-1.3309401041554734,0.0011170334898958664,0.0009972873822793294,0.0012742911090969087,-2.5378357340509057,0.0009809810591443959,0.4857685009487666,1.4590953378795988,0.04879200266929503
binance_crypto_1h,BTCUSDT,F4,sgd,classification,2,4000,0,-1.2608158064104031,0.0011816700435998088,0.001063888105581183,0.0013332659452242473,-2.5257545927092933,0.0010304514023845774,0.4853889943074004,1.4590953378795988,0.04879200266929503
binance_crypto_1h,BTCUSDT,F4,sgd,classification,3,4000,0,-1.2989710684129043,0.0011894844263526387,0.001043784691963991,0.001342341108190651,-2.525367326012361,0.0010277397310080828,0.48652751423149904,1.4590953378795988,0.04879200266929503
binance_crypto_1h,BTCUSDT,F4,adam,regression,0,92,1,-1.4217808535774823,0.00012712659955627266,3.938952976549334e-05,0.0005475787657177906,-3.732908439096298,0.00038361627272047384,0.9183336664081916,1.4590953378795988,0.04879200266929503
binance_crypto_1h,BTCUSDT,F4,adam,regression,1,84,1,-1.3410767360757794,0.00010888845654501955,3.0882278301030855e-05,0.0004769516987420584,-3.7913687817715997,0.0003228599586788793,0.9132583911217614,1.4590953378795988,0.04879200266929503
binance_crypto_1h,BTCUSDT,F4,adam,regression,2,69,1,-0.6961987772857668,0.0001276352851520234,4.0716512665369407e-05,0.0004208150180063629,-3.768797698082495,7.020534487927058e-05,0.9233538236244774,1.4590953378795988,0.04879200266929503
binance_crypto_1h,BTCUSDT,F4,adam,regression,3,94,1,3.432748714593465,0.00016436191088468256,4.300675557216089e-05,0.0004419877648954984,-3.7872695402146066,8.112812976055208e-05,0.9168044520463602,1.4590953378795988,0.04879200266929503
binance_crypto_1h,BTCUSDT,F4,adam,classification,0,824,1,-5.82050281349783,8.089788848443906e-06,2.4869730557121652e-06,1.573796078029748e-05,-4.258827806892241,8.215001600733841e-06,0.47400379506641366,1.4590953378795988,0.04879200266929503
binance_crypto_1h,BTCUSDT,F4,adam,classification,1,885,1,2.456092672711038,1.3766678125961675e-05,5.240219362324032e-06,4.1430658273209964e-05,-4.259814954188211,7.198784314235121e-06,0.47514231499051235,1.4590953378795988,0.04879200266929503
binance_crypto_1h,BTCUSDT,F4,adam,classification,2,796,1,-2.67435400832864,1.1114022916635399e-05,5.183922072260198e-06,2.7016018047072653e-05,-4.264214526742455,3.7941659698208763e-06,0.47400379506641366,1.4590953378795988,0.04879200266929503
binance_crypto_1h,BTCUSDT,F4,adam,classification,3,751,1,-6.67346850534547,9.79882819318575e-06,1.3755783065102987e-06,1.6716798376977163e-05,-4.2943517782358684,4.567570741472269e-06,0.47286527514231497,1.4590953378795988,0.04879200266929503
binance_crypto_1h,BTCUSDT,FA,sgd,regression,0,790,1,-3.257140911749817,1.0383185027949209e-05,5.588048270074622e-06,2.4589904183584492e-05,-4.003334907308414,1.992806729037719e-05,0.92799568222506,1.4590953378795988,0.04879200266929503
binance_crypto_1h,BTCUSDT,FA,sgd,regression,1,811,1,0.2635725337231822,1.1159924194419818e-05,4.800377430457781e-06,5.986977834771526e-05,-3.9837119930566005,8.902926184141536e-06,0.9250876680479545,1.4590953378795988,0.04879200266929503
binance_crypto_1h,BTCUSDT,FA,sgd,regression,2,728,1,-0.68854976854033,1.5528716359347087e-05,8.728511273878125e-06,3.3705847901676764e-05,-4.090105837123935,7.830343332644273e-06,0.9275796491794084,1.4590953378795988,0.04879200266929503
binance_crypto_1h,BTCUSDT,FA,sgd,regression,3,696,1,-1.765360105864954,1.2575981464771089e-05,5.063540178277906e-06,2.321417717185234e-05,-4.03804469426206,7.6275873995112074e-06,0.9265600646941029,1.4590953378795988,0.04879200266929503
binance_crypto_1h,BTCUSDT,FA,sgd,classification,0,4000,0,-1.5015060196644159,0.0007561999971244064,0.0006566142012054309,0.000870427726827808,-2.7115272871319824,0.0006379817752056897,0.4584440227703985,1.4590953378795988,0.04879200266929503
binance_crypto_1h,BTCUSDT,FA,sgd,classification,1,4000,0,-1.3888008245921046,0.0006990927746069139,0.0006222009096739173,0.0008010705679635747,-2.7309817495216637,0.0006127324156799349,0.45920303605313095,1.4590953378795988,0.04879200266929503
binance_crypto_1h,BTCUSDT,FA,sgd,classification,2,4000,0,-1.3603694990388546,0.0007366435556486796,0.000654990466276109,0.0008366795732171914,-2.7197233956942557,0.0006315239472515364,0.45768500948766605,1.4590953378795988,0.04879200266929503
binance_crypto_1h,BTCUSDT,FA,sgd,classification,3,4000,0,-1.3917073725843272,0.0007565270298136677,0.0006502187897171727,0.0008592347239458833,-2.7166080806278,0.0006413306980098675,0.4584440227703985,1.4590953378795988,0.04879200266929503
binance_crypto_1h,BTCUSDT,FA,adam,regression,0,103,1,-1.240185197568961,0.0001829467740977832,5.8909942568459096e-05,0.0006977828807333411,-3.6019734710710978,0.0004176805257016403,0.9246403610715156,1.4590953378795988,0.04879200266929503
binance_crypto_1h,BTCUSDT,FA,adam,regression,1,84,1,-0.9684569672611877,0.00015416939811142187,5.1284799597315455e-05,0.0005317232540089638,-3.671712954964611,0.0003216184067523248,0.9203536840997744,1.4590953378795988,0.04879200266929503
binance_crypto_1h,BTCUSDT,FA,adam,regression,2,70,1,-0.7372052325333709,0.00020061788614456354,7.084049853572178e-05,0.0005024397156104293,-3.6334190032772806,0.0001422867615431947,0.9323491812500112,1.4590953378795988,0.04879200266929503
binance_crypto_1h,BTCUSDT,FA,adam,regression,3,94,1,3.0156760429595395,0.0002253764786295255,7.73632705316079e-05,0.00049479962985068,-3.660924509751732,0.00020936873752053553,0.9219882296341355,1.4590953378795988,0.04879200266929503
binance_crypto_1h,BTCUSDT,FA,adam,classification,0,700,1,-3.4481362830935933,7.302146929379522e-06,3.3065179004374452e-06,3.52602787918718e-05,-4.419892685541662,2.3912015493286996e-05,0.45616698292220115,1.4590953378795988,0.04879200266929503
binance_crypto_1h,BTCUSDT,FA,adam,classification,1,750,1,2.2155103137584935,1.181591213077977e-05,3.974118361993869e-06,6.95846565215108e-05,-4.375167715188205,5.224976599356315e-06,0.45540796963946867,1.4590953378795988,0.04879200266929503
binance_crypto_1h,BTCUSDT,FA,adam,classification,2,667,1,-2.0227557574395947,1.5310787979652632e-05,7.110996386727772e-06,4.3706376843178764e-05,-4.4022254120334345,6.9673450711082465e-06,0.4481973434535104,1.4590953378795988,0.04879200266929503
binance_crypto_1h,BTCUSDT,FA,adam,classification,3,591,1,-0.6665371511173995,1.0918043158601841e-05,5.72452840240428e-06,2.1431290008462908e-05,-4.468644972564747,8.386212004431596e-06,0.4538899430740038,1.4590953378795988,0.04879200266929503
binance_crypto_1h,BTCUSDT,F10,sgd,regression,0,1652,1,-2.0801622357502323,7.916480667779308e-06,7.065907725308198e-06,9.722662519865743e-06,-4.255456058533058,6.91649334162108e-06,0.8743414669528188,1.4590953378795988,0.04879200266929503
binance_crypto_1h,BTCUSDT,F10,sgd,regression,1,1439,1,2.316275257932522,1.0084652320619769e-05,6.65892374915918e-06,1.479718576309993e-05,-4.3814297488179745,9.70245147886891e-06,0.8749792901930972,1.4590953378795988,0.04879200266929503
binance_crypto_1h,BTCUSDT,F10,sgd,regression,2,1743,1,-0.7590559497440961,1.1826389050713547e-05,9.534208365038738e-06,1.4929237971117169e-05,-4.257894189235837,8.181225264891608e-06,0.8741081705336158,1.4590953378795988,0.04879200266929503
binance_crypto_1h,BTCUSDT,F10,sgd,regression,3,1795,1,-1.2814571861051653,7.736326804444653e-06,6.8267077876889315e-06,1.0773497808403635e-05,-4.266506792527349,6.864362200136167e-06,0.8742702930442359,1.4590953378795988,0.04879200266929503
binance_crypto_1h,BTCUSDT,F10,sgd,classification,0,4000,0,-0.8305632261507006,0.0030561132543157742,0.0028384869213631068,0.0033175156027965814,-2.323550676035222,0.0027896806395542933,0.494876660341556,1.4590953378795988,0.04879200266929503
binance_crypto_1h,BTCUSDT,F10,sgd,classification,1,4000,0,-0.8424551911378634,0.002987868002532827,0.002765060876284933,0.0032450858639876015,-2.3294266524674656,0.0027211181696421838,0.494876660341556,1.4590953378795988,0.04879200266929503
binance_crypto_1h,BTCUSDT,F10,sgd,classification,2,4000,0,-0.783001989039701,0.003075390554032916,0.0028680355286979545,0.0033158603800826415,-2.3236910226498395,0.0028119978377381897,0.49449715370018976,1.4590953378795988,0.04879200266929503
binance_crypto_1h,BTCUSDT,F10,sgd,classification,3,4000,0,-0.8135436699987577,0.0030677271746389952,0.0028352935502201516,0.0033143718096450008,-2.323842095107964,0.0027942777666672284,0.494876660341556,1.4590953378795988,0.04879200266929503
binance_crypto_1h,BTCUSDT,F10,adam,regression,0,55,1,-6.1655037922853095,1.3479941752117984e-05,1.4203797785532878e-06,8.808259720023188e-05,-4.692637547374351,4.283188739812747e-06,0.8798073600234242,1.4590953378795988,0.04879200266929503
binance_crypto_1h,BTCUSDT,F10,adam,regression,1,60,1,1.246674899073736,2.925025722645412e-05,2.6633973254179605e-06,0.00012682752764358408,-4.623921703942107,3.226981218112552e-05,0.8747689990272315,1.4590953378795988,0.04879200266929503
binance_crypto_1h,BTCUSDT,F10,adam,regression,2,75,1,2.775492577185628,1.6580119160428155e-05,2.632202702262803e-06,8.480125656043792e-05,-4.741059921366446,8.303339717840286e-06,0.881187589049832,1.4590953378795988,0.04879200266929503
binance_crypto_1h,BTCUSDT,F10,adam,regression,3,59,1,1.5337708286885567,1.7594925111861744e-05,1.5903648414828034e-06,0.00010635607045375452,-4.7746863390725975,8.052659663866574e-05,0.874703108102121,1.4590953378795988,0.04879200266929503
binance_crypto_1h,BTCUSDT,F10,adam,classification,0,3065,1,-1.9236809726079005,6.550852738154559e-05,5.63849460667488e-05,8.05128305528058e-05,-3.6232945563435086,5.462641560694414e-05,0.49297912713472486,1.4590953378795988,0.04879200266929503
binance_crypto_1h,BTCUSDT,F10,adam,classification,1,2763,1,-1.9775279452082577,5.2703589858152685e-05,4.3554679244795735e-05,6.504331820387297e-05,-3.6863638933948586,4.278803441130274e-05,0.49411764705882355,1.4590953378795988,0.04879200266929503
binance_crypto_1h,BTCUSDT,F10,adam,classification,2,3095,1,-1.3075630477986218,7.266400080586076e-05,6.580999123951838e-05,8.384807605954362e-05,-3.6182631126616527,6.185273740740367e-05,0.49222011385199244,1.4590953378795988,0.04879200266929503
binance_crypto_1h,BTCUSDT,F10,adam,classification,3,3153,1,-1.699423607987595,6.981689302160127e-05,5.732942133557842e-05,8.320935576574988e-05,-3.6106109077393747,5.729933474875496e-05,0.49222011385199244,1.4590953378795988,0.04879200266929503
binance_crypto_1h,BTCUSDT,F11,sgd,regression,0,380,1,-0.5175830631451233,3.925626174106913e-05,1.020410931891901e-05,0.0001271500650430383,-3.933632550371971,4.321795003664094e-05,0.9874933010564051,1.4590953378795988,0.04879200266929503
binance_crypto_1h,BTCUSDT,F11,sgd,regression,1,376,1,1.3183596847874064,4.005645469775932e-05,1.1426433291994439e-05,0.00012007289404468594,-4.00398008237172,7.644435997124501e-05,0.9835204904374226,1.4590953378795988,0.04879200266929503
binance_crypto_1h,BTCUSDT,F11,sgd,regression,2,390,1,-1.902424714076301,4.5811431957119425e-05,1.694359665845034e-05,8.385181532348426e-05,-3.954531364121893,2.7964112704755195e-05,0.9867393899947681,1.4590953378795988,0.04879200266929503
binance_crypto_1h,BTCUSDT,F11,sgd,regression,3,365,1,3.224379766437301,4.469866786269415e-05,1.7215581642057794e-05,0.0001344042722004317,-3.996309628441386,2.2885289645525458e-05,0.9843820551130776,1.4590953378795988,0.04879200266929503
binance_crypto_1h,BTCUSDT,F11,sgd,classification,0,4000,0,-2.6548687254393197,0.00024106502691539293,0.00018321516448938481,0.0003073368342951277,-3.03035185705832,0.00017622628497112876,0.4637571157495256,1.4590953378795988,0.04879200266929503
binance_crypto_1h,BTCUSDT,F11,sgd,classification,1,4000,0,-2.2734123024981683,0.00022851986257094653,0.00018837708608068247,0.0002780721702895412,-3.0416186649976806,0.00017756047166673039,0.4637571157495256,1.4590953378795988,0.04879200266929503
binance_crypto_1h,BTCUSDT,F11,sgd,classification,2,4000,0,-1.8675684803257226,0.0002455830167889368,0.00020437457005750568,0.00028442029038626995,-3.045653084871031,0.00019059998550336097,0.4629981024667932,1.4590953378795988,0.04879200266929503
binance_crypto_1h,BTCUSDT,F11,sgd,classification,3,4000,0,-2.661317924375198,0.0002396189709391028,0.0001743810390391982,0.000301225259294494,-3.0341781468592606,0.00017294676293457882,0.4614800759013283,1.4590953378795988,0.04879200266929503
binance_crypto_1h,BTCUSDT,F11,adam,regression,0,88,1,-1.1298418807923842,0.0008187429304360973,0.0002758067667723052,0.0021900342007244713,-3.0800605806879733,0.0004353868202016965,0.9824368449452802,1.4590953378795988,0.04879200266929503
binance_crypto_1h,BTCUSDT,F11,adam,regression,1,78,1,-0.39596012795081403,0.0006847836797091531,0.0002456988466656636,0.0017717137482232254,-3.1128813876582577,0.001032118260550954,0.978292041831562,1.4590953378795988,0.04879200266929503
binance_crypto_1h,BTCUSDT,F11,adam,regression,2,76,1,-0.4696572350674813,0.0007731916596025385,0.0002666022686803135,0.0022199963398761243,-3.085209218922791,0.0012051382476508496,0.9932246009649021,1.4590953378795988,0.04879200266929503
binance_crypto_1h,BTCUSDT,F11,adam,regression,3,84,1,0.8693620932950592,0.0007503309847730381,0.0002651339937017509,0.001618859070754966,-3.105064193223618,4.2879615562299864e-05,0.9833805786829345,1.4590953378795988,0.04879200266929503
binance_crypto_1h,BTCUSDT,F11,adam,classification,0,353,1,-1.4637448597980305,5.6152279629785e-05,1.9615899161888288e-05,0.0001722503198731255,-4.029998588529055,4.9427589480086095e-05,0.4656546489563567,1.4590953378795988,0.04879200266929503
binance_crypto_1h,BTCUSDT,F11,adam,classification,1,347,1,0.6921765958738542,6.4450341427239e-05,1.739695077530841e-05,0.0001476757310597147,-4.08302039503992,7.265952010060986e-05,0.46755218216318783,1.4590953378795988,0.04879200266929503
binance_crypto_1h,BTCUSDT,F11,adam,classification,2,431,1,-1.0858460673476402,5.9143572043042614e-05,2.1758346803562207e-05,0.0001389810764798375,-4.090808131386008,4.842567504683221e-05,0.4633776091081594,1.4590953378795988,0.04879200266929503
binance_crypto_1h,BTCUSDT,F11,adam,classification,3,377,1,2.2246916114170863,6.717706245407067e-05,2.4319721948705698e-05,0.00016588328739565575,-4.093678743946695,5.356656880494214e-05,0.46755218216318783,1.4590953378795988,0.04879200266929503
binance_crypto_1h,ETHUSDT,F0,sgd,regression,0,360,1,-0.8779073961483195,0.00012022148150711223,2.8605541587295327e-05,0.00025331787861534284,-3.926798931334737,5.769543098917382e-05,0.9727517964469791,1.4800967582793116,0.05226151457922717
binance_crypto_1h,ETHUSDT,F0,sgd,regression,1,917,1,0.37384247728542924,8.491648780057424e-05,3.18243566131501e-05,0.00020904184237934326,-3.972333348899396,0.0001487654717247414,0.9727437693062647,1.4800967582793116,0.05226151457922717
binance_crypto_1h,ETHUSDT,F0,sgd,regression,2,163,1,-1.0316533400052559,0.00010648233183403752,4.9159794620660085e-05,0.00021019791602550054,-3.9329505451224045,8.029728130068855e-05,0.9729635101230194,1.4800967582793116,0.05226151457922717
binance_crypto_1h,ETHUSDT,F0,sgd,regression,3,104,1,2.1136946317070886,0.00011109429743286041,4.2373248374464654e-05,0.0002678274589060743,-3.9356224328096276,0.00011596746922755793,0.9726634732562219,1.4800967582793116,0.05226151457922717
binance_crypto_1h,ETHUSDT,F0,sgd,classification,0,1139,1,-1.2530550000031464,7.0472159367051476e-06,2.7586267112216755e-06,2.154348049653801e-05,-4.637603884093658,1.953949821815761e-05,0.5593927893738141,1.4800967582793116,0.05226151457922717
binance_crypto_1h,ETHUSDT,F0,sgd,classification,1,1291,1,2.199092361039915,1.575969147612808e-05,6.084289771727808e-06,2.500007099834057e-05,-4.518226167248191,1.4535718022093524e-05,0.5468690702087287,1.4800967582793116,0.05226151457922717
binance_crypto_1h,ETHUSDT,F0,sgd,classification,2,1579,1,-1.9160051551453496,1.642818331794524e-05,1.2101890238585028e-05,2.1201640026446357e-05,-4.446509434632468,1.6427260232061608e-05,0.5506641366223909,1.4800967582793116,0.05226151457922717
binance_crypto_1h,ETHUSDT,F0,sgd,classification,3,1075,1,1.8823981196868937,1.1395620008199546e-05,5.7358337121057306e-06,3.021356857831928e-05,-4.667879710547593,3.660630656973114e-06,0.5540796963946869,1.4800967582793116,0.05226151457922717
binance_crypto_1h,ETHUSDT,F0,adam,regression,0,4000,0,0.1419663055135296,0.002190406506423186,0.0008026650934493325,0.0043751736154790544,-2.719223431444291,0.0006757316769252844,0.9711845501927097,1.4800967582793116,0.05226151457922717
binance_crypto_1h,ETHUSDT,F0,adam,regression,1,4000,0,-0.41015977148807886,0.0020386480744803443,0.0007976886498487436,0.004116350653885498,-2.7218234232588037,0.001781308535188417,0.9718406955126866,1.4800967582793116,0.05226151457922717
binance_crypto_1h,ETHUSDT,F0,adam,regression,2,4000,0,0.08723768373036939,0.002191467930745013,0.0008273333953794701,0.0046393604159120595,-2.7148747233082466,0.0012882669438184615,0.9713423239707293,1.4800967582793116,0.05226151457922717
binance_crypto_1h,ETHUSDT,F0,adam,regression,3,335,1,0.7784426176781456,0.0019264666351780843,0.0007805289208684788,0.004365168395439617,-2.707516022286803,0.0005998158229892787,0.9740809981842784,1.4800967582793116,0.05226151457922717
binance_crypto_1h,ETHUSDT,F0,adam,classification,0,3000,1,-1.1418938407779706,0.00023964206493667245,8.220652997365313e-05,0.0006748758731479152,-3.5762813837229968,6.327262238509965e-05,0.5468690702087287,1.4800967582793116,0.05226151457922717
binance_crypto_1h,ETHUSDT,F0,adam,classification,1,1230,1,0.6971879036820429,0.00022433250438169328,8.837354496421815e-05,0.0004726754051703882,-3.623688618694036,0.0001615711547794226,0.5552182163187855,1.4800967582793116,0.05226151457922717
binance_crypto_1h,ETHUSDT,F0,adam,classification,2,2554,1,-0.3707251228716219,0.00025803564377874764,0.00012741675020207843,0.000554040370379537,-3.604107953609685,0.0002683847215267832,0.5514231499051233,1.4800967582793116,0.05226151457922717
binance_crypto_1h,ETHUSDT,F0,adam,classification,3,4000,0,1.2765013650609263,0.00024140163000114677,0.00010074222413647891,0.0005451427848530824,-3.604020428623375,0.0002719689285262756,0.5525616698292221,1.4800967582793116,0.05226151457922717
binance_crypto_1h,ETHUSDT,F4,sgd,regression,0,858,1,-4.018349084480884,2.0948860495662e-05,1.524484269992338e-05,3.1160757295438516e-05,-3.7976485399325792,1.6476840722650032e-05,1.0465419492830463,1.4800967582793116,0.05226151457922717
binance_crypto_1h,ETHUSDT,F4,sgd,regression,1,907,1,-0.2831223862005143,2.354868432659471e-05,1.606338969458282e-05,7.030960087105497e-05,-3.8008829289378787,1.3770464977131683e-05,1.0439511418333889,1.4800967582793116,0.05226151457922717
binance_crypto_1h,ETHUSDT,F4,sgd,regression,2,823,1,-1.060718606846057,1.8118447028262773e-05,1.2432969138841962e-05,3.5706424428466216e-05,-3.895570905688219,1.039327915625469e-05,1.046846591340861,1.4800967582793116,0.05226151457922717
binance_crypto_1h,ETHUSDT,F4,sgd,regression,3,803,1,-3.3376315726503694,2.269169960392035e-05,1.3020757060037783e-05,3.325770901162612e-05,-3.8337397091776704,1.3188287643691233e-05,1.045025817568013,1.4800967582793116,0.05226151457922717
binance_crypto_1h,ETHUSDT,F4,sgd,classification,0,4000,0,-1.3219894836035424,0.0012080927608868162,0.001075778111736038,0.0013728799684171115,-2.532621440677193,0.0010494550410360113,0.4683111954459203,1.4800967582793116,0.05226151457922717
binance_crypto_1h,ETHUSDT,F4,sgd,classification,1,4000,0,-1.282388501710266,0.0011390854427165528,0.0010205205244821994,0.001293110777168885,-2.5477269150564212,0.0010041751517366,0.46907020872865274,1.4800967582793116,0.05226151457922717
binance_crypto_1h,ETHUSDT,F4,sgd,classification,2,4000,0,-1.2143281631292449,0.001203118297814331,0.0010870611118689504,0.0013515778687037325,-2.5359278925378597,0.0010541119099609442,0.4679316888045541,1.4800967582793116,0.05226151457922717
binance_crypto_1h,ETHUSDT,F4,sgd,classification,3,4000,0,-1.2503730245119409,0.0012105504364224463,0.0010671963861003761,0.001359969711329882,-2.535703205256338,0.0010509852623465394,0.46755218216318783,1.4800967582793116,0.05226151457922717
binance_crypto_1h,ETHUSDT,F4,adam,regression,0,92,1,-1.4124643728144497,0.0001239559252629724,3.725368044148191e-05,0.0005385397416667372,-3.7427782949586876,0.0003768883706616344,1.0457331849969442,1.4800967582793116,0.05226151457922717
binance_crypto_1h,ETHUSDT,F4,adam,regression,1,85,1,-1.365542806367251,0.00010640729103491447,2.9850872312421224e-05,0.00047348613421201017,-3.8017127164750257,0.0003200645409098391,1.0382130883527294,1.4800967582793116,0.05226151457922717
binance_crypto_1h,ETHUSDT,F4,adam,regression,2,69,1,-0.7478399829477829,0.00012292737377669693,3.8270165463177296e-05,0.0004162856235650397,-3.7787038668303583,6.386167905779272e-05,1.051271327546275,1.4800967582793116,0.05226151457922717
binance_crypto_1h,ETHUSDT,F4,adam,regression,3,97,1,3.4481087904741385,0.00016187851289629934,4.100015705426925e-05,0.0004374186216600436,-3.79848673971367,7.237301626497082e-05,1.0433805105853904,1.4800967582793116,0.05226151457922717
binance_crypto_1h,ETHUSDT,F4,adam,classification,0,869,1,-5.296285998654238,1.0114237893694242e-05,4.31944287299971e-06,1.5255588126988715e-05,-4.205575737762788,8.317378516236528e-06,0.4664136622390892,1.4800967582793116,0.05226151457922717
binance_crypto_1h,ETHUSDT,F4,adam,classification,1,986,1,2.029462530637521,1.4705646435062237e-05,6.277720557832341e-06,3.9057983574839246e-05,-4.225316547658667,9.015443982816638e-06,0.46755218216318783,1.4800967582793116,0.05226151457922717
binance_crypto_1h,ETHUSDT,F4,adam,classification,2,958,1,-2.761318424840952,1.1482697383647456e-05,6.460014294553828e-06,2.6271857160632643e-05,-4.2286896145704205,4.172114331870071e-06,0.4652751423149905,1.4800967582793116,0.05226151457922717
binance_crypto_1h,ETHUSDT,F4,adam,classification,3,805,1,-5.373829493709658,1.1475222091448952e-05,3.1086849243662663e-06,1.8238506521725517e-05,-4.2465738815411616,5.603590752288273e-06,0.46755218216318783,1.4800967582793116,0.05226151457922717
binance_crypto_1h,ETHUSDT,FA,sgd,regression,0,841,1,-3.6530675838588493,1.0350428316548369e-05,6.0975274728933235e-06,2.1385345017416546e-05,-4.0091340162110205,1.7015366400042833e-05,1.0421694187439008,1.4800967582793116,0.05226151457922717
binance_crypto_1h,ETHUSDT,FA,sgd,regression,1,865,1,0.27384278556027547,1.0596870456326994e-05,4.777964316222171e-06,5.49542750931165e-05,-4.001258737707326,6.886776976375875e-06,1.0389808242866592,1.4800967582793116,0.05226151457922717
binance_crypto_1h,ETHUSDT,FA,sgd,regression,2,774,1,-0.9011807772547675,1.49448243144173e-05,8.686266515000705e-06,3.1416802349739964e-05,-4.088637434284407,7.771735377773111e-06,1.0416409901304156,1.4800967582793116,0.05226151457922717
binance_crypto_1h,ETHUSDT,FA,sgd,regression,3,746,1,-2.1248421689524988,1.2100009104734371e-05,5.46781228767104e-06,2.1021582775407726e-05,-4.056193600102666,6.438937235367744e-06,1.0406773966927887,1.4800967582793116,0.05226151457922717
binance_crypto_1h,ETHUSDT,FA,sgd,classification,0,4000,0,-1.478784153906075,0.000819082787046615,0.0007133710313481544,0.0009415144468258507,-2.6913936301929775,0.0006934003376004748,0.45692599620493357,1.4800967582793116,0.05226151457922717
binance_crypto_1h,ETHUSDT,FA,sgd,classification,1,4000,0,-1.3833348133048315,0.000758820135868362,0.0006747630249184926,0.0008691842312494601,-2.710105637952596,0.0006642973217458549,0.45692599620493357,1.4800967582793116,0.05226151457922717
binance_crypto_1h,ETHUSDT,FA,sgd,classification,2,4000,0,-1.3423137909827112,0.0008002305780410477,0.000712872249647019,0.000907879457685035,-2.6988900419387205,0.0006878229451288939,0.45502846299810246,1.4800967582793116,0.05226151457922717
binance_crypto_1h,ETHUSDT,FA,sgd,classification,3,4000,0,-1.375936972959293,0.0008195801082286657,0.0007064422937176032,0.0009298601372372396,-2.6962059199732464,0.0006964956837336267,0.45692599620493357,1.4800967582793116,0.05226151457922717
binance_crypto_1h,ETHUSDT,FA,adam,regression,0,102,1,-1.4272916494840686,0.00017152062295031195,5.440936713870096e-05,0.0006241022631518694,-3.632725111171644,0.0003279404938992738,1.0392739150558972,1.4800967582793116,0.05226151457922717
binance_crypto_1h,ETHUSDT,FA,adam,regression,1,88,1,-0.8804303981718564,0.00014264388805030972,4.7709712951871504e-05,0.00048824810305307496,-3.7057834480700667,0.00028505722514608176,1.0336008574496376,1.4800967582793116,0.05226151457922717
binance_crypto_1h,ETHUSDT,FA,adam,regression,2,69,1,-0.6947478152065146,0.0001788030177716299,7.047846759010593e-05,0.0004485202280548546,-3.6684431090057656,0.00013868602604413653,1.0477950489271413,1.4800967582793116,0.05226151457922717
binance_crypto_1h,ETHUSDT,FA,adam,regression,3,96,1,3.0940912977502126,0.0002101181604912306,7.116174866414727e-05,0.00047284162051263785,-3.69318357890705,0.00020377468777179705,1.033335277460589,1.4800967582793116,0.05226151457922717
binance_crypto_1h,ETHUSDT,FA,adam,classification,0,790,1,-3.7430818297588853,6.754459211484244e-06,3.414918473305699e-06,2.6734358214280214e-05,-4.396175325395883,2.077844677566987e-05,0.4466793168880455,1.4800967582793116,0.05226151457922717
binance_crypto_1h,ETHUSDT,FA,adam,classification,1,865,1,2.5829253273105657,1.1371001876678836e-05,3.246974578802e-06,5.997617998936772e-05,-4.363835782116106,5.240305919142988e-06,0.4462998102466793,1.4800967582793116,0.05226151457922717
binance_crypto_1h,ETHUSDT,FA,adam,classification,2,716,1,-1.9649578550745788,1.4300652796218115e-05,6.908321100518952e-06,3.5753789769795014e-05,-4.40601960024821,5.50865255609665e-06,0.4504743833017078,1.4800967582793116,0.05226151457922717
binance_crypto_1h,ETHUSDT,FA,adam,classification,3,699,1,-1.5144612581092174,9.724805526811968e-06,5.402917577534107e-06,1.900969150319209e-05,-4.452485356427792,6.503234117515109e-06,0.4462998102466793,1.4800967582793116,0.05226151457922717
binance_crypto_1h,ETHUSDT,F10,sgd,regression,0,1732,1,-2.529238634157169,6.8806564407633025e-06,6.218508569722284e-06,9.127543879954134e-06,-4.2575181954842085,6.079707907855385e-06,0.977665499197635,1.4800967582793116,0.05226151457922717
binance_crypto_1h,ETHUSDT,F10,sgd,regression,1,1478,1,2.346363316743424,8.703271899774063e-06,5.791838348651626e-06,1.28654814636237e-05,-4.392956731490742,8.573267494804892e-06,0.978274285427408,1.4800967582793116,0.05226151457922717
binance_crypto_1h,ETHUSDT,F10,sgd,regression,2,1793,1,-0.8823537789845379,1.1295345103604767e-05,9.107650018398578e-06,1.432404542635108e-05,-4.2539276503813275,7.70534180396442e-06,0.9774612355194208,1.4800967582793116,0.05226151457922717
binance_crypto_1h,ETHUSDT,F10,sgd,regression,3,1858,1,-1.6704788423628065,7.02344611402924e-06,5.897446613455272e-06,1.0285079310739683e-05,-4.267186113418152,6.103739522735538e-06,0.9775988727304673,1.4800967582793116,0.05226151457922717
binance_crypto_1h,ETHUSDT,F10,sgd,classification,0,4000,0,-0.7461648937842724,0.002679729917234565,0.002508078902580918,0.002885359721290055,-2.398677592746497,0.002469490669299623,0.4876660341555977,1.4800967582793116,0.05226151457922717
binance_crypto_1h,ETHUSDT,F10,sgd,classification,1,4000,0,-0.7569128889972179,0.0026211718719894475,0.002444917550579674,0.0028235339503513445,-2.404506167447737,0.0024103787536326657,0.4872865275142315,1.4800967582793116,0.05226151457922717
binance_crypto_1h,ETHUSDT,F10,sgd,classification,2,4000,0,-0.7004570873135407,0.0026957109230608942,0.002532882811398183,0.0028837602615849845,-2.398848683905115,0.0024882653807625503,0.48690702087286525,1.4800967582793116,0.05226151457922717
binance_crypto_1h,ETHUSDT,F10,sgd,classification,3,4000,0,-0.7296692132927596,0.00268935153043408,0.002505300389719919,0.002882618105955503,-2.39899483157523,0.0024733006896136213,0.4872865275142315,1.4800967582793116,0.05226151457922717
binance_crypto_1h,ETHUSDT,F10,adam,regression,0,61,1,-6.246991283163297,1.165067098800123e-05,1.3905530628315435e-06,8.393105741531714e-05,-4.721588862026056,3.2058049711567297e-06,0.9841769214821015,1.4800967582793116,0.05226151457922717
binance_crypto_1h,ETHUSDT,F10,adam,regression,1,131,1,1.3222026132371933,2.785206080455144e-05,2.4402611188200617e-06,0.00012160419297318772,-4.65422417508205,2.8320561363795563e-05,0.9788473779700845,1.4800967582793116,0.05226151457922717
binance_crypto_1h,ETHUSDT,F10,adam,regression,2,80,1,2.788872597582829,1.5928669988761282e-05,2.199787425695006e-06,8.109018419379428e-05,-4.766894636370898,9.108692945679998e-06,0.9853181992370778,1.4800967582793116,0.05226151457922717
binance_crypto_1h,ETHUSDT,F10,adam,regression,3,64,1,1.7340776165481646,1.714239989009797e-05,1.5036222743661975e-06,9.853280680921275e-05,-4.803974107441553,7.880708631860704e-05,0.9791425593263026,1.4800967582793116,0.05226151457922717
binance_crypto_1h,ETHUSDT,F10,adam,classification,0,3714,1,-1.851702530986142,7.600385697892399e-05,6.571076195109634e-05,9.262143515649238e-05,-3.593014492393022,6.363806433807281e-05,0.4861480075901328,1.4800967582793116,0.05226151457922717
binance_crypto_1h,ETHUSDT,F10,adam,classification,1,3484,1,-1.9152834620359356,6.209514526979564e-05,5.1594324077249785e-05,7.610191528078546e-05,-3.651254980853572,5.061685062970955e-05,0.48652751423149904,1.4800967582793116,0.05226151457922717
binance_crypto_1h,ETHUSDT,F10,adam,classification,2,4000,0,-1.293456310560969,8.349812525635884e-05,7.552569513647017e-05,9.600573019524502e-05,-3.5888761910595566,7.126313855237335e-05,0.4872865275142315,1.4800967582793116,0.05226151457922717
binance_crypto_1h,ETHUSDT,F10,adam,classification,3,3815,1,-1.6488457361707825,8.060455077507091e-05,6.658165526960108e-05,9.54204051465784e-05,-3.582019397160702,6.651855976269596e-05,0.48652751423149904,1.4800967582793116,0.05226151457922717
binance_crypto_1h,ETHUSDT,F11,sgd,regression,0,404,1,-0.634406813313762,3.260011013481668e-05,7.90087276634814e-06,0.0001112632369839956,-3.9554665704808842,4.602767232178695e-05,1.125043327373636,1.4800967582793116,0.05226151457922717
binance_crypto_1h,ETHUSDT,F11,sgd,regression,1,398,1,1.5843378761446978,3.601187445100681e-05,1.025516158147804e-05,0.00011356571621668351,-4.020952209049838,6.773561346061472e-05,1.1203353466163966,1.4800967582793116,0.05226151457922717
binance_crypto_1h,ETHUSDT,F11,sgd,regression,2,413,1,-1.976473473738624,4.057799350711373e-05,1.5352767027682635e-05,7.629598955002722e-05,-3.9681793559312717,2.4675908363670083e-05,1.1236265585105951,1.4800967582793116,0.05226151457922717
binance_crypto_1h,ETHUSDT,F11,sgd,regression,3,392,1,3.5223322930735366,4.0052562522862874e-05,1.5696968743720713e-05,0.00011997779850097474,-4.014994693630219,1.7791726676618828e-05,1.1212112012891333,1.4800967582793116,0.05226151457922717
binance_crypto_1h,ETHUSDT,F11,sgd,classification,0,4000,0,-2.365688544731133,0.00033155081354894746,0.0002585625648984442,0.0004102503924834845,-2.9450212823799413,0.0002493704570367931,0.4759013282732448,1.4800967582793116,0.05226151457922717
binance_crypto_1h,ETHUSDT,F11,sgd,classification,1,4000,0,-2.04708321637199,0.0003167992425638966,0.0002666578513905944,0.0003794556692882895,-2.9542262644800763,0.00025380273094624675,0.476280834914611,1.4800967582793116,0.05226151457922717
binance_crypto_1h,ETHUSDT,F11,sgd,classification,2,4000,0,-1.7627436155438903,0.0003312439894728907,0.0002784463681789148,0.00038028437122138154,-2.96074337111806,0.00026219241186917403,0.4777988614800759,1.4800967582793116,0.05226151457922717
binance_crypto_1h,ETHUSDT,F11,sgd,classification,3,4000,0,-2.3601505780150522,0.00033171940884328823,0.0002516592609151235,0.0004070309947399069,-2.947781465700391,0.00024907252363135516,0.476280834914611,1.4800967582793116,0.05226151457922717
binance_crypto_1h,ETHUSDT,F11,adam,regression,0,88,1,-0.9928720682321471,0.0007410129789426185,0.0002396670833771355,0.002004029868101214,-3.127362576231126,0.0005023207555723236,1.1177068522243623,1.4800967582793116,0.05226151457922717
binance_crypto_1h,ETHUSDT,F11,adam,regression,1,78,1,-0.3946114244563815,0.0006120397578495921,0.00021892802958087043,0.0016116664666756748,-3.161916633338953,0.0009271450292127695,1.1142887963421557,1.4800967582793116,0.05226151457922717
binance_crypto_1h,ETHUSDT,F11,adam,regression,2,75,1,-0.4238825419621765,0.0007040160726447866,0.0002273455762809452,0.001986303877119144,-3.1337833486719036,0.0011321879822730981,1.1348984018980632,1.4800967582793116,0.05226151457922717
binance_crypto_1h,ETHUSDT,F11,adam,regression,3,84,1,0.9569558838001351,0.0006568010011965045,0.0002431162371053753,0.0014046216402671776,-3.1533226696357004,7.827784345327753e-05,1.118080129399342,1.4800967582793116,0.05226151457922717
binance_crypto_1h,ETHUSDT,F11,adam,classification,0,419,1,-1.4591424264374762,4.280409273642943e-05,1.274412103283677e-05,0.00014753524368185913,-4.1051869029263255,5.2217562431731544e-05,0.47286527514231497,1.4800967582793116,0.05226151457922717
binance_crypto_1h,ETHUSDT,F11,adam,classification,1,506,1,0.8537929046400534,4.965781761477108e-05,1.4861177316905491e-05,0.00013697543509911677,-4.14766729054179,6.175553322849717e-05,0.47096774193548385,1.4800967582793116,0.05226151457922717
binance_crypto_1h,ETHUSDT,F11,adam,classification,2,446,1,-1.2080936352702178,5.228177050446013e-05,1.740709123421958e-05,0.0001148638271283776,-4.154171038053331,4.014578521562773e-05,0.4698292220113852,1.4800967582793116,0.05226151457922717
binance_crypto_1h,ETHUSDT,F11,adam,classification,3,382,1,2.5711652468414448,5.547975233972629e-05,2.0256554724402274e-05,0.00013668358409446883,-4.167444435521372,3.906795674104616e-05,0.47286527514231497,1.4800967582793116,0.05226151457922717
sensor_ettm2,HUFL,F0,sgd,regression,0,27,1,-2.725091441695622,5.316900904535362e-05,6.525454795681556e-06,0.00029011002703785123,-3.676579852019001,8.174215095330188e-05,0.09041730209946525,1.6573280434344153,0.22152615522891017
sensor_ettm2,HUFL,F0,sgd,regression,1,27,1,-0.806969982078678,5.984948012769062e-05,6.331290856026035e-06,0.0003405555410165543,-3.6972141696767387,0.00038667026651933425,0.09076974358901121,1.6573280434344153,0.22152615522891017
sensor_ettm2,HUFL,F0,sgd,regression,2,26,1,-0.2978425279422491,5.139890404293246e-05,1.1273727893026225e-05,0.0002904040583685853,-3.733925638224836,1.4561489456286052e-05,0.0906309343456377,1.6573280434344153,0.22152615522891017
sensor_ettm2,HUFL,F0,sgd,regression,3,26,1,2.228257806930111,5.913285897799971e-05,1.020922050127621e-05,0.00032631157109945844,-3.7231625479627253,3.980279656721137e-06,0.09050982571562857,1.6573280434344153,0.22152615522891017
sensor_ettm2,HUFL,F0,sgd,classification,0,745,1,-1.6425198559810819,0.00036227570578871893,0.00031729296505960054,0.0004268410182938147,-2.795244624546049,0.00030888945688644596,0.9165709911978569,1.6573280434344153,0.22152615522891017
sensor_ettm2,HUFL,F0,sgd,classification,1,751,1,-1.5575446107580255,0.00032683272999737255,0.00028927080216275603,0.0003847537295843506,-2.8229150831956855,0.0002866402167255372,0.9165709911978569,1.6573280434344153,0.22152615522891017
sensor_ettm2,HUFL,F0,sgd,classification,2,728,1,-1.3995604826807069,0.0003666526928600816,0.0003284120734750557,0.0004196525424865222,-2.800594792340298,0.00031437568427503224,0.9163796402602373,1.6573280434344153,0.22152615522891017
sensor_ettm2,HUFL,F0,sgd,classification,3,739,1,-1.5224375203042453,0.0003669364848642513,0.000312709376792409,0.0004242424059499203,-2.7972209052183077,0.0003107110173277203,0.9167623421354765,1.6573280434344153,0.22152615522891017
sensor_ettm2,HUFL,F0,adam,regression,0,20,1,-0.5515279916873005,0.0009820327309589543,0.00014284445173070714,0.004636342678087444,-3.0814000623201,0.00032104885055737485,0.09060623530471056,1.6573280434344153,0.22152615522891017
sensor_ettm2,HUFL,F0,adam,regression,1,20,1,-0.1564168616439855,0.0008653668005745366,0.00010362155143589433,0.004610804296131818,-3.0702918321007555,0.0023564724004768393,0.09097375772599452,1.6573280434344153,0.22152615522891017
sensor_ettm2,HUFL,F0,adam,regression,2,20,1,1.3247065553252484,0.0010503750530214521,0.0001768005695435453,0.005089917252488127,-3.0875942074116383,0.0010691107855022974,0.0906701465702736,1.6573280434344153,0.22152615522891017
sensor_ettm2,HUFL,F0,adam,regression,3,20,1,1.0066679211664402,0.0010462675993734194,0.00012772315093360255,0.0046978028881442995,-3.062265839695797,0.0034915615172983585,0.0924825725926111,1.6573280434344153,0.22152615522891017
sensor_ettm2,HUFL,F0,adam,classification,0,131,1,-5.794777897714562,7.115105597408051e-06,1.4127709002123162e-06,2.0476678904196487e-05,-4.35759886183457,9.123509292262062e-06,0.9293915040183697,1.6573280434344153,0.22152615522891017
sensor_ettm2,HUFL,F0,adam,classification,1,129,1,3.272726808608493,1.261124774266458e-05,3.947284759211189e-06,5.3485938824617934e-05,-4.342928133176307,3.4158766657388267e-06,0.9267125908916953,1.6573280434344153,0.22152615522891017
sensor_ettm2,HUFL,F0,adam,classification,2,127,1,-2.0603646123574415,1.0082022447125828e-05,2.7802919188408115e-06,3.36929504041172e-05,-4.3748482073088635,4.003506954005921e-06,0.9293915040183697,1.6573280434344153,0.22152615522891017
sensor_ettm2,HUFL,F0,adam,classification,3,125,1,-4.966554950517797,8.59699732337327e-06,1.810767761425112e-06,1.6897104562270844e-05,-4.388383318582118,7.463341810442808e-06,0.928817451205511,1.6573280434344153,0.22152615522891017
sensor_ettm2,HUFL,F4,sgd,regression,0,27,1,-2.4741045697901747,9.994980765423492e-05,5.605308411318011e-05,0.00031637677124564205,-3.355734168539217,0.00010476288365537873,0.22215953316202844,1.6573280434344153,0.22152615522891017
sensor_ettm2,HUFL,F4,sgd,regression,1,27,1,-0.6780975231998858,0.0001122302975820589,6.125848913975484e-05,0.00039147684761054054,-3.362763804421627,0.00041967431977443955,0.2226028600660041,1.6573280434344153,0.22152615522891017
sensor_ettm2,HUFL,F4,sgd,regression,2,27,1,-0.22863500292640598,8.844868484935393e-05,4.9836589115252276e-05,0.0003246100044945113,-3.402193425634218,4.595122130131436e-05,0.22170030367053417,1.6573280434344153,0.22152615522891017
sensor_ettm2,HUFL,F4,sgd,regression,3,26,1,-0.09721058018581044,0.00010984617658528335,5.92730376242444e-05,0.00036728986102722345,-3.3778785581680277,4.5306161711533226e-05,0.222696868359917,1.6573280434344153,0.22152615522891017
sensor_ettm2,HUFL,F4,sgd,classification,0,904,1,-1.7492790785586594,0.0006210911911088107,0.000538807262983822,0.000741265704220565,-2.588351554070867,0.0005222287287044618,0.8616532721010333,1.6573280434344153,0.22152615522891017
sensor_ettm2,HUFL,F4,sgd,classification,1,904,1,-1.7718463139512532,0.000576762319148525,0.0004944244912584843,0.0006905847795624719,-2.607884407369893,0.0004834567218677704,0.8614619211634137,1.6573280434344153,0.22152615522891017
sensor_ettm2,HUFL,F4,sgd,classification,2,904,1,-1.542361390855513,0.0006398487175360479,0.0005641958431677788,0.0007431143417108793,-2.588969848860569,0.0005406359554249804,0.8616532721010333,1.6573280434344153,0.22152615522891017
sensor_ettm2,HUFL,F4,sgd,classification,3,880,1,-1.675752135413732,0.000632651034188468,0.0005352708901857117,0.0007418804899543494,-2.5879690588336484,0.0005269718059242012,0.8616532721010333,1.6573280434344153,0.22152615522891017
sensor_ettm2,HUFL,F4,adam,regression,0,20,1,-0.6833420086276968,0.0008246524592958105,6.626937752012871e-05,0.004335892620140942,-3.1419632013090997,0.0002690033877940787,0.21303538968153848,1.6573280434344153,0.22152615522891017
sensor_ettm2,HUFL,F4,adam,regression,1,20,1,-0.3315513783723034,0.0007563509110813747,4.977027751131698e-05,0.0043002926123236395,-3.1057921548225966,0.0027164187491037,0.21444546171684528,1.6573280434344153,0.22152615522891017
sensor_ettm2,HUFL,F4,adam,regression,2,20,1,1.6765608691086253,0.0009336563233134668,6.633238443249418e-05,0.0048348989895471315,-3.1500203372339475,0.0007646283028896448,0.21440757433484728,1.6573280434344153,0.22152615522891017
sensor_ettm2,HUFL,F4,adam,regression,3,20,1,0.8616642736923515,0.0009032400342248667,5.8215559833384346e-05,0.004615828436963257,-3.111019681400193,0.003717759994428081,0.21842705303227383,1.6573280434344153,0.22152615522891017
sensor_ettm2,HUFL,F4,adam,classification,0,163,1,-2.499630633450878,3.3479670836136135e-05,2.2784805787837897e-05,3.9183665624871404e-05,-3.967739479586093,2.1408823835654168e-05,0.8765786452353617,1.6573280434344153,0.22152615522891017
sensor_ettm2,HUFL,F4,adam,classification,1,157,1,-0.32705168713952487,2.6571012550201045e-05,2.2336812668355246e-05,2.95234082849319e-05,-4.042138207827454,2.6110212906541212e-05,0.8746651358591657,1.6573280434344153,0.22152615522891017
sensor_ettm2,HUFL,F4,adam,classification,2,156,1,-1.5183192753110497,3.0254887723335564e-05,2.5812775117776126e-05,3.76893707024637e-05,-3.9927690995182323,2.125664645096705e-05,0.8777267508610792,1.6573280434344153,0.22152615522891017
sensor_ettm2,HUFL,F4,adam,classification,3,153,1,-1.7595093926245793,3.199871444676809e-05,2.337594291041702e-05,3.73482293263487e-05,-3.9992492050069335,2.3266167217369827e-05,0.8752391886720245,1.6573280434344153,0.22152615522891017
sensor_ettm2,HUFL,FA,sgd,regression,0,27,1,-2.5006392393459183,0.00010286578398322434,5.917057580553749e-05,0.0003112581695803218,-3.346807285916594,0.00010411216966889925,0.16115105399820137,1.6573280434344153,0.22152615522891017
sensor_ettm2,HUFL,FA,sgd,regression,1,28,1,-0.539897467760849,0.00011321437504184268,6.436152383565252e-05,0.0003857538325664213,-3.35846403677883,0.0004139314622806771,0.16229811306612957,1.6573280434344153,0.22152615522891017
sensor_ettm2,HUFL,FA,sgd,regression,2,27,1,-0.2457804767822721,9.000890007381638e-05,5.225108166211749e-05,0.00031671957442482864,-3.3921482559363696,4.923933076105388e-05,0.16079353362114138,1.6573280434344153,0.22152615522891017
sensor_ettm2,HUFL,FA,sgd,regression,3,27,1,-0.056869980039800656,0.00011408242569160051,6.322218730795039e-05,0.0003648709210298881,-3.370276977514849,4.952113372422161e-05,0.16195681213779,1.6573280434344153,0.22152615522891017
sensor_ettm2,HUFL,FA,sgd,classification,0,935,1,-1.7536938915430564,0.0006534925206763093,0.0005660817865908662,0.0007800684586903039,-2.569690764593738,0.000548443046216134,0.8777267508610792,1.6573280434344153,0.22152615522891017
sensor_ettm2,HUFL,FA,sgd,classification,1,929,1,-1.7788488213305873,0.0006085948104443367,0.0005208727458180253,0.0007287956430887852,-2.5885072963643827,0.000508704352415348,0.8779181017986988,1.6573280434344153,0.22152615522891017
sensor_ettm2,HUFL,FA,sgd,classification,2,927,1,-1.5536474555333442,0.0006727300777246042,0.0005920624730165241,0.0007820080335612934,-2.5702254639439883,0.0005673895102297725,0.8779181017986988,1.6573280434344153,0.22152615522891017
sensor_ettm2,HUFL,FA,sgd,classification,3,902,1,-1.6836026309183025,0.0006656290662854974,0.0005629712839342661,0.0007811827427341261,-2.5691947361852234,0.000553565120628241,0.8779181017986988,1.6573280434344153,0.22152615522891017
sensor_ettm2,HUFL,FA,adam,regression,0,20,1,-0.6501667966879957,0.0007764774926445732,5.682972139033825e-05,0.004322961903680609,-3.1569137098763647,0.0002596715332891238,0.15041119562469207,1.6573280434344153,0.22152615522891017
sensor_ettm2,HUFL,FA,adam,regression,1,20,1,-0.39051215961391855,0.0007550414144837179,4.6639054798990526e-05,0.004212315622988397,-3.1159791228661793,0.003022584682350173,0.15419768900641104,1.6573280434344153,0.22152615522891017
sensor_ettm2,HUFL,FA,adam,regression,2,20,1,1.649669959231026,0.0008972807267548546,5.6339326440461736e-05,0.004574406273379346,-3.1668145530857936,0.0005881632464370502,0.15212036372220714,1.6573280434344153,0.22152615522891017
sensor_ettm2,HUFL,FA,adam,regression,3,20,1,0.7755484786229335,0.0008744403607196703,5.409711755506003e-05,0.004525501376128507,-3.1210489756567843,0.004040124130743378,0.15613061892221317,1.6573280434344153,0.22152615522891017
sensor_ettm2,HUFL,FA,adam,classification,0,166,1,-2.2686852542351277,3.070180132710311e-05,2.198823293062509e-05,3.555377198790725e-05,-4.004903378162564,2.092981306239416e-05,0.8897818599311137,1.6573280434344153,0.22152615522891017
sensor_ettm2,HUFL,FA,adam,classification,1,162,1,-0.41876363379048637,2.366552582780353e-05,2.06535818627504e-05,2.5068815407887656e-05,-4.090135489785691,2.3663774493071656e-05,0.8890164561806353,1.6573280434344153,0.22152615522891017
sensor_ettm2,HUFL,FA,adam,classification,2,159,1,-1.2797495720109615,2.7913505386124363e-05,2.4584544669103867e-05,3.321728662615925e-05,-4.031263368057967,2.0856124800319518e-05,0.8922694221201684,1.6573280434344153,0.22152615522891017
sensor_ettm2,HUFL,FA,adam,classification,3,157,1,-1.5690499332841361,2.909667773387158e-05,2.2119786840282416e-05,3.346135080816806e-05,-4.032621286735076,2.2078829313548153e-05,0.8893991580558744,1.6573280434344153,0.22152615522891017
sensor_ettm2,HUFL,F10,sgd,regression,0,34,1,-2.303497590148239,5.013723442147242e-05,1.8303809202814725e-05,0.000206956239699967,-4.09312829248019,4.811566613412385e-05,0.28639512088511065,1.6573280434344153,0.22152615522891017
sensor_ettm2,HUFL,F10,sgd,regression,1,34,1,0.3400461652527721,5.609122280943517e-05,1.6560788875303732e-05,0.00026785384925083667,-4.108388833768041,0.00029015777403622214,0.2860500542233232,1.6573280434344153,0.22152615522891017
sensor_ettm2,HUFL,F10,sgd,regression,2,35,1,0.1256072957587251,4.325768492449217e-05,1.607199847508497e-05,0.00021057800033747335,-4.118612402532019,1.7275534829510137e-05,0.28513281862770107,1.6573280434344153,0.22152615522891017
sensor_ettm2,HUFL,F10,sgd,regression,3,34,1,1.855977121538536,5.350744410140604e-05,1.736817894973914e-05,0.00027584802664021806,-4.126738352325947,1.7184938877047637e-05,0.28609722750331873,1.6573280434344153,0.22152615522891017
sensor_ettm2,HUFL,F10,sgd,classification,0,1124,1,-1.6416677122773675,0.0008801117219349639,0.0007687833559646002,0.0010375556716479136,-2.470537468998789,0.0007459920175994339,0.8729429774205893,1.6573280434344153,0.22152615522891017
sensor_ettm2,HUFL,F10,sgd,classification,1,1089,1,-1.6614068283665615,0.0008323463996895067,0.0007196106282844163,0.0009827045948437396,-2.485988383588532,0.0007019744475209978,0.8731343283582089,1.6573280434344153,0.22152615522891017
sensor_ettm2,HUFL,F10,sgd,classification,2,1111,1,-1.483731505668431,0.0009019921765850547,0.0007975882083516139,0.0010407536005111232,-2.4707427485968334,0.000767580922510413,0.8731343283582089,1.6573280434344153,0.22152615522891017
sensor_ettm2,HUFL,F10,sgd,classification,3,1095,1,-1.5870227544612951,0.0008940708668781915,0.0007670409733205038,0.0010392027366972886,-2.4699310999745534,0.0007521174850541111,0.8731343283582089,1.6573280434344153,0.22152615522891017
sensor_ettm2,HUFL,F10,adam,regression,0,20,1,-1.8127052639445396,0.0005928739543121404,2.4420556083472747e-05,0.003228948049187261,-3.421631816581531,0.0008527535966703068,0.2569779956394934,1.6573280434344153,0.22152615522891017
sensor_ettm2,HUFL,F10,adam,regression,1,20,1,-2.0261037443029313,0.0005058556333447039,1.2578668589134467e-05,0.0036934902972598485,-3.381192293928886,0.0032788804359096435,0.26975905213065,1.6573280434344153,0.22152615522891017
sensor_ettm2,HUFL,F10,adam,regression,2,21,1,1.9343731254668932,0.0006649257331810695,2.465858095292493e-05,0.003890260188927123,-3.4011553278938287,2.793603200891756e-06,0.25800176115825313,1.6573280434344153,0.22152615522891017
sensor_ettm2,HUFL,F10,adam,regression,3,21,1,-0.3579001928641826,0.0005261377161887963,2.0891562855234572e-05,0.0034794815118159407,-3.387933421839571,0.0031704609603245056,0.2658860694094775,1.6573280434344153,0.22152615522891017
sensor_ettm2,HUFL,F10,adam,classification,0,194,1,-2.537394456874773,1.3405907976764495e-05,1.1007229436868011e-05,1.7878436858101587e-05,-4.131732945463096,1.0894003149050361e-05,0.8733256792958285,1.6573280434344153,0.22152615522891017
sensor_ettm2,HUFL,F10,adam,classification,1,189,1,-2.6361910099659736,8.77646633914375e-06,6.555634649228232e-06,1.184990219078437e-05,-4.254268459347688,6.601393264651481e-06,0.8733256792958285,1.6573280434344153,0.22152615522891017
sensor_ettm2,HUFL,F10,adam,classification,2,180,1,-1.0728337777120207,1.760841167800517e-05,1.621332219218653e-05,2.021863914193014e-05,-4.119769240640085,1.4596564479777024e-05,0.8733256792958285,1.6573280434344153,0.22152615522891017
sensor_ettm2,HUFL,F10,adam,classification,3,185,1,-2.005746236077956,1.5251533730621684e-05,1.1696195773254375e-05,1.915568708150218e-05,-4.111226478388023,1.2009888736132733e-05,0.8733256792958285,1.6573280434344153,0.22152615522891017
sensor_ettm2,HUFL,F11,sgd,regression,0,27,1,-2.5109812684316397,0.00011545189863032977,6.840398965525391e-05,0.00034124261259605766,-3.273301387925592,0.0001225063311810661,0.12098769706774536,1.6573280434344153,0.22152615522891017
sensor_ettm2,HUFL,F11,sgd,regression,1,27,1,-1.5821745838290493,0.00012023524670843872,6.421600704634433e-05,0.00040761122048345186,-3.2733138045708756,0.0004284340554692705,0.1208324306035569,1.6573280434344153,0.22152615522891017
sensor_ettm2,HUFL,F11,sgd,regression,2,27,1,-0.6539207830283942,0.00010501392569663254,6.0615559489345364e-05,0.0003480247016965039,-3.325203504172455,5.128702659030554e-05,0.12069579868416518,1.6573280434344153,0.22152615522891017
sensor_ettm2,HUFL,F11,sgd,regression,3,27,1,-0.7810011785490946,0.00011561548848566931,6.140635346562485e-05,0.00037877241364904697,-3.2915095926595757,4.367780648876379e-05,0.12096148987157143,1.6573280434344153,0.22152615522891017
sensor_ettm2,HUFL,F11,sgd,classification,0,821,1,-1.5205702485541177,0.0005510429644709899,0.0004880208621402762,0.0006415384543441695,-2.6601738780311894,0.0004758962716328412,0.8947569843092231,1.6573280434344153,0.22152615522891017
sensor_ettm2,HUFL,F11,sgd,classification,1,823,1,-1.4879286371662315,0.0005095863242683201,0.0004512289500314228,0.0005936823802480763,-2.6815665434522105,0.0004451429721047199,0.894374282433984,1.6573280434344153,0.22152615522891017
sensor_ettm2,HUFL,F11,sgd,classification,2,801,1,-1.3243726136432867,0.0005606756445504697,0.0005051058807278276,0.0006372315573799295,-2.6631190433730536,0.00048652923329413784,0.8959050899349407,1.6573280434344153,0.22152615522891017
sensor_ettm2,HUFL,F11,sgd,classification,3,802,1,-1.4346910256950969,0.0005584559452011722,0.0004831846571917009,0.0006398664315727156,-2.6610480072810287,0.00047880685173834714,0.8947569843092231,1.6573280434344153,0.22152615522891017
sensor_ettm2,HUFL,F11,adam,regression,0,20,1,-0.5330220940253376,0.0009070868863074009,9.631828785824197e-05,0.004604310594355349,-3.073168494399125,0.0002893739852658976,0.11884744421084555,1.6573280434344153,0.22152615522891017
sensor_ettm2,HUFL,F11,adam,regression,1,20,1,-0.23191262171759008,0.0008212551969342234,7.628448377891103e-05,0.004502032510259356,-3.059401329019316,0.0023408180124958457,0.11922793976127932,1.6573280434344153,0.22152615522891017
sensor_ettm2,HUFL,F11,adam,regression,2,20,1,1.4474823994442791,0.0010037810672219156,0.0001184156087562869,0.005054475139418384,-3.0738470248520233,0.001002380378336768,0.11919399011349464,1.6573280434344153,0.22152615522891017
sensor_ettm2,HUFL,F11,adam,regression,3,20,1,0.843152813815053,0.001007132295502327,8.047217032209037e-05,0.004620258357473669,-3.05473784011272,0.0033865540593524457,0.12178269415277779,1.6573280434344153,0.22152615522891017
sensor_ettm2,HUFL,F11,adam,classification,0,150,1,-3.327008826366782,2.402143694368491e-05,1.638685266833525e-05,2.995000099385372e-05,-3.9933908505577462,1.695384840302399e-05,0.913700727133563,1.6573280434344153,0.22152615522891017
sensor_ettm2,HUFL,F11,adam,classification,1,141,1,1.1948337022643467,2.7284556872634063e-05,1.78326532894513e-05,4.1008637900221704e-05,-4.029429445359598,2.3405093257574125e-05,0.9133180252583237,1.6573280434344153,0.22152615522891017
sensor_ettm2,HUFL,F11,adam,classification,2,142,1,-2.2208349517973827,2.2956552277446054e-05,1.7252823123580835e-05,3.799725073617148e-05,-4.018188462481256,1.2240139561899046e-05,0.912743972445465,1.6573280434344153,0.22152615522891017
sensor_ettm2,HUFL,F11,adam,classification,3,140,1,-2.6923519213565252,2.5382357730974992e-05,1.5354134410336945e-05,3.34274588582493e-05,-4.009970448225436,1.7761153253548532e-05,0.9138920780711826,1.6573280434344153,0.22152615522891017
sensor_ettm2,OT,F0,sgd,regression,0,26,1,-1.970643568600199,0.00012734170620306098,8.271897886378055e-05,0.0003471722319092108,-3.2962528432417213,0.00013440120610842766,0.0088877338733871,1.324043985338216,0.2712033889294092
sensor_ettm2,OT,F0,sgd,regression,1,26,1,-0.4038225151576306,0.000140525021322468,8.825757686935402e-05,0.00042463286182378354,-3.301617168600889,0.0004557808069802136,0.00921209305964587,1.324043985338216,0.2712033889294092
sensor_ettm2,OT,F0,sgd,regression,2,26,1,-0.13938622545166673,0.0001158559266089428,7.680432084260782e-05,0.0003600361808502572,-3.329634376231095,7.26156950107521e-05,0.008520735204023223,1.324043985338216,0.2712033889294092
sensor_ettm2,OT,F0,sgd,regression,3,26,1,0.18815127481423577,0.00013829682548195711,8.712471006945549e-05,0.00039894197211132496,-3.316839181246695,7.426056196947349e-05,0.008985382797325204,1.324043985338216,0.2712033889294092
sensor_ettm2,OT,F0,sgd,classification,0,678,1,-1.35660107593968,0.000607576175183055,0.0005457307712837833,0.0006962919086229909,-2.657950803741779,0.0005336078338791464,0.9517795637198623,1.324043985338216,0.2712033889294092
sensor_ettm2,OT,F0,sgd,classification,1,689,1,-1.3352277182878185,0.0005674715136118899,0.00050803889328225,0.0006505036015857453,-2.6774601530311375,0.0005012590412103424,0.9517795637198623,1.324043985338216,0.2712033889294092
sensor_ettm2,OT,F0,sgd,classification,2,650,1,-1.1835912983204828,0.000619348044814971,0.000564313389124396,0.000694759770331727,-2.6600614750243294,0.0005461944899677441,0.9525449674703406,1.324043985338216,0.2712033889294092
sensor_ettm2,OT,F0,sgd,classification,3,679,1,-1.2836159815394577,0.0006150480815301413,0.0005416467185040395,0.0006948373459283493,-2.6586172831348422,0.0005363322444947373,0.9519709146574818,1.324043985338216,0.2712033889294092
sensor_ettm2,OT,F0,adam,regression,0,20,1,-0.7487954065131021,0.0008267695487196117,7.007614527458301e-05,0.00448919577591941,-3.1190362655793926,0.00028403127877378993,0.0041083231886981176,1.324043985338216,0.2712033889294092
sensor_ettm2,OT,F0,adam,regression,1,20,1,-0.32896468850481814,0.0007655374383105029,5.345301787205625e-05,0.004449036050439807,-3.080768855356763,0.0024482667191799558,0.004680473054604627,1.324043985338216,0.2712033889294092
sensor_ettm2,OT,F0,adam,regression,2,20,1,2.039571705446072,0.0009410859465595784,6.530971461542327e-05,0.005007036177649736,-3.1348820731901426,0.0009009755388389109,0.004117686505222947,1.324043985338216,0.2712033889294092
sensor_ettm2,OT,F0,adam,regression,3,20,1,0.7105170609688447,0.0009431819286765577,4.9113547878036886e-05,0.004634087900083343,-3.0851705631328423,0.0034226196734621177,0.0044747543284971575,1.324043985338216,0.2712033889294092
sensor_ettm2,OT,F0,adam,classification,0,132,1,-2.872337124996988,3.947265887921748e-05,2.8188329797446282e-05,4.822630907495641e-05,-3.839908134963895,2.6307314137810454e-05,0.9734022196708764,1.324043985338216,0.2712033889294092
sensor_ettm2,OT,F0,adam,classification,1,130,1,-0.14298076687534814,3.1959607197203504e-05,2.610300195325648e-05,3.772734873217748e-05,-3.9129600194252077,3.1175148795478216e-05,0.970723306544202,1.324043985338216,0.2712033889294092
sensor_ettm2,OT,F0,adam,classification,2,128,1,-1.954147896142331,3.6773240947875227e-05,3.020261382187763e-05,4.999214324875745e-05,-3.8600061499420324,2.4438717349279525e-05,0.9739762724837352,1.324043985338216,0.2712033889294092
sensor_ettm2,OT,F0,adam,classification,3,126,1,-2.0265367667034955,3.8429986878643104e-05,2.799551658576059e-05,4.6240146721631675e-05,-3.874961970410445,2.823089590664442e-05,0.9720627631075393,1.324043985338216,0.2712033889294092
sensor_ettm2,OT,F4,sgd,regression,0,26,1,-2.601274531401719,0.00010381527598099138,5.9498710876655886e-05,0.00031622403538586653,-3.323720615184708,0.0001038550478203316,0.15994447509409,1.324043985338216,0.2712033889294092
sensor_ettm2,OT,F4,sgd,regression,1,27,1,-0.271909906492841,0.0001099057548978886,5.949847104100126e-05,0.0003871425238697734,-3.3507428494528675,0.00042282221955406807,0.16078341830623955,1.324043985338216,0.2712033889294092
sensor_ettm2,OT,F4,sgd,regression,2,27,1,-0.3434854437717638,8.971677977793709e-05,5.0984958664428506e-05,0.0003206042889454071,-3.3658044550319173,5.153524849776738e-05,0.15906423292247926,1.324043985338216,0.2712033889294092
sensor_ettm2,OT,F4,sgd,regression,3,26,1,0.11593195117138652,0.00011432195291902669,6.435068877045661e-05,0.00037240817186916773,-3.354251284177304,5.176905730707988e-05,0.16086996615691343,1.324043985338216,0.2712033889294092
sensor_ettm2,OT,F4,sgd,classification,0,710,1,-1.5868170621485254,0.0005867308433610905,0.0005162359709306415,0.0006890030032371236,-2.641478329636882,0.0005020279210148767,0.898584003061615,1.324043985338216,0.2712033889294092
sensor_ettm2,OT,F4,sgd,classification,1,719,1,-1.5992513542232212,0.0005460411997437491,0.00047558242186057143,0.000642689384245792,-2.6610773373699312,0.0004663907102597835,0.898584003061615,1.324043985338216,0.2712033889294092
sensor_ettm2,OT,F4,sgd,classification,2,690,1,-1.3912578009988432,0.0006030707607755413,0.0005388236234242652,0.0006903856250718874,-2.642463491224067,0.0005183520026699263,0.8993494068120934,1.324043985338216,0.2712033889294092
sensor_ettm2,OT,F4,sgd,classification,3,707,1,-1.5154525193647517,0.0005969144250928839,0.0005132357163410142,0.0006895139354390387,-2.6412174746753925,0.0005062554565362911,0.898584003061615,1.324043985338216,0.2712033889294092
sensor_ettm2,OT,F4,adam,regression,0,20,1,-0.7753362666973915,0.0008025608367047093,5.711580368843995e-05,0.004340780244099607,-3.1510049116027106,0.0002745767153186354,0.13616238550628926,1.324043985338216,0.2712033889294092
sensor_ettm2,OT,F4,adam,regression,1,20,1,-0.4223273601290173,0.0007497649986646702,4.310385173593594e-05,0.004253589635410223,-3.105513848717053,0.002807652576049952,0.13943096737530197,1.324043985338216,0.2712033889294092
sensor_ettm2,OT,F4,adam,regression,2,20,1,2.052076955881995,0.0009075908263619203,5.0765603474697676e-05,0.00473980895974835,-3.167575510327451,0.0007037873599240298,0.1380882491057309,1.324043985338216,0.2712033889294092
sensor_ettm2,OT,F4,adam,regression,3,20,1,0.5843233930272893,0.0008647911459187731,4.740580339516302e-05,0.004578907118300688,-3.115899492927005,0.003805980138965875,0.14079246050860778,1.324043985338216,0.2712033889294092
sensor_ettm2,OT,F4,adam,classification,0,141,1,-2.4198538646577017,3.814184539983126e-05,2.725010095223575e-05,4.463908123456274e-05,-3.914520319016654,2.585504568753605e-05,0.9131266743207042,1.324043985338216,0.2712033889294092
sensor_ettm2,OT,F4,adam,classification,1,135,1,-0.543976653494251,2.9421671968357654e-05,2.6087446725118786e-05,3.117109598401061e-05,-3.9931755376197557,2.910450765418508e-05,0.9125526215078454,1.324043985338216,0.2712033889294092
sensor_ettm2,OT,F4,adam,classification,2,135,1,-1.4582395336397251,3.470024871269357e-05,3.0134848429671004e-05,4.207858174718407e-05,-3.9391002689103263,2.569383360344158e-05,0.914657481821661,1.324043985338216,0.2712033889294092
sensor_ettm2,OT,F4,adam,classification,3,134,1,-1.6608070309235115,3.637560084306523e-05,2.7736869481898152e-05,4.1960571653802716e-05,-3.9462950451574286,2.7530388004975753e-05,0.9129353233830846,1.324043985338216,0.2712033889294092
sensor_ettm2,OT,FA,sgd,regression,0,27,1,-3.005675620855331,9.911825032165157e-05,5.533785377057238e-05,0.0003061292339945018,-3.3420400097347245,9.229158278504944e-05,0.11291529956353032,1.324043985338216,0.2712033889294092
sensor_ettm2,OT,FA,sgd,regression,1,28,1,-0.4720636657117987,0.00010080188590819363,5.2550277137210394e-05,0.0003708561829220717,-3.3742237809292037,0.0004053542890291559,0.11392802082446422,1.324043985338216,0.2712033889294092
sensor_ettm2,OT,FA,sgd,regression,2,27,1,-0.7696430818414411,8.160275510527123e-05,4.345354590761294e-05,0.0003047866167491359,-3.389745812899896,4.2964210603577055e-05,0.11228625010844817,1.324043985338216,0.2712033889294092
sensor_ettm2,OT,FA,sgd,regression,3,27,1,-0.18895704690047416,0.00010979913228133828,5.885361523835424e-05,0.0003588196462018537,-3.3738564900722987,4.461226651191822e-05,0.1139188346153574,1.324043985338216,0.2712033889294092
sensor_ettm2,OT,FA,sgd,classification,0,731,1,-1.6430328621725605,0.0005866967164993574,0.0005134569241425306,0.0006929780733182562,-2.6340540170160676,0.000498564021823759,0.9114045158821278,1.324043985338216,0.2712033889294092
sensor_ettm2,OT,FA,sgd,classification,1,736,1,-1.6632882201499577,0.000545937363696759,0.00047216814087914973,0.0006466280710239874,-2.653532707689086,0.0004622260990440315,0.9114045158821278,1.324043985338216,0.2712033889294092
sensor_ettm2,OT,FA,sgd,classification,2,711,1,-1.4433554772565549,0.0006041216989103502,0.000536946500226413,0.0006951236287001928,-2.6347473044365217,0.0005157897104358954,0.9115958668197475,1.324043985338216,0.2712033889294092
sensor_ettm2,OT,FA,sgd,classification,3,727,1,-1.5723168843859723,0.0005975598542933777,0.0005106588818649094,0.0006940444792541739,-2.633560351394712,0.0005031846369486043,0.9114045158821278,1.324043985338216,0.2712033889294092
sensor_ettm2,OT,FA,adam,regression,0,20,1,-0.7823923167157081,0.0007474720074522567,5.546597303275785e-05,0.004242883762888927,-3.1774054180679516,0.000273802645886107,0.09561012133752034,1.324043985338216,0.2712033889294092
sensor_ettm2,OT,FA,adam,regression,1,20,1,-0.5096393079996154,0.0007488890869826476,3.655892098814385e-05,0.004268374154015853,-3.1283186596221237,0.0031304755313239737,0.1011076086525568,1.324043985338216,0.2712033889294092
sensor_ettm2,OT,FA,adam,regression,2,20,1,1.9014601585243784,0.0008479993952142573,4.248912803058844e-05,0.004571437200860269,-3.1928762007913174,0.0005220071943034961,0.09871037472606678,1.324043985338216,0.2712033889294092
sensor_ettm2,OT,FA,adam,regression,3,20,1,0.5998310591800909,0.000844424688680597,4.4285848303466453e-05,0.0044877913290025774,-3.1393608572352156,0.004132325650773365,0.10195537242852311,1.324043985338216,0.2712033889294092
sensor_ettm2,OT,FA,adam,classification,0,144,1,-2.132410730654491,3.541895616413548e-05,2.620162070158109e-05,4.080743715845886e-05,-3.963118190994793,2.507581929815043e-05,0.9242250287026407,1.324043985338216,0.2712033889294092
sensor_ettm2,OT,FA,adam,classification,1,137,1,-0.5223659025776879,2.751452444557986e-05,2.4886455871690012e-05,2.8677439803215578e-05,-4.043883707856595,2.7284380201408813e-05,0.9230769230769231,1.324043985338216,0.2712033889294092
sensor_ettm2,OT,FA,adam,classification,2,138,1,-1.2892937603042305,3.223165508879614e-05,2.851947645912135e-05,3.795152148048585e-05,-3.9878804543910453,2.4849144537286513e-05,0.9267125908916953,1.324043985338216,0.2712033889294092
sensor_ettm2,OT,FA,adam,classification,3,137,1,-1.4457432723466812,3.368220338533706e-05,2.6395086571537845e-05,3.828341265233575e-05,-3.9911368826648066,2.622268361022719e-05,0.9244163796402602,1.324043985338216,0.2712033889294092
sensor_ettm2,OT,F10,sgd,regression,0,29,1,-2.5787743045912475,4.424282974090005e-05,6.515995099076025e-06,0.00023289128438942243,-4.221929109612607,5.017349927509261e-05,0.18897410244743976,1.324043985338216,0.2712033889294092
sensor_ettm2,OT,F10,sgd,regression,1,30,1,0.2995562868395652,5.322120313206713e-05,6.155705181128108e-06,0.00030005219310401496,-4.239887287470328,0.00033323171925649114,0.18870243808273765,1.324043985338216,0.2712033889294092
sensor_ettm2,OT,F10,sgd,regression,2,30,1,0.06934274988054878,4.1047215866324987e-05,5.7467819142486355e-06,0.00024088773499854037,-4.248825209033821,9.309631524490383e-06,0.18790100058921338,1.324043985338216,0.2712033889294092
sensor_ettm2,OT,F10,sgd,regression,3,30,1,2.501481510382681,5.042984592418688e-05,6.648475261548403e-06,0.0002970807742061166,-4.255666477360863,4.569018722211608e-06,0.1887001056733691,1.324043985338216,0.2712033889294092
sensor_ettm2,OT,F10,sgd,classification,0,827,1,-1.5125676004161979,0.0008064245946456332,0.000712368976933643,0.0009386708776189772,-2.5304857916600505,0.0006930510893092143,0.9039418293149637,1.324043985338216,0.2712033889294092
sensor_ettm2,OT,F10,sgd,classification,1,826,1,-1.5273022201905904,0.0007633269284800538,0.0006679446680414077,0.00088955504874247,-2.546117240183322,0.000653136347480557,0.9039418293149637,1.324043985338216,0.2712033889294092
sensor_ettm2,OT,F10,sgd,classification,2,812,1,-1.3603397720313828,0.0008254925150260966,0.0007377945845675408,0.0009413554104919758,-2.530960846540802,0.0007121668737227573,0.9039418293149637,1.324043985338216,0.2712033889294092
sensor_ettm2,OT,F10,sgd,classification,3,810,1,-1.4595466201350582,0.0008187926275993334,0.0007109565774474839,0.0009404485602248203,-2.529913319317511,0.0006986118127926665,0.9039418293149637,1.324043985338216,0.2712033889294092
sensor_ettm2,OT,F10,adam,regression,0,20,1,-1.6602028426175102,0.0007003711292737092,2.6228996311006217e-05,0.003806053517451349,-3.415609921901744,0.00032108374996368474,0.17065069675475839,1.324043985338216,0.2712033889294092
sensor_ettm2,OT,F10,adam,regression,1,20,1,-0.9206061573626491,0.0006429107308220429,2.155858222921475e-05,0.004084957358147715,-3.3677541788404253,0.0037388551874399075,0.17640054864654103,1.324043985338216,0.2712033889294092
sensor_ettm2,OT,F10,adam,regression,2,21,1,2.00555304163907,0.0007718914935888237,2.587126408794007e-05,0.004221673856905231,-3.4058991007029045,0.0001388944499626533,0.16779913364657895,1.324043985338216,0.2712033889294092
sensor_ettm2,OT,F10,adam,regression,3,21,1,-0.03612799489235072,0.0006959657958849436,3.0798254604603445e-05,0.004190027629177815,-3.3588166623111584,0.00456308968597541,0.17667560723180703,1.324043985338216,0.2712033889294092
sensor_ettm2,OT,F10,adam,classification,0,160,1,-2.51058247575299,1.5852100208916228e-05,1.3056896851335013e-05,2.10778801800943e-05,-4.074786391210114,1.2848401127188653e-05,0.9039418293149637,1.324043985338216,0.2712033889294092
sensor_ettm2,OT,F10,adam,classification,1,155,1,-2.641246008528705,1.0694335710841335e-05,8.00821819062276e-06,1.4381265028281549e-05,-4.186329589990266,8.028417069890846e-06,0.9039418293149637,1.324043985338216,0.2712033889294092
sensor_ettm2,OT,F10,adam,classification,2,154,1,-1.1538424090362431,2.0346767905033697e-05,1.8682914307053552e-05,2.354276996980965e-05,-4.063696421739524,1.6881076570511596e-05,0.9039418293149637,1.324043985338216,0.2712033889294092
sensor_ettm2,OT,F10,adam,classification,3,152,1,-2.0221155136899167,1.7934510270960646e-05,1.3814286103254747e-05,2.2464470875667383e-05,-4.056103252350566,1.4096210504838175e-05,0.9039418293149637,1.324043985338216,0.2712033889294092
sensor_ettm2,OT,F11,sgd,regression,0,26,1,-1.8958746966140572,0.00013204305018659239,8.800610238194386e-05,0.0003513400927142901,-3.2857388239095555,0.00013944400803909447,0.0342265222906112,1.324043985338216,0.2712033889294092
sensor_ettm2,OT,F11,sgd,regression,1,27,1,-0.30462862223761455,0.00014513825759258307,9.248103124586582e-05,0.00042773376258268875,-3.2936243664200915,0.0004602899102983606,0.03516230761868108,1.324043985338216,0.2712033889294092
sensor_ettm2,OT,F11,sgd,regression,2,26,1,-0.09027341695564284,0.00012100003372253884,8.213868975312681e-05,0.00036476268107819013,-3.3168372801146906,7.905098696976949e-05,0.03372227285301307,1.324043985338216,0.2712033889294092
sensor_ettm2,OT,F11,sgd,regression,3,26,1,0.27088508637683656,0.0001430855845704886,9.286338049946876e-05,0.00040356314781368703,-3.3077933056674516,8.029988581670017e-05,0.03478735964889734,1.324043985338216,0.2712033889294092
sensor_ettm2,OT,F11,sgd,classification,0,683,1,-1.371271689686616,0.0006095308533341994,0.0005467971564678736,0.0006996474533696419,-2.654795136026581,0.0005344796398339931,0.9357060849598163,1.324043985338216,0.2712033889294092
sensor_ettm2,OT,F11,sgd,classification,1,693,1,-1.3528324205023092,0.0005692977675597708,0.0005087454035532909,0.0006537271857275677,-2.6742427814785197,0.0005017324473733352,0.9358974358974359,1.324043985338216,0.2712033889294092
sensor_ettm2,OT,F11,sgd,classification,2,654,1,-1.1970912004950638,0.000621770389881583,0.0005657993798305915,0.0006983817324838855,-2.656798779104015,0.0005474497991309235,0.9364714887102947,1.324043985338216,0.2712033889294092
sensor_ettm2,OT,F11,sgd,classification,3,683,1,-1.2988860111160936,0.0006172780555151012,0.000542837018981883,0.0006983607842062407,-2.6553740671407184,0.0005373417810214873,0.9358974358974359,1.324043985338216,0.2712033889294092
sensor_ettm2,OT,F11,adam,regression,0,20,1,-0.7456425395765589,0.0008216209120283761,6.663688528785068e-05,0.004477141207241612,-3.1166167405743264,0.0002814543172002879,0.020473372985977824,1.324043985338216,0.2712033889294092
sensor_ettm2,OT,F11,adam,regression,1,20,1,-0.35346694331590045,0.0007650335949159961,5.1915690378456124e-05,0.0044206028757631955,-3.076794361853451,0.0024851360446458996,0.022649129660317274,1.324043985338216,0.2712033889294092
sensor_ettm2,OT,F11,adam,regression,2,20,1,2.115534965189239,0.0009351831922800344,6.339704779735082e-05,0.0050130348248385885,-3.133561357956059,0.0008792983135544569,0.021197367148780948,1.324043985338216,0.2712033889294092
sensor_ettm2,OT,F11,adam,regression,3,20,1,0.6142617205671811,0.0009305128618115251,4.7925267528970845e-05,0.004649506005513309,-3.082621170667329,0.0034644191814194375,0.02253304926153808,1.324043985338216,0.2712033889294092
sensor_ettm2,OT,F11,adam,classification,0,133,1,-2.8171999247131474,4.054932959245933e-05,2.9102490027845182e-05,4.929877870153349e-05,-3.8357115700091198,2.713664155948599e-05,0.9540757749712974,1.324043985338216,0.2712033889294092
sensor_ettm2,OT,F11,adam,classification,1,130,1,-0.23285555225685006,3.258583405547249e-05,2.706301584943616e-05,3.7763799831689694e-05,-3.908461894532292,3.1826742875607414e-05,0.9517795637198623,1.324043985338216,0.2712033889294092
sensor_ettm2,OT,F11,adam,classification,2,129,1,-1.8912273867756786,3.7821740097973686e-05,3.127346614856847e-05,5.057642811323859e-05,-3.855829559150249,2.5546924230234594e-05,0.9546498277841562,1.324043985338216,0.2712033889294092
sensor_ettm2,OT,F11,adam,classification,3,127,1,-1.987337911670949,3.936660205597867e-05,2.8900577180912393e-05,4.714843557725353e-05,-3.870545983711702,2.9057837852561253e-05,0.9531190202831994,1.324043985338216,0.2712033889294092
electricity_load,s0,F0,sgd,regression,0,29,1,-1.606764709043945,6.903150684622251e-05,1.3069839320429365e-05,0.000287325611273034,-3.7448439258879143,9.425342179832758e-05,0.14486087860906108,0.6140000000000002,0.16511006092403338
electricity_load,s0,F0,sgd,regression,1,30,1,0.1742766102833139,6.609642153049538e-05,1.197231204240749e-05,0.00032782909062676946,-3.8102220134327247,0.0003814391707990911,0.14533502586898892,0.6140000000000002,0.16511006092403338
electricity_load,s0,F0,sgd,regression,2,29,1,-1.6050644587004934,5.8527731259999335e-05,1.5851255766201635e-05,0.0002853878009628575,-3.8078033441619366,2.1759655155893285e-05,0.14513297168856537,0.6140000000000002,0.16511006092403338
electricity_load,s0,F0,sgd,regression,3,29,1,3.578890927309528,8.228086592116972e-05,2.069481601169801e-05,0.00033035523116552574,-3.83003504773234,2.8613561549353846e-06,0.14503758775111525,0.6140000000000002,0.16511006092403338
electricity_load,s0,F0,sgd,classification,0,625,1,-1.2081543928779037,0.00041020078346596885,0.00035969805607554914,0.0004552652391232989,-2.876161256917767,0.00035112428761970254,0.9553978712620375,0.6140000000000002,0.16511006092403338
electricity_load,s0,F0,sgd,classification,1,642,1,-0.9566428947102896,0.00038705404357797517,0.0003597512538515907,0.00042033917840623704,-2.8964025692958946,0.00035266667537742447,0.955271160669032,0.6140000000000002,0.16511006092403338
electricity_load,s0,F0,sgd,classification,2,594,1,-1.0607903341976517,0.00038245206745141953,0.0003461197878095071,0.0004201616980415774,-2.895067801526514,0.0003337179644068451,0.9555245818550431,0.6140000000000002,0.16511006092403338
electricity_load,s0,F0,sgd,classification,3,612,1,-1.1213265343525702,0.00040589516455257,0.00035456380067534456,0.00044865210329572393,-2.8825846719981527,0.00035133512947548414,0.9553978712620375,0.6140000000000002,0.16511006092403338
electricity_load,s0,F0,adam,regression,0,19,1,-0.9104788772275957,0.001179786598905909,0.00022722819178302775,0.004772529614700106,-2.997235272214715,0.0002817627926717012,0.14536566936658996,0.6140000000000002,0.16511006092403338
electricity_load,s0,F0,adam,regression,1,19,1,-0.18270086532651478,0.0010627387660119125,0.00021251168197164327,0.004503176433980362,-2.9932032585526422,0.002988408761407072,0.1457972790503509,0.6140000000000002,0.16511006092403338
electricity_load,s0,F0,adam,regression,2,19,1,0.9767760422470166,0.0012505001962881844,0.00032795642437597253,0.004905722487890605,-2.9923853378499348,0.0011477910262740795,0.14430326352654335,0.6140000000000002,0.16511006092403338
electricity_load,s0,F0,adam,regression,3,19,1,0.844643051952623,0.0011549754855022434,0.00026226533490250153,0.004844622743977655,-2.972347270953709,0.004197889791405951,0.1450953939964675,0.6140000000000002,0.16511006092403338
electricity_load,s0,F0,adam,classification,0,102,1,-2.922250711582113,2.005002258758337e-05,5.519587000309254e-06,0.00011270983212527714,-4.118390876296051,3.254028615117937e-05,0.9586923466801824,0.6140000000000002,0.16511006092403338
electricity_load,s0,F0,adam,classification,1,105,1,1.6824464924445979,3.210112355249274e-05,9.39911572090761e-06,0.00012767754574216297,-4.138824827212182,2.948666702810266e-05,0.9576786619361378,0.6140000000000002,0.16511006092403338
electricity_load,s0,F0,adam,classification,2,100,1,-1.889779530334476,2.8591983977066965e-05,8.929671001924668e-06,8.37351422032398e-05,-4.1771523470310115,1.178537646428657e-05,0.9581855043081602,0.6140000000000002,0.16511006092403338
electricity_load,s0,F0,adam,classification,3,100,1,2.6379059209543696,3.577733168103216e-05,1.3086757039204057e-05,8.321704056105878e-05,-4.191007460988734,4.354604663527111e-05,0.9581855043081602,0.6140000000000002,0.16511006092403338
electricity_load,s0,F4,sgd,regression,0,27,1,-2.5957288215636676,0.00010801859363956682,6.312524036604e-05,0.0003154792455205356,-3.348196231017323,0.00010597274342955401,0.21847085696796076,0.6140000000000002,0.16511006092403338
electricity_load,s0,F4,sgd,regression,1,28,1,-0.9665108359856569,0.00011766766774568794,6.735718739866047e-05,0.00038867933328932703,-3.3518297375181887,0.000411417416476296,0.21828128243872716,0.6140000000000002,0.16511006092403338
electricity_load,s0,F4,sgd,regression,2,27,1,-0.38580008458739085,9.346896320523658e-05,5.654264676639398e-05,0.0003192668669741384,-3.3980356443059097,4.975514788570393e-05,0.21824231536354077,0.6140000000000002,0.16511006092403338
electricity_load,s0,F4,sgd,regression,3,27,1,-0.4694225785985996,0.0001165476014666037,6.292080322272256e-05,0.00036332192905465417,-3.367880807450783,4.77633607736213e-05,0.21865485281306646,0.6140000000000002,0.16511006092403338
electricity_load,s0,F4,sgd,classification,0,840,1,-1.5331787342005703,0.0005256155313548502,0.00046868205888209814,0.0006135906001448478,-2.647649945520064,0.00045777837494877477,0.9432336543335023,0.6140000000000002,0.16511006092403338
electricity_load,s0,F4,sgd,classification,1,837,1,-1.490410048891725,0.0004861203224942153,0.00043275293087248544,0.000567223741306983,-2.669809919863288,0.0004278655008209248,0.9432336543335023,0.6140000000000002,0.16511006092403338
electricity_load,s0,F4,sgd,classification,2,830,1,-1.323843983452881,0.0005393827809293328,0.000488386571900786,0.0006135196352410289,-2.6496370846760144,0.0004705093814971653,0.9437404967055246,0.6140000000000002,0.16511006092403338
electricity_load,s0,F4,sgd,classification,3,824,1,-1.4428356664604596,0.0005335241709248165,0.00046376329386193404,0.0006125273118472652,-2.6482575679541087,0.0004602360527609256,0.9432336543335023,0.6140000000000002,0.16511006092403338
electricity_load,s0,F4,adam,regression,0,20,1,-0.5873702964022719,0.0007807127735600501,6.455391512987158e-05,0.004318489230030172,-3.150987942704341,0.00026104680682515564,0.21542531134039655,0.6140000000000002,0.16511006092403338
electricity_load,s0,F4,adam,regression,1,20,1,-0.4351977380193972,0.000766837635340816,4.731669886934198e-05,0.004232167610868582,-3.1171881612101098,0.003081970590082043,0.2149066018397341,0.6140000000000002,0.16511006092403338
electricity_load,s0,F4,adam,regression,2,20,1,1.4131882024526807,0.0008825378500997458,6.493620960483477e-05,0.004587090690079177,-3.154697619926983,0.0005658884876705882,0.216287391938545,0.6140000000000002,0.16511006092403338
electricity_load,s0,F4,adam,regression,3,20,1,0.8215307353526322,0.0008776755360578494,6.314887441810625e-05,0.004536646174897624,-3.1203803107363606,0.004097408892282267,0.2189770997114344,0.6140000000000002,0.16511006092403338
electricity_load,s0,F4,adam,classification,0,156,1,-3.8332745592488755,2.7009946621881716e-05,1.6076806462868796e-05,3.3865448795310575e-05,-3.9292940780215337,1.4059817366860505e-05,0.9489356310187532,0.6140000000000002,0.16511006092403338
electricity_load,s0,F4,adam,classification,1,149,1,0.9150413583265555,2.4680225409604083e-05,1.572486063333583e-05,4.29148228000972e-05,-3.987350467850455,1.935899407311599e-05,0.9489356310187532,0.6140000000000002,0.16511006092403338
electricity_load,s0,F4,adam,classification,2,149,1,-3.0559175546526274,2.019641158076323e-05,1.4479032182776717e-05,3.707743719191101e-05,-3.9667824026607157,1.0472526084276618e-05,0.9490623416117587,0.6140000000000002,0.16511006092403338
electricity_load,s0,F4,adam,classification,3,148,1,-2.7433218036972633,2.68067198740871e-05,1.6474205125984563e-05,3.600341897691558e-05,-3.959800734682821,1.7586692742261525e-05,0.9489356310187532,0.6140000000000002,0.16511006092403338
electricity_load,s0,FA,sgd,regression,0,28,1,-2.8105598397816944,9.805042245465272e-05,5.438048678486978e-05,0.0003015558788519287,-3.387020793940475,9.44170764194059e-05,0.208266068555403,0.6140000000000002,0.16511006092403338
electricity_load,s0,FA,sgd,regression,1,28,1,-1.011607628675716,0.00010588746041200732,5.779651833888888e-05,0.0003716385576076115,-3.3937761866939553,0.00039497577573795515,0.20838675930028763,0.6140000000000002,0.16511006092403338
electricity_load,s0,FA,sgd,regression,2,28,1,-0.4120887494508117,8.348755038695783e-05,4.71443838189098e-05,0.0003042406134662181,-3.4425724439654166,4.141177249226246e-05,0.2080960974888794,0.6140000000000002,0.16511006092403338
electricity_load,s0,FA,sgd,regression,3,28,1,-0.5367429339751045,0.0001063588094900844,5.396015810870997e-05,0.00034911608091563217,-3.4089964118227885,3.8985014029092314e-05,0.2085657621522249,0.6140000000000002,0.16511006092403338
electricity_load,s0,FA,sgd,classification,0,869,1,-1.8804201467884138,0.0004474836370593263,0.0003874383059379532,0.0005421029196823687,-2.663889946111746,0.0003758508123394457,0.9443740496705525,0.6140000000000002,0.16511006092403338
electricity_load,s0,FA,sgd,classification,1,866,1,-1.8759983115986432,0.0004077180335693404,0.0003497202421276524,0.000495376898782883,-2.6882128328240587,0.00034412632230763034,0.9442473390775469,0.6140000000000002,0.16511006092403338
electricity_load,s0,FA,sgd,classification,2,868,1,-1.6154597998728533,0.00046464335958514686,0.0004102001961515132,0.0005441471550460241,-2.664822190548621,0.00039137013289074847,0.944500760263558,0.6140000000000002,0.16511006092403338
electricity_load,s0,FA,sgd,classification,3,850,1,-1.7786208101041403,0.0004573650296758296,0.00038328064568645813,0.0005426507988780075,-2.6637749676426448,0.00037943672431945075,0.9442473390775469,0.6140000000000002,0.16511006092403338
electricity_load,s0,FA,adam,regression,0,20,1,-0.5828667812133568,0.000756028189814714,6.597338679178033e-05,0.004171429716997933,-3.1672342461688716,0.000269130728302274,0.20498892349608655,0.6140000000000002,0.16511006092403338
electricity_load,s0,FA,adam,regression,1,20,1,-0.6011949155865937,0.0007294192466990015,4.687999852433843e-05,0.004334625449481949,-3.1330584235366885,0.003299608739953737,0.2057286546151526,0.6140000000000002,0.16511006092403338
electricity_load,s0,FA,adam,regression,2,20,1,1.2728724376022287,0.0008503256163784298,5.7894807633242386e-05,0.0045311193639133475,-3.170156512542918,0.00044403564869738987,0.20581899782169666,0.6140000000000002,0.16511006092403338
electricity_load,s0,FA,adam,regression,3,20,1,0.830234184340278,0.0008381095690028318,6.6851523564062e-05,0.004433861615650892,-3.1373032180544014,0.004299045036149817,0.20904657327555415,0.6140000000000002,0.16511006092403338
electricity_load,s0,FA,adam,classification,0,159,1,-4.287083192116407,2.1122098497066377e-05,1.1446176383744768e-05,2.677843378175789e-05,-4.028093884661671,9.813504331285598e-06,0.951089711099848,0.6140000000000002,0.16511006092403338
electricity_load,s0,FA,adam,classification,1,153,1,1.4788439063874077,2.1458654285029608e-05,1.1534427011716122e-05,3.772453559270855e-05,-4.089483057313406,1.6625403113141653e-05,0.9508362899138368,0.6140000000000002,0.16511006092403338
electricity_load,s0,FA,adam,classification,2,153,1,-3.1850686191491118,1.5664156908905144e-05,1.0849658317390808e-05,3.144080989303362e-05,-4.070894253666397,6.87728598615289e-06,0.9512164216928535,0.6140000000000002,0.16511006092403338
electricity_load,s0,FA,adam,classification,3,151,1,-2.98315291400077,2.126778509324689e-05,1.2023967026025892e-05,2.9468273864120116e-05,-4.064020489662831,1.3044033163227544e-05,0.9508362899138368,0.6140000000000002,0.16511006092403338
electricity_load,s0,F10,sgd,regression,0,34,1,-2.5918771567989243,4.101661658296215e-05,8.77509683520868e-06,0.00019913724292473808,-4.216052839718193,3.99735721665972e-05,0.2900637015116675,0.6140000000000002,0.16511006092403338
electricity_load,s0,F10,sgd,regression,1,34,1,0.4914990526546782,4.804223535885572e-05,8.220514531793268e-06,0.00026036487057721716,-4.232553688033633,0.00028339124384987435,0.28970257270344224,0.6140000000000002,0.16511006092403338
electricity_load,s0,F10,sgd,regression,2,35,1,0.2066794354919745,3.534329259847479e-05,7.846246780834448e-06,0.00020378958235691495,-4.242286727460498,9.63751536949011e-06,0.2889361001355132,0.6140000000000002,0.16511006092403338
electricity_load,s0,F10,sgd,regression,3,34,1,2.3673348468767053,4.4828191378630525e-05,8.45559136864663e-06,0.0002682528155531299,-4.252268011721577,8.892037265933267e-06,0.2897110477435508,0.6140000000000002,0.16511006092403338
electricity_load,s0,F10,sgd,classification,0,1169,1,-1.8534795581266426,0.0008142460107007887,0.0006988232687422943,0.000980892043452427,-2.4602987227969377,0.0006754834649072007,0.9142169285352255,0.6140000000000002,0.16511006092403338
electricity_load,s0,F10,sgd,classification,1,1149,1,-1.8821032105668314,0.000764794070393849,0.0006481862395288457,0.0009235889748616957,-2.476969719913298,0.0006304842764183089,0.9142169285352255,0.6140000000000002,0.16511006092403338
electricity_load,s0,F10,sgd,classification,2,1154,1,-1.6698604036339673,0.0008381180811243597,0.0007297363921120373,0.0009848273087463813,-2.4602404029448857,0.0006985313913799781,0.9142169285352255,0.6140000000000002,0.16511006092403338
electricity_load,s0,F10,sgd,classification,3,1150,1,-1.7903642925527319,0.0008290866333521736,0.0006965942465797016,0.0009825262588122677,-2.459587816128031,0.0006817941113905332,0.9142169285352255,0.6140000000000002,0.16511006092403338
electricity_load,s0,F10,adam,regression,0,20,1,-1.6659185083072783,0.0005818413699721892,2.301873625468932e-05,0.003232367551664913,-3.4441335263521915,0.0008354343058428952,0.2674382359058012,0.6140000000000002,0.16511006092403338
electricity_load,s0,F10,adam,regression,1,20,1,-1.9739320424403979,0.0005140782699283325,1.251941220000122e-05,0.0036706306687642807,-3.3981379069611584,0.0033084787173201114,0.2752889195662735,0.6140000000000002,0.16511006092403338
electricity_load,s0,F10,adam,regression,2,21,1,1.6627503607367302,0.0006671169820275354,2.4182099356759107e-05,0.0038953345161541527,-3.4242206385108966,1.7322438028285782e-06,0.26616002299697705,0.6140000000000002,0.16511006092403338
electricity_load,s0,F10,adam,regression,3,21,1,-0.2268654501571359,0.0005204857332749213,2.204459042148778e-05,0.0035175882090406605,-3.403163305318818,0.003231531254813206,0.2741350392597571,0.6140000000000002,0.16511006092403338
electricity_load,s0,F10,adam,classification,0,203,1,-3.0420256530403145,7.837729409181123e-06,6.183030360177928e-06,1.113266388392624e-05,-4.285120856048426,6.196255416946481e-06,0.9143436391282311,0.6140000000000002,0.16511006092403338
electricity_load,s0,F10,adam,classification,1,197,1,-3.200485188981217,4.366891393258269e-06,3.010998030168112e-06,6.358190963540503e-06,-4.450995395405195,3.089554371483851e-06,0.9143436391282311,0.6140000000000002,0.16511006092403338
electricity_load,s0,F10,adam,classification,2,188,1,-0.9511942280945963,1.1637681054990416e-05,1.0791877197615856e-05,1.3391626876682731e-05,-4.26639965711569,9.393350831408937e-06,0.9145970603142423,0.6140000000000002,0.16511006092403338
electricity_load,s0,F10,adam,classification,3,194,1,-2.2756858160864537,9.242885308934913e-06,6.68372323637462e-06,1.222586645116695e-05,-4.2593041732415395,7.0800392691540685e-06,0.9143436391282311,0.6140000000000002,0.16511006092403338
electricity_load,s0,F11,sgd,regression,0,31,1,-2.6532557342303607,8.958737912289461e-05,4.548555787727972e-05,0.0002971171293564739,-3.2928483743345396,0.00010373509237426347,0.16710577905016197,0.6140000000000002,0.16511006092403338
electricity_load,s0,F11,sgd,regression,1,31,1,-1.486624471205963,8.45059153358777e-05,3.7164484497228475e-05,0.0003438599751111538,-3.3272656549204984,0.00037636657192378865,0.16679414139339185,0.6140000000000002,0.16511006092403338
electricity_load,s0,F11,sgd,regression,2,31,1,-1.337535420662232,7.142246527961195e-05,3.098089809889396e-05,0.00028627891511871854,-3.3745211070018213,2.2828261131868247e-05,0.16683864639162277,0.6140000000000002,0.16511006092403338
electricity_load,s0,F11,sgd,regression,3,31,1,0.061779858120957626,9.834143595464784e-05,5.3317933363713105e-05,0.0003471451161129861,-3.3279695680016266,2.709049065755913e-05,0.16702116085010846,0.6140000000000002,0.16511006092403338
electricity_load,s0,F11,sgd,classification,0,758,1,-0.9816138833062424,0.0006968378239978336,0.0006366854642061569,0.0007630753148660578,-2.6656534947367145,0.0006253868591431499,0.9532437911809427,0.6140000000000002,0.16511006092403338
electricity_load,s0,F11,sgd,classification,1,761,1,-0.8348494476272643,0.0006649440443295229,0.0006235982696068143,0.0007215813046602985,-2.682160227299451,0.0006181058315650658,0.9533705017739483,0.6140000000000002,0.16511006092403338
electricity_load,s0,F11,sgd,classification,2,735,1,-0.8815666756225089,0.0006811611595036811,0.0006313503089803676,0.0007382636330348855,-2.6742161801053608,0.0006156246117145246,0.9537506335529651,0.6140000000000002,0.16511006092403338
electricity_load,s0,F11,sgd,classification,3,746,1,-0.9001262061324619,0.0006970553929276327,0.0006317591527625074,0.0007573006877950054,-2.6686861153169894,0.0006274710671211781,0.9533705017739483,0.6140000000000002,0.16511006092403338
electricity_load,s0,F11,adam,regression,0,20,1,-0.1380352918511588,0.00093303971157737,0.00012428071899654136,0.0042682096979710865,-3.0370245364039508,0.00025661951972831245,0.16702675351441176,0.6140000000000002,0.16511006092403338
electricity_load,s0,F11,adam,regression,1,20,1,-0.4139445557256439,0.0008504019278506343,0.00010643298056417071,0.004324316521089981,-3.0356464591196874,0.0032549515475889914,0.16702879237266355,0.6140000000000002,0.16511006092403338
electricity_load,s0,F11,adam,regression,2,20,1,0.8566432340808464,0.0010196529074085788,0.0001530831519240942,0.004672001866575356,-3.0383214849252322,0.0006117906731502379,0.16870773830295752,0.6140000000000002,0.16511006092403338
electricity_load,s0,F11,adam,regression,3,20,1,0.8691607309009901,0.0009074574649686538,0.0001490329494807006,0.004585057064819041,-3.0215625131715487,0.004574165234978185,0.16689302122331495,0.6140000000000002,0.16511006092403338
electricity_load,s0,F11,adam,classification,0,137,1,-3.1991327086484884,2.2641544272215925e-05,1.4810340111832764e-05,6.583893960864973e-05,-3.919046611976838,2.7303593108995442e-05,0.9569183983781044,0.6140000000000002,0.16511006092403338
electricity_load,s0,F11,adam,classification,1,131,1,-0.7539029201756787,3.16602336333831e-05,1.1379402720478494e-05,0.00010323028735520784,-3.9162625614868087,1.1599231898328928e-05,0.9572985301571212,0.6140000000000002,0.16511006092403338
electricity_load,s0,F11,adam,classification,2,130,1,-1.1826787040199351,2.32102836576944e-05,1.3499479103728811e-05,6.611536324226411e-05,-3.9805979045244864,1.3323749034589566e-05,0.9572985301571212,0.6140000000000002,0.16511006092403338
electricity_load,s0,F11,adam,classification,3,128,1,-2.340918578848266,2.7550214050956504e-05,1.3933894793081391e-05,4.5479429383941864e-05,-3.9350423449856744,2.7267526885808625e-05,0.9569183983781044,0.6140000000000002,0.16511006092403338
electricity_load,s53,F0,sgd,regression,0,122,1,-1.6065933780371193,9.884594386322742e-05,3.2836076293354815e-05,0.00032168728097097356,-3.2676224177746143,7.23049249257305e-05,0.14970543713205742,1.6678235294117645,0.0912704752994491
electricity_load,s53,F0,sgd,regression,1,122,1,-1.102294326863185,8.236999750004044e-05,2.784810388984857e-05,0.00030776397173477204,-3.31641883643625,0.00033791913219845016,0.1496841703195182,1.6678235294117645,0.0912704752994491
electricity_load,s53,F0,sgd,regression,2,113,1,-1.4917421684816343,6.746924868002637e-05,2.0436512673427866e-05,0.00026151585253671514,-3.373686180475774,1.610445772093817e-05,0.1496232279577777,1.6678235294117645,0.0912704752994491
electricity_load,s53,F0,sgd,regression,3,117,1,0.6830842538706613,0.00010019558799868829,3.936843448600487e-05,0.0003257508479677348,-3.3100176655005544,1.681836928259618e-05,0.14960606927161285,1.6678235294117645,0.0912704752994491
electricity_load,s53,F0,sgd,classification,0,1775,1,-1.657933370177866,0.0009447635518418517,0.0008076160674512008,0.0010901519548331684,-2.4949124005471557,0.0007838799764654092,0.8651799290420679,1.6678235294117645,0.0912704752994491
electricity_load,s53,F0,sgd,classification,1,1769,1,-1.3230277731754816,0.0009087475474696624,0.0008134234338969132,0.0010132771066614214,-2.506523611285682,0.0007920747343012563,0.8642929548910289,1.6678235294117645,0.0912704752994491
electricity_load,s53,F0,sgd,classification,2,1756,1,-1.4727826584434902,0.0008983809596575092,0.0007943576077799842,0.0010275038119643089,-2.5076226568338806,0.0007637349705788914,0.8653066396350735,1.6678235294117645,0.0912704752994491
electricity_load,s53,F0,sgd,classification,3,1735,1,-1.5249047551958617,0.0009503113001819601,0.00081032493161013,0.0010883165442962849,-2.5012289301294626,0.0007981170342580916,0.8651799290420679,1.6678235294117645,0.0912704752994491
electricity_load,s53,F0,adam,regression,0,87,1,-0.9457178395683202,0.0012517039305438246,0.0002654567174489361,0.004557412507361895,-2.854045800860998,0.00024702775582464287,0.14985778072506056,1.6678235294117645,0.0912704752994491
electricity_load,s53,F0,adam,regression,1,84,1,-0.2023929751304948,0.0011949443652830522,0.00020720470774727683,0.004207570289199694,-2.868312652597604,0.0027069168034759526,0.15011127580446432,1.6678235294117645,0.0912704752994491
electricity_load,s53,F0,adam,regression,2,79,1,0.21435586589176991,0.0013101419342251498,0.00028386414570958566,0.004676537973203143,-2.8609818869329047,0.0007312031245766634,0.15154975991767405,1.6678235294117645,0.0912704752994491
electricity_load,s53,F0,adam,regression,3,86,1,0.5821569883453788,0.0011719540618264747,0.0002361182848729373,0.004678431072635287,-2.8460079178900077,0.0047189720341292785,0.14967090116817297,1.6678235294117645,0.0912704752994491
electricity_load,s53,F0,adam,classification,0,306,1,-3.629097742117165,4.114881008050697e-05,9.442072954736358e-06,0.00017261204810797666,-3.7658886653448036,2.5686350342029148e-05,0.8831728332488596,1.6678235294117645,0.0912704752994491
electricity_load,s53,F0,adam,classification,1,298,1,-0.17929442218752192,4.566446586991104e-05,6.193678485750622e-06,0.00017799012607103937,-3.8070624664439356,4.677173927282067e-05,0.8822858590978205,1.6678235294117645,0.0912704752994491
electricity_load,s53,F0,adam,classification,2,289,1,0.215644290759105,3.002383755513936e-05,8.94003698227764e-06,0.00013924833084791636,-3.899880462985478,7.112265604989527e-06,0.8805119107957425,1.6678235294117645,0.0912704752994491
electricity_load,s53,F0,adam,classification,3,297,1,-0.10661635547888029,3.908358453189269e-05,1.4757486921352615e-05,0.0001563295680068921,-3.809071485714469,3.224307429026029e-05,0.8826659908768373,1.6678235294117645,0.0912704752994491
electricity_load,s53,F4,sgd,regression,0,146,1,-2.2061138320927762,0.00012147040065222381,8.002682031797305e-05,0.0002697428366553696,-3.2450066096522523,0.00011390511180415381,0.8234656947901202,1.6678235294117645,0.0912704752994491
electricity_load,s53,F4,sgd,regression,1,150,1,-1.563793063493855,0.00011675409086667814,7.355957426530857e-05,0.0002985229311967788,-3.2519871726139007,0.0002903980671163934,0.8210214709847631,1.6678235294117645,0.0912704752994491
electricity_load,s53,F4,sgd,regression,2,136,1,-0.9481880979997079,0.00010196199582755424,6.604537273869762e-05,0.00024390079293886926,-3.308749487363016,5.320526483755822e-05,0.8229657843804621,1.6678235294117645,0.0912704752994491
electricity_load,s53,F4,sgd,regression,3,141,1,-0.8537409928443177,0.00011415968041384513,7.632152887813817e-05,0.0002893436013151304,-3.2625450375261753,5.562726230323344e-05,0.8232359031023215,1.6678235294117645,0.0912704752994491
electricity_load,s53,F4,sgd,classification,0,2072,1,-1.4555227105066513,0.0015566821622721371,0.0013491604346991637,0.001769779341157731,-2.3750606537749226,0.0013093564045875642,0.6458438925494171,1.6678235294117645,0.0912704752994491
electricity_load,s53,F4,sgd,classification,1,2059,1,-1.3151863002591984,0.001482706931148161,0.0013252141513140215,0.0016694154823603358,-2.3856305766479338,0.0012964395219294718,0.6459706031424227,1.6678235294117645,0.0912704752994491
electricity_load,s53,F4,sgd,classification,2,2027,1,-1.3784451497107564,0.0014991100666727878,0.0013298425448046896,0.0017033948651113064,-2.382997335318235,0.001289192544400652,0.646477445514445,1.6678235294117645,0.0912704752994491
electricity_load,s53,F4,sgd,classification,3,2005,1,-1.35431750758252,0.0015403477122116643,0.0013450687346490547,0.0017416021260506524,-2.3819336247104457,0.0013133659488672542,0.6459706031424227,1.6678235294117645,0.0912704752994491
electricity_load,s53,F4,adam,regression,0,74,1,-0.5476568266918299,0.0007698111449667569,0.00010248974345428305,0.0033094682202653852,-3.1016534837775507,0.0010832771538691276,0.811981972578763,1.6678235294117645,0.0912704752994491
electricity_load,s53,F4,adam,regression,1,75,1,-0.886467126051205,0.0006459348906582721,8.686048619268921e-05,0.0033627160061648095,-3.092175215784007,0.0020369936798257837,0.8110361522528957,1.6678235294117645,0.0912704752994491
electricity_load,s53,F4,adam,regression,2,72,1,-0.140117535029318,0.0007213247443850171,0.00011244862527348906,0.0036087853483700062,-3.091957327864498,0.0002314427382569987,0.816692258849122,1.6678235294117645,0.0912704752994491
electricity_load,s53,F4,adam,regression,3,75,1,0.43206549336272965,0.000633792068262246,0.00010190267119779442,0.0032235030419426733,-3.1036479531333256,0.0015110457948395942,0.8309913885269796,1.6678235294117645,0.0912704752994491
electricity_load,s53,F4,adam,classification,0,309,1,-2.538952627309369,3.759917488675102e-05,2.729685229077383e-05,9.395966184789711e-05,-3.768571061583539,3.0882987241065055e-05,0.6594019260010137,1.6678235294117645,0.0912704752994491
electricity_load,s53,F4,adam,classification,1,306,1,-0.06011111314671574,5.1898840629884614e-05,2.7357206168365463e-05,0.00013057627005129448,-3.7715948654781686,2.4037328593114646e-05,0.6590217942219969,1.6678235294117645,0.0912704752994491
electricity_load,s53,F4,adam,classification,2,294,1,-1.6711125252449517,3.4565859551018956e-05,2.439441951351075e-05,8.125171045649459e-05,-3.8046539053259374,2.4349214234090652e-05,0.6611758743030918,1.6678235294117645,0.0912704752994491
electricity_load,s53,F4,adam,classification,3,297,1,-2.31704706080862,4.678354941444986e-05,2.4104031625246738e-05,6.918464586061401e-05,-3.764996945018855,4.5434789871543774e-05,0.6594019260010137,1.6678235294117645,0.0912704752994491
electricity_load,s53,FA,sgd,regression,0,163,1,-2.3381900535106177,0.00013254581886412137,9.483364744193344e-05,0.0002483844971325716,-3.231490178032286,0.00011425312543100984,0.5320973244104918,1.6678235294117645,0.0912704752994491
electricity_load,s53,FA,sgd,regression,1,171,1,-1.5597791726009893,0.00014236898248394387,9.444852629419379e-05,0.0002984369534439335,-3.2209359913965874,0.00025934632643956297,0.5346239959716496,1.6678235294117645,0.0912704752994491
electricity_load,s53,FA,sgd,regression,2,152,1,-1.0820401839673994,0.00011487775573215178,8.024490222203886e-05,0.00023208572419958567,-3.2870639472128196,6.3423121145274e-05,0.532664182248105,1.6678235294117645,0.0912704752994491
electricity_load,s53,FA,sgd,regression,3,158,1,-1.327998896853076,0.0001321709650745611,9.156695248667002e-05,0.00027261384913598744,-3.236280809785896,8.073083122389738e-05,0.5332030958417843,1.6678235294117645,0.0912704752994491
electricity_load,s53,FA,sgd,classification,0,2119,1,-1.2784776541061962,0.0015772701586481144,0.001389492691357254,0.0017675726103285581,-2.388079579206408,0.0013524853570542894,0.7151545869234668,1.6678235294117645,0.0912704752994491
electricity_load,s53,FA,sgd,classification,1,2099,1,-1.1616071292301888,0.0015088485291377717,0.0013646933095436446,0.0016777304257634183,-2.398669176233114,0.0013385756521630589,0.7146477445514445,1.6678235294117645,0.0912704752994491
electricity_load,s53,FA,sgd,classification,2,2063,1,-1.2199999435475686,0.001524815915234135,0.0013689031416216203,0.0017080931222847853,-2.3953552604450716,0.0013313967595960877,0.7161682716675114,1.6678235294117645,0.0912704752994491
electricity_load,s53,FA,sgd,classification,3,2049,1,-1.1918330090207856,0.0015602035764850889,0.0013824022656705114,0.0017392343135032267,-2.39420862919712,0.001353059669660419,0.7152812975164724,1.6678235294117645,0.0912704752994491
electricity_load,s53,FA,adam,regression,0,74,1,-0.44988144109785566,0.000694214247333148,8.034330834764942e-05,0.0026542168979797197,-3.1875193577458005,0.0007597172598965642,0.5153298383592968,1.6678235294117645,0.0912704752994491
electricity_load,s53,FA,adam,regression,1,75,1,-0.4991555935854297,0.0005009695026183577,7.542644579911323e-05,0.0027554439978293077,-3.1826552391236755,0.0015991513147663064,0.5196051178228988,1.6678235294117645,0.0912704752994491
electricity_load,s53,FA,adam,regression,2,72,1,0.3869264457265022,0.0005996006157922021,8.73299782462242e-05,0.0030867948317840283,-3.1767820532948017,0.00012860824519303558,0.5145777562032628,1.6678235294117645,0.0912704752994491
electricity_load,s53,FA,adam,regression,3,75,1,1.1917386109804962,0.0005394657709455132,8.164496783702387e-05,0.002774776909612578,-3.1833318107430864,0.00023799009019624348,0.5312209742808512,1.6678235294117645,0.0912704752994491
electricity_load,s53,FA,adam,classification,0,314,1,-2.3176001794480423,3.947118949628016e-05,2.9381385853437206e-05,8.865144611889979e-05,-3.7669689162255695,3.480829827787478e-05,0.7498732894069944,1.6678235294117645,0.0912704752994491
electricity_load,s53,FA,adam,classification,1,312,1,0.15400672999646037,5.018840864770601e-05,3.1642877018459164e-05,0.00012234906378743516,-3.770346221140868,2.6493384813464282e-05,0.7474657881398885,1.6678235294117645,0.0912704752994491
electricity_load,s53,FA,adam,classification,2,305,1,-1.7651666679370468,3.480107749638966e-05,2.5801154898944134e-05,7.729454049530221e-05,-3.799553246557425,2.505815147573798e-05,0.7493664470349721,1.6678235294117645,0.0912704752994491
electricity_load,s53,FA,adam,classification,3,302,1,-2.295554324521986,4.759253349260637e-05,2.589433368681085e-05,6.654883728009684e-05,-3.7624863777425444,4.3792459575259925e-05,0.7501267105930056,1.6678235294117645,0.0912704752994491
electricity_load,s53,F10,sgd,regression,0,77,1,-2.0752933808253506,5.367153679847919e-05,4.067982153811639e-05,0.0001300891139058461,-3.9856395155863655,3.8699062668038026e-05,0.7095534549203816,1.6678235294117645,0.0912704752994491
electricity_load,s53,F10,sgd,regression,1,77,1,0.3767917771498599,6.027931652264054e-05,3.572901908133785e-05,0.0001676466324507657,-3.9856185583418258,0.00012582270996240152,0.7093549268340659,1.6678235294117645,0.0912704752994491
electricity_load,s53,F10,sgd,regression,2,76,1,-0.28199522755120254,5.1946651684487956e-05,3.483936199184312e-05,0.00012610665000238995,-4.007677595037026,3.178311471416424e-05,0.7075762859217092,1.6678235294117645,0.0912704752994491
electricity_load,s53,F10,sgd,regression,3,75,1,0.8460780243879144,5.5639512107728836e-05,3.79690422272524e-05,0.00014682682374243504,-4.011274482172413,6.399475764137059e-05,0.7093221391543658,1.6678235294117645,0.0912704752994491
electricity_load,s53,F10,sgd,classification,0,1997,1,-1.6635012518993502,0.0010898165207004129,0.0009503839273869804,0.0012862951135648017,-2.3763574044013507,0.0009217364265151537,0.6983020780537252,1.6678235294117645,0.0912704752994491
electricity_load,s53,F10,sgd,classification,1,1959,1,-1.6805463087237866,0.0010362220061693414,0.0008952353923506168,0.0012243454126535677,-2.390457135077902,0.0008724209161061801,0.6983020780537252,1.6678235294117645,0.0912704752994491
electricity_load,s53,F10,sgd,classification,2,1977,1,-1.5196523041724368,0.001114669421702998,0.000982936305583652,0.0012899451871274238,-2.376327989410329,0.0009461058622986586,0.6984287886467309,1.6678235294117645,0.0912704752994491
electricity_load,s53,F10,sgd,classification,3,1983,1,-1.6135055469200792,0.0011055928671797385,0.0009484252030543301,0.0012878517749114287,-2.3757962643576622,0.0009285155386305325,0.6983020780537252,1.6678235294117645,0.0912704752994491
electricity_load,s53,F10,adam,regression,0,20,1,-0.5828213985002286,0.00036488531114783657,1.913669445253119e-05,0.001723148807868819,-3.5740869987455817,0.00018270103806728797,0.663328597280069,1.6678235294117645,0.0912704752994491
electricity_load,s53,F10,adam,regression,1,20,1,-0.14983176467134937,0.0003213379837254264,1.696362481871379e-05,0.0017151792060772953,-3.561556601259078,0.0017662144877177073,0.6901666219734072,1.6678235294117645,0.0912704752994491
electricity_load,s53,F10,adam,regression,2,21,1,-0.16987278147661825,0.00029625043787291085,1.8166657129489717e-05,0.0021419366061751063,-3.58238323620728,0.00028326724086085386,0.6646271296835137,1.6678235294117645,0.0912704752994491
electricity_load,s53,F10,adam,regression,3,20,1,1.6109885669217008,0.0003129764715550265,1.2196701577296246e-05,0.0018120962122578216,-3.5943149198822057,0.00022348996607220948,0.6770455026917893,1.6678235294117645,0.0912704752994491
electricity_load,s53,F10,adam,classification,0,262,1,-2.383175985839962,1.656782344881001e-05,1.3757980759300429e-05,2.1647963270923565e-05,-4.077303659869221,1.353817926823242e-05,0.6990623416117587,1.6678235294117645,0.0912704752994491
electricity_load,s53,F10,adam,classification,1,252,1,-2.4471633935957935,1.1027103882184957e-05,8.477058711838734e-06,1.4552275716119336e-05,-4.193458453912885,8.538486542233321e-06,0.6989356310187532,1.6678235294117645,0.0912704752994491
electricity_load,s53,F10,adam,classification,2,245,1,-1.0720080621852879,2.086706415804981e-05,1.927400537732452e-05,2.3942539181599327e-05,-4.068432027872857,1.7492685408040245e-05,0.6993157627977699,1.6678235294117645,0.0912704752994491
electricity_load,s53,F10,adam,classification,3,257,1,-1.898455705040154,1.8494407144706868e-05,1.440323952402817e-05,2.286844989860393e-05,-4.059462642533315,1.4734826348049383e-05,0.6989356310187532,1.6678235294117645,0.0912704752994491
electricity_load,s53,F11,sgd,regression,0,126,1,-1.9043269229989852,0.0001514378216272307,8.948360336653455e-05,0.00036961316025225404,-3.1094215001857646,0.00011625613700315926,0.33696170531065966,1.6678235294117645,0.0912704752994491
electricity_load,s53,F11,sgd,regression,1,127,1,-1.644737798087234,0.0001274542337969381,7.50508409311517e-05,0.00035014913576050663,-3.1437159516196833,0.00036289497082021025,0.33556316591872837,1.6678235294117645,0.0912704752994491
electricity_load,s53,F11,sgd,regression,2,118,1,-1.5425364798378867,0.00012126555480461237,6.568398556377628e-05,0.000303515845665334,-3.177165983395673,5.435773001354035e-05,0.33646245513782397,1.6678235294117645,0.0912704752994491
electricity_load,s53,F11,sgd,regression,3,121,1,-0.38254280162410226,0.00014634049925121072,8.779735398037655e-05,0.0003641684460116635,-3.141429386521545,5.374705520326843e-05,0.3368254596368705,1.6678235294117645,0.0912704752994491
electricity_load,s53,F11,sgd,classification,0,1999,1,-1.5790189710343856,0.001175768100753379,0.0010137121262006588,0.001347870309349522,-2.4234958131518214,0.0009854414670590155,0.7830714647744551,1.6678235294117645,0.0912704752994491
electricity_load,s53,F11,sgd,classification,1,1960,1,-1.3038549570780735,0.001124252237641986,0.0010109204127310516,0.0012562351002228928,-2.43484959322449,0.0009879370914465384,0.7824379118094272,1.6678235294117645,0.0912704752994491
electricity_load,s53,F11,sgd,classification,2,1945,1,-1.431612913915202,0.0011246400900639828,0.0009997492844042405,0.0012822592775496556,-2.434056273142806,0.0009655752068475686,0.782818043588444,1.6678235294117645,0.0912704752994491
electricity_load,s53,F11,sgd,classification,3,1915,1,-1.4461574180396444,0.0011773539374689505,0.0010179138470741685,0.001339369853116501,-2.430153555333939,0.0010002645589658602,0.782818043588444,1.6678235294117645,0.0912704752994491
electricity_load,s53,F11,adam,regression,0,80,1,-0.876180829292623,0.00115063268355971,0.00020802414524961682,0.004375788868669861,-2.8784731949435507,0.0002923076395857625,0.33288129598845007,1.6678235294117645,0.0912704752994491
electricity_load,s53,F11,adam,regression,1,79,1,-0.3539151898366674,0.0010717365217056862,0.00016955987297157608,0.004200565224612013,-2.89196340312624,0.002749905250983611,0.33076196939314584,1.6678235294117645,0.0912704752994491
electricity_load,s53,F11,adam,regression,2,75,1,0.14039997301458948,0.0012070151178509045,0.00024428210248618774,0.004514755668678942,-2.8869052991583657,0.0005731915959150004,0.3335159159738589,1.6678235294117645,0.0912704752994491
electricity_load,s53,F11,adam,regression,3,79,1,0.49559236107688537,0.001041154932052152,0.00019104789869571072,0.0043764483409173775,-2.8718988301934094,0.004663860648470006,0.34076312366262806,1.6678235294117645,0.0912704752994491
electricity_load,s53,F11,adam,classification,0,323,1,-3.1651845592163808,4.481108361658675e-05,2.2312462185207345e-05,0.00015789514141019913,-3.6791154499831564,2.860808045773818e-05,0.8199442473390776,1.6678235294117645,0.0912704752994491
electricity_load,s53,F11,adam,classification,1,318,1,-0.7129389100647335,5.446358799740711e-05,2.096770137908021e-05,0.00017008049092221897,-3.6913748622937437,3.365893716844034e-05,0.8217181956411556,1.6678235294117645,0.0912704752994491
electricity_load,s53,F11,adam,classification,2,312,1,-0.587920332804871,3.9039309027145545e-05,1.939799243041096e-05,0.0001200707080959453,-3.7618029259845627,1.3407613172290488e-05,0.8210846426761277,1.6678235294117645,0.0912704752994491
electricity_load,s53,F11,adam,classification,3,313,1,-1.7021053837127107,4.242782250044841e-05,1.871301194582509e-05,0.0001279044133795394,-3.6985121424871155,4.8227677068112904e-05,0.8218449062341612,1.6678235294117645,0.0912704752994491
electricity_load,s106,F0,sgd,regression,0,52,1,-1.0073515081398177,8.22133766078754e-05,2.375295130857485e-05,0.0003002434734322257,-3.790451860320264,8.382233467534112e-05,0.5063108503273626,0.593,0.14557868823195616
electricity_load,s106,F0,sgd,regression,1,53,1,0.12303370265319448,7.317707886315396e-05,1.8199958495855473e-05,0.00031129104161419977,-3.8612558575610674,0.00035863018169965524,0.5046021626756441,0.593,0.14557868823195616
electricity_load,s106,F0,sgd,regression,2,47,1,-1.185704734932843,6.939110805673743e-05,2.3987151219004806e-05,0.00027036852866131454,-3.842844660216634,4.117668281439143e-05,0.5056403552113035,0.593,0.14557868823195616
electricity_load,s106,F0,sgd,regression,3,51,1,3.48747707743751,9.762931260361412e-05,2.7994924566832142e-05,0.0003320675651406732,-3.8632122127724537,1.0039969486114918e-05,0.5054528265155446,0.593,0.14557868823195616
electricity_load,s106,F0,sgd,classification,0,673,1,-4.342826256507094,6.734394115493337e-05,3.906924990025273e-05,9.585066909591946e-05,-3.2775151020630258,3.620689818589474e-05,0.7961226558540294,0.593,0.14557868823195616
electricity_load,s106,F0,sgd,classification,1,684,1,-2.833499414690053,6.977611485423776e-05,5.4785158555098045e-05,8.214756281075183e-05,-3.2844833241928884,4.761803373734894e-05,0.7987835783071465,0.593,0.14557868823195616
electricity_load,s106,F0,sgd,classification,2,629,1,-2.51374215160179,6.328271557084114e-05,4.716357086129857e-05,7.652149230687054e-05,-3.3203701149538962,3.982500685812571e-05,0.8037252914343639,0.593,0.14557868823195616
electricity_load,s106,F0,sgd,classification,3,655,1,-4.560315543829977,6.836910339028916e-05,3.498582908130984e-05,9.965525296693574e-05,-3.2779212271401668,3.657931198467584e-05,0.798910288900152,0.593,0.14557868823195616
electricity_load,s106,F0,adam,regression,0,46,1,-1.3436717443808617,0.001384074401141523,0.00034698096283519145,0.004786089438306488,-2.915908955530106,0.0003616907898238468,0.5052877001249666,0.593,0.14557868823195616
electricity_load,s106,F0,adam,regression,1,46,1,-0.2627902337425253,0.0013205710843230043,0.00030674320966314747,0.004585479871925876,-2.9151169206081393,0.003380319619940451,0.5042154130048955,0.593,0.14557868823195616
electricity_load,s106,F0,adam,regression,2,44,1,0.42305084141324845,0.0014885989310853187,0.0004550565891272119,0.004947258993439847,-2.913559439086808,0.0009439043771148684,0.5099305938113307,0.593,0.14557868823195616
electricity_load,s106,F0,adam,regression,3,46,1,0.5599780553819981,0.001360101877915935,0.00037667995627462203,0.004924169870558901,-2.889727587345278,0.0045994213940980366,0.5060568753019729,0.593,0.14557868823195616
electricity_load,s106,F0,adam,classification,0,110,1,-1.6608419372098153,8.033896570140231e-05,2.7077514885131294e-05,0.00019843745767398856,-3.945220575059292,6.277983106059216e-05,0.8175367460719716,0.593,0.14557868823195616
electricity_load,s106,F0,adam,classification,1,113,1,0.2885864609513467,6.738249764981169e-05,1.7387969153885814e-05,0.00017950897129124873,-3.998129879383282,0.00010255767236625383,0.8101875316776482,0.593,0.14557868823195616
electricity_load,s106,F0,adam,classification,2,96,1,-0.9720581100846681,6.823406410790422e-05,2.7121514209796982e-05,0.00015961657692694948,-3.9975543944453173,5.2500536625902394e-05,0.8180435884439939,0.593,0.14557868823195616
electricity_load,s106,F0,adam,classification,3,102,1,2.961178629351024,8.596190161934842e-05,2.7855131040762602e-05,0.00020404074673828636,-3.9942513364011334,0.0001050982263655429,0.7944754181449569,0.593,0.14557868823195616
electricity_load,s106,F4,sgd,regression,0,41,1,-2.508413750729262,8.731822336379398e-05,4.531892001131452e-05,0.0002815076009881357,-3.333450862369299,0.00010042618104937416,0.613540075280384,0.593,0.14557868823195616
electricity_load,s106,F4,sgd,regression,1,42,1,-1.5786702835903268,8.593504921702348e-05,3.9508689056669215e-05,0.00032965437556518233,-3.346375287949767,0.00035550222856607855,0.6132970624269106,0.593,0.14557868823195616
electricity_load,s106,F4,sgd,regression,2,40,1,-0.7819792115209578,7.290177616164418e-05,3.4970045850934905e-05,0.0002674774395477993,-3.4106668472836374,2.7270847986484662e-05,0.6144360182662459,0.593,0.14557868823195616
electricity_load,s106,F4,sgd,regression,3,41,1,-0.3410093424650557,8.917391109044623e-05,4.368407478423146e-05,0.00032403954119552864,-3.361307374378418,2.462942103219152e-05,0.614379938155357,0.593,0.14557868823195616
electricity_load,s106,F4,sgd,classification,0,899,1,-1.207440963168203,0.0008764624691265268,0.0007794814014946814,0.0009776764302973065,-2.573976829812436,0.0007608438490454818,0.811454637607704,0.593,0.14557868823195616
electricity_load,s106,F4,sgd,classification,1,898,1,-1.0684478796665215,0.0008276561114910238,0.0007574487420563267,0.0009161710817482473,-2.5902069632545435,0.0007472877228613168,0.8113279270146985,0.593,0.14557868823195616
electricity_load,s106,F4,sgd,classification,2,900,1,-1.124728372386464,0.0008488593038591045,0.0007697524546574776,0.0009429999897636802,-2.582102723125313,0.0007482787824673463,0.8115813482007096,0.593,0.14557868823195616
electricity_load,s106,F4,sgd,classification,3,868,1,-1.1044803563195624,0.0008694824644887495,0.0007726887827394185,0.0009617185652952433,-2.579550292737102,0.0007613487700123281,0.8113279270146985,0.593,0.14557868823195616
electricity_load,s106,F4,adam,regression,0,45,1,-0.21095312156341328,0.0008979883347229988,0.00010541155823768459,0.004071277786723972,-3.073219318256922,0.00031237247790987844,0.6131299125884547,0.593,0.14557868823195616
electricity_load,s106,F4,adam,regression,1,46,1,-0.6542734036831878,0.0008151182147593335,8.79383603019712e-05,0.004133517091345989,-3.065349019973543,0.003467727255746372,0.6099516044814323,0.593,0.14557868823195616
electricity_load,s106,F4,adam,regression,2,21,1,0.6162643794300889,0.0008976509424067503,0.00012744739682487996,0.0042911505099213045,-3.0713730839665883,0.0003148292488672679,0.6162479070641388,0.593,0.14557868823195616
electricity_load,s106,F4,adam,regression,3,46,1,0.5656343179088549,0.0007777578894852874,0.0001302538373258079,0.004462855386686555,-3.0567598355952685,0.004706707098165165,0.6240492698767712,0.593,0.14557868823195616
electricity_load,s106,F4,adam,classification,0,160,1,-3.9336466020888814,1.8382701230816097e-05,9.693399968292642e-06,3.913168954846122e-05,-3.995195046229801,1.5175386372602437e-05,0.8193106943740497,0.593,0.14557868823195616
electricity_load,s106,F4,adam,classification,1,150,1,1.1724430039369038,2.133595029993141e-05,1.3279911483681898e-05,7.891524526848534e-05,-4.002884423812512,1.0019087243715543e-05,0.8191839837810441,0.593,0.14557868823195616
electricity_load,s106,F4,adam,classification,2,150,1,-2.4179616977008678,1.5792611486151597e-05,9.15585283022391e-06,4.166273688596274e-05,-4.051608695605276,7.595582669588595e-06,0.8198175367460719,0.593,0.14557868823195616
electricity_load,s106,F4,adam,classification,3,147,1,-3.7084973575798332,2.114368953154617e-05,8.326308754780641e-06,3.324821637944615e-05,-4.000831648033018,1.748387841987582e-05,0.8193106943740497,0.593,0.14557868823195616
electricity_load,s106,FA,sgd,regression,0,38,1,-2.593987395289879,9.197804219525518e-05,5.475792109029364e-05,0.0002704458796237815,-3.3304461069669364,9.895588909117135e-05,0.5676481368113908,0.593,0.14557868823195616
electricity_load,s106,FA,sgd,regression,1,37,1,-1.5584377250363015,9.83807066625613e-05,5.288411346787777e-05,0.0003327238810016023,-3.328975263708204,0.00034284962487713403,0.5667187352718437,0.593,0.14557868823195616
electricity_load,s106,FA,sgd,regression,2,39,1,-0.6621739303782296,8.309276917161035e-05,4.7636369946091226e-05,0.00026864989643909107,-3.3932308068414434,3.7853084379089075e-05,0.5675484727009998,0.593,0.14557868823195616
electricity_load,s106,FA,sgd,regression,3,38,1,-0.7907667479527599,9.392029356217158e-05,5.026172617567343e-05,0.0003238095378958409,-3.3500682685675875,3.3579245840331157e-05,0.5676226570917816,0.593,0.14557868823195616
electricity_load,s106,FA,sgd,classification,0,1091,1,-1.1411085332407016,0.0008536802754262866,0.0007650567208010196,0.0009470637666760889,-2.5947964557953362,0.0007481232570334151,0.799797263051191,0.593,0.14557868823195616
electricity_load,s106,FA,sgd,classification,1,1046,1,-1.0041595000602872,0.0008074761840103581,0.0007437291674078151,0.0008890631840173112,-2.611197816634361,0.0007347782051104713,0.7996705524581855,0.593,0.14557868823195616
electricity_load,s106,FA,sgd,classification,2,1072,1,-1.055407161010242,0.0008290813321343252,0.0007566703142660186,0.0009147986199010198,-2.6027583829878838,0.0007363336453704486,0.8003041054232134,0.593,0.14557868823195616
electricity_load,s106,FA,sgd,classification,3,1043,1,-1.0435182669274603,0.0008481792633444089,0.0007581333397878065,0.0009328773574066111,-2.599898985205254,0.0007485383870340124,0.799797263051191,0.593,0.14557868823195616
electricity_load,s106,FA,adam,regression,0,20,1,-0.10915529147098826,0.0008060498203629164,9.315825688887311e-05,0.0036802064749796265,-3.1202814458711043,0.00048719017865877026,0.5647036520714304,0.593,0.14557868823195616
electricity_load,s106,FA,adam,regression,1,20,1,-1.073726357373875,0.0006675781506299313,6.699377365586104e-05,0.0039748881678196065,-3.1049041961301116,0.0035732430770122696,0.5626724323762339,0.593,0.14557868823195616
electricity_load,s106,FA,adam,regression,2,21,1,0.6928333165964161,0.0008030799588615895,0.00010121887437498642,0.004089542253272383,-3.1137903511210534,0.00011426858264483694,0.5666021897873347,0.593,0.14557868823195616
electricity_load,s106,FA,adam,regression,3,20,1,0.5462958796929552,0.0006840737496063259,0.00010499023206447182,0.003996544177166813,-3.1034438466535286,0.0044039999504177805,0.5702421839841665,0.593,0.14557868823195616
electricity_load,s106,FA,adam,classification,0,169,1,-3.115332102017225,1.8901504166919426e-05,1.1551649683302873e-05,5.969551435328132e-05,-3.9891877974311676,2.6041666214198697e-05,0.8010643689812468,0.593,0.14557868823195616
electricity_load,s106,FA,adam,classification,1,162,1,-0.4298861765855333,2.587892244831005e-05,1.1076903123210387e-05,9.149087585407265e-05,-3.9702447041848243,6.604914010928702e-06,0.8106943740496706,0.593,0.14557868823195616
electricity_load,s106,FA,adam,classification,2,156,1,-1.496816658882908,1.89452217199009e-05,1.1523952672492158e-05,5.546164713083754e-05,-4.04560995670369,1.0547169751558597e-05,0.8100608210846427,0.593,0.14557868823195616
electricity_load,s106,FA,adam,classification,3,151,1,-3.7951205170405244,2.0845355985178792e-05,8.346910398176467e-06,3.562244400871142e-05,-4.009073761696454,1.8325213775905898e-05,0.8052458185504309,0.593,0.14557868823195616
electricity_load,s106,F10,sgd,regression,0,68,1,-2.0617519271812044,6.404020887029824e-05,4.9185985653715226e-05,0.00014382136546345383,-3.908518764262084,4.656668406817644e-05,0.7583808774595053,0.593,0.14557868823195616
electricity_load,s106,F10,sgd,regression,1,70,1,0.20091101682510062,7.009252109284534e-05,4.298941210989237e-05,0.00018742873284762114,-3.9143597919765827,0.00014809497741055555,0.7573972232948879,0.593,0.14557868823195616
electricity_load,s106,F10,sgd,regression,2,68,1,-0.3633540434443842,6.006724449799323e-05,4.2101305913815535e-05,0.00014116292305830708,-3.9327231442467214,3.744666011978551e-05,0.7568574714113796,0.593,0.14557868823195616
electricity_load,s106,F10,sgd,regression,3,68,1,0.6885050581704112,6.583083064623482e-05,4.583468481375457e-05,0.00017196190763310782,-3.937268150877935,6.790628679900049e-05,0.7577818846546753,0.593,0.14557868823195616
electricity_load,s106,F10,sgd,classification,0,2862,1,-1.63687485893679,0.0014914716045639266,0.001301500158041377,0.00175417485180506,-2.2804102017704846,0.0012619026194656683,0.691839837810441,0.593,0.14557868823195616
electricity_load,s106,F10,sgd,classification,1,2793,1,-1.654052380139033,0.001427475539623376,0.0012352863928029004,0.0016803536317647973,-2.292552778869332,0.001202592570127648,0.6920932589964521,0.593,0.14557868823195616
electricity_load,s106,F10,sgd,classification,2,2825,1,-1.513962469855133,0.0015200684319131882,0.0013393144649048686,0.0017573394094257306,-2.2804693954885176,0.0012901253602496986,0.6923466801824633,0.593,0.14557868823195616
electricity_load,s106,F10,sgd,classification,3,2821,1,-1.594068938437134,0.0015097590798372586,0.00129915236759063,0.001755012181533389,-2.2801302523897795,0.001269617473366815,0.6922199695894576,0.593,0.14557868823195616
electricity_load,s106,F10,adam,regression,0,20,1,-0.44717012801313105,0.00042196938890829436,1.928344592675981e-05,0.0017959751626771255,-3.5552560952034473,0.00021792980381730043,0.7138541429712478,0.593,0.14557868823195616
electricity_load,s106,F10,adam,regression,1,20,1,-0.6205456887613454,0.0003282937954869139,1.5445428836374928e-05,0.0019484989827151205,-3.5340858009510825,0.0020565530942679173,0.7372672435991374,0.593,0.14557868823195616
electricity_load,s106,F10,adam,regression,2,21,1,0.21461581379700007,0.00031716517828167046,2.1424170264715338e-05,0.0022895973067139108,-3.553692800713783,0.00024237934722673028,0.7215604896024328,0.593,0.14557868823195616
electricity_load,s106,F10,adam,regression,3,20,1,1.4929290723116833,0.0003395179178440552,1.0639817583978042e-05,0.001921514987696303,-3.5620307345297437,0.00013994984446360793,0.7261427453429864,0.593,0.14557868823195616
electricity_load,s106,F10,adam,classification,0,312,1,-2.156014272908341,2.0268295402102115e-05,1.719400726833348e-05,2.5677025157745026e-05,-4.013067258134893,1.6897976677602737e-05,0.6946274708565636,0.593,0.14557868823195616
electricity_load,s106,F10,adam,classification,1,305,1,-1.9492885152560762,1.4129005508506889e-05,1.1746156681057957e-05,1.7686336765520194e-05,-4.122757380175409,1.1858154255120285e-05,0.6952610238215915,0.593,0.14557868823195616
electricity_load,s106,F10,adam,classification,2,307,1,-1.0040797833482742,2.4558628316853595e-05,2.2809972721618237e-05,2.792357373249901e-05,-4.007188624612338,2.0832124929601227e-05,0.6952610238215915,0.593,0.14557868823195616
electricity_load,s106,F10,adam,classification,3,318,1,-1.706051536081923,2.1980806788195878e-05,1.754174039417762e-05,2.662989463495898e-05,-3.9986164782531115,1.7960837531236303e-05,0.6952610238215915,0.593,0.14557868823195616
electricity_load,s106,F11,sgd,regression,0,82,1,-2.325658176694005,7.508770510997603e-05,1.9456480923760815e-05,0.00027987140495030707,-3.351060555020332,9.004303855823155e-05,0.5620502849817087,0.593,0.14557868823195616
electricity_load,s106,F11,sgd,regression,1,85,1,-1.2342881315790515,6.44743574136159e-05,1.4084875800231373e-05,0.0003124252338714253,-3.406924653770673,0.0003527226536303308,0.5591957089347658,0.593,0.14557868823195616
electricity_load,s106,F11,sgd,regression,2,76,1,-1.3875615815901734,5.6192366815121206e-05,1.720943838703983e-05,0.00026014824283685217,-3.4294788573611013,1.5267058848953517e-05,0.5609669389683624,0.593,0.14557868823195616
electricity_load,s106,F11,sgd,regression,3,82,1,1.1901651623267102,8.000488370353312e-05,2.4906514152544333e-05,0.00032317774436597436,-3.3993956675944936,5.493688470859294e-06,0.5612788722750718,0.593,0.14557868823195616
electricity_load,s106,F11,sgd,classification,0,1001,1,-1.5177831893948242,0.0009092459000250776,0.0007797050012518731,0.0010349387917945822,-2.556149639044127,0.0007576139459789847,0.8261530663963508,0.593,0.14557868823195616
electricity_load,s106,F11,sgd,classification,1,1006,1,-1.2635926229450896,0.0008707496079192003,0.0007867886365107731,0.0009723736223141159,-2.567453976024921,0.0007703281578251194,0.8260263558033452,0.593,0.14557868823195616
electricity_load,s106,F11,sgd,classification,2,992,1,-1.3542752889116305,0.0008617414376806487,0.0007635790853338225,0.0009685190245050468,-2.570044207761065,0.0007375791295008905,0.8272934617334009,0.593,0.14557868823195616
electricity_load,s106,F11,sgd,classification,3,951,1,-1.4101470733943158,0.0009097623187427279,0.0007819550351233148,0.001030488415660378,-2.56139304143753,0.0007698556849568518,0.8262797769893563,0.593,0.14557868823195616
electricity_load,s106,F11,adam,regression,0,68,1,-0.4634510236117357,0.0010330951638659368,0.0001810317776093054,0.0045022026575570855,-2.971888657123914,0.0002417485343010373,0.5602175485291745,0.593,0.14557868823195616
electricity_load,s106,F11,adam,regression,1,69,1,-0.16406471217190832,0.0010169508811084828,0.0001392359203457611,0.004211954222531193,-2.9762952327199836,0.0030520123814473496,0.5574829171933112,0.593,0.14557868823195616
electricity_load,s106,F11,adam,regression,2,67,1,0.5199805866676888,0.0010702565202812897,0.00020720176069673006,0.004541918293288365,-2.9738915591098576,0.0008635661226247742,0.5676525541320969,0.593,0.14557868823195616
electricity_load,s106,F11,adam,regression,3,68,1,0.7364453273107427,0.0009802819358900139,0.00020429210301418953,0.0047075305564829905,-2.9560554072395298,0.004661861228066902,0.5615166770185045,0.593,0.14557868823195616
electricity_load,s106,F11,adam,classification,0,215,1,-2.6481172235620987,2.540672408178612e-05,1.4345558453793643e-05,0.00010584553784108134,-3.8762034421411315,3.844147934709413e-05,0.8408514951849975,0.593,0.14557868823195616
electricity_load,s106,F11,adam,classification,1,202,1,-0.4707833112886628,3.5080252477161366e-05,1.0681076761160547e-05,0.000125018236144177,-3.9059031889030416,2.1209903435011676e-05,0.8408514951849975,0.593,0.14557868823195616
electricity_load,s106,F11,adam,classification,2,181,1,-1.141804679677073,2.730558569371956e-05,1.172881555329393e-05,8.161400351349751e-05,-3.9652808842171328,1.305067378531099e-05,0.8409782057780031,0.593,0.14557868823195616
electricity_load,s106,F11,adam,classification,3,188,1,-0.41160444836333887,3.3445090858597924e-05,1.6262291013807556e-05,6.781858339103448e-05,-3.9157621412378467,3.9502285710565126e-05,0.8407247845919918,0.593,0.14557868823195616
electricity_load,s159,F0,sgd,regression,0,108,1,-1.6342031594504458,0.00011466957043980737,4.6004259813611335e-05,0.00035343584686578467,-3.356652413370958,9.960110805392164e-05,0.056123572909311026,1.3319638554216866,0.15411386916214395
electricity_load,s159,F0,sgd,regression,1,111,1,-1.3891142092211475,9.831970979534954e-05,4.21594256582692e-05,0.0003605429905601676,-3.3857763464226536,0.000389743155790953,0.056279515812259054,1.3319638554216866,0.15411386916214395
electricity_load,s159,F0,sgd,regression,2,104,1,-0.924482298610187,8.004702811578222e-05,3.0907467731828286e-05,0.0003083565149980211,-3.453995391961612,2.561992128951082e-05,0.05587015989564728,1.3319638554216866,0.15411386916214395
electricity_load,s159,F0,sgd,regression,3,107,1,0.0013597391389661157,0.00010598271691621598,4.623556213348966e-05,0.00035283579564805104,-3.390233230841831,2.307798276973035e-05,0.05607358475126958,1.3319638554216866,0.15411386916214395
electricity_load,s159,F0,sgd,classification,0,1694,1,-1.6706273777077376,0.0014470662402629336,0.0012330186389601621,0.0016773815492088222,-2.3287620031502905,0.0011935751245171575,0.937024835276229,1.3319638554216866,0.15411386916214395
electricity_load,s159,F0,sgd,classification,1,1712,1,-1.4759731929245714,0.0013748787423659987,0.0012115292604568061,0.0015620365126167701,-2.3395638897066595,0.0011764394125891888,0.9379118094272682,1.3319638554216866,0.15411386916214395
electricity_load,s159,F0,sgd,classification,2,1689,1,-1.5734706723029448,0.0013894007228649218,0.0012167118738179723,0.001611127273370801,-2.337154744207567,0.0011730227007821289,0.9380385200202737,1.3319638554216866,0.15411386916214395
electricity_load,s159,F0,sgd,classification,3,1665,1,-1.5595134848545822,0.0014331659142872808,0.0012297639640666213,0.0016501611250375253,-2.336541342131056,0.0011985654219214222,0.9372782564622403,1.3319638554216866,0.15411386916214395
electricity_load,s159,F0,adam,regression,0,70,1,-1.170399580790817,0.0012016020479205971,0.0001683458871768264,0.005091835372568426,-2.9275528180970434,0.0001353466753911293,0.05560079760110905,1.3319638554216866,0.15411386916214395
electricity_load,s159,F0,adam,regression,1,70,1,0.20030794023016218,0.0012470789699074668,0.0001625599713133785,0.004582914202488494,-2.9349160881360405,0.001872341853370267,0.05652692260633972,1.3319638554216866,0.15411386916214395
electricity_load,s159,F0,adam,regression,2,70,1,0.47842859073984645,0.001262349682143995,0.00019504804980034307,0.005018905758904186,-2.941096077562035,0.0013196284596919013,0.0559646558321175,1.3319638554216866,0.15411386916214395
electricity_load,s159,F0,adam,regression,3,72,1,0.5831166006195042,0.0011976403879473548,0.0001455901074631515,0.004688886788497919,-2.9209409642997843,0.0036696858919752578,0.05755322299483236,1.3319638554216866,0.15411386916214395
electricity_load,s159,F0,adam,classification,0,280,1,-4.79091651796036,2.7932193715793274e-05,1.0152334225628783e-05,0.00012299031336413015,-3.7928747232084974,4.9001141134492635e-06,0.9271414090217942,1.3319638554216866,0.15411386916214395
electricity_load,s159,F0,adam,classification,1,276,1,0.5240116460208358,3.3923424232249583e-05,6.257888398612904e-06,0.00014345404617904163,-3.8963197742844575,1.3636083756709394e-05,0.9249873289406995,1.3319638554216866,0.15411386916214395
electricity_load,s159,F0,adam,classification,2,258,1,-1.8862443943386893,2.0491377118100993e-05,6.7922142689371476e-06,8.83480981749804e-05,-3.873666176355757,6.960901025956201e-06,0.9276482513938166,1.3319638554216866,0.15411386916214395
electricity_load,s159,F0,adam,classification,3,283,1,-1.2432364645542846,2.9120060807750405e-05,1.1766866106304235e-05,0.00011146330987884692,-3.8466863474766426,5.701502649872342e-05,0.9252407501267106,1.3319638554216866,0.15411386916214395
electricity_load,s159,F4,sgd,regression,0,123,1,-1.768064865076878,0.00014991646084072934,9.072096040708402e-05,0.000353250548109812,-3.228547064402473,0.00013129562382686646,0.8100523264830933,1.3319638554216866,0.15411386916214395
electricity_load,s159,F4,sgd,regression,1,125,1,-1.4954241302235196,0.00013385165971874436,8.354948898629102e-05,0.00036856510791748864,-3.246327266215309,0.0003776049476118339,0.8087613203361789,1.3319638554216866,0.15411386916214395
electricity_load,s159,F4,sgd,regression,2,118,1,-0.9909783289099586,0.00011685371886188453,7.042327184581181e-05,0.00031004412831090247,-3.298550089948618,5.861219963901201e-05,0.8119613771298226,1.3319638554216866,0.15411386916214395
electricity_load,s159,F4,sgd,regression,3,121,1,-0.5860140761627968,0.00013869363226368881,8.655713042263369e-05,0.000354764530547659,-3.250853364622931,5.4888770703434625e-05,0.8129408332534435,1.3319638554216866,0.15411386916214395
electricity_load,s159,F4,sgd,classification,0,2015,1,-1.6777713436277268,0.0015459304216547485,0.001314938391681542,0.001792313758473588,-2.3071637346113105,0.0012720796909972555,0.6795489102889002,1.3319638554216866,0.15411386916214395
electricity_load,s159,F4,sgd,classification,1,1990,1,-1.4947632322862043,0.0014711683478294134,0.0012963469353139475,0.0016760565569906803,-2.3171520366412377,0.001259104563751849,0.6787886467308667,1.3319638554216866,0.15411386916214395
electricity_load,s159,F4,sgd,classification,2,1975,1,-1.5849414123664667,0.0014825576287412299,0.0012944272003734389,0.001717815293267817,-2.3159362375328225,0.0012485183617120977,0.6798023314749113,1.3319638554216866,0.15411386916214395
electricity_load,s159,F4,sgd,classification,3,1950,1,-1.573749854976082,0.0015312678712324681,0.001312216811292899,0.001765128198452938,-2.3145641387323947,0.0012781990876986635,0.6794221996958946,1.3319638554216866,0.15411386916214395
electricity_load,s159,F4,adam,regression,0,71,1,-0.9040367497830054,0.0010452599753482546,0.0001469909005681662,0.004262993287248175,-2.968598036167611,0.0002651768379915464,0.8070102353131791,1.3319638554216866,0.15411386916214395
electricity_load,s159,F4,adam,regression,1,72,1,-0.35863356890075687,0.0010151300682978356,0.0001245998446671326,0.004157661506126091,-2.971655418467727,0.002903933441640895,0.7953546145864631,1.3319638554216866,0.15411386916214395
electricity_load,s159,F4,adam,regression,2,70,1,0.09031560665650903,0.0010952593782135494,0.00016723174332965377,0.004449300612036095,-2.9760094149901826,0.0004923011359746518,0.8133856438818269,1.3319638554216866,0.15411386916214395
electricity_load,s159,F4,adam,regression,3,73,1,0.3319017659532108,0.0009404849986522487,0.00015117731064545194,0.004395801577089517,-2.9566555559765137,0.0046545308575459896,0.8316837982537101,1.3319638554216866,0.15411386916214395
electricity_load,s159,F4,adam,classification,0,311,1,-5.522091103405348,2.071343387463964e-05,6.912783017244985e-06,9.868238864574664e-05,-3.844089502744421,2.566148319637371e-06,0.6948808920425747,1.3319638554216866,0.15411386916214395
electricity_load,s159,F4,adam,classification,1,304,1,0.4264745672650281,2.9144804884399586e-05,4.771692366055404e-06,0.00012506891180762023,-3.943909529476545,1.1309408301302078e-05,0.6948808920425747,1.3319638554216866,0.15411386916214395
electricity_load,s159,F4,adam,classification,2,300,1,-2.2879445414864503,1.6250742861286457e-05,4.552396746084683e-06,7.726367827776953e-05,-3.926624866985951,6.7831219750584115e-06,0.6955144450076026,1.3319638554216866,0.15411386916214395
electricity_load,s159,F4,adam,classification,3,300,1,-1.807204677666454,2.5612541374765775e-05,8.835529078327388e-06,8.708084031252178e-05,-3.882542073626403,5.288316248699631e-05,0.6953877344145971,1.3319638554216866,0.15411386916214395
electricity_load,s159,FA,sgd,regression,0,142,1,-1.957262822709909,0.00011862737693565267,6.60506939487099e-05,0.00029314412095162394,-3.3274560009744873,0.00010544630648087978,0.5434226023496674,1.3319638554216866,0.15411386916214395
electricity_load,s159,FA,sgd,regression,1,146,1,-1.4904363655887076,0.00011235181393963093,6.69391779965328e-05,0.00031092210625875997,-3.333698985433051,0.00031516300684367713,0.5444845891438749,1.3319638554216866,0.15411386916214395
electricity_load,s159,FA,sgd,regression,2,136,1,-0.9711145739998593,9.316952691581403e-05,5.438793714845388e-05,0.00025740189986335065,-3.3999112337357085,4.250935264845498e-05,0.5453715710283488,1.3319638554216866,0.15411386916214395
electricity_load,s159,FA,sgd,regression,3,138,1,-0.7263679662252743,0.0001105690723641198,6.605930396851454e-05,0.00030112289252254157,-3.342082786900951,3.932192962404244e-05,0.5459500567912059,1.3319638554216866,0.15411386916214395
electricity_load,s159,FA,sgd,classification,0,2518,1,-1.6740072695334536,0.0017233552698539011,0.0014685523750887404,0.001998072464211497,-2.267577287985749,0.001420541076260374,0.7521540800810947,1.3319638554216866,0.15411386916214395
electricity_load,s159,FA,sgd,classification,1,2451,1,-1.5070351612321333,0.0016417116029979304,0.0014459438646326163,0.001877225757066094,-2.277187598938661,0.0014073939226111889,0.750886974151039,1.3319638554216866,0.15411386916214395
electricity_load,s159,FA,sgd,classification,2,2421,1,-1.5851633432624093,0.001659908113272734,0.0014500239459159393,0.0019228464146393781,-2.2753431032503766,0.0013994390239827274,0.7522807906741004,1.3319638554216866,0.15411386916214395
electricity_load,s159,FA,sgd,classification,3,2424,1,-1.5699446300389928,0.0017097200002394127,0.0014673088862900596,0.0019707731275488984,-2.274388168379377,0.001428844837500444,0.7519006588950836,1.3319638554216866,0.15411386916214395
electricity_load,s159,FA,adam,regression,0,72,1,-0.8661028982248793,0.0008946308811103546,0.00012808292137095087,0.0037707036224011226,-3.0453120481766356,0.0007864399077825846,0.5367522898173019,1.3319638554216866,0.15411386916214395
electricity_load,s159,FA,adam,regression,1,72,1,-0.855548489507195,0.0008450109707794265,9.640988710637374e-05,0.003678455940230682,-3.038064580413263,0.002521103009785547,0.5334247426744493,1.3319638554216866,0.15411386916214395
electricity_load,s159,FA,adam,regression,2,71,1,-0.06751664446199152,0.0009300320436799682,0.0001417382463419788,0.003966947639214701,-3.043406065894199,0.0003214095968659767,0.5387859466675907,1.3319638554216866,0.15411386916214395
electricity_load,s159,FA,adam,regression,3,74,1,0.22233985712470028,0.0007620992537015626,0.00012693547819202952,0.003658063910747324,-3.0362293566824183,0.0030922784406576115,0.559239638456632,1.3319638554216866,0.15411386916214395
electricity_load,s159,FA,adam,classification,0,345,1,-4.191610440726127,2.4950759395562485e-05,1.3315008612263857e-05,9.127335245934974e-05,-3.803480494271428,1.0759901114867305e-05,0.7714140902179423,1.3319638554216866,0.15411386916214395
electricity_load,s159,FA,adam,classification,1,343,1,0.3007305450602308,3.5509701813625174e-05,1.1710600844314967e-05,0.0001299870204690287,-3.8703720591572823,1.2669887410840017e-05,0.7709072478459199,1.3319638554216866,0.15411386916214395
electricity_load,s159,FA,adam,classification,2,335,1,-2.1681751285584947,2.0339831791668214e-05,1.1477130063707622e-05,8.124275052213315e-05,-3.8545379455818543,1.2207674224076292e-05,0.769386720729853,1.3319638554216866,0.15411386916214395
electricity_load,s159,FA,adam,classification,3,339,1,-2.1285745371833396,3.091026194195219e-05,1.37270498530997e-05,7.454398118024672e-05,-3.8259853532024954,4.2135977969883335e-05,0.772681196147998,1.3319638554216866,0.15411386916214395
electricity_load,s159,F10,sgd,regression,0,196,1,-1.7408978755518787,8.028734593939265e-05,6.6950040746094e-05,0.00011071402586760787,-3.7661803138760486,6.119450202647817e-05,0.8027218360025155,1.3319638554216866,0.15411386916214395
electricity_load,s159,F10,sgd,regression,1,188,1,-0.008471715112346087,7.61166664471992e-05,5.797384165520562e-05,0.0001443369746284419,-3.7669575215418374,7.52244271792154e-05,0.8022971720897812,1.3319638554216866,0.15411386916214395
electricity_load,s159,F10,sgd,regression,2,178,1,-1.283060467408012,6.991851284444857e-05,5.7155350632702835e-05,0.00010197459794293056,-3.784891706516972,5.6157798260364525e-05,0.8003721133120935,1.3319638554216866,0.15411386916214395
electricity_load,s159,F10,sgd,regression,3,182,1,-0.48592587114337943,7.855939199215341e-05,6.638577433423698e-05,0.00010479204955239517,-3.7867386747939116,7.784807947688558e-05,0.8020782193435826,1.3319638554216866,0.15411386916214395
electricity_load,s159,F10,sgd,classification,0,4000,0,-1.5512250019508975,0.0019985413512759146,0.0017544092098952335,0.0023292099603686965,-2.204107912769517,0.0017031070499430835,0.5477698935631019,1.3319638554216866,0.15411386916214395
electricity_load,s159,F10,sgd,classification,1,4000,0,-1.5657008008901454,0.0019247651478876094,0.0016780679180851928,0.0022438988532439367,-2.214611981854143,0.001634353288135362,0.5477698935631019,1.3319638554216866,0.15411386916214395
electricity_load,s159,F10,sgd,classification,2,4000,0,-1.4492303260461126,0.0020298857149048197,0.0017963297941026317,0.002331203885759804,-2.204133658049295,0.001734387113910591,0.548023314749113,1.3319638554216866,0.15411386916214395
electricity_load,s159,F10,sgd,classification,3,4000,0,-1.5153548151014509,0.002018547160833434,0.001751965125119491,0.0023286268109903854,-2.204018065642382,0.0017114678565697046,0.5477698935631019,1.3319638554216866,0.15411386916214395
electricity_load,s159,F10,adam,regression,0,20,1,-1.7629778129832654,0.00011237498924194858,1.155375920604415e-05,0.0007595958304580944,-3.838621133123324,0.0005473233128990972,0.7218116970163532,1.3319638554216866,0.15411386916214395
electricity_load,s159,F10,adam,regression,1,20,1,-2.564715359515417,9.892413871947891e-05,7.699133240638922e-06,0.0007488022387049259,-3.851375990368637,0.0007456312672732903,0.7705975528136731,1.3319638554216866,0.15411386916214395
electricity_load,s159,F10,adam,regression,2,21,1,0.5237005831162677,0.00014534269447403169,1.1508037674274493e-05,0.0007931967147278172,-3.869641674598085,0.00011571588711766882,0.7355593398219159,1.3319638554216866,0.15411386916214395
electricity_load,s159,F10,adam,regression,3,21,1,3.406486741066629,0.00012810785255027438,1.1797623231012507e-05,0.0006372335547476957,-3.9061680762909226,2.945882385788711e-06,0.752279784950112,1.3319638554216866,0.15411386916214395
electricity_load,s159,F10,adam,classification,0,479,1,-1.7743752212983155,3.139180385594989e-05,2.7347441055017264e-05,3.7710361574734336e-05,-3.9000759667641653,2.6644340963791826e-05,0.5543588443993918,1.3319638554216866,0.15411386916214395
electricity_load,s159,F10,adam,classification,1,496,1,-1.38574407262592,2.3604632625434385e-05,2.1126092214070304e-05,2.753044765986515e-05,-3.992059139358417,2.12622643901272e-05,0.5541054232133806,1.3319638554216866,0.15411386916214395
electricity_load,s159,F10,adam,classification,2,460,1,-0.9444210941128509,3.475606491946522e-05,3.2499581166408694e-05,3.909638761567578e-05,-3.9010706979655643,3.0189115964621696e-05,0.5566396350734921,1.3319638554216866,0.15411386916214395
electricity_load,s159,F10,adam,classification,3,478,1,-1.404003378808775,3.265410782720172e-05,2.7042721164882487e-05,3.796076422534973e-05,-3.8920751553923454,2.7483610892531898e-05,0.5546122655854029,1.3319638554216866,0.15411386916214395
electricity_load,s159,F11,sgd,regression,0,110,1,-1.6479083719996472,0.00014985803362514336,8.223813120705768e-05,0.0003844450522218014,-3.260439037808862,0.00012812521034470014,0.14345589898138697,1.3319638554216866,0.15411386916214395
electricity_load,s159,F11,sgd,regression,1,113,1,-1.4291408760884539,0.0001327924857428708,7.507479071457199e-05,0.000390131330776149,-3.283803084363244,0.000410536777529969,0.14401036803653955,1.3319638554216866,0.15411386916214395
electricity_load,s159,F11,sgd,regression,2,106,1,-0.9694277769628024,0.0001131072140635085,6.15705735891317e-05,0.00033733560958044094,-3.3357616191588284,5.156516053122696e-05,0.14415506603238512,1.3319638554216866,0.15411386916214395
electricity_load,s159,F11,sgd,regression,3,110,1,-0.393612535393064,0.00013641158080879152,7.863477006864739e-05,0.0003787210718441893,-3.287825198330773,4.940566716678113e-05,0.14455459225419773,1.3319638554216866,0.15411386916214395
electricity_load,s159,F11,sgd,classification,0,1753,1,-1.6533920225171015,0.0014915336101395805,0.0012731839598679566,0.001725976041570202,-2.319743178642453,0.00123282728778333,0.8834262544348708,1.3319638554216866,0.15411386916214395
electricity_load,s159,F11,sgd,classification,1,1759,1,-1.4637130919156884,0.001418899266819079,0.0012522548365158268,0.0016107285053347203,-2.3301938736753534,0.0012163999802698375,0.8827927014698429,1.3319638554216866,0.15411386916214395
electricity_load,s159,F11,sgd,classification,2,1731,1,-1.5584757039219492,0.001432868974622244,0.0012560825648994277,0.0016585414011088065,-2.328084234327135,0.0012116738698357522,0.8835529650278763,1.3319638554216866,0.15411386916214395
electricity_load,s159,F11,sgd,classification,3,1705,1,-1.5452913595602638,0.0014775574755870238,0.0012700861959678096,0.0016990919146089784,-2.327351142151404,0.001238073425155232,0.8835529650278763,1.3319638554216866,0.15411386916214395
electricity_load,s159,F11,adam,regression,0,71,1,-1.1427142735823705,0.0011428064039628954,0.00014727318066897025,0.005010585105086432,-2.9291262937949694,0.00013040179969232732,0.14321837451360264,1.3319638554216866,0.15411386916214395
electricity_load,s159,F11,adam,regression,1,71,1,0.17127208394531354,0.0012116969275173307,0.00015468184894024245,0.004430215238705821,-2.9353096125181564,0.0020596364282953984,0.14106883427990297,1.3319638554216866,0.15411386916214395
electricity_load,s159,F11,adam,regression,2,70,1,0.43958903873066424,0.001253137946157713,0.00018221568628780133,0.004814823532822847,-2.9411991331279816,0.0011658411709761687,0.14458207527862882,1.3319638554216866,0.15411386916214395
electricity_load,s159,F11,adam,regression,3,72,1,0.5106326275173156,0.0011534955437142588,0.00013708221821512906,0.004735917246796945,-2.9188253469705,0.0038996167562210704,0.14901290148108015,1.3319638554216866,0.15411386916214395
electricity_load,s159,F11,adam,classification,0,285,1,-4.468658786213465,2.9369750991437754e-05,1.2645023147635071e-05,0.00012102333251831016,-3.7725534356542956,7.036261899688027e-06,0.8924227065382666,1.3319638554216866,0.15411386916214395
electricity_load,s159,F11,adam,classification,1,282,1,0.4235340737416321,3.434997207014806e-05,8.521553891401771e-06,0.00014137282717400484,-3.868450774989887,1.4646895238053567e-05,0.8916624429802331,1.3319638554216866,0.15411386916214395
electricity_load,s159,F11,adam,classification,2,264,1,-1.7897125672195422,2.288569548946809e-05,9.197096187677686e-06,8.798226694212202e-05,-3.8443567597645854,9.66066510308919e-06,0.8928028383172834,1.3319638554216866,0.15411386916214395
electricity_load,s159,F11,adam,classification,3,286,1,-1.2143749408185387,3.1510219195585925e-05,1.4107085900561709e-05,0.00010718028530924268,-3.8232599225015766,5.869035021195819e-05,0.8917891535732387,1.3319638554216866,0.15411386916214395
electricity_load,s212,F0,sgd,regression,0,115,1,-1.4002309225004335,7.87792027370136e-05,1.8252355614926938e-05,0.000297919868860626,-3.4350890157706417,6.72050836808911e-05,0.13227288323638697,1.1071578947368417,0.1219345042800639
electricity_load,s212,F0,sgd,regression,1,117,1,-0.5915126724446735,6.793944209311228e-05,1.5241363946467954e-05,0.0002853317181244102,-3.484885653795372,0.00031794951509247024,0.13226965458805173,1.1071578947368417,0.1219345042800639
electricity_load,s212,F0,sgd,regression,2,110,1,-0.9677788720748204,5.3439744341033364e-05,1.0981632636153838e-05,0.000239365196777798,-3.561356466141649,1.0891068590353398e-05,0.1324981697767696,1.1071578947368417,0.1219345042800639
electricity_load,s212,F0,sgd,regression,3,113,1,1.5180784417981403,8.124975028426438e-05,2.3185024260929226e-05,0.000296941752513788,-3.4818399078860374,7.978211833289142e-06,0.13220217952983648,1.1071578947368417,0.1219345042800639
electricity_load,s212,F0,sgd,classification,0,1501,1,-1.942560715656623,0.0010395377734834454,0.0008561390870905734,0.0012308814298326242,-2.423369361494434,0.0008235788924793404,0.9342372022301064,1.1071578947368417,0.1219345042800639
electricity_load,s212,F0,sgd,classification,1,1539,1,-1.6856549555315805,0.0009739753178766234,0.0008425188141198969,0.0011243583313241034,-2.4369778078442725,0.0008140644519475232,0.9332235174860618,1.1071578947368417,0.1219345042800639
electricity_load,s212,F0,sgd,classification,2,1495,1,-1.821221863826539,0.000981122231687598,0.0008389163414360498,0.0011636638478037763,-2.434970289528317,0.0008023589585419508,0.9347440446021288,1.1071578947368417,0.1219345042800639
electricity_load,s212,F0,sgd,classification,3,1492,1,-1.8068320716239716,0.00102789430724054,0.0008545009349195081,0.0012088853845732923,-2.43233290595746,0.0008306047793301918,0.9339837810440953,1.1071578947368417,0.1219345042800639
electricity_load,s212,F0,adam,regression,0,66,1,-0.922688433435447,0.0011729473302682465,0.00023213006549479098,0.004358923386912218,-2.915647691037868,0.00034189789021671997,0.13346705180190646,1.1071578947368417,0.1219345042800639
electricity_load,s212,F0,adam,regression,1,66,1,-0.3602993956715888,0.0010702136546863273,0.00017056131223238785,0.004236936980063378,-2.9274275401161423,0.0027958584950174103,0.13211865741470025,1.1071578947368417,0.1219345042800639
electricity_load,s212,F0,adam,regression,2,65,1,0.09907659727072853,0.0012266737081046727,0.0002417209686577765,0.00452303983142213,-2.922506653699987,0.0005687094417300603,0.1316608604790206,1.1071578947368417,0.1219345042800639
electricity_load,s212,F0,adam,regression,3,67,1,0.5601490237499959,0.0010467956060009817,0.00020342210421152846,0.0043908329665575795,-2.909330622718573,0.004623515104726555,0.13345984448799875,1.1071578947368417,0.1219345042800639
electricity_load,s212,F0,adam,classification,0,261,1,-5.028145890213542,2.452094385614429e-05,4.454668698465771e-06,0.00012926339374980236,-3.9263311121257938,9.890657878295198e-06,0.9433603649265079,1.1071578947368417,0.1219345042800639
electricity_load,s212,F0,adam,classification,1,251,1,-0.39731435767263634,4.0079748371658636e-05,3.172693480996322e-06,0.0001565672935278544,-3.979918376501474,2.6725270963732764e-05,0.9428535225544855,1.1071578947368417,0.1219345042800639
electricity_load,s212,F0,adam,classification,2,242,1,-0.5028546987399461,1.9296996479577977e-05,4.413223569942817e-06,0.00010651649537156437,-4.026711737299405,4.115463517248935e-06,0.9443740496705525,1.1071578947368417,0.1219345042800639
electricity_load,s212,F0,adam,classification,3,252,1,-0.03658184839164883,2.521861611886734e-05,6.967692689268386e-06,0.00012732796248609483,-3.989585150748722,4.0590453583333676e-05,0.943613786112519,1.1071578947368417,0.1219345042800639
electricity_load,s212,F4,sgd,regression,0,128,1,-1.8171970827002883,0.00015911725253477615,0.00010177189287829293,0.0003480104982153265,-3.1498943873575116,0.00012980196435836129,1.2650814597595639,1.1071578947368417,0.1219345042800639
electricity_load,s212,F4,sgd,regression,1,130,1,-1.4954137517442403,0.00014017170997508997,9.138154343926211e-05,0.0003456253766221785,-3.1774707672329723,0.00035078506005016297,1.2608127382407062,1.1071578947368417,0.1219345042800639
electricity_load,s212,F4,sgd,regression,2,123,1,-1.3202189121040862,0.0001234105577437325,7.343711057255183e-05,0.00029011923317518574,-3.2230348852841244,5.9640170636512385e-05,1.2675278871149107,1.1071578947368417,0.1219345042800639
electricity_load,s212,F4,sgd,regression,3,125,1,-0.5163471765017997,0.0001528698655486199,0.00010276580171614514,0.00034405138540418334,-3.1789036393370687,7.008507168792653e-05,1.2678563673530199,1.1071578947368417,0.1219345042800639
electricity_load,s212,F4,sgd,classification,0,1732,1,-1.871852560489065,0.0012131184149718,0.0010075274941132822,0.0014286262380215247,-2.3764046210822496,0.0009703787945529625,0.609477952356817,1.1071578947368417,0.1219345042800639
electricity_load,s212,F4,sgd,classification,1,1739,1,-1.6494138191355776,0.001142444446730908,0.0009925154330214928,0.0013178365561483775,-2.3885740458747087,0.0009608827987614126,0.6078307146477445,1.1071578947368417,0.1219345042800639
electricity_load,s212,F4,sgd,classification,2,1715,1,-1.7603149879713191,0.0011524765184610397,0.000989846799240646,0.0013579855969839533,-2.3868580560577173,0.0009493111911848645,0.609477952356817,1.1071578947368417,0.1219345042800639
electricity_load,s212,F4,sgd,classification,3,1690,1,-1.747457723246243,0.0012003083937886928,0.0010062157962402718,0.0014046786382378986,-2.384666548563907,0.0009779017383410825,0.6092245311708059,1.1071578947368417,0.1219345042800639
electricity_load,s212,F4,adam,regression,0,67,1,-0.9011365650913354,0.001027613126583526,0.0001723388894157726,0.003908791230989224,-2.945404753970226,0.0006215614423006109,1.2605530451176188,1.1071578947368417,0.1219345042800639
electricity_load,s212,F4,adam,regression,1,68,1,-0.6425241123929688,0.0009671252730095035,0.00013639974818369885,0.004028821574394091,-2.9537334626198453,0.0025830216355194713,1.2452072485823034,1.1071578947368417,0.1219345042800639
electricity_load,s212,F4,adam,regression,2,67,1,-0.13359630805220235,0.0010425962826272625,0.00017512546257549683,0.0042447832949896215,-2.9508439550136365,0.0004066096084201054,1.2755261980471364,1.1071578947368417,0.1219345042800639
electricity_load,s212,F4,adam,regression,3,69,1,0.40849616653892257,0.0008972430072424342,0.00015092790687388938,0.0037991064923718603,-2.9417337359046636,0.0037516593809882636,1.2997302589860247,1.1071578947368417,0.1219345042800639
electricity_load,s212,F4,adam,classification,0,280,1,-4.015358359436323,2.4363093958547706e-05,1.0227836908842745e-05,0.00011891932733007704,-3.8998177170259725,1.2533819445063485e-05,0.6316523061327927,1.1071578947368417,0.1219345042800639
electricity_load,s212,F4,adam,classification,1,276,1,0.46380618024694326,4.1615546631874314e-05,1.0196670574909757e-05,0.00014846991117706168,-3.9462199534923537,2.1147853614731704e-05,0.6310187531677648,1.1071578947368417,0.1219345042800639
electricity_load,s212,F4,adam,classification,2,260,1,-0.7067779106211696,2.087958264314732e-05,7.3253481098743065e-06,9.399559794944336e-05,-3.994800261566188,6.6426646912581535e-06,0.6296249366447035,1.1071578947368417,0.1219345042800639
electricity_load,s212,F4,adam,classification,3,284,1,-0.46760060318323066,2.7627754429420328e-05,1.1292016992181697e-05,0.00010780570814754653,-3.9558742913924645,4.964828921846658e-05,0.6327927014698429,1.1071578947368417,0.1219345042800639
electricity_load,s212,FA,sgd,regression,0,133,1,-2.0600256241242962,0.00012435549034977653,6.795153907756095e-05,0.0003007698419362035,-3.2187982715245345,9.754568060227104e-05,1.2347694959125532,1.1071578947368417,0.1219345042800639
electricity_load,s212,FA,sgd,regression,1,135,1,-1.7687359938980634,0.00010516219304584212,5.6671792092097553e-05,0.00029844230001519417,-3.248566192905371,0.00030474310407935587,1.2299445147192156,1.1071578947368417,0.1219345042800639
electricity_load,s212,FA,sgd,regression,2,127,1,-1.354413115181713,9.592201236923385e-05,5.190308556241296e-05,0.0002557770468312266,-3.2928805417202374,4.0871632700161e-05,1.2368059977315897,1.1071578947368417,0.1219345042800639
electricity_load,s212,FA,sgd,regression,3,129,1,-0.5471623177306094,0.00011119933199676694,6.472997871745453e-05,0.00030089967655937486,-3.250272431841369,3.8620886342991115e-05,1.236760932853735,1.1071578947368417,0.1219345042800639
electricity_load,s212,FA,sgd,classification,0,2130,1,-1.7042361770712011,0.0015577929993264427,0.001321457018173759,0.0018102632054036686,-2.295018500662655,0.0012774762939755204,0.629751647237709,1.1071578947368417,0.1219345042800639
electricity_load,s212,FA,sgd,classification,1,2103,1,-1.5179138101694654,0.0014838060946520291,0.0013053408874956181,0.0016955467563508897,-2.304800035864139,0.001268356709484534,0.6291180942726812,1.1071578947368417,0.1219345042800639
electricity_load,s212,FA,sgd,classification,2,2084,1,-1.612134667293503,0.0014958405998083922,0.0013025469993209506,0.0017362938065659144,-2.3035300269835632,0.0012559322812307184,0.6300050684237202,1.1071578947368417,0.1219345042800639
electricity_load,s212,FA,sgd,classification,3,2083,1,-1.5984335334671391,0.0015456295902513619,0.0013211273142971522,0.0017857459726438158,-2.3019560818829228,0.0012864490221470338,0.6293715154586923,1.1071578947368417,0.1219345042800639
electricity_load,s212,FA,adam,regression,0,66,1,-0.9619108340178483,0.0009902065298793084,0.00015591185183605805,0.003976367393940577,-2.965390903477516,0.0007737577502118641,1.225268334074768,1.1071578947368417,0.1219345042800639
electricity_load,s212,FA,adam,regression,1,67,1,-0.6787974883529874,0.0009087087126988952,0.0001325172169749135,0.003821568920445577,-2.971550720959871,0.0023231810383036364,1.2126321223893748,1.1071578947368417,0.1219345042800639
electricity_load,s212,FA,adam,regression,2,66,1,-0.14753115839344985,0.00102928182051842,0.00017966185666466267,0.004118139835968526,-2.9683191886311446,0.0003980906570916695,1.240101010763535,1.1071578947368417,0.1219345042800639
electricity_load,s212,FA,adam,regression,3,68,1,0.3480052638019044,0.0008599761936342271,0.000148002705208949,0.00378522203799541,-2.964933533297146,0.003088109473300925,1.2586223345222751,1.1071578947368417,0.1219345042800639
electricity_load,s212,FA,adam,classification,0,327,1,-3.8671955317553697,3.0051019116125953e-05,1.7844381887274208e-05,0.00010124113049753795,-3.7626239985676575,1.4816322304469292e-05,0.6586416624429803,1.1071578947368417,0.1219345042800639
electricity_load,s212,FA,adam,classification,1,324,1,0.3967573998639519,4.17002977962456e-05,1.88506437597253e-05,0.00014158290391861245,-3.8084132902689216,2.2497829205906834e-05,0.658388241256969,1.1071578947368417,0.1219345042800639
electricity_load,s212,FA,adam,classification,2,318,1,-1.5395493180510849,2.515649220501481e-05,1.587135500483023e-05,9.030357898999818e-05,-3.8143528325378506,1.547587103149964e-05,0.6585149518499747,1.1071578947368417,0.1219345042800639
electricity_load,s212,FA,adam,classification,3,318,1,-1.5894631733749582,3.611263796902274e-05,1.9786107997590786e-05,9.072135637808582e-05,-3.7799394995528024,5.210469065732673e-05,0.6610491637100862,1.1071578947368417,0.1219345042800639
electricity_load,s212,F10,sgd,regression,0,374,1,-1.4279480234798174,7.036408361046136e-05,5.7218466817268516e-05,7.923492126869343e-05,-3.80117511483258,5.4375616301195204e-05,1.1622232502775816,1.1071578947368417,0.1219345042800639
electricity_load,s212,F10,sgd,regression,1,388,1,0.1868173431808256,6.298903772876586e-05,5.653152199030785e-05,0.00010433655762062598,-3.7970507806313014,5.243855424825778e-05,1.1623912196645165,1.1071578947368417,0.1219345042800639
electricity_load,s212,F10,sgd,regression,2,386,1,-1.436618338173637,6.012223049086259e-05,5.0241965352923015e-05,7.98255102313842e-05,-3.8266498417004002,4.8012472589049464e-05,1.159172153864137,1.1071578947368417,0.1219345042800639
electricity_load,s212,F10,sgd,regression,3,353,1,-0.7535693002871764,6.645450808642487e-05,5.8527772216704864e-05,7.511376237060269e-05,-3.8265975797702194,5.6102747278817106e-05,1.1614463037486031,1.1071578947368417,0.1219345042800639
electricity_load,s212,F10,sgd,classification,0,4000,0,-1.49389193101443,0.002452467507023412,0.0021600966168564702,0.0028411671518613064,-2.181851523489326,0.002098195114136589,0.45831221490116575,1.1071578947368417,0.1219345042800639
electricity_load,s212,F10,sgd,classification,1,4000,0,-1.5083200979434301,0.002368026703858282,0.002072813712799498,0.0027443289718080497,-2.1914061127199145,0.002019297411495042,0.4581855043081602,1.1071578947368417,0.1219345042800639
electricity_load,s212,F10,sgd,classification,2,4000,0,-1.403754171443544,0.0024855411446625987,0.0022054066738379256,0.002842383407566507,-2.1818570697384407,0.0021319164918124495,0.45881905727318806,1.1071578947368417,0.1219345042800639
electricity_load,s212,F10,sgd,classification,3,4000,0,-1.4611799558341396,0.0024728743437650276,0.0021566743799068568,0.002838560307228876,-2.18200901924459,0.0021063915008786454,0.45831221490116575,1.1071578947368417,0.1219345042800639
electricity_load,s212,F10,adam,regression,0,21,1,-3.7630182096396734,4.958420702745967e-05,3.3467164051828018e-06,0.0003946367865657871,-4.094042626747317,0.0002903978204159172,1.048749967769734,1.1071578947368417,0.1219345042800639
electricity_load,s212,F10,adam,regression,1,22,1,-0.6945444715349324,5.870673197717659e-05,6.50926667255332e-06,0.000418367651826331,-4.111297962352199,0.0002385295355680944,1.1152571557617428,1.1071578947368417,0.1219345042800639
electricity_load,s212,F10,adam,regression,2,23,1,0.3625779014102084,6.284523486828605e-05,8.669220804591218e-06,0.0003350161211201994,-4.139231676392665,1.3231113609988051e-05,1.0707258924515317,1.1071578947368417,0.1219345042800639
electricity_load,s212,F10,adam,regression,3,22,1,4.732022240737457,7.952295623969581e-05,7.616707087539584e-06,0.00035126462890609886,-4.17894567848514,1.2391078894321007e-05,1.0906900515033469,1.1071578947368417,0.1219345042800639
electricity_load,s212,F10,adam,classification,0,733,1,-1.3259197092677288,6.110451545204952e-05,5.352945258513183e-05,6.884227555832422e-05,-3.747583863451162,5.231119169517632e-05,0.47149011657374557,1.1071578947368417,0.1219345042800639
electricity_load,s212,F10,adam,classification,1,732,1,-0.8287828407630995,5.0571510765488377e-05,4.806143019564878e-05,5.514824379599777e-05,-3.8119053299402124,4.805238461669063e-05,0.47149011657374557,1.1071578947368417,0.1219345042800639
electricity_load,s212,F10,adam,classification,2,666,1,-0.9008379269018763,6.034787403694534e-05,5.658486962935414e-05,6.71135405979701e-05,-3.7556178741908,5.372866724312431e-05,0.47377090724784593,1.1071578947368417,0.1219345042800639
electricity_load,s212,F10,adam,classification,3,752,1,-1.016857464264715,6.0251679980994e-05,5.216817936336683e-05,6.648656338443864e-05,-3.7513639011917865,5.22802816299779e-05,0.47237709072478457,1.1071578947368417,0.1219345042800639
electricity_load,s212,F11,sgd,regression,0,120,1,-1.8160954824569433,0.00015076381220774214,9.016146373588848e-05,0.00035772601764038497,-3.145267205842758,0.00011985200106440002,0.314202525244956,1.1071578947368417,0.1219345042800639
electricity_load,s212,F11,sgd,regression,1,122,1,-1.5138843933444206,0.00013129801134420825,7.997465855717184e-05,0.0003468059298928852,-3.1758040618464913,0.00036084301296423425,0.3137931700691004,1.1071578947368417,0.1219345042800639
electricity_load,s212,F11,sgd,regression,2,115,1,-1.409775362344766,0.00011472002774692742,6.189935828741731e-05,0.0002919794643775523,-3.2233557605869123,4.924660389133753e-05,0.3150630587973111,1.1071578947368417,0.1219345042800639
electricity_load,s212,F11,sgd,regression,3,118,1,-0.42320305560644794,0.00014665827554694966,9.325790333046739e-05,0.00035386549429581926,-3.1762530469034296,6.001363121014863e-05,0.31539628794490066,1.1071578947368417,0.1219345042800639
electricity_load,s212,F11,sgd,classification,0,1575,1,-1.9184916503690386,0.001111586453335033,0.0009182115682389185,0.001314027922451982,-2.4012687595651054,0.0008836770205396132,0.8615053218449062,1.1071578947368417,0.1219345042800639
electricity_load,s212,F11,sgd,classification,1,1606,1,-1.6754081298493175,0.0010444606944699955,0.0009047203073705396,0.0012060509929052942,-2.414126396331596,0.0008748145124675793,0.860364926507856,1.1071578947368417,0.1219345042800639
electricity_load,s212,F11,sgd,classification,2,1562,1,-1.801014028273538,0.0010529013046573148,0.0009015527328967394,0.0012457236641052645,-2.412232580590395,0.000863073662382546,0.8620121642169285,1.1071578947368417,0.1219345042800639
electricity_load,s212,F11,sgd,classification,3,1554,1,-1.7870327666505428,0.0011000485426421237,0.0009173379442449936,0.0012917203781433713,-2.4097807341326405,0.0008915027039856082,0.8609984794728839,1.1071578947368417,0.1219345042800639
electricity_load,s212,F11,adam,regression,0,67,1,-0.8837659362692688,0.0011408859426110434,0.00018431296388148085,0.004142193979514954,-2.910825223207853,0.00038557425277838803,0.31397075716318695,1.1071578947368417,0.1219345042800639
electricity_load,s212,F11,adam,regression,1,68,1,-0.4691617299837099,0.0010332093470138731,0.00015034876094539038,0.0041768948428769015,-2.921998879080668,0.002763729686151257,0.3080767499638886,1.1071578947368417,0.1219345042800639
electricity_load,s212,F11,adam,regression,2,66,1,-0.0016572549631828585,0.0011791037703980105,0.00021288064015787656,0.004488441741584515,-2.9187438371807914,0.0004736300674300635,0.31641816780997645,1.1071578947368417,0.1219345042800639
electricity_load,s212,F11,adam,regression,3,69,1,0.4746903142859235,0.0009762030118966617,0.00016763299653376997,0.004249027334696383,-2.906191483914771,0.004480017967817801,0.3193201590277627,1.1071578947368417,0.1219345042800639
electricity_load,s212,F11,adam,classification,0,268,1,-4.228164186787712,2.683153997395402e-05,8.832367175224955e-06,0.00012746159386067084,-3.8889124252033986,1.2543905790793538e-05,0.8820324379118094,1.1071578947368417,0.1219345042800639
electricity_load,s212,F11,adam,classification,1,259,1,0.06996871971644363,4.368046630627323e-05,8.798124472343038e-06,0.00015434195385613717,-3.9273611848816983,2.5695196777869797e-05,0.8807653319817537,1.1071578947368417,0.1219345042800639
electricity_load,s212,F11,adam,classification,2,247,1,-0.4591186345669855,2.0205648527387548e-05,6.29650930764529e-06,0.00010127398600403343,-3.9987811285301764,4.325515644408167e-06,0.8803852002027369,1.1071578947368417,0.1219345042800639
electricity_load,s212,F11,adam,classification,3,270,1,-0.5185099887909362,2.749868853441596e-05,1.0147034554137234e-05,0.00012271436890043727,-3.9440811893559684,4.717920172398443e-05,0.8825392802838318,1.1071578947368417,0.1219345042800639
electricity_load,s265,F0,sgd,regression,0,108,1,-1.3971215748868906,7.84815039823837e-05,1.5152546752455415e-05,0.00030918482237686073,-3.4850516995803753,6.638705774500679e-05,0.16771666181474204,1.2578600000000002,0.11824934955749164
electricity_load,s265,F0,sgd,regression,1,111,1,-0.49239172150783395,6.72815428238238e-05,1.2250416486193247e-05,0.0002990117589359251,-3.5416117009679846,0.0003325498770398779,0.16800351765571173,1.2578600000000002,0.11824934955749164
electricity_load,s265,F0,sgd,regression,2,104,1,-0.8140846718078372,5.6988687153796636e-05,1.1866917256415773e-05,0.00025662997155897886,-3.5875496008447745,1.409937860140414e-05,0.1669862815525516,1.2578600000000002,0.11824934955749164
electricity_load,s265,F0,sgd,regression,3,107,1,1.9985472074742103,7.85220733981588e-05,1.621511931533298e-05,0.00030755825103513944,-3.5421245475111673,4.9954034062383825e-06,0.16792635002189268,1.2578600000000002,0.11824934955749164
electricity_load,s265,F0,sgd,classification,0,1502,1,-2.257916494639788,0.0007950580907954581,0.000632881255717966,0.0009666392241270353,-2.473699059038662,0.0006049237870026067,0.9120628484541308,1.2578600000000002,0.11824934955749164
electricity_load,s265,F0,sgd,classification,1,1538,1,-1.914161253522665,0.0007355813788091211,0.0006229514853711991,0.0008645683407221651,-2.490739437900321,0.0005992707252510933,0.9124429802331475,1.2578600000000002,0.11824934955749164
electricity_load,s265,F0,sgd,classification,2,1501,1,-2.106511231768169,0.0007430133827489003,0.0006202783740833222,0.000905086855194302,-2.4865595091777117,0.000588249039125171,0.9114292954891029,1.2578600000000002,0.11824934955749164
electricity_load,s265,F0,sgd,classification,3,1494,1,-2.0796069243871895,0.0007880013647680996,0.0006340329694329229,0.000949493360271858,-2.4831828008987022,0.000614793132477386,0.9119361378611252,1.2578600000000002,0.11824934955749164
electricity_load,s265,F0,adam,regression,0,65,1,-0.9905933292144536,0.001212252211964132,0.0002319950166848839,0.0046651331582578115,-2.902484240130507,0.00021219411987970016,0.1656702237740131,1.2578600000000002,0.11824934955749164
electricity_load,s265,F0,adam,regression,1,65,1,-0.15054551355285428,0.0011615182466798513,0.00019681454519766893,0.004186014068456453,-2.9145678145309377,0.0026558182070205672,0.16904242045368548,1.2578600000000002,0.11824934955749164
electricity_load,s265,F0,adam,regression,2,64,1,0.1941897397812782,0.001262107774219404,0.00025298506195891576,0.0046334395046935825,-2.911528198092888,0.0007289718237007561,0.1698699883702254,1.2578600000000002,0.11824934955749164
electricity_load,s265,F0,adam,regression,3,66,1,0.6064051887789148,0.0011754126190608228,0.0002127322073076552,0.004727391963461472,-2.8943986801779746,0.004707315702193694,0.16777800704771811,1.2578600000000002,0.11824934955749164
electricity_load,s265,F0,adam,classification,0,257,1,-4.401013964807067,2.739191098351043e-05,5.814132326263368e-06,0.00013807290094683197,-3.952174426884404,1.6904402812578597e-05,0.9000253421186011,1.2578600000000002,0.11824934955749164
electricity_load,s265,F0,adam,classification,1,247,1,-0.5357728016135435,4.3537612608832464e-05,5.461269434789094e-06,0.00016546232801645635,-3.9671117503982396,4.143586668197615e-05,0.8987582361885453,1.2578600000000002,0.11824934955749164
electricity_load,s265,F0,adam,classification,2,239,1,0.7781688947257576,2.0929331731354618e-05,5.996458409283728e-06,0.0001183994264655536,-4.068198140759275,4.123498212379352e-06,0.89977192093259,1.2578600000000002,0.11824934955749164
electricity_load,s265,F0,adam,classification,3,248,1,0.04323334986850161,2.6818122369134323e-05,7.210019549930108e-06,0.00014831618245831376,-4.002934430925183,4.0904268697933905e-05,0.8977445514445007,1.2578600000000002,0.11824934955749164
electricity_load,s265,F4,sgd,regression,0,130,1,-1.869889024157988,0.00020092120256809756,0.0001414240234840123,0.0003849829276798135,-3.0766269919952833,0.00016254184165078014,1.038122173614867,1.2578600000000002,0.11824934955749164
electricity_load,s265,F4,sgd,regression,1,132,1,-1.661220358019346,0.00018003695707334634,0.00012456929416078164,0.000383956290415813,-3.0987404997352272,0.0003773785394962885,1.0357049494803865,1.2578600000000002,0.11824934955749164
electricity_load,s265,F4,sgd,regression,2,125,1,-1.3127044800280672,0.0001728820372670319,0.00011525788042690494,0.0003387402349628632,-3.130433045597007,9.867829503126126e-05,1.0401595110737965,1.2578600000000002,0.11824934955749164
electricity_load,s265,F4,sgd,regression,3,126,1,-0.8803770434681741,0.00018798362147162952,0.0001348484647065526,0.00037869094977751336,-3.0999362329813107,9.630471383016352e-05,1.0405199404740626,1.2578600000000002,0.11824934955749164
electricity_load,s265,F4,sgd,classification,0,2036,1,-1.7305415539641522,0.001425381269138141,0.0012050208952359553,0.0016591293216011737,-2.325022890772516,0.0011645315120982873,0.6289913836796757,1.2578600000000002,0.11824934955749164
electricity_load,s265,F4,sgd,classification,1,2011,1,-1.5300697776503798,0.0013556696191719063,0.0011916765507767476,0.001548359121995798,-2.3351854194764217,0.001156465130292949,0.6278509883426254,1.2578600000000002,0.11824934955749164
electricity_load,s265,F4,sgd,classification,2,1994,1,-1.63133768065601,0.0013620837094169237,0.001183971259024179,0.001583150828269652,-2.3345709011750486,0.001140295793626803,0.6298783578307147,1.2578600000000002,0.11824934955749164
electricity_load,s265,F4,sgd,classification,3,1977,1,-1.6245660477428951,0.0014138077971862025,0.001203844030551445,0.0016366007739060159,-2.3321579581909555,0.0011728633632050016,0.6289913836796757,1.2578600000000002,0.11824934955749164
electricity_load,s265,F4,adam,regression,0,68,1,-0.8924426662016783,0.0010226340998058798,0.0001554321248872835,0.0038919891264246422,-2.9482146791695216,0.0006126573592551344,1.0375727744772156,1.2578600000000002,0.11824934955749164
electricity_load,s265,F4,adam,regression,1,69,1,-0.6701765059413581,0.0009583511899292881,0.00012617323017738113,0.004021472229614209,-2.954599200526853,0.0025863341604693006,1.0275118438343849,1.2578600000000002,0.11824934955749164
electricity_load,s265,F4,adam,regression,2,67,1,-0.12083528981773779,0.0010247861403652463,0.00016377330577423344,0.004231495540462114,-2.9526686066419034,0.0003797680734760227,1.0494623382455783,1.2578600000000002,0.11824934955749164
electricity_load,s265,F4,adam,regression,3,70,1,0.3247302010035495,0.0008939030026003556,0.00014309898494458865,0.0038012014196413873,-2.942514057382404,0.0037533960022402106,1.0721947395817448,1.2578600000000002,0.11824934955749164
electricity_load,s265,F4,adam,classification,0,319,1,-4.597504428469592,2.5052113415749994e-05,1.203662830096614e-05,0.00010113158419600147,-3.8023450963727097,8.338660965970736e-06,0.6720729853015712,1.2578600000000002,0.11824934955749164
electricity_load,s265,F4,adam,classification,1,313,1,0.35554302352637523,3.7200108589495966e-05,1.3631979494465873e-05,0.0001371079904563085,-3.8456719568849995,2.2284485806596108e-05,0.672453117080588,1.2578600000000002,0.11824934955749164
electricity_load,s265,F4,adam,classification,2,313,1,-1.2882323933445148,2.1421600505558908e-05,1.04213596025471e-05,8.413211709520239e-05,-3.8697553797837236,1.1117512939189916e-05,0.6708058793715155,1.2578600000000002,0.11824934955749164
electricity_load,s265,F4,adam,classification,3,310,1,-1.6190073631826674,3.14298326888588e-05,1.4533432448143141e-05,9.430412962058827e-05,-3.8177697779891266,5.747599929207666e-05,0.6734668018246326,1.2578600000000002,0.11824934955749164
electricity_load,s265,FA,sgd,regression,0,141,1,-1.9770825521091357,0.00011848188672897552,6.42337504297574e-05,0.00028513677169832196,-3.2823651957395654,9.893717077091391e-05,0.775826727951855,1.2578600000000002,0.11824934955749164
electricity_load,s265,FA,sgd,regression,1,144,1,-1.643869787623589,0.0001079477430607959,6.094169698149176e-05,0.00029919357884720124,-3.2942894708812474,0.0002989574314043092,0.775581755815859,1.2578600000000002,0.11824934955749164
electricity_load,s265,FA,sgd,regression,2,136,1,-0.9904744918206301,9.040263022261249e-05,5.250170791556797e-05,0.00024863252427073255,-3.3585920230143964,4.048954662474569e-05,0.7776644972125876,1.2578600000000002,0.11824934955749164
electricity_load,s265,FA,sgd,regression,3,137,1,-0.7669743245248446,0.00010590238520644319,6.169138175041661e-05,0.00029199856619411266,-3.3003222073991894,3.6909437336840524e-05,0.7781911276870375,1.2578600000000002,0.11824934955749164
electricity_load,s265,FA,sgd,classification,0,2287,1,-1.7459898372079667,0.0015410828677299413,0.0013021139779322065,0.0017974888255397347,-2.294784535945416,0.0012578261721369998,0.702863659401926,1.2578600000000002,0.11824934955749164
electricity_load,s265,FA,sgd,classification,1,2258,1,-1.5556305241379755,0.0014662403567699033,0.0012860747123131094,0.0016815957843416035,-2.3046981855876036,0.0012492120466019935,0.7015965534718702,1.2578600000000002,0.11824934955749164
electricity_load,s265,FA,sgd,classification,2,2239,1,-1.6495060874933827,0.0014780888569574475,0.0012828425437809575,0.0017209767310444955,-2.303448513931423,0.0012358272819880188,0.7034972123669538,1.2578600000000002,0.11824934955749164
electricity_load,s265,FA,sgd,classification,3,2221,1,-1.6381460085442539,0.0015295061354118717,0.0013018313158298937,0.001773304003204846,-2.301624250651489,0.0012673392338631256,0.702863659401926,1.2578600000000002,0.11824934955749164
electricity_load,s265,FA,adam,regression,0,68,1,-0.9750422051640115,0.0008964161830854259,0.00014481742387545976,0.0037430081569407906,-3.0183620629713763,0.0008768033159619535,0.7671173622851222,1.2578600000000002,0.11824934955749164
electricity_load,s265,FA,adam,regression,1,69,1,-0.7479421797715573,0.0008610940227228876,0.00011164471998540942,0.0036139829950122856,-3.016801757473916,0.002218493313830755,0.7629783062155493,1.2578600000000002,0.11824934955749164
electricity_load,s265,FA,adam,regression,2,68,1,-0.13951391059270993,0.0009506770178381821,0.000146583182951916,0.004015985257513925,-3.020078878439227,0.0003513794501667455,0.7716377243178663,1.2578600000000002,0.11824934955749164
electricity_load,s265,FA,adam,regression,3,70,1,0.2414326426933569,0.0007630090465315188,0.00013492671882319213,0.0036129117805792595,-3.016031328215733,0.0025722936859895254,0.793763577655994,1.2578600000000002,0.11824934955749164
electricity_load,s265,FA,adam,classification,0,336,1,-4.529757426463071,2.4434732550713107e-05,1.174136041168002e-05,9.776482659083675e-05,-3.8071306735578236,8.908562777078914e-06,0.7308667004561581,1.2578600000000002,0.11824934955749164
electricity_load,s265,FA,adam,classification,1,333,1,0.1246781610302755,3.673590760783878e-05,1.4125500291305886e-05,0.0001370639889354667,-3.8463729799527657,1.7221699802605726e-05,0.7316269640141916,1.2578600000000002,0.11824934955749164
electricity_load,s265,FA,adam,classification,2,325,1,-1.595098841216891,2.0371734785434678e-05,1.0670667255428254e-05,8.472481565857853e-05,-3.869922517584666,1.0346065683372243e-05,0.7299797263051191,1.2578600000000002,0.11824934955749164
electricity_load,s265,FA,adam,classification,3,330,1,-2.058120222528203,3.025186976603295e-05,1.3713132405866443e-05,8.619063638735059e-05,-3.8209093251814235,4.734376674090635e-05,0.7327673593512417,1.2578600000000002,0.11824934955749164
electricity_load,s265,F10,sgd,regression,0,279,1,-1.5586898269804021,7.438809493847325e-05,6.107808246845198e-05,9.037465333963515e-05,-3.7908638518205118,5.7232610994256156e-05,1.030214484750812,1.2578600000000002,0.11824934955749164
electricity_load,s265,F10,sgd,regression,1,273,1,0.1265873528193336,6.80120855856467e-05,5.687223341572792e-05,0.0001232659283217861,-3.785792813393747,5.880744069804901e-05,1.0300467661636972,1.2578600000000002,0.11824934955749164
electricity_load,s265,F10,sgd,regression,2,261,1,-1.4122125493609816,6.302720720558077e-05,5.319854317540211e-05,8.835849733123773e-05,-3.8104445583473807,5.1311418216844704e-05,1.0276558798944837,1.2578600000000002,0.11824934955749164
electricity_load,s265,F10,sgd,regression,3,280,1,-0.6598450194006725,7.11891382636313e-05,6.165211884287806e-05,8.533955708353619e-05,-3.8133228694737626,6.355862130000701e-05,1.0295019532144334,1.2578600000000002,0.11824934955749164
electricity_load,s265,F10,sgd,classification,0,4000,0,-1.5351105937099647,0.0020674880573060923,0.0018170958848283698,0.0024058565514293623,-2.2186375203485142,0.0017644128954127686,0.4086416624429802,1.2578600000000002,0.11824934955749164
electricity_load,s265,F10,sgd,classification,1,4000,0,-1.549398387675087,0.001990044623047125,0.0017372207278724889,0.0023165401402238583,-2.2291623319509983,0.0016926245950348144,0.4087683730359858,1.2578600000000002,0.11824934955749164
electricity_load,s265,F10,sgd,classification,2,4000,0,-1.4346981196549973,0.002098879776348118,0.0018596815521537014,0.0024075483831707926,-2.218634976892179,0.0017961719574930604,0.4092752154080081,1.2578600000000002,0.11824934955749164
electricity_load,s265,F10,sgd,classification,3,4000,0,-1.4984569134570216,0.0020868962405583957,0.0018138011092124595,0.002403790205410467,-2.218733915908011,0.0017722532531010628,0.4088950836289914,1.2578600000000002,0.11824934955749164
electricity_load,s265,F10,adam,regression,0,21,1,-3.4066631348425447,6.654282114992059e-05,4.7070247991121224e-06,0.0005340120119046156,-3.9924667898296886,0.0005102712290713906,0.9308733925950395,1.2578600000000002,0.11824934955749164
electricity_load,s265,F10,adam,regression,1,21,1,-1.7237300679230025,7.782557165251326e-05,5.806507396040822e-06,0.0005402274979293294,-4.009472037649837,0.00039648598594890815,0.9897832843585039,1.2578600000000002,0.11824934955749164
electricity_load,s265,F10,adam,regression,2,22,1,0.46775309196520115,9.14700438741359e-05,9.36499672108644e-06,0.0004786877342928723,-4.025271583120272,7.45624204859451e-06,0.950511127713809,1.2578600000000002,0.11824934955749164
electricity_load,s265,F10,adam,regression,3,21,1,4.74586273317606,0.00010680081924926272,1.1889413287225732e-05,0.00044598566340662427,-4.049019434678595,7.935046373905309e-06,0.9687993329412217,1.2578600000000002,0.11824934955749164
electricity_load,s265,F10,adam,classification,0,594,1,-1.31955914693781,6.955831639943276e-05,6.00331210212804e-05,7.770016957848682e-05,-3.7252622277836935,5.8638713881161647e-05,0.4276482513938165,1.2578600000000002,0.11824934955749164
electricity_load,s265,F10,adam,classification,1,642,1,-0.771644767702629,5.81713524417908e-05,5.5781883254529066e-05,6.265316210745714e-05,-3.783183583984704,5.558135215880559e-05,0.42650785605676633,1.2578600000000002,0.11824934955749164
electricity_load,s265,F10,adam,classification,2,547,1,-0.9634638807336585,6.64381287763498e-05,6.192943315938409e-05,7.423349701825967e-05,-3.736403099492598,5.8850582217739285e-05,0.4309427268119615,1.2578600000000002,0.11824934955749164
electricity_load,s265,F10,adam,classification,3,601,1,-0.9970273577114059,6.747173428643707e-05,5.827234326250936e-05,7.409604104206916e-05,-3.7352018905391104,5.8300334529037305e-05,0.4281550937658388,1.2578600000000002,0.11824934955749164
electricity_load,s265,F11,sgd,regression,0,113,1,-1.9018431209307285,0.00018997961597345096,0.0001226690982465209,0.00041590359864184515,-3.0800294047224277,0.00014585296535914123,0.2915809029867878,1.2578600000000002,0.11824934955749164
electricity_load,s265,F11,sgd,regression,1,115,1,-1.7529415096565806,0.0001671029078023432,0.00010858871506300445,0.00039885321388030703,-3.10688349200372,0.0004004596579393081,0.2916165523245021,1.2578600000000002,0.11824934955749164
electricity_load,s265,F11,sgd,regression,2,109,1,-1.4305483498545233,0.00015710906382879474,9.499010937455092e-05,0.0003432663770458738,-3.138610735281344,8.025839988782725e-05,0.29232589666355113,1.2578600000000002,0.11824934955749164
electricity_load,s265,F11,sgd,regression,3,112,1,-0.8199628544187556,0.00017600218391979354,0.00011626821305985682,0.00039773471038222034,-3.1077338396775254,7.871194582527262e-05,0.29291094407128815,1.2578600000000002,0.11824934955749164
electricity_load,s265,F11,sgd,classification,0,1742,1,-1.8443613082428854,0.001222633499006435,0.0010215481668443336,0.0014369648072403351,-2.360378145959175,0.0009853277526682685,0.8749366447034972,1.2578600000000002,0.11824934955749164
electricity_load,s265,F11,sgd,classification,1,1747,1,-1.6085209700760166,0.0011555214726278722,0.0010076121633592339,0.0013270876346227068,-2.3723825446477895,0.0009759073682244552,0.8740496705524582,1.2578600000000002,0.11824934955749164
electricity_load,s265,F11,sgd,classification,2,1727,1,-1.7347600230402733,0.001163756728875338,0.0010045038162603995,0.0013680484529854868,-2.370275325791738,0.0009641570373927186,0.8749366447034972,1.2578600000000002,0.11824934955749164
electricity_load,s265,F11,sgd,classification,3,1700,1,-1.7186992829260603,0.0012130308312472086,0.0010215749459181445,0.0014160600894295638,-2.368101324083952,0.0009943597005712373,0.8743030917384693,1.2578600000000002,0.11824934955749164
electricity_load,s265,F11,adam,regression,0,66,1,-0.9937408551711602,0.001160833168116805,0.00019002171928834806,0.004565803207182583,-2.888443296171161,0.00019681054862232748,0.2972497225737918,1.2578600000000002,0.11824934955749164
electricity_load,s265,F11,adam,regression,1,67,1,-0.23672473006778183,0.0011275819159485294,0.0001658870656041129,0.00408886156772598,-2.899135330999506,0.002655330931905518,0.29409816917756176,1.2578600000000002,0.11824934955749164
electricity_load,s265,F11,adam,regression,2,66,1,0.12033831967359046,0.0012298125772510426,0.00020201284894159777,0.004556734280094844,-2.899437205691188,0.0006089938277902746,0.30331552783919896,1.2578600000000002,0.11824934955749164
electricity_load,s265,F11,adam,regression,3,68,1,0.4430262467339089,0.001084101678242804,0.00016294370630299957,0.004611965596120564,-2.8813001236040763,0.004703013020865349,0.3064111941756606,1.2578600000000002,0.11824934955749164
electricity_load,s265,F11,adam,classification,0,290,1,-4.210575029477282,3.035963118594271e-05,1.3657592625554043e-05,0.00012461575152111784,-3.790271904068289,1.2223233811109115e-05,0.9029396857577293,1.2578600000000002,0.11824934955749164
electricity_load,s265,F11,adam,classification,1,287,1,0.03993633938666205,4.93028650587141e-05,1.834541861518425e-05,0.0001540948394914081,-3.8093557265030853,2.9152878363253654e-05,0.9026862645717182,1.2578600000000002,0.11824934955749164
electricity_load,s265,F11,adam,classification,2,272,1,-0.6702099430045526,2.6896541214937654e-05,1.3489427394571593e-05,0.00010089696911363079,-3.85886823072673,1.1005797006877219e-05,0.8998986315255956,1.2578600000000002,0.11824934955749164
electricity_load,s265,F11,adam,classification,3,290,1,-1.3872319692196562,3.416163656775474e-05,1.6665207454586022e-05,0.00011316137779587998,-3.807406670579091,5.49918324179846e-05,0.9034465281297517,1.2578600000000002,0.11824934955749164
traffic_pems,s0,F0,sgd,regression,0,212,1,-0.6747338396931152,8.149361543652737e-05,2.411241208089214e-05,0.000306333212756035,-3.5249121683335534,2.228310254107349e-05,0.37473145561931864,0.9599549382716046,0.13720458709186298
traffic_pems,s0,F0,sgd,regression,1,209,1,0.22171684447764584,8.385842360342893e-05,2.0001473765638127e-05,0.0002313688681697761,-3.5865546737620053,0.00022366066851171572,0.37543686191086934,0.9599549382716046,0.13720458709186298
traffic_pems,s0,F0,sgd,regression,2,210,1,-1.299386248365021,8.143301269661324e-05,2.2473445934380896e-05,0.00020811730366462278,-3.6152663439549824,3.486565176295074e-05,0.3742894662792613,0.9599549382716046,0.13720458709186298
traffic_pems,s0,F0,sgd,regression,3,215,1,2.4848852641110497,9.590435878688034e-05,2.5203788963486955e-05,0.0002658889261893873,-3.580167582915082,4.3090275206930814e-05,0.3752525772119993,0.9599549382716046,0.13720458709186298
traffic_pems,s0,F0,sgd,classification,0,2939,1,-1.3554711544441047,0.0012706724764985572,0.00112095637765481,0.0014327887703456735,-2.4595221694652056,0.001092676005053515,0.8683510638297872,0.9599549382716046,0.13720458709186298
traffic_pems,s0,F0,sgd,classification,1,2786,1,-1.137903950308677,0.0012316098945063135,0.0011193625378289863,0.0013645243435759804,-2.4698228962217526,0.0010992005124469595,0.8668313069908815,0.9599549382716046,0.13720458709186298
traffic_pems,s0,F0,sgd,classification,2,2726,1,-1.2040519548912778,0.0012412363777692043,0.0011165501360449607,0.001383465951635388,-2.467850616095252,0.0010804980462823701,0.8683510638297872,0.9599549382716046,0.13720458709186298
traffic_pems,s0,F0,sgd,classification,3,2822,1,-1.2629604876571456,0.0012806508714262729,0.0011238121800481295,0.0014350848280202248,-2.4639017596713177,0.001107013982952133,0.868161094224924,0.9599549382716046,0.13720458709186298
traffic_pems,s0,F0,adam,regression,0,143,1,-1.4220299420214024,0.001497897228490939,0.00040931961738218325,0.004643930163779825,-2.7887987830106478,0.0007826701518306483,0.37459801308977053,0.9599549382716046,0.13720458709186298
traffic_pems,s0,F0,adam,regression,1,131,1,-0.6405383346668418,0.0014444991541374317,0.00037851375371309674,0.003982102394042099,-2.8085793780350548,0.002218370190789644,0.3770765022386637,0.9599549382716046,0.13720458709186298
traffic_pems,s0,F0,adam,regression,2,127,1,-0.12125436701247903,0.0015017168848937509,0.00045789309313736616,0.0046019969528243694,-2.776362389575027,0.0006311928082682973,0.3734534048005379,0.9599549382716046,0.13720458709186298
traffic_pems,s0,F0,adam,regression,3,133,1,0.6709379044792221,0.0015856657719944232,0.00048439773744692754,0.004177202742700099,-2.749862766179841,0.0006777404080522015,0.375936274461906,0.9599549382716046,0.13720458709186298
traffic_pems,s0,F0,adam,classification,0,367,1,-3.234539601184533,6.980016143966132e-05,2.109773026475082e-05,0.00020107698153279074,-3.6186237222944055,1.1267004540593547e-05,0.9099544072948328,0.9599549382716046,0.13720458709186298
traffic_pems,s0,F0,adam,classification,1,397,1,0.05572056617754509,6.317229399264659e-05,1.1457518096945392e-05,0.00021862784642962246,-3.693965331261451,5.739287959175173e-05,0.9090045592705167,0.9599549382716046,0.13720458709186298
traffic_pems,s0,F0,adam,classification,2,378,1,-1.0825630625457034,5.8105290270236924e-05,2.074543112896202e-05,0.00017855223346547775,-3.705922772078222,4.04228084661618e-05,0.9097644376899696,0.9599549382716046,0.13720458709186298
traffic_pems,s0,F0,adam,classification,3,378,1,-0.706908235142576,7.0899856099542e-05,2.7246189083687506e-05,0.0001755629228072439,-3.6643140145353637,4.246415000579848e-05,0.9099544072948328,0.9599549382716046,0.13720458709186298
traffic_pems,s0,F4,sgd,regression,0,498,1,-1.8059490663603397,9.506316983877078e-05,8.286300036775048e-05,0.0001430208792771164,-3.422874309554383,9.146312075791944e-05,1.342409668515323,0.9599549382716046,0.13720458709186298
traffic_pems,s0,F4,sgd,regression,1,511,1,-0.6995606274667822,0.00011084624259434175,7.89709666678634e-05,0.00018114539895926007,-3.407746666331813,0.00010855424687415582,1.3387051388528084,0.9599549382716046,0.13720458709186298
traffic_pems,s0,F4,sgd,regression,2,476,1,-0.8081923219078988,9.29381647702275e-05,7.522947679654031e-05,0.00013082521178873146,-3.466559065646632,6.874096983170774e-05,1.3444127109909072,0.9599549382716046,0.13720458709186298
traffic_pems,s0,F4,sgd,regression,3,463,1,-1.1492739599681296,0.00010305658669937539,8.084675842104497e-05,0.00013821876399806813,-3.431568097452042,9.364680234614194e-05,1.3397651602018217,0.9599549382716046,0.13720458709186298
traffic_pems,s0,F4,sgd,classification,0,4000,0,-1.262783762470425,0.002400785623193201,0.0021223282497801216,0.0026891882705515897,-2.2625754793358555,0.002066710695076041,0.5738981762917933,0.9599549382716046,0.13720458709186298
traffic_pems,s0,F4,sgd,classification,1,4000,0,-1.1682678908045918,0.0023205397158269935,0.002095548464907889,0.002583097592921396,-2.270465245819936,0.0020527660489148463,0.5727583586626139,0.9599549382716046,0.13720458709186298
traffic_pems,s0,F4,sgd,classification,2,4000,0,-1.220246379382276,0.002333436423807752,0.0020934575335007552,0.0026134846576820244,-2.2683477592975514,0.002037472786150367,0.5756079027355623,0.9599549382716046,0.13720458709186298
traffic_pems,s0,F4,sgd,classification,3,4000,0,-1.1936393727599977,0.0023786984030921957,0.0021130636120353465,0.002653776268784781,-2.267765973865904,0.0020663063910884676,0.5737082066869301,0.9599549382716046,0.13720458709186298
traffic_pems,s0,F4,adam,regression,0,79,1,-0.011831294292288382,0.0003181331124574361,4.338601742383269e-05,0.0011751116365887526,-3.494093982969789,0.00045503423575565105,1.3340183839733175,0.9599549382716046,0.13720458709186298
traffic_pems,s0,F4,adam,regression,1,79,1,-1.3785175743380698,0.00019089957407673208,3.9953319083289415e-05,0.0011051951042763627,-3.544218492641319,0.0009709241811885943,1.3257417387431394,0.9599549382716046,0.13720458709186298
traffic_pems,s0,F4,adam,regression,2,72,1,-0.5067407644374994,0.000282816819895384,5.440739455076478e-05,0.0011578275526038155,-3.506225931792669,0.00045388193423131525,1.3357833793475893,0.9599549382716046,0.13720458709186298
traffic_pems,s0,F4,adam,regression,3,84,1,1.1797928640462862,0.00023168582727787986,5.027711808569603e-05,0.0009059570229042563,-3.555815102798908,3.139339637160023e-05,1.3447115567559804,0.9599549382716046,0.13720458709186298
traffic_pems,s0,F4,adam,classification,0,761,1,-3.5702803361820488,2.861704045083611e-05,1.7878113390733462e-05,3.907687897090863e-05,-3.8414897635227523,1.9170160998590434e-05,0.6305091185410334,0.9599549382716046,0.13720458709186298
traffic_pems,s0,F4,adam,classification,1,820,1,1.2633178686131037,2.515048863291807e-05,1.700241020073955e-05,7.147052962288753e-05,-3.9019691350199652,1.662403213555177e-05,0.628419452887538,0.9599549382716046,0.13720458709186298
traffic_pems,s0,F4,adam,classification,2,783,1,-2.917331327655735,2.0769702158103854e-05,1.5183160686705275e-05,4.3881164411713894e-05,-3.877050641099942,1.3052010322361707e-05,0.6278495440729484,0.9599549382716046,0.13720458709186298
traffic_pems,s0,F4,adam,classification,3,706,1,-2.71670675459745,2.997152265302263e-05,1.735831372869056e-05,4.128146840493172e-05,-3.8626330485851668,2.285227522877895e-05,0.6303191489361702,0.9599549382716046,0.13720458709186298
traffic_pems,s0,FA,sgd,regression,0,470,1,-2.189380846039233,6.761664141975468e-05,5.705178834688189e-05,0.00011551231142086821,-3.4981825698516316,6.493909063345526e-05,1.31332984012353,0.9599549382716046,0.13720458709186298
traffic_pems,s0,FA,sgd,regression,1,487,1,-0.7633011610295113,8.259065343455915e-05,5.3345615050649135e-05,0.00015429804325886622,-3.4835362077311096,8.409547311193938e-05,1.3111548939383233,0.9599549382716046,0.13720458709186298
traffic_pems,s0,FA,sgd,regression,2,457,1,-0.7784532992497207,6.577330619888437e-05,5.089143534376404e-05,0.00010390432562849205,-3.5527013885551724,4.495891725282486e-05,1.3158213180067875,0.9599549382716046,0.13720458709186298
traffic_pems,s0,FA,sgd,regression,3,445,1,-1.2858338693588278,7.529512166281526e-05,5.450147090227014e-05,0.00011162720781740846,-3.509277363308368,6.97847297565162e-05,1.3114107370745696,0.9599549382716046,0.13720458709186298
traffic_pems,s0,FA,sgd,classification,0,4000,0,-1.2566842668446434,0.0021969562539794207,0.0019417610025498262,0.0024600243658613025,-2.2900038371066103,0.0018904462358158073,0.5776975683890577,0.9599549382716046,0.13720458709186298
traffic_pems,s0,FA,sgd,classification,1,4000,0,-1.1603260634366586,0.0021192172334227937,0.001914177224673136,0.002358115063965676,-2.298727969532182,0.0018757629305727389,0.5769376899696048,0.9599549382716046,0.13720458709186298
traffic_pems,s0,FA,sgd,classification,2,4000,0,-1.2154796940951516,0.0021336171707697447,0.0019141984818031757,0.002389817453206994,-2.295892855070465,0.001862566208966096,0.5794072948328267,0.9599549382716046,0.13720458709186298
traffic_pems,s0,FA,sgd,classification,3,4000,0,-1.184732661022237,0.0021752267207512145,0.0019317874560281873,0.0024251085053515566,-2.2953463740276465,0.00188908244211059,0.577887537993921,0.9599549382716046,0.13720458709186298
traffic_pems,s0,FA,adam,regression,0,78,1,-0.11727663247681823,0.00032719808176868086,4.4945581129659934e-05,0.0012089166892375633,-3.4959712932493194,0.00044229002512554864,1.3027598951984616,0.9599549382716046,0.13720458709186298
traffic_pems,s0,FA,adam,regression,1,79,1,-1.4703552617927866,0.0001875857561260293,4.206828351282986e-05,0.001092490668572368,-3.5465910015555155,0.0009948805598706991,1.296912304609964,0.9599549382716046,0.13720458709186298
traffic_pems,s0,FA,adam,regression,2,72,1,-0.5731565005267455,0.00028571391396617243,5.5396398601657895e-05,0.0011500108727211904,-3.5082032448895144,0.0004681353598112368,1.3033995693215823,0.9599549382716046,0.13720458709186298
traffic_pems,s0,FA,adam,regression,3,83,1,1.1465810305213595,0.00023061405708741699,4.866018786125416e-05,0.0009223911864001746,-3.557414703917054,3.3867713405540114e-05,1.3148453382730647,0.9599549382716046,0.13720458709186298
traffic_pems,s0,FA,adam,classification,0,667,1,-3.8315517604112377,2.159884383102323e-05,1.2059220498054104e-05,3.702507654223338e-05,-3.9337915053377,1.6042224895800774e-05,0.6426671732522796,0.9599549382716046,0.13720458709186298
traffic_pems,s0,FA,adam,classification,1,669,1,1.7187599793612958,2.1119928471966037e-05,1.2806332461981475e-05,7.232337339527053e-05,-3.990842447156581,1.1566084277224777e-05,0.6360182370820668,0.9599549382716046,0.13720458709186298
traffic_pems,s0,FA,adam,classification,2,644,1,-2.880120012375446,1.5768858882799343e-05,1.0715077952746924e-05,4.132317563768563e-05,-3.9749698223401575,8.85143307138773e-06,0.6362082066869301,0.9599549382716046,0.13720458709186298
traffic_pems,s0,FA,adam,classification,3,598,1,-3.0026658603388365,2.3901255382269443e-05,1.1200275211791378e-05,3.418096882102875e-05,-3.956741138511439,1.8511017611282156e-05,0.6415273556231003,0.9599549382716046,0.13720458709186298
traffic_pems,s0,F10,sgd,regression,0,768,1,-1.0416761789445261,3.6757778194199266e-05,3.0347158055901608e-05,3.898260535542132e-05,-4.011617665129232,2.935141675989539e-05,1.1385560200213283,0.9599549382716046,0.13720458709186298
traffic_pems,s0,F10,sgd,regression,1,751,1,0.8244141231566573,3.701971928837244e-05,3.001429717242951e-05,5.3174350911036485e-05,-4.030976809956101,3.0530776161446584e-05,1.1397964209414084,0.9599549382716046,0.13720458709186298
traffic_pems,s0,F10,sgd,regression,2,735,1,-1.0676223147023636,3.384324728903774e-05,2.919785312588211e-05,4.218762480910405e-05,-4.030865387006977,2.6003548621999692e-05,1.136642448904225,0.9599549382716046,0.13720458709186298
traffic_pems,s0,F10,sgd,regression,3,748,1,-0.5614746900423704,3.3744543925105444e-05,3.0946638659781545e-05,3.743627288469708e-05,-4.043109421193204,2.8816354352015128e-05,1.1382522303657385,0.9599549382716046,0.13720458709186298
traffic_pems,s0,F10,sgd,classification,0,4000,0,-1.329074122561681,0.0032780494706025373,0.0029208754933259815,0.00373494034036103,-2.1439426082641346,0.002843685226997512,0.4988601823708207,0.9599549382716046,0.13720458709186298
traffic_pems,s0,F10,sgd,classification,1,4000,0,-1.3432156913673907,0.003183156249358988,0.0028218044302160657,0.0036285628282820407,-2.1517252254332413,0.0027531716836185893,0.4988601823708207,0.9599549382716046,0.13720458709186298
traffic_pems,s0,F10,sgd,classification,2,4000,0,-1.2583749527291217,0.0033115711921707603,0.002968272536544317,0.0037350081508592528,-2.1439747537502587,0.002879081024580309,0.4994300911854103,0.9599549382716046,0.13720458709186298
traffic_pems,s0,F10,sgd,classification,3,4000,0,-1.3035137317589123,0.0032984134901886623,0.002916804604495596,0.0037311624936644757,-2.144181695354885,0.0028517654946358423,0.4988601823708207,0.9599549382716046,0.13720458709186298
traffic_pems,s0,F10,adam,regression,0,27,1,-4.721347982846982,2.9372459831024294e-05,1.6698966809673012e-06,0.00018353365467188487,-4.336659700204864,1.6294641696832698e-05,1.1067023092416373,0.9599549382716046,0.13720458709186298
traffic_pems,s0,F10,adam,regression,1,28,1,0.7054196629914907,4.6706903855999814e-05,5.0493056970844415e-06,0.00022550255683168388,-4.319536434967253,0.00012273278954593435,1.115888891342699,0.9599549382716046,0.13720458709186298
traffic_pems,s0,F10,adam,regression,2,29,1,2.09749855117107,3.200241215022406e-05,6.490639273042747e-06,0.0001858090163966729,-4.43175104112646,1.1282373263068054e-05,1.1022666785895203,0.9599549382716046,0.13720458709186298
traffic_pems,s0,F10,adam,regression,3,29,1,2.3988480532347425,3.497091693098437e-05,3.85176895170459e-06,0.0002507836142872736,-4.414931219612169,3.263765096662471e-05,1.1092020641391156,0.9599549382716046,0.13720458709186298
traffic_pems,s0,F10,adam,classification,0,1168,1,-1.724193950645774,4.419596321774994e-05,3.844264963570343e-05,5.2556045226256574e-05,-3.778287659996844,3.73212551023904e-05,0.5037993920972644,0.9599549382716046,0.13720458709186298
traffic_pems,s0,F10,adam,classification,1,1021,1,-1.3433814378074413,3.4429985593053845e-05,3.100539934876309e-05,3.9882317817800955e-05,-3.8586496286523806,3.11278880835009e-05,0.5036094224924013,0.9599549382716046,0.13720458709186298
traffic_pems,s0,F10,adam,classification,2,1167,1,-1.0440168844972038,4.7288461616832404e-05,4.391879834039906e-05,5.355694019678879e-05,-3.779246611294321,4.10864595912214e-05,0.5055091185410334,0.9599549382716046,0.13720458709186298
traffic_pems,s0,F10,adam,classification,3,1133,1,-1.3901588943634224,4.573374726187461e-05,3.803355585848098e-05,5.2663967159221776e-05,-3.7702842989612084,3.841470294585342e-05,0.5041793313069909,0.9599549382716046,0.13720458709186298
traffic_pems,s0,F11,sgd,regression,0,283,1,-1.2339391981086478,8.268283397502099e-05,3.710443970483684e-05,0.0002704890385904414,-3.2444757397733355,3.808533418880081e-05,0.9284259869756285,0.9599549382716046,0.13720458709186298
traffic_pems,s0,F11,sgd,regression,1,276,1,-0.7773212212526711,8.44733579222072e-05,3.16757080338285e-05,0.0002211115203235415,-3.2850044315631757,0.00020515048617458253,0.9239928800183489,0.9599549382716046,0.13720458709186298
traffic_pems,s0,F11,sgd,regression,2,278,1,-2.0343067548660594,7.106887737892483e-05,2.2864165723054437e-05,0.00017926427393104896,-3.3519181536570333,1.845272703590673e-05,0.9283238451895977,0.9599549382716046,0.13720458709186298
traffic_pems,s0,F11,sgd,regression,3,279,1,0.3575998113225743,0.0001022505674867729,4.926729132008621e-05,0.00023963790321185794,-3.2694193352776737,3.7740928900278746e-05,0.9257435797480493,0.9599549382716046,0.13720458709186298
traffic_pems,s0,F11,sgd,classification,0,3249,1,-1.3778111136388473,0.0012931057510711867,0.0011380002942421163,0.0014591666931922421,-2.4445758289319746,0.0011094197557431043,0.788563829787234,0.9599549382716046,0.13720458709186298
traffic_pems,s0,F11,sgd,classification,1,3132,1,-1.152662494415797,0.0012453165482265226,0.001133133393766699,0.0013818060420087023,-2.4562411772713677,0.0011138238882710985,0.7870440729483282,0.9599549382716046,0.13720458709186298
traffic_pems,s0,F11,sgd,classification,2,3094,1,-1.2320826431857126,0.0012578604273589984,0.0011329341606680526,0.001407137981922543,-2.452868289248165,0.0010972861230166208,0.7887537993920972,0.9599549382716046,0.13720458709186298
traffic_pems,s0,F11,sgd,classification,3,3194,1,-1.2590432205102766,0.0013012178646803043,0.001144479962621001,0.001457195769804701,-2.449772743420394,0.0011261246257069138,0.7883738601823708,0.9599549382716046,0.13720458709186298
traffic_pems,s0,F11,adam,regression,0,153,1,-1.225471797567046,0.001206519852464955,0.00031741367960802665,0.0037687543303682133,-2.8691415469430606,0.0004897281821449153,0.9215244511171773,0.9599549382716046,0.13720458709186298
traffic_pems,s0,F11,adam,regression,1,156,1,-0.4572266053794684,0.0011319436252446502,0.00027391588401285246,0.0033382966821872647,-2.889592389657377,0.0016939688770598873,0.9154209198023627,0.9599549382716046,0.13720458709186298
traffic_pems,s0,F11,adam,regression,2,146,1,-0.11039792811334413,0.0011166695745638978,0.0002862205697957154,0.003908080069319572,-2.860336146156269,0.0005564507487584558,0.9367466260197463,0.9599549382716046,0.13720458709186298
traffic_pems,s0,F11,adam,regression,3,148,1,1.0579065543402675,0.0011927376348954955,0.0003635259722343067,0.0035791788110206106,-2.840457015131027,0.0001836961326596004,0.9246661625501644,0.9599549382716046,0.13720458709186298
traffic_pems,s0,F11,adam,classification,0,389,1,-3.5266427509161296,5.7798590186337835e-05,1.95352729595783e-05,0.00019334568660627147,-3.642893506451407,9.093646880282944e-06,0.8322568389057751,0.9599549382716046,0.13720458709186298
traffic_pems,s0,F11,adam,classification,1,415,1,-0.46551129155270665,5.5658330210389124e-05,1.285221382689339e-05,0.00018378860896984644,-3.702444024630072,4.2884488362107506e-05,0.8311170212765957,0.9599549382716046,0.13720458709186298
traffic_pems,s0,F11,adam,classification,2,398,1,-1.3038766254586949,5.301428793160363e-05,1.809164770990639e-05,0.00015343277007382714,-3.720477596899752,2.1492559307233605e-05,0.8314969604863222,0.9599549382716046,0.13720458709186298
traffic_pems,s0,F11,adam,classification,3,430,1,-1.0738773093555491,5.9595171709059e-05,2.4502418821949673e-05,0.0001436396195241869,-3.6819064960501198,3.8817693321482174e-05,0.8322568389057751,0.9599549382716046,0.13720458709186298
traffic_pems,s143,F0,sgd,regression,0,108,1,-0.9119587375547337,8.296015114145291e-05,1.992635459203999e-05,0.00030648273748862086,-3.63686922975316,5.738593860976656e-05,0.24954066886016318,1.7050526315789472,0.16333130025877557
traffic_pems,s143,F0,sgd,regression,1,110,1,0.050481071778118294,7.561246824433048e-05,1.6426708416193865e-05,0.0002833794602428354,-3.7087370353668994,0.00031882650496403947,0.24987808152836086,1.7050526315789472,0.16333130025877557
traffic_pems,s143,F0,sgd,regression,2,100,1,-1.4705596129920073,6.613916550897114e-05,1.905744629436244e-05,0.0002459561332503686,-3.721128901249883,2.4743811825828513e-05,0.24965997549407132,1.7050526315789472,0.16333130025877557
traffic_pems,s143,F0,sgd,regression,3,105,1,3.139786435807152,9.080216821570847e-05,2.254633795964298e-05,0.00030683825665247627,-3.7239404730442818,8.115237168979898e-06,0.2498361232282599,1.7050526315789472,0.16333130025877557
traffic_pems,s143,F0,sgd,classification,0,2034,1,-1.8641419560329477,0.0011030603102050933,0.0009192900429711938,0.0012976525418216273,-2.3979719910198884,0.0008875884512122627,0.9181231003039514,1.7050526315789472,0.16333130025877557
traffic_pems,s143,F0,sgd,classification,1,2001,1,-1.581503186696583,0.0010480289426531568,0.0009161572934005206,0.001199268380872358,-2.4096053961763326,0.0008880043312831315,0.9179331306990881,1.7050526315789472,0.16333130025877557
traffic_pems,s143,F0,sgd,classification,2,1990,1,-1.711936966732524,0.001052888322011939,0.000910513242355889,0.0012306043426006524,-2.4082624338153,0.0008744221945990784,0.918693009118541,1.7050526315789472,0.16333130025877557
traffic_pems,s143,F0,sgd,classification,3,1975,1,-1.7322952159085732,0.00109998915180825,0.0009222583148753333,0.0012843401224638174,-2.4045917855205388,0.0009006482937941382,0.9179331306990881,1.7050526315789472,0.16333130025877557
traffic_pems,s143,F0,adam,regression,0,79,1,-1.4244546253830621,0.0014007333148870862,0.0003445737510725112,0.004486691138862409,-2.8498046653253772,0.0004280464672376275,0.25006347544653934,1.7050526315789472,0.16333130025877557
traffic_pems,s143,F0,adam,regression,1,75,1,-0.4954443979462793,0.0012511253661297381,0.00032518370872995444,0.004529531896747168,-2.861117698733169,0.002919987033541049,0.250293583313251,1.7050526315789472,0.16333130025877557
traffic_pems,s143,F0,adam,regression,2,70,1,0.08451561281108617,0.001498168276165601,0.0003870398044678165,0.004832673938681579,-2.8533354341585873,0.0006112725300093333,0.2487547975057389,1.7050526315789472,0.16333130025877557
traffic_pems,s143,F0,adam,regression,3,76,1,0.41964087737628175,0.0012817909909897127,0.0003302862033721521,0.004625916320717601,-2.837706562547678,0.00440249275152556,0.25108769732745556,1.7050526315789472,0.16333130025877557
traffic_pems,s143,F0,adam,classification,0,324,1,-5.192059378195,2.564671637901287e-05,8.371198074235189e-06,0.00012945619178904888,-3.7837214420356915,1.582841990257834e-05,0.9185030395136778,1.7050526315789472,0.16333130025877557
traffic_pems,s143,F0,adam,classification,1,324,1,-0.09969216487061114,4.134586596400763e-05,5.394109957762901e-06,0.00014859080596903875,-3.811394347179261,3.4920328307862204e-05,0.9192629179331308,1.7050526315789472,0.16333130025877557
traffic_pems,s143,F0,adam,classification,2,314,1,0.10007169539703115,2.7680002374272138e-05,7.919224178290489e-06,0.00011811781998328787,-3.8742740087647594,2.676842560859272e-06,0.9185030395136778,1.7050526315789472,0.16333130025877557
traffic_pems,s143,F0,adam,classification,3,325,1,-1.733661587979317,3.217234562471433e-05,1.2824273557075488e-05,0.00011897079985066035,-3.7925481685284956,3.8564998499742624e-05,0.9188829787234043,1.7050526315789472,0.16333130025877557
traffic_pems,s143,F4,sgd,regression,0,174,1,-1.9379244986319675,0.00013742105542656707,9.349228298559629e-05,0.0002718692674105151,-3.264872111795209,0.00012164709671720737,0.9259930062198498,1.7050526315789472,0.16333130025877557
traffic_pems,s143,F4,sgd,regression,1,179,1,-1.4182515196875276,0.00013368994240951822,8.901790318549252e-05,0.0003015619901528406,-3.2727612768852734,0.00027097172627153353,0.9241041233533469,1.7050526315789472,0.16333130025877557
traffic_pems,s143,F4,sgd,regression,2,167,1,-0.9715774901240583,0.00011625616297222208,7.814826328832616e-05,0.00024134810569278567,-3.327486744989118,6.424619500420793e-05,0.92691015373821,1.7050526315789472,0.16333130025877557
traffic_pems,s143,F4,sgd,regression,3,170,1,-0.8684518843853777,0.0001285232719693508,9.087963397485998e-05,0.00027782978035389457,-3.281124382274915,7.140185415240529e-05,0.9266857292191374,1.7050526315789472,0.16333130025877557
traffic_pems,s143,F4,sgd,classification,0,2873,1,-1.747879336303036,0.0016152218055945984,0.0013618396408989952,0.0018829909329886145,-2.2909723513793674,0.0013149795704081198,0.6297492401215805,1.7050526315789472,0.16333130025877557
traffic_pems,s143,F4,sgd,classification,1,2754,1,-1.5682317650090725,0.0015384207455221824,0.0013476140651445092,0.0017661646846557045,-2.300345606040438,0.0013083306277142067,0.6286094224924013,1.7050526315789472,0.16333130025877557
traffic_pems,s143,F4,sgd,classification,2,2738,1,-1.6587209571093238,0.0015449117669367827,0.0013380507449170466,0.0017993199997497589,-2.3000870084087266,0.0012888177381280433,0.6320288753799392,1.7050526315789472,0.16333130025877557
traffic_pems,s143,F4,sgd,classification,3,2786,1,-1.6451933390076847,0.0015998738719295753,0.0013604787288320373,0.0018559442385090788,-2.297950594118967,0.0013229683886499478,0.6295592705167173,1.7050526315789472,0.16333130025877557
traffic_pems,s143,F4,adam,regression,0,71,1,-0.6677860886733966,0.0007896595763191312,0.00010858292274562288,0.003217218161950742,-3.107991842646819,0.000907975975540948,0.9098601621170618,1.7050526315789472,0.16333130025877557
traffic_pems,s143,F4,adam,regression,1,72,1,-0.2951279032150632,0.000669013615605976,9.974802999644788e-05,0.003100101797517439,-3.102333265640363,0.0014433882053479718,0.9088232645180958,1.7050526315789472,0.16333130025877557
traffic_pems,s143,F4,adam,regression,2,70,1,-0.18070505433367565,0.0007327344807139579,9.632611641871569e-05,0.0034141952878172714,-3.1037340761318792,0.00029071702475421974,0.9178099840551078,1.7050526315789472,0.16333130025877557
traffic_pems,s143,F4,adam,regression,3,73,1,0.7902392395147546,0.0006293461458148437,0.00010798682902823759,0.0030642499134204506,-3.1072420747127873,0.0005253864000672962,0.9328991841833054,1.7050526315789472,0.16333130025877557
traffic_pems,s143,F4,adam,classification,0,372,1,-4.60155821548944,1.9886396799027744e-05,9.463995870527496e-06,8.10150942547693e-05,-3.881297945990882,9.20348285416995e-06,0.6633738601823708,1.7050526315789472,0.16333130025877557
traffic_pems,s143,F4,adam,classification,1,396,1,0.5162154127265793,3.550968927790354e-05,1.3128751742916221e-05,0.00013099245280740254,-3.9133625265158547,1.6037451223085262e-05,0.6629939209726444,1.7050526315789472,0.16333130025877557
traffic_pems,s143,F4,adam,classification,2,380,1,-1.0970431173376707,1.8155170629975235e-05,8.859457616255347e-06,7.623966152712937e-05,-3.9503325465194927,1.1532744151175683e-05,0.6612841945288754,1.7050526315789472,0.16333130025877557
traffic_pems,s143,F4,adam,classification,3,361,1,-1.8687369267593161,2.7168658129463587e-05,1.1282133502762154e-05,7.647464765502184e-05,-3.8930956992116172,4.86313163397561e-05,0.664323708206687,1.7050526315789472,0.16333130025877557
traffic_pems,s143,FA,sgd,regression,0,197,1,-2.0743952451114938,0.00010680883966462908,6.92194002551441e-05,0.00023060177124539487,-3.366590103051219,9.715322337455225e-05,0.5834463564962888,1.7050526315789472,0.16333130025877557
traffic_pems,s143,FA,sgd,regression,1,198,1,-1.2937578293557266,0.0001122572430678971,7.113105767617961e-05,0.00026239624897320054,-3.3637191123023555,0.00022836342561070137,0.5860054307380924,1.7050526315789472,0.16333130025877557
traffic_pems,s143,FA,sgd,regression,2,186,1,-0.9713839999335555,8.822801314952683e-05,5.652649720489129e-05,0.0001974664609119669,-3.4369058200439344,4.29655615313501e-05,0.5852563381310298,1.7050526315789472,0.16333130025877557
traffic_pems,s143,FA,sgd,regression,3,190,1,-0.8657112832842816,0.00010464666262225963,7.140180012896339e-05,0.00023739796522409168,-3.377892916916283,5.968636464546647e-05,0.5853158254565712,1.7050526315789472,0.16333130025877557
traffic_pems,s143,FA,sgd,classification,0,3060,1,-1.6636178029982331,0.0018016522945818719,0.0015343594137355926,0.0020854189419612437,-2.2643388808588587,0.0014840372651537205,0.7207446808510638,1.7050526315789472,0.16333130025877557
traffic_pems,s143,FA,sgd,classification,1,2967,1,-1.505667894346927,0.0017201141773319278,0.001514748164957652,0.0019666774384538713,-2.2734191645967177,0.0014745977260947265,0.7199848024316109,1.7050526315789472,0.16333130025877557
traffic_pems,s143,FA,sgd,classification,2,2952,1,-1.5801410280075325,0.0017327624482626296,0.0015124911386356415,0.002004775044051026,-2.272368051042701,0.0014607083106487088,0.7218844984802432,1.7050526315789472,0.16333130025877557
traffic_pems,s143,FA,sgd,classification,3,2976,1,-1.5634971242722766,0.001785191555654389,0.0015330396355853154,0.002056486943776899,-2.27108805388224,0.0014917704012488064,0.7205547112462006,1.7050526315789472,0.16333130025877557
traffic_pems,s143,FA,adam,regression,0,72,1,-0.5514153907735826,0.0007602606535704074,9.61220646181048e-05,0.002668848423493599,-3.17133583783149,0.0005936510562017923,0.5718190289843044,1.7050526315789472,0.16333130025877557
traffic_pems,s143,FA,adam,regression,1,73,1,-0.19816257444363558,0.0005856656223627765,0.00010219230474675271,0.0026169567480854275,-3.1649893305387478,0.001520607360650748,0.5730330684607738,1.7050526315789472,0.16333130025877557
traffic_pems,s143,FA,adam,regression,2,71,1,0.046028531059150446,0.0006696453464766941,8.930528230419522e-05,0.002921144066351977,-3.1644278130686163,0.00023904228012090428,0.5717530913475336,1.7050526315789472,0.16333130025877557
traffic_pems,s143,FA,adam,regression,3,75,1,1.1191742519228693,0.000566842630724812,8.875888543020846e-05,0.002753314301752949,-3.1659331432741347,0.00016063443124736377,0.5879412388716098,1.7050526315789472,0.16333130025877557
traffic_pems,s143,FA,adam,classification,0,380,1,-2.8921540949579136,3.6315044443447085e-05,2.562159487661662e-05,9.582014742930512e-05,-3.7538669711058907,2.5302464716749104e-05,0.748290273556231,1.7050526315789472,0.16333130025877557
traffic_pems,s143,FA,adam,classification,1,401,1,0.3686532041121349,5.047973476784963e-05,2.4294575984682863e-05,0.0001367348361161739,-3.790078746635174,2.408192676867744e-05,0.7471504559270516,1.7050526315789472,0.16333130025877557
traffic_pems,s143,FA,adam,classification,2,392,1,-1.6875130111152867,3.1875679180568796e-05,2.385838335125731e-05,8.830031150346421e-05,-3.7876162075340027,2.389906677667955e-05,0.7462006079027356,1.7050526315789472,0.16333130025877557
traffic_pems,s143,FA,adam,classification,3,371,1,-1.6259171560927572,4.431988995870148e-05,2.534688999186367e-05,7.862931519377254e-05,-3.767694049308174,5.034412006958202e-05,0.75,1.7050526315789472,0.16333130025877557
traffic_pems,s143,F10,sgd,regression,0,396,1,-1.3497719055756179,6.511421956071001e-05,5.308006322617224e-05,7.235619623395835e-05,-3.8333890760413465,5.060917884117999e-05,0.9598908426361173,1.7050526315789472,0.16333130025877557
traffic_pems,s143,F10,sgd,regression,1,430,1,0.2921954454092226,5.8236903852843125e-05,5.2534568298794575e-05,9.618779756070275e-05,-3.8285813238323136,4.856075451120388e-05,0.9601279501764042,1.7050526315789472,0.16333130025877557
traffic_pems,s143,F10,sgd,regression,2,410,1,-1.3912689069043493,5.597542135648523e-05,4.684994198096641e-05,7.354576290722036e-05,-3.85951040237526,4.4602231313484864e-05,0.9576508420675779,1.7050526315789472,0.16333130025877557
traffic_pems,s143,F10,sgd,regression,3,396,1,-0.7064554364110139,6.109479810956392e-05,5.421780098183252e-05,6.901501119537868e-05,-3.8593981861477284,5.1629154501933955e-05,0.9593376511237323,1.7050526315789472,0.16333130025877557
traffic_pems,s143,F10,sgd,classification,0,4000,0,-1.4383604360143545,0.0024766216280635417,0.0021907176426167923,0.0028537817665438853,-2.200482532668115,0.0021299369324020304,0.4219224924012158,1.7050526315789472,0.16333130025877557
traffic_pems,s143,F10,sgd,classification,1,4000,0,-1.4527419405597632,0.002392481861035348,0.002103564986561896,0.002757909156972952,-2.2098823248034156,0.002050992371758385,0.4217325227963526,1.7050526315789472,0.16333130025877557
traffic_pems,s143,F10,sgd,classification,2,4000,0,-1.3512203797682043,0.0025085477348687473,0.0022349698327425497,0.002854677689956856,-2.200510674508354,0.002162916414032549,0.4228723404255319,1.7050526315789472,0.16333130025877557
traffic_pems,s143,F10,sgd,classification,3,4000,0,-1.4065247749722056,0.002496215699691293,0.0021872066619741176,0.002850874868855822,-2.2006975252892502,0.0021377938226152344,0.42211246200607905,1.7050526315789472,0.16333130025877557
traffic_pems,s143,F10,adam,regression,0,22,1,-3.9636544199386723,4.664388154852242e-05,3.1292777085591937e-06,0.0003468836943386147,-4.122861242347094,0.0002223331461551458,0.880364920141857,1.7050526315789472,0.16333130025877557
traffic_pems,s143,F10,adam,regression,1,22,1,-0.3098328440259945,5.25601044010031e-05,6.972959881207251e-06,0.00039242812604132045,-4.142584257432571,0.00021441377711186528,0.9260254885583435,1.7050526315789472,0.16333130025877557
traffic_pems,s143,F10,adam,regression,2,23,1,0.5650428885914239,5.6206299250595146e-05,7.922871187877431e-06,0.00031054448972174937,-4.172199891010845,1.7144538587835602e-05,0.8942168794233211,1.7050526315789472,0.16333130025877557
traffic_pems,s143,F10,adam,regression,3,23,1,4.434815801560198,7.128884973122175e-05,6.681581511409775e-06,0.00034330165818342395,-4.213530134706401,1.216394493285844e-05,0.9089723269892076,1.7050526315789472,0.16333130025877557
traffic_pems,s143,F10,adam,classification,0,831,1,-1.2569066002685025,7.363402940507601e-05,6.447409504871225e-05,8.215344532714389e-05,-3.700649915532893,6.307580709607148e-05,0.4411094224924012,1.7050526315789472,0.16333130025877557
traffic_pems,s143,F10,adam,classification,1,803,1,-0.7789421401642244,6.224467147919547e-05,5.935220346952415e-05,6.726323792356568e-05,-3.757287726423676,5.921759794079606e-05,0.4405395136778115,1.7050526315789472,0.16333130025877557
traffic_pems,s143,F10,adam,classification,2,803,1,-0.9102550695805234,7.15438827942288e-05,6.694917514387614e-05,7.941862871962275e-05,-3.7093297571353077,6.385324833872705e-05,0.44376899696048633,1.7050526315789472,0.16333130025877557
traffic_pems,s143,F10,adam,classification,3,806,1,-0.9655955787699736,7.194516828883106e-05,6.270613668685588e-05,7.890434499962749e-05,-3.7069332214613855,6.274507155517011e-05,0.440919452887538,1.7050526315789472,0.16333130025877557
traffic_pems,s143,F11,sgd,regression,0,128,1,-1.6470667559243009,0.00016912648196631313,0.0001126570454134659,0.0003566245132721445,-3.0866692604436854,0.00013346388248614124,0.40996257221301297,1.7050526315789472,0.16333130025877557
traffic_pems,s143,F11,sgd,regression,1,130,1,-1.3185919832337147,0.00015541454855370055,0.00010502047977618087,0.0003567777230348787,-3.1143205029000365,0.00036354010889804155,0.4092547000478724,1.7050526315789472,0.16333130025877557
traffic_pems,s143,F11,sgd,regression,2,121,1,-1.5019189651478086,0.0001297784498030507,7.508458546133424e-05,0.00029152749634753445,-3.166195360837205,5.7700633695224224e-05,0.410512881564688,1.7050526315789472,0.16333130025877557
traffic_pems,s143,F11,sgd,regression,3,124,1,-0.4349332850202572,0.0001753457266842768,0.00012474372045962555,0.00036942796634075283,-3.113335701912325,8.282136216568388e-05,0.4104903230410314,1.7050526315789472,0.16333130025877557
traffic_pems,s143,F11,sgd,classification,0,2202,1,-1.8603583118406768,0.001222345663006902,0.0010199468289441573,0.001437227488998609,-2.359809460067537,0.000983886176360969,0.8660714285714286,1.7050526315789472,0.16333130025877557
traffic_pems,s143,F11,sgd,classification,1,2158,1,-1.6139521211240047,0.001156436255475516,0.0010099455162001056,0.0013291277533305443,-2.3713368163530157,0.0009792910711612511,0.8649316109422492,1.7050526315789472,0.16333130025877557
traffic_pems,s143,F11,sgd,classification,2,2140,1,-1.7433380859599148,0.001162489480405505,0.0010031269283857164,0.0013652519772681115,-2.3699734128316514,0.0009632226299964985,0.8662613981762918,1.7050526315789472,0.16333130025877557
traffic_pems,s143,F11,sgd,classification,3,2148,1,-1.7329460420081322,0.0012141298989654433,0.0010212449446303992,0.0014185004645146922,-2.3668310440743627,0.0009948262514411443,0.8656914893617021,1.7050526315789472,0.16333130025877557
traffic_pems,s143,F11,adam,regression,0,71,1,-0.9167626951117647,0.0011196751460477456,0.00022577463939947115,0.0040916223147900044,-2.900032429471559,0.0006671786065259841,0.41077389409764464,1.7050526315789472,0.16333130025877557
traffic_pems,s143,F11,adam,regression,1,71,1,-0.5868456915415915,0.0010178786862547824,0.00017323133822388118,0.004078143639404753,-2.9138015008356186,0.002497371558703709,0.4071641236291951,1.7050526315789472,0.16333130025877557
traffic_pems,s143,F11,adam,regression,2,68,1,-0.06290649726570824,0.0011322448153754212,0.0002342921123384222,0.004319833952530288,-2.9039568740176067,0.0005534370964219288,0.4152291219313215,1.7050526315789472,0.16333130025877557
traffic_pems,s143,F11,adam,regression,3,73,1,0.4912098764632551,0.0009306957249832527,0.00020307689783904417,0.003870241053232364,-2.8975750114742316,0.0035957803262313182,0.41711842110023156,1.7050526315789472,0.16333130025877557
traffic_pems,s143,F11,adam,classification,0,330,1,-4.64340514492589,2.7818815906336068e-05,1.2915901747025709e-05,0.0001181187580355977,-3.75141497787024,1.5518366488111522e-05,0.8782294832826748,1.7050526315789472,0.16333130025877557
traffic_pems,s143,F11,adam,classification,1,328,1,-1.4530139339941626,4.167229880691934e-05,1.4318710950893322e-05,0.00014262901459942282,-3.747659820529737,2.4310077144020538e-05,0.8776595744680851,1.7050526315789472,0.16333130025877557
traffic_pems,s143,F11,adam,classification,2,320,1,-0.4906919348146315,3.087213769274625e-05,1.557593476992048e-05,0.00010154359774149584,-3.80635819743637,1.0276103847712127e-05,0.8772796352583586,1.7050526315789472,0.16333130025877557
traffic_pems,s143,F11,adam,classification,3,328,1,-2.356520769084279,3.1618551417563447e-05,1.3901204411577472e-05,0.00010172839669629562,-3.7627753381271827,5.065126873947413e-05,0.8793693009118541,1.7050526315789472,0.16333130025877557
traffic_pems,s286,F0,sgd,regression,0,141,1,-1.0128444131437782,7.068693041131899e-05,1.5788575201412175e-05,0.00026730001836721963,-3.5963702309069943,5.289727720621418e-05,0.42132557644973023,0.9478791095890418,0.13046311021690477
traffic_pems,s286,F0,sgd,regression,1,140,1,0.3476990383039772,6.597416719077396e-05,1.2828996747863864e-05,0.00024246305251262126,-3.6644989879210534,0.0002720902593306601,0.42108352088305057,0.9478791095890418,0.13046311021690477
traffic_pems,s286,F0,sgd,regression,2,128,1,-1.4014636189253038,5.8088905836287066e-05,1.635213915922132e-05,0.0002109042195657363,-3.6928509799082474,2.014873512801062e-05,0.42150184496990545,0.9478791095890418,0.13046311021690477
traffic_pems,s286,F0,sgd,regression,3,133,1,3.3654726353240965,7.944536241321872e-05,1.8734498280132288e-05,0.0002676855405768471,-3.6689138654189364,8.866226512698614e-06,0.4212449697430641,0.9478791095890418,0.13046311021690477
traffic_pems,s286,F0,sgd,classification,0,1588,1,-1.5822599238642299,0.0009264908668501068,0.0007956024811360764,0.0010633159601815363,-2.5427598581665727,0.0007730756562050045,0.8668313069908815,0.9478791095890418,0.13046311021690477
traffic_pems,s286,F0,sgd,classification,1,1624,1,-1.2920832040688757,0.0008912770167172294,0.0007991545356539157,0.0009951023039360054,-2.553333049517024,0.000779898831182585,0.8653115501519757,0.9478791095890418,0.13046311021690477
traffic_pems,s286,F0,sgd,classification,2,1569,1,-1.3978424829581706,0.0008893127383040353,0.0007883258667139041,0.001008658409841692,-2.5543939455812326,0.000758535688314204,0.8658814589665653,0.9478791095890418,0.13046311021690477
traffic_pems,s286,F0,sgd,classification,3,1580,1,-1.4704301323923077,0.0009307267945113533,0.0007964452443470357,0.0010613680609789541,-2.5485255284093444,0.0007845071103035853,0.8664513677811551,0.9478791095890418,0.13046311021690477
traffic_pems,s286,F0,adam,regression,0,97,1,-1.3600973475788591,0.0013176675353070814,0.00029871868389682996,0.004137721386823353,-2.8916607757305157,0.0009352207407385159,0.42150230066831756,0.9478791095890418,0.13046311021690477
traffic_pems,s286,F0,adam,regression,1,92,1,-0.6721662190418942,0.0010778924046444787,0.0002699017537390482,0.0038677197397107535,-2.9033165520033886,0.0021499298568352166,0.42090983412328103,0.9478791095890418,0.13046311021690477
traffic_pems,s286,F0,adam,regression,2,87,1,0.06435483788579292,0.0012649289184679773,0.0003164351028350734,0.004369062876930396,-2.8937128508757195,0.0006216490315194476,0.422360389268664,0.9478791095890418,0.13046311021690477
traffic_pems,s286,F0,adam,regression,3,93,1,0.25484855223742137,0.0010654812950236978,0.00028569678133281984,0.0038800736975752323,-2.884211066116491,0.002301876737425849,0.42198325026578376,0.9478791095890418,0.13046311021690477
traffic_pems,s286,F0,adam,classification,0,265,1,-3.9511006125695567,3.9246626875306435e-05,8.717703144916115e-06,0.00017298949692702489,-3.7997607581675332,1.6013042617026042e-05,0.8829787234042553,0.9478791095890418,0.13046311021690477
traffic_pems,s286,F0,adam,classification,1,251,1,0.9332298359480259,4.37107182001141e-05,5.3212137805379316e-06,0.00017718460924486562,-3.8686543138605423,4.083701946937357e-05,0.8803191489361702,0.9478791095890418,0.13046311021690477
traffic_pems,s286,F0,adam,classification,2,238,1,-0.12047816959267384,3.9094138374455796e-05,1.2558688130910917e-05,0.0001525361092006899,-3.903117392532014,1.900419791406207e-05,0.8774696048632219,0.9478791095890418,0.13046311021690477
traffic_pems,s286,F0,adam,classification,3,269,1,0.1503738147314474,4.415637597510549e-05,1.5396081210046656e-05,0.00014162581914090895,-3.8596280654609108,1.9891469978443393e-05,0.881838905775076,0.9478791095890418,0.13046311021690477
traffic_pems,s286,F4,sgd,regression,0,196,1,-2.219398135684442,0.00011576279893513048,8.232212223435242e-05,0.00022557334113125239,-3.3091159035908277,0.00010301049567924935,1.3308534009372606,0.9478791095890418,0.13046311021690477
traffic_pems,s286,F4,sgd,regression,1,198,1,-1.360070824443927,0.00012093469235022074,7.933851095556322e-05,0.0002634009626968486,-3.305989299380718,0.00022130343010835326,1.3282918054370794,0.9478791095890418,0.13046311021690477
traffic_pems,s286,F4,sgd,regression,2,182,1,-0.8783181338174989,9.968346417566472e-05,7.03580523711886e-05,0.00020377624254170332,-3.369669157115798,5.608527422807861e-05,1.332025056977568,0.9478791095890418,0.13046311021690477
traffic_pems,s286,F4,sgd,regression,3,187,1,-1.0310133636509384,0.00011122934984198478,7.983330886791796e-05,0.00023653488914920177,-3.32286101638122,7.511198311062395e-05,1.330854329312882,0.9478791095890418,0.13046311021690477
traffic_pems,s286,F4,sgd,classification,0,2234,1,-1.1340806357037498,0.0015622648026020346,0.0013994452351715483,0.001730606599320414,-2.395629836918268,0.0013669924739976502,0.5877659574468085,0.9478791095890418,0.13046311021690477
traffic_pems,s286,F4,sgd,classification,1,2215,1,-1.0333400641446466,0.001497580485871429,0.0013709260002212713,0.0016480459935993962,-2.4066909957191793,0.0013487707336246142,0.5875759878419453,0.9478791095890418,0.13046311021690477
traffic_pems,s286,F4,sgd,classification,2,2159,1,-1.0764499670634795,0.001520532090337773,0.0013836518918833942,0.0016813019447970256,-2.402116779272759,0.0013496336128607923,0.5887158054711246,0.9478791095890418,0.13046311021690477
traffic_pems,s286,F4,sgd,classification,3,2173,1,-1.0568929380879943,0.0015484090056001026,0.0013912571235339562,0.0017054645909358715,-2.400964410322146,0.0013663514275422614,0.5877659574468085,0.9478791095890418,0.13046311021690477
traffic_pems,s286,F4,adam,regression,0,75,1,-0.2276633972484892,0.0006827953480966365,9.026792505170416e-05,0.0024866795298827426,-3.210843836407649,0.00045019634413350987,1.3159634615081452,0.9478791095890418,0.13046311021690477
traffic_pems,s286,F4,adam,regression,1,76,1,-0.4081740143034086,0.000500558265883126,7.925396963203815e-05,0.0024495541934046496,-3.2167541647746374,0.0017971099526440449,1.3089626609542273,0.9478791095890418,0.13046311021690477
traffic_pems,s286,F4,adam,regression,2,72,1,0.021060564167321154,0.0005782838669819313,8.807901859905765e-05,0.00275822539929127,-3.204904468697359,0.0001517386895266875,1.3224824949792047,0.9478791095890418,0.13046311021690477
traffic_pems,s286,F4,adam,regression,3,77,1,1.4195021273515043,0.0004990800483905263,9.045209099013983e-05,0.002575516352286945,-3.2122097024354024,9.562528803787229e-05,1.3319155216954006,0.9478791095890418,0.13046311021690477
traffic_pems,s286,F4,adam,classification,0,320,1,-1.9408815946748532,5.498888610460138e-05,4.2811946212728417e-05,9.956158853554704e-05,-3.688523257344057,4.763655944717323e-05,0.6523556231003039,0.9478791095890418,0.13046311021690477
traffic_pems,s286,F4,adam,classification,1,320,1,0.16858377896640428,5.962442926023733e-05,4.3932015786059104e-05,0.0001261415952668844,-3.705186420760675,3.795778901938805e-05,0.6506458966565349,0.9478791095890418,0.13046311021690477
traffic_pems,s286,F4,adam,classification,2,311,1,-1.7396891269771266,4.767992020198123e-05,3.837897126751632e-05,9.154326649416388e-05,-3.7083822693898325,3.696876672839526e-05,0.6514057750759878,0.9478791095890418,0.13046311021690477
traffic_pems,s286,F4,adam,classification,3,310,1,-1.9607677250864846,5.979447873056756e-05,3.860888124320141e-05,7.952402903545855e-05,-3.690590238547852,5.40476785569095e-05,0.6529255319148937,0.9478791095890418,0.13046311021690477
traffic_pems,s286,FA,sgd,regression,0,201,1,-2.233415775067088,0.0001039530232420155,7.734789210451723e-05,0.00020293645564182713,-3.357288686721122,9.300801976234953e-05,1.19502579057667,0.9478791095890418,0.13046311021690477
traffic_pems,s286,FA,sgd,regression,1,203,1,-1.1542599923757213,0.00011627622997030933,7.609488148203825e-05,0.0002424786559604752,-3.348873886588833,0.0001957530585348445,1.1960958297671413,0.9478791095890418,0.13046311021690477
traffic_pems,s286,FA,sgd,regression,2,183,1,-0.7239807704983611,9.374161182811828e-05,6.889885763748148e-05,0.00018464193440634444,-3.4150242668082385,5.490820814111542e-05,1.1969600018862778,0.9478791095890418,0.13046311021690477
traffic_pems,s286,FA,sgd,regression,3,191,1,-0.9499841991513202,0.00010482819555528072,7.473862939835185e-05,0.00021639541338919788,-3.3706259636389415,8.002458118805156e-05,1.1958540411922471,0.9478791095890418,0.13046311021690477
traffic_pems,s286,FA,sgd,classification,0,2004,1,-1.089871008421561,0.001399033101824053,0.0012629813246256597,0.0015463225063204985,-2.420340739395839,0.0012361057546918448,0.5953647416413373,0.9478791095890418,0.13046311021690477
traffic_pems,s286,FA,sgd,classification,1,1959,1,-0.9972710031202281,0.0013391173071506733,0.0012316108219665514,0.001471622698879871,-2.4326124206374886,0.0012143628765666355,0.5946048632218845,0.9478791095890418,0.13046311021690477
traffic_pems,s286,FA,sgd,classification,2,1951,1,-1.022068099728937,0.0013685696985670623,0.0012527971351698314,0.0015056122047325386,-2.4264048226086823,0.001222679912184723,0.5963145896656535,0.9478791095890418,0.13046311021690477
traffic_pems,s286,FA,sgd,classification,3,1949,1,-1.0177916171473738,0.001390183435387778,0.0012536270536669949,0.0015258671434261726,-2.4248226905439476,0.0012349359525601253,0.5949848024316109,0.9478791095890418,0.13046311021690477
traffic_pems,s286,FA,adam,regression,0,74,1,0.11019912571601412,0.000628681828545859,8.453659081150323e-05,0.00214379442680118,-3.2663264804110486,0.0002864505091510147,1.179835130495749,0.9478791095890418,0.13046311021690477
traffic_pems,s286,FA,adam,regression,1,75,1,-0.3973068042160756,0.0004260729316355246,6.532857343466247e-05,0.002108935117826891,-3.2794892363281347,0.0021005141068456655,1.176030930788693,0.9478791095890418,0.13046311021690477
traffic_pems,s286,FA,adam,regression,2,71,1,-0.28908739374729603,0.00047992777245744805,8.246809771627692e-05,0.0027196312484921146,-3.2674633908360082,0.00018724675134949715,1.1798722725486972,0.9478791095890418,0.13046311021690477
traffic_pems,s286,FA,adam,regression,3,76,1,1.5511610580462416,0.0004457979038106751,7.323122861202978e-05,0.002238584558366573,-3.276805774359635,7.880211226013976e-05,1.1910510674022645,0.9478791095890418,0.13046311021690477
traffic_pems,s286,FA,adam,classification,0,294,1,-2.356924615842403,4.1897814343521614e-05,2.986885539041123e-05,6.516201900834528e-05,-3.7647194797258545,3.5384739880019575e-05,0.6736322188449848,0.9478791095890418,0.13046311021690477
traffic_pems,s286,FA,adam,classification,1,291,1,0.8622891552898589,3.926998739033412e-05,3.0310616111144337e-05,8.898997733547772e-05,-3.8045993563122997,2.83184356697817e-05,0.6683130699088146,0.9478791095890418,0.13046311021690477
traffic_pems,s286,FA,adam,classification,2,271,1,-2.162677623647875,3.5949212221374416e-05,2.7124084216642032e-05,6.827280890281691e-05,-3.7857683299713583,2.4857915139287594e-05,0.6690729483282675,0.9478791095890418,0.13046311021690477
traffic_pems,s286,FA,adam,classification,3,288,1,-2.0867883903415905,4.3759854343492516e-05,2.8209899913913415e-05,5.799237776529578e-05,-3.7774536664013296,3.846917480751019e-05,0.6711626139817629,0.9478791095890418,0.13046311021690477
traffic_pems,s286,F10,sgd,regression,0,157,1,-1.6546042732916668,4.616019404290689e-05,3.9306613156394764e-05,8.396885488948713e-05,-4.03698854135995,3.712167889946974e-05,1.2424023830498885,0.9478791095890418,0.13046311021690477
traffic_pems,s286,F10,sgd,regression,1,153,1,0.6785572070888559,4.8499035566100233e-05,3.4550198075319126e-05,0.00012526018244411304,-4.018798048079498,6.0426494193813524e-05,1.2415210505316718,0.9478791095890418,0.13046311021690477
traffic_pems,s286,F10,sgd,regression,2,150,1,-0.7294869274019963,4.5474206683498894e-05,3.392332493972515e-05,8.071785532754919e-05,-4.040514821561491,3.5234357434973955e-05,1.2393837280320457,0.9478791095890418,0.13046311021690477
traffic_pems,s286,F10,sgd,regression,3,145,1,0.40291574017096765,4.8243533548808886e-05,3.793480063533706e-05,8.29701758399107e-05,-4.046256191509521,5.9240602555016674e-05,1.2412807896289753,0.9478791095890418,0.13046311021690477
traffic_pems,s286,F10,sgd,classification,0,4000,0,-1.5250230462494012,0.0015839518162294659,0.00139629446353732,0.0018417235361530562,-2.2768042861330104,0.0013569953458183513,0.4872720364741641,0.9478791095890418,0.13046311021690477
traffic_pems,s286,F10,sgd,classification,1,4000,0,-1.5365212405109472,0.001520958604642464,0.0013311366139623008,0.001769090714161914,-2.2884711582303123,0.0012985202052687047,0.4870820668693009,0.9478791095890418,0.13046311021690477
traffic_pems,s286,F10,sgd,classification,2,4000,0,-1.4138759659781326,0.0016114416547984211,0.0014329001822888578,0.0018447427988213705,-2.276825293963604,0.001384397010018728,0.4872720364741641,0.9478791095890418,0.13046311021690477
traffic_pems,s286,F10,sgd,classification,3,4000,0,-1.4852258319618286,0.0016013844533341289,0.001394055851372225,0.0018421367242673911,-2.2766012616603253,0.0013643624844669525,0.4870820668693009,0.9478791095890418,0.13046311021690477
traffic_pems,s286,F10,adam,regression,0,20,1,-1.6339039463483234,0.00016486063424823273,8.903985943547587e-06,0.0009604324286842623,-3.8007795735147414,0.0004819925957936339,1.1523051189636826,0.9478791095890418,0.13046311021690477
traffic_pems,s286,F10,adam,regression,1,20,1,-2.8722774093189662,0.00012295065471968828,7.886764140674893e-06,0.0009340186591262734,-3.8075567683886047,0.0008972611976263518,1.2016836212943927,0.9478791095890418,0.13046311021690477
traffic_pems,s286,F10,adam,regression,2,21,1,0.5881028005247149,0.00019190419080516183,1.0836813036265165e-05,0.0010091458606170908,-3.8115443164825957,0.0003044798117698117,1.1607179845578683,0.9478791095890418,0.13046311021690477
traffic_pems,s286,F10,adam,regression,3,21,1,1.790767474684359,0.00014236181809686697,8.70973603191052e-06,0.0007714127427775663,-3.8718940120730507,3.42972068683193e-06,1.1815599249817157,0.9478791095890418,0.13046311021690477
traffic_pems,s286,F10,adam,classification,0,379,1,-1.7432808913439803,3.328631035023174e-05,2.9017391231486017e-05,3.9860702543118307e-05,-3.8970455776484116,2.826987034691614e-05,0.4944908814589666,0.9478791095890418,0.13046311021690477
traffic_pems,s286,F10,adam,classification,1,379,1,-1.3835549180168212,2.5100346938665195e-05,2.24213725905971e-05,2.9246177704123498e-05,-3.986451520068133,2.255403574962947e-05,0.49430091185410335,0.9478791095890418,0.13046311021690477
traffic_pems,s286,F10,adam,classification,2,390,1,-0.9545490546346017,3.653249377236572e-05,3.4172261409813715e-05,4.112826994225813e-05,-3.8988385358344964,3.1837031664512314e-05,0.4958206686930091,0.9478791095890418,0.13046311021690477
traffic_pems,s286,F10,adam,classification,3,376,1,-1.3770911638228998,3.459769556284665e-05,2.8743985560863754e-05,4.0010633970292494e-05,-3.890995693734869,2.9139562987798138e-05,0.4944908814589666,0.9478791095890418,0.13046311021690477
traffic_pems,s286,F11,sgd,regression,0,163,1,-2.3490193834984683,9.566640334266689e-05,4.23591098591084e-05,0.00026002292010843465,-3.1983875580469046,7.210889421030612e-05,0.7195297197178517,0.9478791095890418,0.13046311021690477
traffic_pems,s286,F11,sgd,regression,1,164,1,-1.7858156552587165,7.996878463236219e-05,3.357305916083374e-05,0.000257980008666909,-3.246047380960775,0.0002657648446989813,0.7157781349388505,0.9478791095890418,0.13046311021690477
traffic_pems,s286,F11,sgd,regression,2,150,1,-1.96488394166977,6.88925581586348e-05,2.850048284739431e-05,0.00021716657666704447,-3.2805108457039416,2.005949810959692e-05,0.7189228117131368,0.9478791095890418,0.13046311021690477
traffic_pems,s286,F11,sgd,regression,3,153,1,-0.0867707776946067,9.748557327608962e-05,5.0231365640192535e-05,0.00027292400054918534,-3.238030203231919,2.4013212127583516e-05,0.7184670819780076,0.9478791095890418,0.13046311021690477
traffic_pems,s286,F11,sgd,classification,0,1877,1,-1.453134815943085,0.001238617032843406,0.0010782915346568725,0.0014049149731548338,-2.4485951189979978,0.001049412065881102,0.8071808510638298,0.9478791095890418,0.13046311021690477
traffic_pems,s286,F11,sgd,classification,1,1868,1,-1.2272915631103232,0.0011866592603727811,0.0010729826949928115,0.0013217016168929447,-2.4589656866161707,0.0010517020656329974,0.805661094224924,0.9478791095890418,0.13046311021690477
traffic_pems,s286,F11,sgd,classification,2,1841,1,-1.3190973678843048,0.00119336688259224,0.0010678287044804766,0.0013464370551816587,-2.458035817908527,0.0010340459141472333,0.8062310030395137,0.9478791095890418,0.13046311021690477
traffic_pems,s286,F11,sgd,classification,3,1824,1,-1.3338469339493986,0.0012396226087095417,0.0010830388838174378,0.001396743265182609,-2.4547259842335385,0.001063868598308948,0.8066109422492401,0.9478791095890418,0.13046311021690477
traffic_pems,s286,F11,adam,regression,0,101,1,-0.911790804765698,0.0010615895728545044,0.0002013583195450941,0.0038175876596934447,-2.937158065482301,0.0009903740335725005,0.7140243548388855,0.9478791095890418,0.13046311021690477
traffic_pems,s286,F11,adam,regression,1,98,1,-0.44627203660634035,0.0009405919274983969,0.00018667695734074242,0.0035991860951329543,-2.948952026846231,0.0018051655711176888,0.7100536676315597,0.9478791095890418,0.13046311021690477
traffic_pems,s286,F11,adam,regression,2,92,1,-0.0025742740429394242,0.0010296963305206634,0.0002208275246300741,0.003961449061198734,-2.940730636648959,0.0006281710320618138,0.7244211682609647,0.9478791095890418,0.13046311021690477
traffic_pems,s286,F11,adam,regression,3,96,1,0.49072247201506264,0.0008403129848817694,0.00020207454743040453,0.0034878101308734558,-2.9359635918240086,0.001740456994192932,0.7178469366081934,0.9478791095890418,0.13046311021690477
traffic_pems,s286,F11,adam,classification,0,299,1,-3.5422491488350993,4.7834748889263214e-05,2.1633429958680077e-05,0.00016008453314768996,-3.6691172104860907,1.997179298343495e-05,0.8307370820668692,0.9478791095890418,0.13046311021690477
traffic_pems,s286,F11,adam,classification,1,295,1,-1.0234476546222375,4.7866414346711854e-05,1.8042749399550327e-05,0.00015432064077287058,-3.703617794978969,2.2588396455342776e-05,0.8307370820668692,0.9478791095890418,0.13046311021690477
traffic_pems,s286,F11,adam,classification,2,269,1,-1.5417919203825152,4.237664064752395e-05,1.8082966344749355e-05,0.00011877911979845136,-3.736125067270149,1.330331850508154e-05,0.82959726443769,0.9478791095890418,0.13046311021690477
traffic_pems,s286,F11,adam,classification,3,295,1,-1.811347932395176,4.9333299793841136e-05,2.3564558898406888e-05,0.00011553837096335124,-3.698847008992322,3.7387648482497525e-05,0.8314969604863222,0.9478791095890418,0.13046311021690477
traffic_pems,s429,F0,sgd,regression,0,135,1,-1.086051909556781,8.185938826691427e-05,1.9040134690762216e-05,0.0003103681230256426,-3.394245902034484,5.0621250675076774e-05,0.19094494472966064,1.2130579787234044,0.13165073843939756
traffic_pems,s429,F0,sgd,regression,1,133,1,-0.08839844391832807,7.404524055108013e-05,1.495293158907164e-05,0.00027216654157037785,-3.4548315109984293,0.00030131103353755166,0.19107310649753786,1.2130579787234044,0.13165073843939756
traffic_pems,s429,F0,sgd,regression,2,123,1,-1.0055563877621385,6.071284157646567e-05,1.3914706502575423e-05,0.0002324826296697813,-3.50478439473303,1.494877049997707e-05,0.19100647643250251,1.2130579787234044,0.13165073843939756
traffic_pems,s429,F0,sgd,regression,3,126,1,1.8634404153986317,8.860595996815683e-05,2.352013595936358e-05,0.00029721351006570615,-3.4476481113340443,8.56164999067007e-06,0.19099991139525438,1.2130579787234044,0.13165073843939756
traffic_pems,s429,F0,sgd,classification,0,2045,1,-1.6511721177112295,0.0009752194128557355,0.0008316426278431802,0.0011238381955976128,-2.468853863573599,0.0008072861548988948,0.9264817629179332,1.2130579787234044,0.13165073843939756
traffic_pems,s429,F0,sgd,classification,1,2000,1,-1.3349531556788987,0.0009434459449262336,0.0008416788874232374,0.001051017204308207,-2.47886340277637,0.0008167798793433579,0.9278115501519757,1.2130579787234044,0.13165073843939756
traffic_pems,s429,F0,sgd,classification,2,1985,1,-1.4734161283117626,0.0009251444765708111,0.000816692352153012,0.0010551841973466328,-2.482071374839483,0.0007855070905183713,0.9268617021276596,1.2130579787234044,0.13165073843939756
traffic_pems,s429,F0,sgd,classification,3,1979,1,-1.5450307643201613,0.0009805053515449425,0.000833988662597471,0.001125261817478692,-2.4742595000156844,0.0008212054693513737,0.9268617021276596,1.2130579787234044,0.13165073843939756
traffic_pems,s429,F0,adam,regression,0,111,1,-1.0993946793375335,0.0012771848219374333,0.00028923032792797755,0.004319243516085534,-2.8350106705719216,0.0005127155683781195,0.1913730550644549,1.2130579787234044,0.13165073843939756
traffic_pems,s429,F0,adam,regression,1,111,1,-0.3977836222867682,0.0012260963381273515,0.00025130522463244395,0.0042409817348270365,-2.8488139462158277,0.0026697657983872696,0.1913292525252664,1.2130579787234044,0.13165073843939756
traffic_pems,s429,F0,adam,regression,2,109,1,0.06362708046801174,0.0014087777192817296,0.0002937601495035283,0.004711745104337577,-2.835148733672786,0.0005461735204138081,0.19147128577312497,1.2130579787234044,0.13165073843939756
traffic_pems,s429,F0,adam,regression,3,104,1,0.44128158244299337,0.001159566565284835,0.00029909396353849737,0.004403768954401439,-2.821761223809269,0.004145079435765556,0.1913733253516885,1.2130579787234044,0.13165073843939756
traffic_pems,s429,F0,adam,classification,0,346,1,-4.043214409921193,3.3877366435062484e-05,8.891582477646169e-06,0.00015742265007402255,-3.7579439305480786,2.7308356886171017e-05,0.9331306990881459,1.2130579787234044,0.13165073843939756
traffic_pems,s429,F0,adam,classification,1,342,1,-0.021881877573243124,4.582066660903119e-05,5.949991333161871e-06,0.00016229887611457058,-3.802422159156234,4.5670041071428534e-05,0.9312310030395137,1.2130579787234044,0.13165073843939756
traffic_pems,s429,F0,adam,classification,2,376,1,-0.10787552560335084,3.14705291817249e-05,1.0110597742796784e-05,0.00012317986914683266,-3.8619559282518185,4.9842659865722105e-06,0.932370820668693,1.2130579787234044,0.13165073843939756
traffic_pems,s429,F0,adam,classification,3,363,1,-0.29471934239027087,3.5485176322555545e-05,1.4872334107230171e-05,0.0001327235343334446,-3.8041693568374435,4.0296535252723784e-05,0.9319908814589666,1.2130579787234044,0.13165073843939756
traffic_pems,s429,F4,sgd,regression,0,183,1,-2.2311045093844335,0.00010688945125767344,6.676476041857946e-05,0.00023489422222384849,-3.3127252591953353,9.5355552675081e-05,1.053134478391427,1.2130579787234044,0.13165073843939756
traffic_pems,s429,F4,sgd,regression,1,186,1,-1.5938865289642836,9.936520345063632e-05,6.005029541867292e-05,0.0002563725024697829,-3.3328398015397536,0.00022863358378450054,1.0507763263277712,1.2130579787234044,0.13165073843939756
traffic_pems,s429,F4,sgd,regression,2,174,1,-1.1575093948531956,8.760379446989368e-05,5.290053396781406e-05,0.00020600414468306273,-3.3842687034378987,4.0829696408153195e-05,1.0548998336791702,1.2130579787234044,0.13165073843939756
traffic_pems,s429,F4,sgd,regression,3,176,1,-0.7356993697389903,9.86535147516922e-05,6.484729616201625e-05,0.00023986845601492858,-3.3415155851828087,5.0953720914258965e-05,1.0539906949010052,1.2130579787234044,0.13165073843939756
traffic_pems,s429,F4,sgd,classification,0,3246,1,-1.8922119993627087,0.0015492973262710716,0.0012861389940558054,0.0018287047631272688,-2.288939016822961,0.001237991982885533,0.6291793313069909,1.2130579787234044,0.13165073843939756
traffic_pems,s429,F4,sgd,classification,1,3148,1,-1.6972998978304514,0.0014687705170216793,0.0012725382461238328,0.0017060466451572004,-2.299166247165587,0.0012328557714826431,0.6286094224924013,1.2130579787234044,0.13165073843939756
traffic_pems,s429,F4,sgd,classification,2,3140,1,-1.7985579571779646,0.0014742310592451649,0.0012608523444944096,0.0017389173221960227,-2.298673909333309,0.0012104952948711874,0.6299392097264438,1.2130579787234044,0.13165073843939756
traffic_pems,s429,F4,sgd,classification,3,3194,1,-1.780609754531971,0.0015341418230087399,0.001285348074383915,0.0018012468476014149,-2.2960674556422553,0.0012473365193281603,0.6291793313069909,1.2130579787234044,0.13165073843939756
traffic_pems,s429,F4,adam,regression,0,71,1,-0.5546173917087728,0.0007758064183217467,0.00011570869994850726,0.0029375202779936623,-3.1219092033093467,0.0007346087215108116,1.0451845512986437,1.2130579787234044,0.13165073843939756
traffic_pems,s429,F4,adam,regression,1,72,1,-0.24479602438954498,0.0006471994647539888,0.00011167162501296079,0.0028256696571123297,-3.1217767561253105,0.0014402737946320014,1.0404519578087341,1.2130579787234044,0.13165073843939756
traffic_pems,s429,F4,adam,regression,2,69,1,-0.08904066132282323,0.0007275020052372206,0.00011177217169457453,0.00312062277992396,-3.1177049147724274,0.0002996194831099454,1.055526466206685,1.2130579787234044,0.13165073843939756
traffic_pems,s429,F4,adam,regression,3,73,1,1.0867445882525728,0.0006240292628809977,0.00011484864607479031,0.0028968223314938084,-3.1226378608084606,0.0003394370472717258,1.058157284856081,1.2130579787234044,0.13165073843939756
traffic_pems,s429,F4,adam,classification,0,390,1,-3.812446223570112,2.1240943163759e-05,1.3050070935679643e-05,7.832209617121558e-05,-3.9065918226472878,1.7400550932900273e-05,0.6439969604863222,1.2130579787234044,0.13165073843939756
traffic_pems,s429,F4,adam,classification,1,416,1,0.043771413744646416,4.00891915900285e-05,1.5781811041170584e-05,0.00013441595898970197,-3.9053775405382023,1.913784322253702e-05,0.64209726443769,1.2130579787234044,0.13165073843939756
traffic_pems,s429,F4,adam,classification,2,398,1,-0.5970560138115854,2.227048427270963e-05,1.361462300720111e-05,7.818545165205667e-05,-3.967629267894023,1.538010833906793e-05,0.6424772036474165,1.2130579787234044,0.13165073843939756
traffic_pems,s429,F4,adam,classification,3,396,1,-1.5784003077959181,2.7982626147741895e-05,1.3148795756998866e-05,7.50371000753184e-05,-3.91597965533572,4.960855813099828e-05,0.6447568389057751,1.2130579787234044,0.13165073843939756
traffic_pems,s429,FA,sgd,regression,0,204,1,-2.1000358979382105,0.00010159484067354132,6.746467674940763e-05,0.00022004149905964732,-3.381749942851773,9.458234771590407e-05,0.777585906092883,1.2130579787234044,0.13165073843939756
traffic_pems,s429,FA,sgd,regression,1,203,1,-1.2372604774095413,0.00010560274944051992,6.635222314740532e-05,0.00025130921539464896,-3.383855489332568,0.00021602390935059477,0.7800093556663753,1.2130579787234044,0.13165073843939756
traffic_pems,s429,FA,sgd,regression,2,191,1,-0.8369575866067486,8.512437784865448e-05,5.6263158292535594e-05,0.0001912343822253431,-3.4512583901978733,4.356100010422876e-05,0.7806395723289088,1.2130579787234044,0.13165073843939756
traffic_pems,s429,FA,sgd,regression,3,195,1,-0.7527085042188697,9.697537842417868e-05,6.700384100311012e-05,0.00022700912513923043,-3.400130895084746,5.991800649402351e-05,0.7797236357065849,1.2130579787234044,0.13165073843939756
traffic_pems,s429,FA,sgd,classification,0,3114,1,-1.6894061701616794,0.0018851689767037181,0.001601579070754407,0.0021880808820668525,-2.2523663094098074,0.0015473509256445487,0.6544452887537994,1.2130579787234044,0.13165073843939756
traffic_pems,s429,FA,sgd,classification,1,3001,1,-1.5440756308129802,0.001793865191360222,0.0015718771326414611,0.002060623843553418,-2.2623472231720254,0.0015307350043422857,0.6538753799392097,1.2130579787234044,0.13165073843939756
traffic_pems,s429,FA,sgd,classification,2,2995,1,-1.609640015802402,0.001816448811067874,0.0015820875820533888,0.0021107766247726906,-2.2596364583551094,0.001527760322620251,0.6550151975683891,1.2130579787234044,0.13165073843939756
traffic_pems,s429,FA,sgd,classification,3,3028,1,-1.5821680588076854,0.0018650765027258321,0.0015992456544470471,0.0021534567828490345,-2.2594532127685434,0.0015533691922403497,0.6544452887537994,1.2130579787234044,0.13165073843939756
traffic_pems,s429,FA,adam,regression,0,74,1,-0.40585817265387575,0.0007108192082104165,9.190191376092118e-05,0.002571295165388305,-3.1886911456473452,0.0005054493939119396,0.768849603035128,1.2130579787234044,0.13165073843939756
traffic_pems,s429,FA,adam,regression,1,74,1,-0.25289796252559443,0.0005642235214794651,9.642067245149988e-05,0.0025299352492676656,-3.1879564051067826,0.0016450350287026887,0.7673777213093754,1.2130579787234044,0.13165073843939756
traffic_pems,s429,FA,adam,regression,2,72,1,-0.030033595152189375,0.0006267166031692137,9.108975270090717e-05,0.0028830248906290628,-3.182651379577565,0.000208720418921672,0.7704041390539601,1.2130579787234044,0.13165073843939756
traffic_pems,s429,FA,adam,regression,3,76,1,1.241026221617926,0.0005452756462682544,9.510102649367564e-05,0.002700769918909522,-3.1880391322497563,0.00012279972921786883,0.783112999277363,1.2130579787234044,0.13165073843939756
traffic_pems,s429,FA,adam,classification,0,372,1,-2.4546950037917132,3.2046183394972966e-05,2.3318746802051906e-05,9.591781272938542e-05,-3.811137583614218,2.7164233685664524e-05,0.6766717325227963,1.2130579787234044,0.13165073843939756
traffic_pems,s429,FA,adam,classification,1,385,1,0.7142109580997672,4.032462154457859e-05,2.0993727605177156e-05,0.00012306820549368223,-3.8578970363795597,1.8703234395408434e-05,0.6736322188449848,1.2130579787234044,0.13165073843939756
traffic_pems,s429,FA,adam,classification,2,379,1,-1.927636753354215,2.9416122413917806e-05,2.074925221931197e-05,8.023283807329823e-05,-3.8365487850188957,2.104994556715176e-05,0.6745820668693009,1.2130579787234044,0.13165073843939756
traffic_pems,s429,FA,adam,classification,3,361,1,-1.677757193990949,3.8365160710593206e-05,2.2677844193267388e-05,6.348815377570692e-05,-3.8297730530381995,4.0307499309540734e-05,0.6759118541033434,1.2130579787234044,0.13165073843939756
traffic_pems,s429,F10,sgd,regression,0,399,1,-1.3798860875786418,6.450140915004574e-05,5.2348770042013756e-05,7.157181495130752e-05,-3.8327552556432374,4.982243484469132e-05,1.0958871339944456,1.2130579787234044,0.13165073843939756
traffic_pems,s429,F10,sgd,regression,1,436,1,0.2815024961786376,5.758480873622996e-05,5.185858505681739e-05,9.473369085534009e-05,-3.8288738433527296,4.782546658244397e-05,1.0962778513028895,1.2130579787234044,0.13165073843939756
traffic_pems,s429,F10,sgd,regression,2,414,1,-1.423531577083634,5.524583034560918e-05,4.6034727973613485e-05,7.268425847554602e-05,-3.859757570656043,4.373931133944103e-05,1.0934357809936572,1.2130579787234044,0.13165073843939756
traffic_pems,s429,F10,sgd,regression,3,408,1,-0.7365437837376178,6.054680626802089e-05,5.352191761628111e-05,6.826707342231706e-05,-3.8594485305236548,5.078932411568818e-05,1.0953168361662025,1.2130579787234044,0.13165073843939756
traffic_pems,s429,F10,sgd,classification,0,4000,0,-1.4461645867261885,0.0024521614046859107,0.002168231732151619,0.0028276153985667394,-2.1988443096723866,0.002107938525084088,0.43370060790273557,1.2130579787234044,0.13165073843939756
traffic_pems,s429,F10,sgd,classification,1,4000,0,-1.4599546641402978,0.0023687864806609957,0.0020819702937652546,0.0027323876387586954,-2.2083030159550714,0.0020298433850503184,0.43370060790273557,1.2130579787234044,0.13165073843939756
traffic_pems,s429,F10,sgd,classification,2,4000,0,-1.358632691600776,0.0024840082715020325,0.0022122450529173925,0.00282859303763278,-2.198869772631268,0.0021407378547878067,0.4344604863221885,1.2130579787234044,0.13165073843939756
traffic_pems,s429,F10,sgd,classification,3,4000,0,-1.4140683808573442,0.0024717306733190816,0.002164803983095597,0.0028247898250292414,-2.199048259802693,0.002115801433923499,0.43370060790273557,1.2130579787234044,0.13165073843939756
traffic_pems,s429,F10,adam,regression,0,22,1,-3.897514648426067,4.55812461774522e-05,3.4146173120163566e-06,0.0003406679756294667,-4.124209300561513,0.0002115339130979571,1.0093460952366,1.2130579787234044,0.13165073843939756
traffic_pems,s429,F10,adam,regression,1,22,1,-0.2021300879029318,5.305959943986588e-05,7.797696461903548e-06,0.00039270219384560584,-4.142572134581609,0.0002109866412353981,1.0573963921635225,1.2130579787234044,0.13165073843939756
traffic_pems,s429,F10,adam,regression,2,23,1,0.5619101882487366,5.501815761073864e-05,8.297005221738308e-06,0.0003054204287553257,-4.177069025301724,1.8007619028300542e-05,1.0235504182952555,1.2130579787234044,0.13165073843939756
traffic_pems,s429,F10,adam,regression,3,23,1,4.3317615856076035,7.101247038880464e-05,6.701139554993598e-06,0.0003430408757701578,-4.208535602907345,1.2216047213433385e-05,1.0388154049363476,1.2130579787234044,0.13165073843939756
traffic_pems,s429,F10,adam,classification,0,800,1,-1.3187773251945687,6.498708539483117e-05,5.689363623659493e-05,7.310564424510006e-05,-3.731743940950027,5.559997434146688e-05,0.4441489361702128,1.2130579787234044,0.13165073843939756
traffic_pems,s429,F10,adam,classification,1,790,1,-0.8367613241336346,5.402983442832493e-05,5.126672250063506e-05,5.8920544190020146e-05,-3.7937526351034987,5.123844689456626e-05,0.4435790273556231,1.2130579787234044,0.13165073843939756
traffic_pems,s429,F10,adam,classification,2,789,1,-0.910674811067149,6.393603164510938e-05,5.9891313854641264e-05,7.106389266439806e-05,-3.7399650173463534,5.6947420348799065e-05,0.44680851063829785,1.2130579787234044,0.13165073843939756
traffic_pems,s429,F10,adam,classification,3,794,1,-1.0162977340258705,6.404011277157665e-05,5.549917991543764e-05,7.06445168541869e-05,-3.7358922652220823,5.559387539908312e-05,0.444338905775076,1.2130579787234044,0.13165073843939756
traffic_pems,s429,F11,sgd,regression,0,140,1,-1.9583901936226293,0.00010863080420974605,4.936098787067835e-05,0.0003138793873044994,-3.184561130315153,7.051150290759361e-05,0.46065569230095527,1.2130579787234044,0.13165073843939756
traffic_pems,s429,F11,sgd,regression,1,141,1,-1.5865586734607147,9.49430816561994e-05,4.0920531014365056e-05,0.0002903738686076603,-3.230619519868699,0.0003060397588063164,0.45886098438123585,1.2130579787234044,0.13165073843939756
traffic_pems,s429,F11,sgd,regression,2,130,1,-1.7407729828711365,8.04088131263267e-05,3.353168353883846e-05,0.0002486722787563171,-3.2713981109393715,2.410448761943639e-05,0.460547887654189,1.2130579787234044,0.13165073843939756
traffic_pems,s429,F11,sgd,regression,3,131,1,-0.05684172454982751,0.00011138645570219846,5.380426572771655e-05,0.00031199354562516234,-3.2256451762608687,2.7051722757920176e-05,0.46073327808204945,1.2130579787234044,0.13165073843939756
traffic_pems,s429,F11,sgd,classification,0,2203,1,-1.647108727903055,0.0010721308902153421,0.0009151805439434991,0.0012344955604957127,-2.4305927807039858,0.0008883119180491835,0.8601823708206687,1.2130579787234044,0.13165073843939756
traffic_pems,s429,F11,sgd,classification,1,2146,1,-1.348513172730445,0.001029809586782665,0.0009204343676708993,0.0011502771741386014,-2.4413580310694516,0.0008951106612805691,0.8598024316109423,1.2130579787234044,0.13165073843939756
traffic_pems,s429,F11,sgd,classification,2,2123,1,-1.494781755567605,0.001016137479173703,0.00089726194409615,0.0011623933203187048,-2.442985563862848,0.0008646017216658409,0.8603723404255319,1.2130579787234044,0.13165073843939756
traffic_pems,s429,F11,sgd,classification,3,2146,1,-1.5273105709232488,0.0010747072236265488,0.0009192140173240687,0.0012312219244371891,-2.4366635628308684,0.0009033661687741281,0.8601823708206687,1.2130579787234044,0.13165073843939756
traffic_pems,s429,F11,adam,regression,0,111,1,-1.0176396067246922,0.0012038282998045086,0.00024205404374494542,0.004221476061789529,-2.855617734599478,0.0006041474360843642,0.457612671937825,1.2130579787234044,0.13165073843939756
traffic_pems,s429,F11,adam,regression,1,112,1,-0.4958972161543395,0.001122464037869699,0.00020074825406448475,0.004213269474844935,-2.868523030467178,0.002457362993426029,0.454118740705153,1.2130579787234044,0.13165073843939756
traffic_pems,s429,F11,adam,regression,2,102,1,-0.01064421349031529,0.0012425081458142394,0.0002615179253505755,0.004489292209112761,-2.8572525221131717,0.0004894813701732847,0.4608311829453626,1.2130579787234044,0.13165073843939756
traffic_pems,s429,F11,adam,regression,3,103,1,0.4229483933849188,0.001051921672684837,0.00024104412435083724,0.0040803778891145325,-2.846606512853353,0.0037507302293197497,0.4662387509833341,1.2130579787234044,0.13165073843939756
traffic_pems,s429,F11,adam,classification,0,363,1,-3.2719803444105677,4.2729212337073844e-05,2.235155589998564e-05,0.00014827662641607271,-3.6839981940760285,3.3577156680631116e-05,0.8774696048632219,1.2130579787234044,0.13165073843939756
traffic_pems,s429,F11,adam,classification,1,367,1,-0.5157029434828447,5.415065993380804e-05,2.0340087578456597e-05,0.0001611918169105129,-3.707766954131307,4.154393957223917e-05,0.8780395136778115,1.2130579787234044,0.13165073843939756
traffic_pems,s429,F11,adam,classification,2,378,1,-0.7113912226612905,4.2925434354298215e-05,2.080309093583055e-05,0.00011731401906939376,-3.752396559248032,1.498543890225943e-05,0.8772796352583586,1.2130579787234044,0.13165073843939756
traffic_pems,s429,F11,adam,classification,3,365,1,-1.2659845072439644,4.0572117518361975e-05,2.141311214346881e-05,0.00011979502621414112,-3.7197387823060626,5.349363281806268e-05,0.8786094224924013,1.2130579787234044,0.13165073843939756
traffic_pems,s572,F0,sgd,regression,0,118,1,-1.5683615814941911,9.297589150978572e-05,2.9409330646714963e-05,0.00031021719350599427,-3.3030384413518776,6.420251810031607e-05,0.14557793416483064,1.2305395348837205,0.14647544274855848
traffic_pems,s572,F0,sgd,regression,1,119,1,-1.004044707574987,8.08010659266901e-05,2.4694553244844293e-05,0.0002872623975450501,-3.349741626738741,0.00031181210708332427,0.14586426305275424,1.2305395348837205,0.14647544274855848
traffic_pems,s572,F0,sgd,regression,2,112,1,-1.3585282777950447,6.135655045474387e-05,1.7946335419660526e-05,0.0002367889707184543,-3.41700965364135,1.3833919360292176e-05,0.1455913743445836,1.2305395348837205,0.14647544274855848
traffic_pems,s572,F0,sgd,regression,3,115,1,0.7239332572060536,9.450246040896743e-05,3.5826583519685274e-05,0.00030743168598300986,-3.344811385422204,1.6219863232021876e-05,0.1456981078612536,1.2305395348837205,0.14647544274855848
traffic_pems,s572,F0,sgd,classification,0,2598,1,-1.8832297718455169,0.0012024659454591812,0.0010002325003865189,0.0014167767283564034,-2.3615812892327233,0.0009644351048439609,0.9354103343465046,1.2305395348837205,0.14647544274855848
traffic_pems,s572,F0,sgd,classification,1,2511,1,-1.6281686586813995,0.0011358437200117543,0.000989863725271522,0.0013064817872761702,-2.3738908119510898,0.000958747242234592,0.9356003039513677,1.2305395348837205,0.14647544274855848
traffic_pems,s572,F0,sgd,classification,2,2496,1,-1.7692528982978601,0.001140208601899296,0.0009823524643831096,0.0013431087137215718,-2.3718615552027305,0.0009426779638949986,0.9356003039513677,1.2305395348837205,0.14647544274855848
traffic_pems,s572,F0,sgd,classification,3,2512,1,-1.7517092654491127,0.001194886128454132,0.0010018439509144653,0.0013984649851751948,-2.3689176259096656,0.0009758524925984366,0.9356003039513677,1.2305395348837205,0.14647544274855848
traffic_pems,s572,F0,adam,regression,0,76,1,-0.9622317976403018,0.0012244244762888948,0.0002471207091117555,0.004271422049870179,-2.86969351712377,0.0004398380840163173,0.14600727909106068,1.2305395348837205,0.14647544274855848
traffic_pems,s572,F0,adam,regression,1,75,1,-0.4018032771807917,0.0011343113208667187,0.00020674680109687918,0.004320422665179152,-2.8821347034086227,0.002641786553604053,0.14620176426700762,1.2305395348837205,0.14647544274855848
traffic_pems,s572,F0,adam,regression,2,69,1,0.028723825915243844,0.0012841555582006326,0.00025454543640880716,0.004695337427413798,-2.8739670696079673,0.0005089798844221375,0.14630582732468847,1.2305395348837205,0.14647544274855848
traffic_pems,s572,F0,adam,regression,3,74,1,0.48611829818962304,0.001054007595934043,0.00022539244740323058,0.00439000066214682,-2.8618427849004338,0.004339593349651526,0.14607153806198847,1.2305395348837205,0.14647544274855848
traffic_pems,s572,F0,adam,classification,0,366,1,-3.925198535733122,3.170695990857793e-05,1.8329842227287912e-05,0.00012017762575487398,-3.751689908485194,2.1939728799322704e-05,0.9382598784194529,1.2305395348837205,0.14647544274855848
traffic_pems,s572,F0,adam,classification,1,370,1,-1.1103732755033906,4.566621363262664e-05,1.8101774373343733e-05,0.00014812346997665075,-3.757372618873413,2.8437459218741493e-05,0.9382598784194529,1.2305395348837205,0.14647544274855848
traffic_pems,s572,F0,adam,classification,2,379,1,-0.7048477302757045,3.41879014350943e-05,1.9733747799431795e-05,0.00010475662614183739,-3.8031385639420425,1.5644564970859204e-05,0.9403495440729484,1.2305395348837205,0.14647544274855848
traffic_pems,s572,F0,adam,classification,3,364,1,-1.919982497527506,3.423280208025813e-05,1.687339255980727e-05,0.00010477960173613475,-3.776534685396746,5.283027287527447e-05,0.9365501519756839,1.2305395348837205,0.14647544274855848
traffic_pems,s572,F4,sgd,regression,0,185,1,-2.177338450418193,0.00011014493092902245,6.987323665301835e-05,0.0002375406386619674,-3.3033286291861312,9.692372991630147e-05,1.166175653341193,1.2305395348837205,0.14647544274855848
traffic_pems,s572,F4,sgd,regression,1,187,1,-1.6141957887904235,0.00010304767109891107,6.267234735820679e-05,0.0002551893592946033,-3.3240106073476325,0.00022580631647148639,1.162485152927143,1.2305395348837205,0.14647544274855848
traffic_pems,s572,F4,sgd,regression,2,176,1,-1.1898831554306715,9.116245553475246e-05,5.6211841645058735e-05,0.00020629612781949776,-3.3738028149822066,4.346299630672287e-05,1.1680213382437448,1.2305395348837205,0.14647544274855848
traffic_pems,s572,F4,sgd,regression,3,179,1,-0.7840187311291253,0.0001024654913410831,6.73964192442633e-05,0.00023968388821892585,-3.3312763051192076,5.333703084031826e-05,1.1668489255219772,1.2305395348837205,0.14647544274855848
traffic_pems,s572,F4,sgd,classification,0,3817,1,-1.7928499136523077,0.001842865212361525,0.001548664812416796,0.002158408303602986,-2.2316487474173745,0.0014938940310330895,0.6462765957446809,1.2305395348837205,0.14647544274855848
traffic_pems,s572,F4,sgd,classification,1,3802,1,-1.623791632792895,0.0017565545135184045,0.0015306500518568037,0.002028670875243312,-2.2407855233746217,0.001484951192667336,0.6449468085106383,1.2305395348837205,0.14647544274855848
traffic_pems,s572,F4,sgd,classification,2,3709,1,-1.7113442481726806,0.0017657674083194136,0.0015228415697770478,0.002067502760249148,-2.2400430958121738,0.0014659532015140445,0.6466565349544073,1.2305395348837205,0.14647544274855848
traffic_pems,s572,F4,sgd,classification,3,3770,1,-1.692827617943241,0.0018257535554437986,0.0015471832941755437,0.0021280837461763224,-2.238255749084542,0.0015024042466314828,0.6460866261398176,1.2305395348837205,0.14647544274855848
traffic_pems,s572,F4,adam,regression,0,69,1,-0.5830852005607646,0.0007841914645136726,0.000117715181517416,0.0029033702704188103,-3.114467127962591,0.0006574988322453499,1.1553467200281784,1.2305395348837205,0.14647544274855848
traffic_pems,s572,F4,adam,regression,1,70,1,-0.1581238507139825,0.0006745006082505637,0.00011621949650078601,0.0027242717032734203,-3.1167260667134147,0.0014208646850987791,1.147894099932814,1.2305395348837205,0.14647544274855848
traffic_pems,s572,F4,adam,regression,2,67,1,-0.09315326897447053,0.0007182463821434774,0.00011111876228722817,0.003068043484510977,-3.1120302916790936,0.00032218595692888895,1.1681804390196429,1.2305395348837205,0.14647544274855848
traffic_pems,s572,F4,adam,regression,3,71,1,1.1039487936084673,0.0006492960641282238,0.00011735492432911734,0.0028763067081734473,-3.115278780682362,0.00028670869505057774,1.1685245987144282,1.2305395348837205,0.14647544274855848
traffic_pems,s572,F4,adam,classification,0,458,1,-4.559059916621987,1.89676106023066e-05,9.50136166394982e-06,7.247483704432961e-05,-3.9078326090889273,1.008638686180265e-05,0.6647036474164134,1.2305395348837205,0.14647544274855848
traffic_pems,s572,F4,adam,classification,1,487,1,0.8232071322778816,3.438501601855088e-05,1.1709492613426807e-05,0.0001222810402524584,-3.952113248029338,1.5189056137936788e-05,0.6648936170212766,1.2305395348837205,0.14647544274855848
traffic_pems,s572,F4,adam,classification,2,440,1,-1.1911685824869866,1.6645886927620486e-05,8.675527049790827e-06,7.132335504787095e-05,-3.9702100191553815,1.1773696467760299e-05,0.6639437689969605,1.2305395348837205,0.14647544274855848
traffic_pems,s572,F4,adam,classification,3,431,1,-1.7278709477484318,2.440140059712569e-05,1.0808232202111577e-05,6.773131955322848e-05,-3.930356008772766,4.3778340063862195e-05,0.6650835866261399,1.2305395348837205,0.14647544274855848
traffic_pems,s572,FA,sgd,regression,0,227,1,-2.0834160615998116,0.00012458158695775027,9.199814629481343e-05,0.0002298164824750409,-3.2890777222827507,0.00011252459493679556,0.8906126934113061,1.2305395348837205,0.14647544274855848
traffic_pems,s572,FA,sgd,regression,1,227,1,-1.3815180374932272,0.00012951459112006778,8.657874582569891e-05,0.00025493779280676046,-3.290627463660673,0.00020661114297521258,0.8922827388996227,1.2305395348837205,0.14647544274855848
traffic_pems,s572,FA,sgd,regression,2,212,1,-0.9673942638514242,0.00011171726398848697,8.069662170263984e-05,0.00020386293972961958,-3.3458783624207906,6.595195907082422e-05,0.8941800624999188,1.2305395348837205,0.14647544274855848
traffic_pems,s572,FA,sgd,regression,3,221,1,-1.0829026902118994,0.00012024910086405288,8.934735453384806e-05,0.00022818841761101016,-3.303640072167344,8.51868435544352e-05,0.8921953483127864,1.2305395348837205,0.14647544274855848
traffic_pems,s572,FA,sgd,classification,0,4000,0,-1.7261806286148713,0.002129150191350117,0.001801731600957664,0.0024804064930365995,-2.20472312655432,0.0017390108481874279,0.6842705167173252,1.2305395348837205,0.14647544274855848
traffic_pems,s572,FA,sgd,classification,1,4000,0,-1.5849095721486994,0.002033986155923611,0.0017752880576809584,0.002345494206407883,-2.213560179072002,0.0017259449529641335,0.6827507598784195,1.2305395348837205,0.14647544274855848
traffic_pems,s572,FA,sgd,classification,2,4000,0,-1.6570863686472541,0.002050921706640916,0.0017765101141157197,0.0023926098299673773,-2.2118990554805715,0.0017136731868540717,0.684080547112462,1.2305395348837205,0.14647544274855848
traffic_pems,s572,FA,sgd,classification,3,4000,0,-1.6268788358793573,0.002107943964773016,0.0017999603204137834,0.002444365617499455,-2.2112961171352814,0.0017463833738026614,0.6837006079027356,1.2305395348837205,0.14647544274855848
traffic_pems,s572,FA,adam,regression,0,73,1,0.056503168873954554,0.0007149428831568236,9.56485105043941e-05,0.0022001984389076494,-3.20862129768061,0.0002808992960529541,0.8789332966050213,1.2305395348837205,0.14647544274855848
traffic_pems,s572,FA,adam,regression,1,74,1,-0.103400410705088,0.0005149765421255893,9.392335938396314e-05,0.002219052689951334,-3.2204508258782107,0.002006311747874106,0.8712497171548782,1.2305395348837205,0.14647544274855848
traffic_pems,s572,FA,adam,regression,2,71,1,-0.6613501076164455,0.0005697861729592885,9.45765514307813e-05,0.0027585760303345435,-3.209505340918913,0.000278878376152859,0.8782012104078224,1.2305395348837205,0.14647544274855848
traffic_pems,s572,FA,adam,regression,3,76,1,1.4823922983944422,0.0004968885265812968,8.72300079407891e-05,0.0023095150539268667,-3.2229366648993882,0.00012601608108535093,0.8859670018183178,1.2305395348837205,0.14647544274855848
traffic_pems,s572,FA,adam,classification,0,457,1,-3.339315403795691,2.2752162103992103e-05,1.5084227835398119e-05,7.185638034131542e-05,-3.886736848014002,2.0002165044879652e-05,0.7095364741641338,1.2305395348837205,0.14647544274855848
traffic_pems,s572,FA,adam,classification,1,489,1,0.7839799227735107,3.4930852852136995e-05,1.5125862843212476e-05,0.00011632665334674325,-3.922300269853872,1.3964962036031606e-05,0.7070668693009119,1.2305395348837205,0.14647544274855848
traffic_pems,s572,FA,adam,classification,2,447,1,-1.8255822931370134,2.2463743362208917e-05,1.3881634179599573e-05,7.140162763486361e-05,-3.919067039112947,1.4937273175596353e-05,0.7040273556231003,1.2305395348837205,0.14647544274855848
traffic_pems,s572,FA,adam,classification,3,431,1,-2.028593490463494,2.9778296484404026e-05,1.4212993341880421e-05,5.515690076757813e-05,-3.8979350378985953,3.234912097278548e-05,0.709726443768997,1.2305395348837205,0.14647544274855848
traffic_pems,s572,F10,sgd,regression,0,694,1,-1.364049262245175,6.701852163545968e-05,5.3903353124405404e-05,7.233278658167977e-05,-3.7850227456636754,5.1782011397040165e-05,1.1935043191935726,1.2305395348837205,0.14647544274855848
traffic_pems,s572,F10,sgd,regression,1,703,1,0.04890243406441437,6.019110023634405e-05,5.5218516707897225e-05,8.182751336016194e-05,-3.798506783214669,5.1421240500536926e-05,1.194839229004875,1.2305395348837205,0.14647544274855848
traffic_pems,s572,F10,sgd,regression,2,608,1,-1.3803177140953935,5.821212866901978e-05,4.9468028992429105e-05,7.137386716200997e-05,-3.8124717040273763,4.5676129990001084e-05,1.1896931558039878,1.2305395348837205,0.14647544274855848
traffic_pems,s572,F10,sgd,regression,3,696,1,-0.920478634463577,6.1778166761397e-05,5.4805402627972434e-05,6.903131231754422e-05,-3.8171580874750326,5.112966023588098e-05,1.1928390775704274,1.2305395348837205,0.14647544274855848
traffic_pems,s572,F10,sgd,classification,0,4000,0,-1.3881260227370922,0.002614861785427319,0.00232112669552544,0.002998276162748677,-2.2150931298068066,0.002258394770614546,0.39608662613981765,1.2305395348837205,0.14647544274855848
traffic_pems,s572,F10,sgd,classification,1,4000,0,-1.4024895343634414,0.0025272673425237695,0.0022305292139207108,0.0028991533241969902,-2.2241683261817093,0.0021761996064715164,0.39608662613981765,1.2305395348837205,0.14647544274855848
traffic_pems,s572,F10,sgd,classification,2,4000,0,-1.3055578721815078,0.0026459607063083752,0.0023651983647598827,0.0029984477170142726,-2.2151180790018064,0.0022911940933623446,0.3968465045592705,1.2305395348837205,0.14647544274855848
traffic_pems,s572,F10,sgd,classification,3,4000,0,-1.357128651051952,0.0026334524084775084,0.0023169106093520104,0.0029939982348619366,-2.2154183216614873,0.002265623042285029,0.39608662613981765,1.2305395348837205,0.14647544274855848
traffic_pems,s572,F10,adam,regression,0,26,1,-3.9588284806507765,3.572599636929996e-05,3.1933422304572573e-06,0.00022045939641459069,-4.239681404205743,3.940789065091274e-05,1.0913864401193467,1.2305395348837205,0.14647544274855848
traffic_pems,s572,F10,adam,regression,1,27,1,1.1767404340902585,5.0004175588252953e-05,5.590405284643373e-06,0.0002635223542757695,-4.256145751529844,0.00014668542611547837,1.145181562266906,1.2305395348837205,0.14647544274855848
traffic_pems,s572,F10,adam,regression,2,28,1,1.042848344511324,3.560289138815662e-05,8.265120739908883e-06,0.00022032556168346046,-4.344920821100166,2.0141545153782237e-05,1.1049485923319564,1.2305395348837205,0.14647544274855848
traffic_pems,s572,F10,adam,regression,3,27,1,3.4378051630773734,4.2283033945039516e-05,4.82396984218721e-06,0.0002852065963476074,-4.332312792957458,2.064206412392795e-05,1.122056654950202,1.2305395348837205,0.14647544274855848
traffic_pems,s572,F10,adam,classification,0,1190,1,-1.3169407596049885,8.715857146891835e-05,7.512273009933571e-05,9.72215913906166e-05,-3.6483200581663446,7.336685350045497e-05,0.41166413373860183,1.2305395348837205,0.14647544274855848
traffic_pems,s572,F10,adam,classification,1,1048,1,-0.8107826353692421,7.438124046627273e-05,7.087607765057329e-05,8.024697543316656e-05,-3.6981575096884693,7.0522945797049e-05,0.4107142857142857,1.2305395348837205,0.14647544274855848
traffic_pems,s572,F10,adam,classification,2,1224,1,-1.0036206718817016,8.289044649072036e-05,7.683566054582396e-05,9.253606081523033e-05,-3.658376103353201,7.32910743169641e-05,0.4139437689969605,1.2305395348837205,0.14647544274855848
traffic_pems,s572,F10,adam,classification,3,1228,1,-1.0169294908782311,8.465292879457733e-05,7.316344252421187e-05,9.29885264332314e-05,-3.657786948669994,7.31526349158894e-05,0.4114741641337386,1.2305395348837205,0.14647544274855848
traffic_pems,s572,F11,sgd,regression,0,124,1,-1.9008822959104572,0.0001303107695088427,7.294017155706652e-05,0.0003334178572395921,-3.1535944564123355,9.514567896595125e-05,0.37423969297704623,1.2305395348837205,0.14647544274855848
traffic_pems,s572,F11,sgd,regression,1,125,1,-1.622279147383266,0.00011350604418768555,6.106188680201869e-05,0.00031812598114970537,-3.188618499626204,0.00032697792844012523,0.37337022928916136,1.2305395348837205,0.14647544274855848
traffic_pems,s572,F11,sgd,regression,2,118,1,-1.5605083893872649,0.00010033609130750714,5.084272431529145e-05,0.00027045888717282105,-3.23451691970592,3.880083009231591e-05,0.3746958699875683,1.2305395348837205,0.14647544274855848
traffic_pems,s572,F11,sgd,regression,3,121,1,-0.35446528474038214,0.0001286575433040925,7.370438199142177e-05,0.0003319102487261777,-3.186905416021127,4.441566666430804e-05,0.37495154562218236,1.2305395348837205,0.14647544274855848
traffic_pems,s572,F11,sgd,classification,0,2838,1,-1.8638145520138862,0.001348551904789913,0.0011243541272439332,0.001587563255738459,-2.3215002828216447,0.0010837286391348633,0.8896276595744681,1.2305395348837205,0.14647544274855848
traffic_pems,s572,F11,sgd,classification,1,2683,1,-1.639126009808216,0.0012753129676683142,0.0011099203064855415,0.0014704612591631945,-2.333099196690736,0.0010747717189967215,0.8896276595744681,1.2305395348837205,0.14647544274855848
traffic_pems,s572,F11,sgd,classification,2,2697,1,-1.764627067386187,0.0012831635364132727,0.0011042749327044834,0.0015114419051014223,-2.3309984370089207,0.0010605308838365435,0.8900075987841946,1.2305395348837205,0.14647544274855848
traffic_pems,s572,F11,sgd,classification,3,2731,1,-1.74159173895139,0.0013379076354640023,0.001124773397972831,0.0015653119825230148,-2.3287772809188527,0.001093812244287597,0.8896276595744681,1.2305395348837205,0.14647544274855848
traffic_pems,s572,F11,adam,regression,0,71,1,-0.9494802607878611,0.0011463112485321047,0.0002070968873056118,0.004112420768079977,-2.887216576693435,0.0005380659867341174,0.372466965782209,1.2305395348837205,0.14647544274855848
traffic_pems,s572,F11,adam,regression,1,72,1,-0.5377475215515587,0.001052520177461521,0.0001671290495361909,0.004168982143987419,-2.8984087735415986,0.0025123636571563316,0.36865554039947007,1.2305395348837205,0.14647544274855848
traffic_pems,s572,F11,adam,regression,2,68,1,-0.07331506504894203,0.0011602482239267274,0.00020838340238905394,0.004419543402188556,-2.891616387562996,0.0004314741573212101,0.375494198358618,1.2305395348837205,0.14647544274855848
traffic_pems,s572,F11,adam,regression,3,72,1,0.4213196564690627,0.001018043871492774,0.00018481331720827693,0.004078961334298736,-2.881927135998771,0.0039683153208494495,0.3819679485427171,1.2305395348837205,0.14647544274855848
traffic_pems,s572,F11,adam,classification,0,376,1,-3.736305161803753,2.9276431663671207e-05,1.7827279351606162e-05,0.00010815119790548611,-3.7902173203188005,1.89840883347977e-05,0.8987462006079028,1.2305395348837205,0.14647544274855848
traffic_pems,s572,F11,adam,classification,1,399,1,-0.45246414812645724,4.639834829011436e-05,2.1959809975708837e-05,0.0001481813809679406,-3.7864450805890963,2.7545605119347277e-05,0.8993161094224924,1.2305395348837205,0.14647544274855848
traffic_pems,s572,F11,adam,classification,2,383,1,-0.6776071078725256,3.0089437826841777e-05,1.978415583580697e-05,9.67614371740392e-05,-3.8453120087613333,1.719579890835708e-05,0.898936170212766,1.2305395348837205,0.14647544274855848
traffic_pems,s572,F11,adam,classification,3,369,1,-1.7695832201814123,3.5782872603273375e-05,1.806251227452516e-05,9.969103630246869e-05,-3.800064503174872,5.5308481187413685e-05,0.8987462006079028,1.2305395348837205,0.14647544274855848
traffic_pems,s715,F0,sgd,regression,0,186,1,-1.337006464753975,7.601772147627831e-05,2.0518300924933876e-05,0.0002712282536351451,-3.3294192048044042,4.678349177515328e-05,0.2603509533541899,1.2732686131386852,0.1497052359745324
traffic_pems,s715,F0,sgd,regression,1,182,1,-0.2844066329463787,6.8551028857737e-05,1.5667405762777996e-05,0.00023988647897067006,-3.38730265571862,0.0002588388555595529,0.2613804638812123,1.2732686131386852,0.1497052359745324
traffic_pems,s715,F0,sgd,regression,2,170,1,-1.1905174042419624,5.744587292187335e-05,1.4857446129003323e-05,0.00020446175468979736,-3.4320982721502378,1.4217224842069623e-05,0.2601718046205232,1.2732686131386852,0.1497052359745324
traffic_pems,s715,F0,sgd,regression,3,173,1,1.5981447343691546,8.754627840828441e-05,2.5948926387534723e-05,0.0002607669078228188,-3.3754580073504385,1.3193903697794025e-05,0.26112331836566527,1.2732686131386852,0.1497052359745324
traffic_pems,s715,F0,sgd,classification,0,2942,1,-1.7016070884259433,0.001394047416230026,0.0011885931875360834,0.0016207137229092045,-2.344329106048745,0.0011508716242620422,0.890387537993921,1.2732686131386852,0.1497052359745324
traffic_pems,s715,F0,sgd,classification,1,2794,1,-1.47718533737331,0.0013232739172172577,0.0011702188219058613,0.0015107538557286174,-2.3563565790671035,0.0011425157689808848,0.8898176291793313,1.2732686131386852,0.1497052359745324
traffic_pems,s715,F0,sgd,classification,2,2794,1,-1.5820927087577654,0.0013439733874917826,0.0011793075999007676,0.0015589048180563515,-2.3519884674980482,0.0011365453274333208,0.8907674772036475,1.2732686131386852,0.1497052359745324
traffic_pems,s715,F0,sgd,classification,3,2837,1,-1.569166962966006,0.001395027960256513,0.0011934767319554684,0.0016073243486972304,-2.3504749691530225,0.0011666121790129226,0.8900075987841946,1.2732686131386852,0.1497052359745324
traffic_pems,s715,F0,adam,regression,0,125,1,-1.2172410084947958,0.001258808695936277,0.0002610020238687482,0.004127545432661304,-2.86534291398142,0.0009705714204010038,0.2604432955134793,1.2732686131386852,0.1497052359745324
traffic_pems,s715,F0,adam,regression,1,119,1,-0.5753774139223362,0.0011068231363361442,0.0002519636597069078,0.0037100633870933374,-2.8808764601714216,0.001823386210331607,0.26288433286384033,1.2732686131386852,0.1497052359745324
traffic_pems,s715,F0,adam,regression,2,114,1,0.05941405159913748,0.0012405645402663403,0.00028999074784175343,0.004295222823644156,-2.867042958899048,0.0005781789513536999,0.25917145976545414,1.2732686131386852,0.1497052359745324
traffic_pems,s715,F0,adam,regression,3,123,1,0.4101542289902393,0.0010603715496240937,0.00027996580751640446,0.0037863802695279032,-2.8543022924177044,0.001741623358948941,0.263649192121911,1.2732686131386852,0.1497052359745324
traffic_pems,s715,F0,adam,classification,0,382,1,-3.6122536540597188,4.754941068101368e-05,2.1401238881472668e-05,0.00015805789514520023,-3.6648190254217825,2.1030037072152114e-05,0.9023556231003039,1.2732686131386852,0.1497052359745324
traffic_pems,s715,F0,adam,classification,1,409,1,-0.9872047682315053,5.182494906055749e-05,1.965802581223263e-05,0.00016335402266507576,-3.6908887435502726,2.781099546939834e-05,0.9031155015197568,1.2732686131386852,0.1497052359745324
traffic_pems,s715,F0,adam,classification,2,394,1,-1.3967578667847507,4.215223970121428e-05,1.901199947629079e-05,0.00012860005675973006,-3.719833916325307,1.684663402127149e-05,0.90330547112462,1.2732686131386852,0.1497052359745324
traffic_pems,s715,F0,adam,classification,3,383,1,-1.8247089682342763,5.0294773546921216e-05,2.3899115853527756e-05,0.00012101813693587049,-3.68298730907952,3.2618211749604015e-05,0.9025455927051672,1.2732686131386852,0.1497052359745324
traffic_pems,s715,F4,sgd,regression,0,312,1,-1.9728789870876062,9.369541363906352e-05,7.45357571645477e-05,0.00017241717912643725,-3.426386511863129,8.90432784936562e-05,1.4594148267084708,1.2732686131386852,0.1497052359745324
traffic_pems,s715,F4,sgd,regression,1,323,1,-0.7919452878611087,0.00010809245078443152,7.401034470016845e-05,0.00020279984324628878,-3.414168757299485,0.0001453290795908889,1.4530559091352802,1.2732686131386852,0.1497052359745324
traffic_pems,s715,F4,sgd,regression,2,301,1,-0.6743404313253067,8.845657575464987e-05,6.86998303073373e-05,0.00015014850364254747,-3.4802104322801615,5.6881743871780294e-05,1.4598367775917607,1.2732686131386852,0.1497052359745324
traffic_pems,s715,F4,sgd,regression,3,304,1,-0.8220271710187134,9.875288448860754e-05,7.390297637658718e-05,0.0001693807034149927,-3.438466092151743,8.94269845902146e-05,1.4558785557614142,1.2732686131386852,0.1497052359745324
traffic_pems,s715,F4,sgd,classification,0,4000,0,-1.3005738920555345,0.0021752400801061207,0.0019161874934718157,0.002444567033361097,-2.2635308047669884,0.001864468008365202,0.6012537993920972,1.2732686131386852,0.1497052359745324
traffic_pems,s715,F4,sgd,classification,1,4000,0,-1.1996435718776215,0.002094292783133224,0.001886470529981957,0.002338119915763497,-2.2726367889300287,0.0018480981399823938,0.600113981762918,1.2732686131386852,0.1497052359745324
traffic_pems,s715,F4,sgd,classification,2,4000,0,-1.2527086484507097,0.002112801459819207,0.0018916145886745581,0.0023745982323416836,-2.2694746827940917,0.0018397352994404587,0.6033434650455927,1.2732686131386852,0.1497052359745324
traffic_pems,s715,F4,sgd,classification,3,4000,0,-1.2229949730243552,0.0021546304939551513,0.0019083346285796135,0.002410253124763531,-2.2689968099825264,0.0018651981908029424,0.6016337386018237,1.2732686131386852,0.1497052359745324
traffic_pems,s715,F4,adam,regression,0,77,1,0.5180320829956794,0.0005077446209996895,7.699544942383314e-05,0.0017526898129936249,-3.3440198642476333,0.00016505333861005218,1.4452255324048897,1.2732686131386852,0.1497052359745324
traffic_pems,s715,F4,adam,regression,1,77,1,-0.012100687364993394,0.0003605177095547599,5.559166387609532e-05,0.0015631447737513224,-3.374194832936422,0.0014845088507836092,1.4267968452793063,1.2732686131386852,0.1497052359745324
traffic_pems,s715,F4,adam,regression,2,73,1,-0.9370952215799272,0.00038222672271423654,7.10609516419729e-05,0.002034853224393692,-3.355159309107611,0.00034787053058747577,1.4455538424082544,1.2732686131386852,0.1497052359745324
traffic_pems,s715,F4,adam,regression,3,80,1,1.6681228352245658,0.00035909393485995594,6.605348862365979e-05,0.0017894403597258238,-3.3825057733035266,0.0002329598273001892,1.4400455594027548,1.2732686131386852,0.1497052359745324
traffic_pems,s715,F4,adam,classification,0,507,1,-2.2564180488128627,4.599743251969862e-05,3.381284968985553e-05,7.388786149635278e-05,-3.7297582595311365,4.0572577014259605e-05,0.6802811550151976,1.2732686131386852,0.1497052359745324
traffic_pems,s715,F4,adam,classification,1,531,1,0.6265371299772233,4.6258829709348884e-05,3.5813162820309966e-05,0.00010525094015033823,-3.7598767277228795,3.152261851482137e-05,0.6770516717325228,1.2732686131386852,0.1497052359745324
traffic_pems,s715,F4,adam,classification,2,496,1,-2.027751531449378,3.904334045379843e-05,3.1207084938600154e-05,7.335296762300729e-05,-3.748617397430905,2.881101932548665e-05,0.6787613981762918,1.2732686131386852,0.1497052359745324
traffic_pems,s715,F4,adam,classification,3,482,1,-1.9231289441957244,4.97502704178816e-05,3.253753498954164e-05,6.472050651302007e-05,-3.7375581180717297,4.311845103347739e-05,0.6797112462006079,1.2732686131386852,0.1497052359745324
traffic_pems,s715,FA,sgd,regression,0,322,1,-2.1602945651351706,7.808212321642657e-05,6.364252078491023e-05,0.0001478755523612628,-3.458430901167745,7.238183111688644e-05,1.1368900354263987,1.2732686131386852,0.1497052359745324
traffic_pems,s715,FA,sgd,regression,1,330,1,-0.7026334259063495,9.468305366598888e-05,6.33637549218197e-05,0.00018364951861046504,-3.4429730073764406,0.00012126614929695295,1.1399718915259875,1.2732686131386852,0.1497052359745324
traffic_pems,s715,FA,sgd,regression,2,304,1,-0.5855685163992981,7.624403291074558e-05,5.8509712706629375e-05,0.0001300536832305335,-3.50949712551366,4.9530570104950575e-05,1.1392121895949034,1.2732686131386852,0.1497052359745324
traffic_pems,s715,FA,sgd,regression,3,311,1,-0.8822231053890596,8.673463934425465e-05,6.208673045588961e-05,0.00014633474499648255,-3.467149951971265,8.253665993679005e-05,1.1377105084838015,1.2732686131386852,0.1497052359745324
traffic_pems,s715,FA,sgd,classification,0,4000,0,-1.1219371731820122,0.0018851031138903802,0.001693352170506436,0.002088722561322772,-2.3188611666469443,0.0016544631281333244,0.6177811550151976,1.2732686131386852,0.1497052359745324
traffic_pems,s715,FA,sgd,classification,1,4000,0,-1.0355179129007666,0.0018137479861434949,0.001658793146787921,0.0019985758979548804,-2.3294096588125597,0.001631795037978485,0.6179711246200608,1.2732686131386852,0.1497052359745324
traffic_pems,s715,FA,sgd,classification,2,4000,0,-1.0726964897505245,0.0018422353564977183,0.0016767282556934254,0.0020372490645071137,-2.324181417298123,0.0016357158117777451,0.6200607902735562,1.2732686131386852,0.1497052359745324
traffic_pems,s715,FA,sgd,classification,3,4000,0,-1.052942351058968,0.001869944845841994,0.0016821793223415053,0.0020598851811975904,-2.3235470791603974,0.0016518654836973807,0.6187310030395137,1.2732686131386852,0.1497052359745324
traffic_pems,s715,FA,adam,regression,0,77,1,0.18144849692634338,0.0004386422995920137,5.4478317718688526e-05,0.0015578981846677729,-3.3974504631629645,0.00018537661838884288,1.1209876163863162,1.2732686131386852,0.1497052359745324
traffic_pems,s715,FA,adam,regression,1,78,1,-0.6733616459604311,0.0002856568176895956,4.3438124877725687e-05,0.0014239162334437295,-3.4364444858309597,0.0012998046684322116,1.123393793850592,1.2732686131386852,0.1497052359745324
traffic_pems,s715,FA,adam,regression,2,72,1,-0.6335857553251925,0.0003581957396701834,6.358153570526971e-05,0.0016397989738649358,-3.4129596867434713,0.00039712800700219555,1.1203378666498138,1.2732686131386852,0.1497052359745324
traffic_pems,s715,FA,adam,regression,3,80,1,1.4813906675567179,0.00032437710602996263,5.626620088785818e-05,0.0014789644119308162,-3.448639291774024,0.00011742067044431038,1.1283977602353692,1.2732686131386852,0.1497052359745324
traffic_pems,s715,FA,adam,classification,0,486,1,-2.649188395541578,3.4850240699259616e-05,2.3629172920389772e-05,5.6727591320492165e-05,-3.7964728565056505,3.077205069274175e-05,0.7319528875379939,1.2732686131386852,0.1497052359745324
traffic_pems,s715,FA,adam,classification,1,507,1,1.1043314762352237,3.293161375767675e-05,2.4182306949463778e-05,8.098808143608183e-05,-3.84430593692209,2.2958259849374785e-05,0.7253039513677811,1.2732686131386852,0.1497052359745324
traffic_pems,s715,FA,adam,classification,2,471,1,-2.475796394292725,2.9973149691078203e-05,2.153477073817079e-05,5.979765686781571e-05,-3.81629259803544,1.888701288534322e-05,0.7256838905775076,1.2732686131386852,0.1497052359745324
traffic_pems,s715,FA,adam,classification,3,446,1,-2.3208082526780247,3.718061967553744e-05,2.2385079345500856e-05,5.029320321722326e-05,-3.8117750672336705,3.0754786595645475e-05,0.729483282674772,1.2732686131386852,0.1497052359745324
traffic_pems,s715,F10,sgd,regression,0,301,1,-1.28806818700802,4.9193938861142674e-05,4.1642755428020186e-05,6.139163089287185e-05,-3.98000677691934,3.9582347467895265e-05,1.407304916560141,1.2732686131386852,0.1497052359745324
traffic_pems,s715,F10,sgd,regression,1,295,1,0.7413442703600396,4.57202799734665e-05,3.88696043155375e-05,9.776691562359474e-05,-3.9576678380685144,3.97033485908215e-05,1.407216990961395,1.2732686131386852,0.1497052359745324
traffic_pems,s715,F10,sgd,regression,2,299,1,-1.2202442234183137,4.29167249208746e-05,3.6817611972407194e-05,6.452479264509655e-05,-3.994871427404846,3.544840226747383e-05,1.4043177140908538,1.2732686131386852,0.1497052359745324
traffic_pems,s715,F10,sgd,regression,3,300,1,-0.2754728297563007,4.729971094404724e-05,4.114237660737539e-05,6.045497649526393e-05,-3.9978441828621647,4.411560764439186e-05,1.4063531653684813,1.2732686131386852,0.1497052359745324
traffic_pems,s715,F10,sgd,classification,0,4000,0,-1.490974846876428,0.0023101759185223105,0.0020373403682697336,0.0026753852937020342,-2.182026964461045,0.0019797041835740944,0.43977963525835867,1.2732686131386852,0.1497052359745324
traffic_pems,s715,F10,sgd,classification,1,4000,0,-1.5036279892227487,0.002231223845151478,0.0019556397171377592,0.002584379539656036,-2.1917683253788027,0.0019058783695224209,0.43977963525835867,1.2732686131386852,0.1497052359745324
traffic_pems,s715,F10,sgd,classification,2,4000,0,-1.3992876715660196,0.002342472902194701,0.0020809537404259336,0.0026770953174343128,-2.182052071313285,0.002012258555657133,0.44072948328267475,1.2732686131386852,0.1497052359745324
traffic_pems,s715,F10,sgd,classification,3,4000,0,-1.458144896727896,0.0023304118030083414,0.002034602158586078,0.002673872960151332,-2.1820754165340532,0.0019880200671252733,0.4401595744680851,1.2732686131386852,0.1497052359745324
traffic_pems,s715,F10,adam,regression,0,21,1,-4.071161985649978,5.290802974460901e-05,2.6383374776805415e-06,0.00047561246526638937,-4.057581314496427,0.00043882764860164844,1.29865761949993,1.2732686131386852,0.1497052359745324
traffic_pems,s715,F10,adam,regression,1,21,1,-1.89389812245903,7.360788738921495e-05,4.898480670112964e-06,0.0004865751712067958,-4.065259455154468,0.00032405390429463097,1.3586952436845565,1.2732686131386852,0.1497052359745324
traffic_pems,s715,F10,adam,regression,2,22,1,0.7162524600911402,7.919051396457838e-05,7.497736160456577e-06,0.0004086098600397757,-4.076303677424284,7.361496078460324e-06,1.314229544446658,1.2732686131386852,0.1497052359745324
traffic_pems,s715,F10,adam,regression,3,22,1,4.31964462505244,9.66883564388461e-05,7.5579771216180365e-06,0.00041709875217060675,-4.115786411825671,9.965917444278622e-06,1.3365187081794758,1.2732686131386852,0.1497052359745324
traffic_pems,s715,F10,adam,classification,0,652,1,-1.6737170867710738,3.91429771420347e-05,3.42971445072774e-05,4.6458718668245094e-05,-3.836750725040809,3.3392623017925906e-05,0.444338905775076,1.2732686131386852,0.1497052359745324
traffic_pems,s715,F10,adam,classification,1,663,1,-1.3206560768919602,3.0256700281718514e-05,2.7210537461929897e-05,3.497732009582822e-05,-3.9198429697976245,2.732897826943706e-05,0.44395896656534956,1.2732686131386852,0.1497052359745324
traffic_pems,s715,F10,adam,classification,2,582,1,-0.960611509229207,4.23599140522597e-05,3.9607235946805905e-05,4.7642973702585394e-05,-3.838214205193028,3.7078282178397205e-05,0.4469984802431611,1.2732686131386852,0.1497052359745324
traffic_pems,s715,F10,adam,classification,3,653,1,-1.341117599586059,4.0529729302302805e-05,3.392121914777538e-05,4.656623284435495e-05,-3.829503973450387,3.4293477301138004e-05,0.4447188449848024,1.2732686131386852,0.1497052359745324
traffic_pems,s715,F11,sgd,regression,0,191,1,-2.329328284708992,8.014479728679297e-05,2.807902265861628e-05,0.00026195642259057265,-3.234503107032411,5.184331996107104e-05,0.6616899344202877,1.2732686131386852,0.1497052359745324
traffic_pems,s715,F11,sgd,regression,1,188,1,-1.6761770077824405,6.905187143248389e-05,2.0463780143144405e-05,0.00023392475190483485,-3.2905690267168195,0.00024362136307531232,0.6590237509633609,1.2732686131386852,0.1497052359745324
traffic_pems,s715,F11,sgd,regression,2,176,1,-1.8018978135876718,6.17005751128273e-05,2.1744187562486918e-05,0.0002024464249491502,-3.3079407026955616,1.759769604655677e-05,0.6612812904780152,1.2732686131386852,0.1497052359745324
traffic_pems,s715,F11,sgd,regression,3,180,1,0.33195907141332653,8.644016439325779e-05,3.186525068793172e-05,0.0002515968237484627,-3.280677455077015,1.4890941714486759e-05,0.6616007694861098,1.2732686131386852,0.1497052359745324
traffic_pems,s715,F11,sgd,classification,0,3082,1,-1.6815292954694456,0.0015192810569900203,0.0012979842006156917,0.0017639388118718586,-2.3158308034021475,0.001257132269583398,0.819338905775076,1.2732686131386852,0.1497052359745324
traffic_pems,s715,F11,sgd,classification,1,2966,1,-1.478876354186118,0.0014415572655885,0.0012741025624076968,0.0016470790970893406,-2.3275660556453697,0.0012443234731879804,0.8189589665653495,1.2732686131386852,0.1497052359745324
traffic_pems,s715,F11,sgd,classification,2,2964,1,-1.5701862102563264,0.0014685015346721495,0.0012892958352694274,0.0017013041483801062,-2.3228559996270195,0.0012439904096955509,0.8191489361702128,1.2732686131386852,0.1497052359745324
traffic_pems,s715,F11,sgd,classification,3,2984,1,-1.553041060189385,0.0015168341639855238,0.0013019333740715065,0.0017456478290697598,-2.3221592151998314,0.001271381656157678,0.8189589665653495,1.2732686131386852,0.1497052359745324
traffic_pems,s715,F11,adam,regression,0,125,1,-1.0400122019196927,0.0011706266551191617,0.00022745028237187607,0.0038370342861478376,-2.9015585226600016,0.000978400848526431,0.6559922329270548,1.2732686131386852,0.1497052359745324
traffic_pems,s715,F11,adam,regression,1,118,1,-0.43559574933413325,0.0009982249371260179,0.00021888670272495562,0.0035264671652660558,-2.9171957319552355,0.0015305969780492576,0.6551171242224371,1.2732686131386852,0.1497052359745324
traffic_pems,s715,F11,adam,regression,2,113,1,0.06212149368184536,0.00110711249427937,0.00022848968723505366,0.004040774232772534,-2.9068366642638552,0.0005981617715795286,0.6609854536999191,1.2732686131386852,0.1497052359745324
traffic_pems,s715,F11,adam,regression,3,122,1,0.5361251916880191,0.0009529443126788213,0.00023589983635464022,0.0035727396004781526,-2.895319635588946,0.001235034339972721,0.6699662143844048,1.2732686131386852,0.1497052359745324
traffic_pems,s715,F11,adam,classification,0,391,1,-2.8585312471255224,5.855749662758844e-05,3.3245215792281624e-05,0.00015497960896506871,-3.6258910554612864,3.232528590150332e-05,0.8351063829787234,1.2732686131386852,0.1497052359745324
traffic_pems,s715,F11,adam,classification,1,430,1,-0.9117926349515613,6.0687461800800166e-05,3.389717039280444e-05,0.00016529201984200257,-3.6422702806149565,3.0817613156718514e-05,0.8366261398176292,1.2732686131386852,0.1497052359745324
traffic_pems,s715,F11,adam,classification,2,399,1,-1.3585574040868136,5.041606581975567e-05,3.0109257515878883e-05,0.00012818696731983295,-3.672614742883919,2.4363184959013312e-05,0.8366261398176292,1.2732686131386852,0.1497052359745324
traffic_pems,s715,F11,adam,classification,3,401,1,-1.8462183807358494,5.8451952312725246e-05,3.397763665397044e-05,0.00012301798390378576,-3.6343138995348507,4.6312186711756516e-05,0.8360562310030395,1.2732686131386852,0.1497052359745324
noaa_weather,TMAX,F0,sgd,regression,0,28,1,-1.8351031956004338,6.101583148846979e-05,9.805793655205663e-06,0.0002917996988874104,-3.640150118506399,9.112526689068432e-05,0.14489496614478037,1.793636363636363,0.20606018203680115
noaa_weather,TMAX,F0,sgd,regression,1,28,1,0.411876437308569,6.118359303854741e-05,8.524932103514542e-06,0.00033476873180249115,-3.694963457772319,0.00038649590217755065,0.1451430022968353,1.793636363636363,0.20606018203680115
noaa_weather,TMAX,F0,sgd,regression,2,28,1,-0.9938398633328874,5.4176197307463524e-05,1.2447928337435375e-05,0.00028997768359651004,-3.7291129795107456,1.4476274782851307e-05,0.144958152500423,1.793636363636363,0.20606018203680115
noaa_weather,TMAX,F0,sgd,regression,3,27,1,3.2087624743212064,7.237804395300983e-05,1.720211584007157e-05,0.000332160234035284,-3.699681834250315,3.0169689054263767e-06,0.1450031976403011,1.793636363636363,0.20606018203680115
noaa_weather,TMAX,F0,sgd,classification,0,504,1,-1.2855608563609855,0.0002777338901023582,0.00024369784820682064,0.0003120004393009519,-2.9889359814991603,0.00023804104961743224,0.8902934013684333,1.793636363636363,0.20606018203680115
noaa_weather,TMAX,F0,sgd,classification,1,521,1,-1.0025943048421668,0.00025905603857257105,0.00024104223196072416,0.000285085701808689,-3.013585865515012,0.00023805644050479844,0.8902354169082686,1.793636363636363,0.20606018203680115
noaa_weather,TMAX,F0,sgd,classification,2,491,1,-1.0757853002340703,0.0002623920764745102,0.00023788849510838282,0.0002888438760591177,-3.0072667276734677,0.00022824826276153038,0.89087324597008,1.793636363636363,0.20606018203680115
noaa_weather,TMAX,F0,sgd,classification,3,501,1,-1.1824344988867315,0.00027890214545069124,0.00024109662367763652,0.00031068852967211725,-2.992032997031443,0.00024028809604807744,0.8901774324481039,1.793636363636363,0.20606018203680115
noaa_weather,TMAX,F0,adam,regression,0,19,1,-0.4671576096256767,0.0010663472669304097,0.00018517772074046345,0.004681344491926148,-3.025024392303355,0.00029406347870477244,0.14506781815089836,1.793636363636363,0.20606018203680115
noaa_weather,TMAX,F0,adam,regression,1,19,1,-0.012629746904951406,0.0009496522279968685,0.00015460506443941243,0.004471567425106633,-3.0257338637419524,0.002589426366623995,0.14531360929034992,1.793636363636363,0.20606018203680115
noaa_weather,TMAX,F0,adam,regression,2,20,1,1.2162254041300993,0.0011503643730004518,0.0002381504920660547,0.0050494056852148994,-3.0243762553784195,0.0012018357581594665,0.1450800590899961,1.793636363636363,0.20606018203680115
noaa_weather,TMAX,F0,adam,regression,3,20,1,0.9861745820494247,0.0010773039330954557,0.00019185681401567495,0.0048737162580411025,-3.003769555974784,0.0038290782061264662,0.1461217816504651,1.793636363636363,0.20606018203680115
noaa_weather,TMAX,F0,adam,classification,0,95,1,-3.217753212822252,1.0507515184278345e-05,3.37228979428036e-06,6.754392140431995e-05,-4.277012831985044,2.467880572503075e-05,0.8985851791719819,1.793636363636363,0.20606018203680115
noaa_weather,TMAX,F0,adam,classification,1,96,1,0.9700408647470723,2.3315306271738832e-05,3.4569495204498604e-06,0.0001005247890300955,-4.267943769529962,1.1778540413376492e-05,0.8989910703931346,1.793636363636363,0.20606018203680115
noaa_weather,TMAX,F0,adam,classification,2,94,1,-0.8540345282004612,1.757562163408332e-05,7.110204269038608e-06,6.66772700826327e-05,-4.347324223986056,9.166780730140609e-06,0.8981792879508291,1.793636363636363,0.20606018203680115
noaa_weather,TMAX,F0,adam,classification,3,94,1,1.5810739263760263,2.1452327282523027e-05,7.983221638171037e-06,4.455891998048631e-05,-4.308034084225603,2.6767973011257835e-05,0.8994549460744521,1.793636363636363,0.20606018203680115
noaa_weather,TMAX,F4,sgd,regression,0,27,1,-3.06393007424475,9.951378242262907e-05,5.3412087754035554e-05,0.00031272390110521453,-3.3947283619602757,9.057300076666804e-05,0.22459189882913028,1.793636363636363,0.20606018203680115
noaa_weather,TMAX,F4,sgd,regression,1,27,1,-0.6971420737005046,0.0001010768027315101,5.169368622443967e-05,0.0003761732319376399,-3.420100490755729,0.0004093656869079619,0.22434269798670906,1.793636363636363,0.20606018203680115
noaa_weather,TMAX,F4,sgd,regression,2,27,1,-0.861402985327199,7.933766802609343e-05,4.05813957561924e-05,0.00030702083584080865,-3.448100711832611,3.831266449522794e-05,0.22405825910097785,1.793636363636363,0.20606018203680115
noaa_weather,TMAX,F4,sgd,regression,3,26,1,-0.3817136281051912,0.00010954300666526578,5.566557585030563e-05,0.00035892487089487894,-3.423481084272801,4.0628784356223375e-05,0.2246930511689774,1.793636363636363,0.20606018203680115
noaa_weather,TMAX,F4,sgd,classification,0,637,1,-1.7667663506857885,0.0004375279183887136,0.0003792855746456071,0.000524180485339213,-2.723682287460255,0.0003675853676256895,0.8738258146816653,1.793636363636363,0.20606018203680115
noaa_weather,TMAX,F4,sgd,classification,1,649,1,-1.7958009757913325,0.00040150091396172764,0.000342855097573933,0.0004829269643629518,-2.746521108202917,0.0003356272153168614,0.87388379914183,1.793636363636363,0.20606018203680115
noaa_weather,TMAX,F4,sgd,classification,2,608,1,-1.5236475275400954,0.0004538202865907509,0.0004008939481596713,0.0005269501814716982,-2.7241376380149913,0.00038340100307142556,0.8739417836019947,1.793636363636363,0.20606018203680115
noaa_weather,TMAX,F4,sgd,classification,3,623,1,-1.6811099583059612,0.00044749165092938955,0.00037714639775424146,0.0005257798920083168,-2.72283818720464,0.00037186864656213274,0.8739417836019947,1.793636363636363,0.20606018203680115
noaa_weather,TMAX,F4,adam,regression,0,20,1,-0.8466254719438847,0.000784346285138572,5.558631511545057e-05,0.004311067818017523,-3.1876270893549994,0.00028596393735705675,0.2184106475404008,1.793636363636363,0.20606018203680115
noaa_weather,TMAX,F4,adam,regression,1,20,1,-0.3667619646187517,0.0007445495751978546,3.694752101299854e-05,0.004222250976758854,-3.1440640836098264,0.0029460018625733285,0.21654218956471422,1.793636363636363,0.20606018203680115
noaa_weather,TMAX,F4,adam,regression,2,20,1,1.7024755858981615,0.0008907145747935072,4.832856693980116e-05,0.004656183710681877,-3.1955485362308518,0.0006350093309626158,0.2187224541544128,1.793636363636363,0.20606018203680115
noaa_weather,TMAX,F4,adam,regression,3,20,1,0.899656587107596,0.0008603903101548916,5.025737994893846e-05,0.00452324550374553,-3.1527771252542034,0.003933848602544208,0.22013569571356476,1.793636363636363,0.20606018203680115
noaa_weather,TMAX,F4,adam,classification,0,129,1,-2.450080932921487,2.3127451085936725e-05,1.5938201059059117e-05,2.6864651631429492e-05,-4.1237416691960584,1.5070805961456966e-05,0.8761451930882523,1.793636363636363,0.20606018203680115
noaa_weather,TMAX,F4,adam,classification,1,128,1,-0.10772154073923737,1.756890490846071e-05,1.4754266368938215e-05,1.9726600623793343e-05,-4.218531761801374,1.8472688675010074e-05,0.8754493795662762,1.793636363636363,0.20606018203680115
noaa_weather,TMAX,F4,adam,classification,2,126,1,-1.263553052489739,2.1168448891448573e-05,1.86204094279818e-05,2.5661096451858338e-05,-4.152307393633768,1.5111897987782263e-05,0.8766090687695698,1.793636363636363,0.20606018203680115
noaa_weather,TMAX,F4,adam,classification,3,124,1,-1.6088970031746301,2.1996018089681287e-05,1.6251215387336653e-05,2.5518535659020455e-05,-4.1539457829801005,1.6274399105372947e-05,0.8756233329467703,1.793636363636363,0.20606018203680115
noaa_weather,TMAX,FA,sgd,regression,0,27,1,-2.652317083789475,0.00011908863256068831,7.246194716318837e-05,0.0003300206703780795,-3.3547242777174398,0.00011014727034534014,0.1857890665951702,1.793636363636363,0.20606018203680115
noaa_weather,TMAX,FA,sgd,regression,1,27,1,-0.8870819603848366,0.00012696104668381543,7.696062926980534e-05,0.0004007849805893269,-3.3611078252090363,0.0004252808173843837,0.1858275191690394,1.793636363636363,0.20606018203680115
noaa_weather,TMAX,FA,sgd,regression,2,27,1,-0.56732170206737,0.00010081831594220203,6.284040994004869e-05,0.0003280412910802089,-3.4031387254952543,5.603151750550523e-05,0.18500253907602998,1.793636363636363,0.20606018203680115
noaa_weather,TMAX,FA,sgd,regression,3,27,1,-0.5416524543484302,0.00012914927200570602,7.321510753342547e-05,0.00037796649215432297,-3.3725850224553304,5.676078636841234e-05,0.18584327202238254,1.793636363636363,0.20606018203680115
noaa_weather,TMAX,FA,sgd,classification,0,635,1,-1.7729909350834074,0.0004232162256121491,0.00036681244681925016,0.0005073554030104027,-2.7344252072115585,0.00035551261231472854,0.8785805404151688,1.793636363636363,0.20606018203680115
noaa_weather,TMAX,FA,sgd,classification,1,648,1,-1.7998154307378411,0.00038742913984947587,0.00033089581224399444,0.00046637293708921737,-2.7578203423349734,0.0003241553907733641,0.8785805404151688,1.793636363636363,0.20606018203680115
noaa_weather,TMAX,FA,sgd,classification,2,607,1,-1.5245333512348904,0.00043893853315494396,0.0003879176374781138,0.0005098060149072331,-2.735027739702128,0.0003708365853100494,0.8791024005566508,1.793636363636363,0.20606018203680115
noaa_weather,TMAX,FA,sgd,classification,3,622,1,-1.6843776538472088,0.00043289607831786814,0.00036455805286767233,0.0005088849118311831,-2.733640377343595,0.0003596774899534137,0.878696509335498,1.793636363636363,0.20606018203680115
noaa_weather,TMAX,FA,adam,regression,0,20,1,-0.7092315660446411,0.0007857308596597187,5.856583023168644e-05,0.004321158042018202,-3.168942644674202,0.0002772119789932039,0.17454144926697426,1.793636363636363,0.20606018203680115
noaa_weather,TMAX,FA,adam,regression,1,20,1,-0.3746588999793327,0.0007520858021176084,4.296380197572801e-05,0.004201868167279157,-3.1318722690217666,0.0030028283939157164,0.1754150426101079,1.793636363636363,0.20606018203680115
noaa_weather,TMAX,FA,adam,regression,2,20,1,1.5460267144137494,0.0008992569309810745,5.556582091352738e-05,0.004608955575138688,-3.173730406709423,0.0006086685150867828,0.17505576830823658,1.793636363636363,0.20606018203680115
noaa_weather,TMAX,FA,adam,regression,3,20,1,0.88695206701958,0.0008706875558986355,5.6870845124138514e-05,0.004518430856309453,-3.1343387271889127,0.003995203540627539,0.17851284974934792,1.793636363636363,0.20606018203680115
noaa_weather,TMAX,FA,adam,classification,0,129,1,-2.7737703622057706,2.222413743178163e-05,1.4518167931469839e-05,2.6000953884394133e-05,-4.125866421635298,1.3530233157459457e-05,0.8814797634234025,1.793636363636363,0.20606018203680115
noaa_weather,TMAX,FA,adam,classification,1,127,1,0.10822195809051785,1.7541402736220092e-05,1.4217002315386196e-05,2.0638201202174016e-05,-4.213539898408418,1.8755783330046524e-05,0.880320074220109,1.793636363636363,0.20606018203680115
noaa_weather,TMAX,FA,adam,classification,2,126,1,-1.3273682850292567,2.0432273344028154e-05,1.761460164633645e-05,2.529185314172262e-05,-4.157642293159941,1.3672635293161863e-05,0.8823495303258727,1.793636363636363,0.20606018203680115
noaa_weather,TMAX,FA,adam,classification,3,123,1,-1.8573650764359968,2.1723264139458416e-05,1.5253055150514663e-05,2.5681638126268725e-05,-4.153228362655657,1.546259107302538e-05,0.8808999188217558,1.793636363636363,0.20606018203680115
noaa_weather,TMAX,F10,sgd,regression,0,36,1,-2.301857100171732,4.888892246889875e-05,1.998544528911999e-05,0.00019543410986886617,-4.0876889517669905,4.532767571871065e-05,0.4047459795661452,1.793636363636363,0.20606018203680115
noaa_weather,TMAX,F10,sgd,regression,1,36,1,0.3686299458399718,5.571931871129698e-05,1.7850440888440533e-05,0.00025993027603477177,-4.101813485530088,0.0002735092809069521,0.404065473810643,1.793636363636363,0.20606018203680115
noaa_weather,TMAX,F10,sgd,regression,2,37,1,0.14146514488383352,4.386419703179495e-05,1.743588605374764e-05,0.00020056507042632405,-4.113025888160631,1.7847287996691044e-05,0.4031039407164889,1.793636363636363,0.20606018203680115
noaa_weather,TMAX,F10,sgd,regression,3,36,1,1.7946407246523701,5.2354985730475056e-05,1.901793303141859e-05,0.0002698922816465503,-4.121670974125303,1.994292210329604e-05,0.4042669357057429,1.793636363636363,0.20606018203680115
noaa_weather,TMAX,F10,sgd,classification,0,874,1,-1.5828006293499712,0.0006900946473507833,0.0006065969563013556,0.0008093943046843282,-2.5700495307610804,0.0005894168881152134,0.8012872550156558,1.793636363636363,0.20606018203680115
noaa_weather,TMAX,F10,sgd,classification,1,870,1,-1.5996462127353301,0.000649444345634,0.0005646884889573507,0.0007629924262255968,-2.5871983715704587,0.0005520167021379856,0.8012872550156558,1.793636363636363,0.20606018203680115
noaa_weather,TMAX,F10,sgd,classification,2,880,1,-1.4122266878185064,0.0007086901677829738,0.0006310575443337376,0.0008125470750097475,-2.5703029404285016,0.0006078630684091696,0.8014032239359852,1.793636363636363,0.20606018203680115
noaa_weather,TMAX,F10,sgd,classification,3,855,1,-1.523262103152811,0.0007019652897859036,0.00060497706642204,0.0008113428681545133,-2.5692641429696796,0.0005947175548631724,0.8012872550156558,1.793636363636363,0.20606018203680115
noaa_weather,TMAX,F10,adam,regression,0,20,1,-1.9047859990329432,0.000591604256884315,2.194743543126234e-05,0.0030972217227004297,-3.4342067547688555,0.001029192097335531,0.3631637652371636,1.793636363636363,0.20606018203680115
noaa_weather,TMAX,F10,adam,regression,1,20,1,-2.204979623024059,0.00045384726087265194,1.4922317284797794e-05,0.003479342749077452,-3.3891871552449357,0.0028876816658054043,0.3803633471215769,1.793636363636363,0.20606018203680115
noaa_weather,TMAX,F10,adam,regression,2,21,1,2.000896943161059,0.0006246474476236283,2.2527362076760145e-05,0.0037729351716655835,-3.41217935837546,7.94831063600393e-06,0.3662543601164907,1.793636363636363,0.20606018203680115
noaa_weather,TMAX,F10,adam,regression,3,20,1,-0.11810491154050086,0.0004976343450105486,1.8546161503121137e-05,0.003224272186435951,-3.4042872256331886,0.002347471872106736,0.37534497150147084,1.793636363636363,0.20606018203680115
noaa_weather,TMAX,F10,adam,classification,0,163,1,-2.588292616823389,1.29483115705214e-05,1.0550340193878355e-05,1.7347541678958153e-05,-4.160285466710265,1.0454097372546389e-05,0.8016351617766438,1.793636363636363,0.20606018203680115
noaa_weather,TMAX,F10,adam,classification,1,158,1,-2.6980980336966724,8.217372582512083e-06,6.099225066988524e-06,1.119493357007146e-05,-4.288364253532194,6.169024435266879e-06,0.8016931462368085,1.793636363636363,0.20606018203680115
noaa_weather,TMAX,F10,adam,classification,2,157,1,-1.0517907408507896,1.7164967224043568e-05,1.5781362326397987e-05,1.9639277339615845e-05,-4.149257476987964,1.4143971612265194e-05,0.8018670996173025,1.793636363636363,0.20606018203680115
noaa_weather,TMAX,F10,adam,classification,3,155,1,-2.0240402643524416,1.4722215134664707e-05,1.1181150820568731e-05,1.854261397762383e-05,-4.141628360736522,1.154029205275634e-05,0.8016931462368085,1.793636363636363,0.20606018203680115
noaa_weather,TMAX,F11,sgd,regression,0,28,1,-2.4966601408125366,0.00012170457888564024,7.419297880393741e-05,0.000344915170983288,-3.2270796133449586,0.00013012810750253245,0.20116091466433778,1.793636363636363,0.20606018203680115
noaa_weather,TMAX,F11,sgd,regression,1,28,1,-1.5815287867024894,0.00011576300728037496,6.188154605005153e-05,0.00039305352211648143,-3.2496902509354304,0.0004202872904648885,0.19918610801999273,1.793636363636363,0.20606018203680115
noaa_weather,TMAX,F11,sgd,regression,2,28,1,-1.1041597637900153,0.00010537112596159846,5.8914437182262667e-05,0.00033979454437386145,-3.2854363129428767,4.938259225203759e-05,0.20003198454486507,1.793636363636363,0.20606018203680115
noaa_weather,TMAX,F11,sgd,regression,3,28,1,-0.34447753563079564,0.00012287427443347044,7.385307190705107e-05,0.000378119754673978,-3.2552438372156765,4.7546244806360596e-05,0.20052642199713352,1.793636363636363,0.20606018203680115
noaa_weather,TMAX,F11,sgd,classification,0,560,1,-1.1190650198670808,0.00045200506344843206,0.00041068693279216497,0.0005032653951428368,-2.8075494392246068,0.000403017048463821,0.877652789052534,1.793636363636363,0.20606018203680115
noaa_weather,TMAX,F11,sgd,classification,1,579,1,-0.9791064542332275,0.00042321186678444375,0.00039301090984058173,0.0004678716048463041,-2.828863847452545,0.00039043005284009947,0.8774208512118752,1.793636363636363,0.20606018203680115
noaa_weather,TMAX,F11,sgd,classification,2,540,1,-0.9581356733837024,0.00044726327295075135,0.0004134314811441946,0.0004889787688761554,-2.815626868728048,0.00040117139796754794,0.878174649194016,1.793636363636363,0.20606018203680115
noaa_weather,TMAX,F11,sgd,classification,3,557,1,-1.0234510093339195,0.00045535849221492724,0.00040717654237312843,0.000501233975118362,-2.809561845104915,0.00040552078032788546,0.8774788356720399,1.793636363636363,0.20606018203680115
noaa_weather,TMAX,F11,adam,regression,0,20,1,-0.20744382569406616,0.000956306668124188,0.00011386370045800732,0.0045637233241158336,-3.036115458801359,0.0002599221018543201,0.2007983330017137,1.793636363636363,0.20606018203680115
noaa_weather,TMAX,F11,adam,regression,1,20,1,-0.19475967558071514,0.0008558006973891002,9.806669142290799e-05,0.0043709329247131265,-3.0331132383285384,0.002571134209634716,0.19869886525312505,1.793636363636363,0.20606018203680115
noaa_weather,TMAX,F11,adam,regression,2,20,1,1.2125731020099895,0.0009828401054026862,0.0001650760605456976,0.004902828949730446,-3.03721125931459,0.0009419995751127856,0.2029708387856483,1.793636363636363,0.20606018203680115
noaa_weather,TMAX,F11,adam,regression,3,20,1,0.8727971755507411,0.0009942824943228077,0.00011502008982455741,0.004759838883243165,-3.0210677655031297,0.0038086984280424024,0.19965154456868991,1.793636363636363,0.20606018203680115
noaa_weather,TMAX,F11,adam,classification,0,109,1,-3.1239086904069717,2.0063816174828562e-05,1.229408930714329e-05,3.761306247812151e-05,-4.040962110241498,2.2885138171150166e-05,0.8802620897599444,1.793636363636363,0.20606018203680115
noaa_weather,TMAX,F11,adam,classification,1,112,1,0.33838219411496784,2.499390513251228e-05,1.6873194069774105e-05,6.914647753866145e-05,-4.004737180897374,1.164934338837318e-05,0.8813637945030732,1.793636363636363,0.20606018203680115
noaa_weather,TMAX,F11,adam,classification,2,108,1,-1.781257589577827,2.0779152660583233e-05,1.3441752252446255e-05,4.735800438303259e-05,-4.084086978085396,1.0555783447946271e-05,0.8808999188217558,1.793636363636363,0.20606018203680115
noaa_weather,TMAX,F11,adam,classification,3,106,1,-3.7080797255928775,2.121995860418478e-05,9.05263290749327e-06,3.192896315950816e-05,-4.041636887463787,1.4970320873694838e-05,0.8810738722022498,1.793636363636363,0.20606018203680115
noaa_weather,TMIN,F0,sgd,regression,0,27,1,-2.3804929726701913,7.358190078435176e-05,2.408822237976354e-05,0.0003161639195285426,-3.3868088268084997,9.851895112945381e-05,0.09460082053005332,1.5281470588235302,0.2292172223139006
noaa_weather,TMIN,F0,sgd,regression,1,28,1,-0.9889601285233127,7.215787467082686e-05,1.996273865274252e-05,0.0003538035087338771,-3.428246691296619,0.0004017733071602182,0.09475090794825486,1.5281470588235302,0.2292172223139006
noaa_weather,TMIN,F0,sgd,regression,2,27,1,-1.1608351846180487,5.8995255713854e-05,1.647530039522167e-05,0.0003004215281983976,-3.4876977957971267,1.2292661295131434e-05,0.09453542901927056,1.5281470588235302,0.2292172223139006
noaa_weather,TMIN,F0,sgd,regression,3,27,1,0.8985256062353673,8.539076697998722e-05,3.502459890895878e-05,0.0003464810181466004,-3.424119606792768,1.4441113823232943e-05,0.09464736558475431,1.5281470588235302,0.2292172223139006
noaa_weather,TMIN,F0,sgd,classification,0,545,1,-1.160846986002756,0.00036913154137329366,0.00033360570012348295,0.00041257108659080324,-2.8765274283394837,0.00032715697362015075,0.9084425373999768,1.5281470588235302,0.2292172223139006
noaa_weather,TMIN,F0,sgd,classification,1,558,1,-0.9859225736049585,0.0003449976544589947,0.0003208906350130611,0.00038184462129462507,-2.899446321101546,0.0003187810890091176,0.9082685840194827,1.5281470588235302,0.2292172223139006
noaa_weather,TMIN,F0,sgd,classification,2,525,1,-0.9748458967251732,0.000363065618635029,0.0003347773430648469,0.0003973490762573646,-2.886686350800649,0.00032381754085334443,0.9095442421431057,1.5281470588235302,0.2292172223139006
noaa_weather,TMIN,F0,sgd,classification,3,542,1,-1.0635914812477967,0.00037284334816938724,0.000331039495033722,0.0004120286635597799,-2.878016721678671,0.00032993210384996374,0.9085585063203061,1.5281470588235302,0.2292172223139006
noaa_weather,TMIN,F0,adam,regression,0,20,1,-0.3038803803795505,0.0010378539355497829,0.00015496096275714147,0.004721883776316239,-3.0131024128667905,0.000291512368399149,0.09463130307169372,1.5281470588235302,0.2292172223139006
noaa_weather,TMIN,F0,adam,regression,1,20,1,0.002215953736217988,0.0009268804213730859,0.00013361605396124932,0.0046186350836493,-3.0157353298383995,0.002319151667319448,0.09481682780674247,1.5281470588235302,0.2292172223139006
noaa_weather,TMIN,F0,adam,regression,2,20,1,1.2456639085473757,0.001086765434816671,0.00020471817033295458,0.005130312520834747,-3.018277089061093,0.0012439483449860956,0.09506119256310593,1.5281470588235302,0.2292172223139006
noaa_weather,TMIN,F0,adam,regression,3,20,1,1.0400028621521393,0.0010813432453389779,0.00016302905174834915,0.004809217265421812,-3.0004018813049806,0.0035342516399975857,0.09543779410990146,1.5281470588235302,0.2292172223139006
noaa_weather,TMIN,F0,adam,classification,0,104,1,-3.5975460295555224,1.3355831012883808e-05,7.797519441816815e-06,3.821462859546616e-05,-4.154012463674419,2.0650876165842102e-05,0.9225907456801578,1.5281470588235302,0.2292172223139006
noaa_weather,TMIN,F0,adam,classification,1,107,1,0.27164225357383376,1.8102143011604597e-05,7.307873377836521e-06,7.711007047869338e-05,-4.1293287797889295,5.296206229693212e-06,0.9217789632378522,1.5281470588235302,0.2292172223139006
noaa_weather,TMIN,F0,adam,classification,2,102,1,-1.126583783617051,1.4435068776255006e-05,7.88870806950974e-06,5.03652921019053e-05,-4.230646858535335,6.531926120728217e-06,0.9217789632378522,1.5281470588235302,0.2292172223139006
noaa_weather,TMIN,F0,adam,classification,3,102,1,-2.7124674507551667,1.569359992871995e-05,7.448371187979552e-06,2.6643057668007765e-05,-4.172131278440197,1.392976444200052e-05,0.922358807839499,1.5281470588235302,0.2292172223139006
noaa_weather,TMIN,F4,sgd,regression,0,26,1,-3.0197932266426366,0.00010171856651359784,5.55199969073324e-05,0.0003151775362502098,-3.3836210320191604,9.279797311890078e-05,0.18828858144473057,1.5281470588235302,0.2292172223139006
noaa_weather,TMIN,F4,sgd,regression,1,27,1,-0.6730736522333327,0.00010340695383608366,5.388843542292422e-05,0.00037882067619312394,-3.408921782271782,0.0004121399750916789,0.18827147138572112,1.5281470588235302,0.2292172223139006
noaa_weather,TMIN,F4,sgd,regression,2,27,1,-0.8420070555830621,8.140098665899225e-05,4.27432597918279e-05,0.0003095669356778724,-3.4354559132140543,4.05132265327066e-05,0.18768678066900393,1.5281470588235302,0.2292172223139006
noaa_weather,TMIN,F4,sgd,regression,3,26,1,-0.36181992020826714,0.00011182421969916746,5.796018874392114e-05,0.0003619556396419947,-3.4121434105150055,4.292809900083009e-05,0.18842704666501256,1.5281470588235302,0.2292172223139006
noaa_weather,TMIN,F4,sgd,classification,0,667,1,-1.7208170564759084,0.0005059525836056387,0.0004398046264022704,0.0006028282457738584,-2.677770105808817,0.00042638302390120525,0.8847268931926244,1.5281470588235302,0.2292172223139006
noaa_weather,TMIN,F4,sgd,classification,1,677,1,-1.748878028135005,0.00046812932782733805,0.0004012256232414666,0.0005596680172892033,-2.698639995537729,0.00039232396541859926,0.884784877652789,1.5281470588235302,0.2292172223139006
noaa_weather,TMIN,F4,sgd,classification,2,640,1,-1.5013456993516572,0.0005231640098463987,0.000462567950025622,0.0006056894785300211,-2.6781935390027973,0.0004431767613588704,0.8850168154934478,1.5281470588235302,0.2292172223139006
noaa_weather,TMIN,F4,sgd,classification,3,661,1,-1.644342222330921,0.0005166343783619646,0.00043768597727692724,0.0006044586499757097,-2.676956363513491,0.0004310285602079781,0.8848428621129537,1.5281470588235302,0.2292172223139006
noaa_weather,TMIN,F4,adam,regression,0,20,1,-0.8492274833257313,0.0007822943910501395,5.436824732551838e-05,0.004292236571201933,-3.1844715196051383,0.0002857722460248516,0.18069288333274164,1.5281470588235302,0.2292172223139006
noaa_weather,TMIN,F4,adam,regression,1,20,1,-0.3717020304787838,0.0007455609845910477,3.674908495820724e-05,0.004200543232422776,-3.141103080983493,0.002928994358230832,0.18011253655073522,1.5281470588235302,0.2292172223139006
noaa_weather,TMIN,F4,adam,regression,2,20,1,1.745843557113365,0.0008919718065155365,4.8492936319049606e-05,0.00467449583212067,-3.1932545151957554,0.0006432883315552602,0.18097945366111165,1.5281470588235302,0.2292172223139006
noaa_weather,TMIN,F4,adam,regression,3,20,1,0.8866187467315593,0.0008630733818301714,4.904913994065667e-05,0.0045259283922059225,-3.149414333856641,0.003917313476401018,0.18251449510610301,1.5281470588235302,0.2292172223139006
noaa_weather,TMIN,F4,adam,classification,0,136,1,-2.109389843971423,2.172772433292436e-05,1.638646648843507e-05,2.5207953501832335e-05,-4.13607416436715,1.5689847881337838e-05,0.8876841006610229,1.5281470588235302,0.2292172223139006
noaa_weather,TMIN,F4,adam,classification,1,132,1,-0.36081263359530114,1.6266467718227243e-05,1.4822302990604113e-05,1.7051824574941635e-05,-4.242029067559402,1.6675279102453333e-05,0.8879740229618462,1.5281470588235302,0.2292172223139006
noaa_weather,TMIN,F4,adam,classification,2,131,1,-1.050932386427359,2.0598095682978964e-05,1.8735098977173133e-05,2.389188394910663e-05,-4.1607553597029145,1.6108809901462287e-05,0.8886698364838224,1.5281470588235302,0.2292172223139006
noaa_weather,TMIN,F4,adam,classification,3,130,1,-1.3758119903977752,2.105667056229249e-05,1.615154330366052e-05,2.402245519777111e-05,-4.156860970274353,1.6401399879268842e-05,0.8878580540415169,1.5281470588235302,0.2292172223139006
noaa_weather,TMIN,FA,sgd,regression,0,27,1,-2.541852034285826,0.0001286368282859901,8.114863562235758e-05,0.00034023922549734117,-3.3302159578151023,0.00011865163968396945,0.15289811057237274,1.5281470588235302,0.2292172223139006
noaa_weather,TMIN,FA,sgd,regression,1,27,1,-0.8083505639273905,0.00013687982512977252,8.671839166429497e-05,0.0004114153398410129,-3.3364911264772683,0.0004358694772549469,0.1531535000223294,1.5281470588235302,0.2292172223139006
noaa_weather,TMIN,FA,sgd,regression,2,27,1,-0.5699956962071495,0.00010985875407546592,7.152143693856059e-05,0.0003374482080719082,-3.3749456706981538,6.442370761651728e-05,0.1520798129471783,1.5281470588235302,0.2292172223139006
noaa_weather,TMIN,FA,sgd,regression,3,27,1,-0.4908597714399355,0.00014016216691227945,8.305966103722025e-05,0.00038971772911286593,-3.347203084934024,6.6470895633146e-05,0.15299760240980614,1.5281470588235302,0.2292172223139006
noaa_weather,TMIN,FA,sgd,classification,0,660,1,-1.7491947515539994,0.00047429291631169874,0.000411452438100979,0.0005669544385922261,-2.697170581940662,0.0003988155766521548,0.8922648730140322,1.5281470588235302,0.2292172223139006
noaa_weather,TMIN,FA,sgd,classification,1,668,1,-1.7779564001254355,0.0004370366147286406,0.0003737105411083349,0.0005243681378032032,-2.7189639551924256,0.0003656021352724943,0.8922068885538675,1.5281470588235302,0.2292172223139006
noaa_weather,TMIN,FA,sgd,classification,2,634,1,-1.5180421971847897,0.0004910939545685802,0.00043374792527029897,0.0005696364495277333,-2.6976495820054716,0.0004151533001640579,0.8923808419343616,1.5281470588235302,0.2292172223139006
noaa_weather,TMIN,FA,sgd,classification,3,651,1,-1.6682336817215953,0.00048472467226921405,0.00040923264233294626,0.0005685419764954342,-2.6963553364000683,0.0004033096882615757,0.8922648730140322,1.5281470588235302,0.2292172223139006
noaa_weather,TMIN,FA,adam,regression,0,20,1,-0.7362080628932889,0.0007823534966848248,5.557853470347821e-05,0.0043244107694729505,-3.164786665733549,0.00027742564996008427,0.1392617771092677,1.5281470588235302,0.2292172223139006
noaa_weather,TMIN,FA,adam,regression,1,20,1,-0.36727017260771516,0.0007463005043397424,4.0494436401506954e-05,0.0041919096985914535,-3.1271889263269146,0.0029773544882528416,0.14092242099532423,1.5281470588235302,0.2292172223139006
noaa_weather,TMIN,FA,adam,regression,2,20,1,1.6385294368794625,0.000900824641981734,5.266889229382445e-05,0.004620584221512594,-3.1716072821957777,0.0006186310766908619,0.13966064630183533,1.5281470588235302,0.2292172223139006
noaa_weather,TMIN,FA,adam,regression,3,20,1,0.874944879066038,0.0008679188278643672,5.45698074237079e-05,0.0045222773933915085,-3.1284661919871612,0.0039701813481040635,0.14299029033296318,1.5281470588235302,0.2292172223139006
noaa_weather,TMIN,FA,adam,classification,0,133,1,-2.3354381824493022,2.3024979662994975e-05,1.6345632837564273e-05,2.6631649870523605e-05,-4.122307342171941,1.5513359031724685e-05,0.8972515365881943,1.5281470588235302,0.2292172223139006
noaa_weather,TMIN,FA,adam,classification,1,131,1,-0.16160054613251876,1.779268950999784e-05,1.5466370745267654e-05,1.9480906803114572e-05,-4.21667004920105,1.8612032067287953e-05,0.8968456453670416,1.5281470588235302,0.2292172223139006
noaa_weather,TMIN,FA,adam,classification,2,129,1,-1.1461040005796685,2.1198598614435303e-05,1.895949490110047e-05,2.5099644663445725e-05,-4.151261453408591,1.5704702493351925e-05,0.8975994433491824,1.5281470588235302,0.2292172223139006
noaa_weather,TMIN,FA,adam,classification,3,128,1,-1.5378212984101254,2.239365844035952e-05,1.6661224972058847e-05,2.5773170795337422e-05,-4.145499419121668,1.6881105100809105e-05,0.8974254899686884,1.5281470588235302,0.2292172223139006
noaa_weather,TMIN,F10,sgd,regression,0,35,1,-2.2707476206258357,5.1139141521686446e-05,2.0791813845641423e-05,0.00020390608384482261,-4.072287185760476,4.84273095038787e-05,0.3826312264548507,1.5281470588235302,0.2292172223139006
noaa_weather,TMIN,F10,sgd,regression,1,35,1,0.3261268961957437,5.6922993171958216e-05,1.8691112409465614e-05,0.0002663403660626727,-4.086993367925794,0.0002845139065265876,0.3819338957131971,1.5281470588235302,0.2292172223139006
noaa_weather,TMIN,F10,sgd,regression,2,36,1,0.111101088640638,4.5276552736253826e-05,1.813369757138612e-05,0.00020834580395698307,-4.097820221819847,1.8879911369944007e-05,0.3809195179712539,1.5281470588235302,0.2292172223139006
noaa_weather,TMIN,F10,sgd,regression,3,35,1,1.7584631244931286,5.476265764114915e-05,1.9753227796769897e-05,0.0002760409467520944,-4.105812372494244,1.9793394060725045e-05,0.38213468413985074,1.5281470588235302,0.2292172223139006
noaa_weather,TMIN,F10,sgd,classification,0,864,1,-1.5664280643765385,0.0007067053993296408,0.0006219100656649621,0.000827446198663495,-2.565604243221841,0.0006044690147690004,0.8016931462368085,1.5281470588235302,0.2292172223139006
noaa_weather,TMIN,F10,sgd,classification,1,859,1,-1.5829776065490728,0.0006657457666918928,0.0005796746714303989,0.0007807403174223403,-2.5824946159701723,0.0005667225214138259,0.8016931462368085,1.5281470588235302,0.2292172223139006
noaa_weather,TMIN,F10,sgd,classification,2,860,1,-1.399254931489541,0.0007252828363351239,0.0006464547753063714,0.0008305027590272129,-2.565901373693144,0.0006229723401798333,0.8017511306969732,1.5281470588235302,0.2292172223139006
noaa_weather,TMIN,F10,sgd,classification,3,846,1,-1.5081046367814401,0.0007186161634094427,0.0006203389029477393,0.0008293443387125231,-2.5648564012944797,0.0006098029700011243,0.8016931462368085,1.5281470588235302,0.2292172223139006
noaa_weather,TMIN,F10,adam,regression,0,20,1,-1.8651268313725693,0.00059584045544856,2.2933465313763536e-05,0.0031755194292680086,-3.424511369989031,0.0009359411052741074,0.3389953334728584,1.5281470588235302,0.2292172223139006
noaa_weather,TMIN,F10,adam,regression,1,20,1,-2.2478659765821596,0.00047914421440256605,1.360576472603909e-05,0.003591912394482793,-3.3820330224875343,0.003115813426243936,0.35714613159428404,1.5281470588235302,0.2292172223139006
noaa_weather,TMIN,F10,adam,regression,2,21,1,2.2041898427845594,0.0006303180493495146,2.2961282477583817e-05,0.0038567284446618063,-3.402946001463656,5.526644225941501e-06,0.3424435724472636,1.5281470588235302,0.2292172223139006
noaa_weather,TMIN,F10,adam,regression,3,20,1,-0.13496573028630382,0.0005198916535958952,2.1444084970625334e-05,0.0033207500799493856,-3.3912187686123896,0.0028220878380219206,0.35172420711082125,1.5281470588235302,0.2292172223139006
noaa_weather,TMIN,F10,adam,classification,0,162,1,-2.6098889622175805,1.3102678045346214e-05,1.0659678502100996e-05,1.7600515399811047e-05,-4.151136195196809,1.0559157794892141e-05,0.8019830685376319,1.5281470588235302,0.2292172223139006
noaa_weather,TMIN,F10,adam,classification,1,157,1,-2.730201645521473,8.317886437446825e-06,6.149952323840506e-06,1.1371038953116267e-05,-4.2786735293022895,6.22048708935247e-06,0.80233097529862,1.5281470588235302,0.2292172223139006
noaa_weather,TMIN,F10,adam,classification,2,156,1,-1.071013729065852,1.738072119817075e-05,1.5971650313528864e-05,1.9943256512165043e-05,-4.139802330067096,1.4306448895744811e-05,0.802678882059608,1.5281470588235302,0.2292172223139006
noaa_weather,TMIN,F10,adam,classification,3,154,1,-2.0451683772061298,1.4910942690508058e-05,1.1302921208101163e-05,1.88216646436064e-05,-4.132439008822406,1.166209119668757e-05,0.8020410529977966,1.5281470588235302,0.2292172223139006
noaa_weather,TMIN,F11,sgd,regression,0,27,1,-2.2762507745603173,0.00014532234507297218,9.626935868999728e-05,0.00037392633054157356,-3.1850920832666514,0.00015136720920109678,0.15568734911519036,1.5281470588235302,0.2292172223139006
noaa_weather,TMIN,F11,sgd,regression,1,27,1,-1.4599456927285905,0.0001380896208579132,8.282024949345864e-05,0.00042804194172625664,-3.201224967243607,0.0004498109902016295,0.15395593496727222,1.5281470588235302,0.2292172223139006
noaa_weather,TMIN,F11,sgd,regression,2,27,1,-0.9416029437189762,0.00012915523165143511,7.906816723040975e-05,0.0003729980362158135,-3.2370650251046347,6.845137207680655e-05,0.1546145490865241,1.5281470588235302,0.2292172223139006
noaa_weather,TMIN,F11,sgd,regression,3,27,1,-0.4192148991239472,0.00014417482844055715,9.284416853527034e-05,0.00040576810940716934,-3.2082130496699555,6.611873372012225e-05,0.15508461685095745,1.5281470588235302,0.2292172223139006
noaa_weather,TMIN,F11,sgd,classification,0,576,1,-1.246073358557737,0.00044024783807228117,0.0003983512583410749,0.000498054327877605,-2.7899770021670154,0.00039039483699025257,0.8945262669604546,1.5281470588235302,0.2292172223139006
noaa_weather,TMIN,F11,sgd,classification,1,594,1,-1.1506166177472157,0.000408615387913707,0.0003737651621645521,0.00046055907897974454,-2.8126328925612905,0.00037108067463871065,0.8945262669604546,1.5281470588235302,0.2292172223139006
noaa_weather,TMIN,F11,sgd,classification,2,554,1,-1.0600043209167398,0.0004428922398832702,0.0004073270350249489,0.0004899563991325223,-2.7955088984485066,0.0003943319185237949,0.8947002203409486,1.5281470588235302,0.2292172223139006
noaa_weather,TMIN,F11,sgd,classification,3,571,1,-1.1512763767482297,0.00044523075761195236,0.0003947934764866911,0.0004967623539423275,-2.791236002396189,0.0003929361900948968,0.8944682825002899,1.5281470588235302,0.2292172223139006
noaa_weather,TMIN,F11,adam,regression,0,20,1,-0.2895612018059708,0.0009590684346732514,0.00012291350892951886,0.004672716937527665,-3.0286173100537055,0.0002915482075935339,0.15424368097559904,1.5281470588235302,0.2292172223139006
noaa_weather,TMIN,F11,adam,regression,1,20,1,-0.16543411691741505,0.0008558863229246323,9.72194634569372e-05,0.004591684454123072,-3.0249048943980386,0.0022459417812687585,0.15249154948406904,1.5281470588235302,0.2292172223139006
noaa_weather,TMIN,F11,adam,regression,2,20,1,1.3138690306473855,0.0010467087495694828,0.00016545836909343114,0.005058064519818351,-3.0303598488218313,0.001099757301062982,0.15557493495035407,1.5281470588235302,0.2292172223139006
noaa_weather,TMIN,F11,adam,regression,3,20,1,0.8875066229775992,0.001044558079717426,0.00010925758528840729,0.004693645161744297,-3.0125101770501868,0.0033947800516973266,0.15327779430081814,1.5281470588235302,0.2292172223139006
noaa_weather,TMIN,F11,adam,classification,0,113,1,-3.0522668037965963,2.382384683918807e-05,1.5935344518000004e-05,3.253697439851654e-05,-4.007999307136438,2.1389576174145116e-05,0.9006146352777455,1.5281470588235302,0.2292172223139006
noaa_weather,TMIN,F11,adam,classification,1,116,1,0.5360732218586872,2.9730583640075222e-05,2.257126392335501e-05,5.66506158490103e-05,-3.981664630895369,2.036106917786931e-05,0.9017743244810391,1.5281470588235302,0.2292172223139006
noaa_weather,TMIN,F11,adam,classification,2,112,1,-1.9473842930219805,2.3822135134211448e-05,1.755367150925084e-05,4.2653869874784894e-05,-4.039047214086738,1.3033015840173481e-05,0.9020062623216978,1.5281470588235302,0.2292172223139006
noaa_weather,TMIN,F11,adam,classification,3,109,1,-3.2961228801802283,2.5666187548767743e-05,1.32284291129971e-05,3.517247130953069e-05,-4.0021257907546826,1.7334211786233055e-05,0.9013104487997217,1.5281470588235302,0.2292172223139006
cmapss_turbofan,u1_s2,F0,sgd,regression,0,83,1,-1.2647116124955755,6.153249882844592e-05,1.909365977713289e-05,0.00016707958488144004,-4.007619381418953,5.8222713135083015e-05,0.5851984267237733,2.0,0.12951822280110364
cmapss_turbofan,u1_s2,F0,sgd,regression,1,84,1,0.6446129968569523,5.827111066225892e-05,1.6884016758382713e-05,0.00017069156712022415,-4.028812448920334,0.00014181559315682463,0.5862850737323176,2.0,0.12951822280110364
cmapss_turbofan,u1_s2,F0,sgd,regression,2,81,1,-1.1117998869524797,5.693542706270512e-05,2.688265303941422e-05,0.00013168735755244302,-4.025925456982553,5.23628249200711e-05,0.5835024749985821,2.0,0.12951822280110364
cmapss_turbofan,u1_s2,F0,sgd,regression,3,82,1,3.7661467242302558,6.900371744169385e-05,2.4882892135947162e-05,0.00018740430988397038,-4.0329181110191294,4.0043698176468735e-05,0.5849188739591196,2.0,0.12951822280110364
cmapss_turbofan,u1_s2,F0,sgd,classification,0,887,1,-3.9591018296387563,1.9641278791153626e-05,1.4502266105547561e-05,2.6723461254758616e-05,-3.6761846619211265,1.2508156796047281e-05,0.8793103448275862,2.0,0.12951822280110364
cmapss_turbofan,u1_s2,F0,sgd,classification,1,894,1,-2.0517879873218097,3.884330381474487e-05,2.6916754087190394e-05,4.565538491388758e-05,-3.57977762271535,1.9042769868705436e-05,0.8793103448275862,2.0,0.12951822280110364
cmapss_turbofan,u1_s2,F0,sgd,classification,2,926,1,-3.1949800148981127,2.933811399877948e-05,1.9721631672836345e-05,3.9710349063223846e-05,-3.640433748692729,1.66840261768679e-05,0.8620689655172413,2.0,0.12951822280110364
cmapss_turbofan,u1_s2,F0,sgd,classification,3,877,1,-5.104819886969008,2.1784343854699238e-05,1.1123941304219402e-05,3.814415123844154e-05,-3.6184371543145484,1.1516157054274406e-05,0.8793103448275862,2.0,0.12951822280110364
cmapss_turbofan,u1_s2,F0,adam,regression,0,37,1,-0.8510926327889426,0.0011937790185438243,0.0004054560334801794,0.002888836789597357,-2.97063444754212,0.0006292626840266286,0.5941822197501255,2.0,0.12951822280110364
cmapss_turbofan,u1_s2,F0,adam,regression,1,37,1,0.46236361866751796,0.0011160931666563722,0.00038566722184415613,0.0026641446406582238,-2.9686902607328562,0.002142434506837886,0.6035995217950783,2.0,0.12951822280110364
cmapss_turbofan,u1_s2,F0,adam,regression,2,37,1,-0.014702532574637573,0.0011429881504812795,0.0004448098105059069,0.0031478411096433723,-2.957453240247136,0.0010276664192418717,0.5931335606647058,2.0,0.12951822280110364
cmapss_turbofan,u1_s2,F0,adam,regression,3,38,1,1.006228222691655,0.001072872984514459,0.00042230688919170026,0.002953019845840325,-2.948028718042675,0.0003577173995077316,0.5903509314699517,2.0,0.12951822280110364
cmapss_turbofan,u1_s2,F0,adam,classification,0,154,1,-1.9247508932960944,0.00011582273826677679,3.108074175739299e-05,0.0002926690370494848,-3.856449053826745,6.918847146313724e-05,0.8448275862068966,2.0,0.12951822280110364
cmapss_turbofan,u1_s2,F0,adam,classification,1,94,1,-0.30806330425981543,0.0001035669490385772,2.9497617440503726e-05,0.00022620724698096213,-3.9095579108806633,0.00014871665789963943,0.8793103448275862,2.0,0.12951822280110364
cmapss_turbofan,u1_s2,F0,adam,classification,2,97,1,-0.6717584824161921,9.607615115470234e-05,4.679097822311431e-05,0.0002323642994337186,-3.8990194729184693,7.67560506774352e-05,0.8620689655172413,2.0,0.12951822280110364
cmapss_turbofan,u1_s2,F0,adam,classification,3,100,1,3.0959249635050483,0.0001180086003656808,3.820794227313228e-05,0.00030817655491336706,-3.886402260876418,0.00013271973703132196,0.8793103448275862,2.0,0.12951822280110364
cmapss_turbofan,u1_s2,F4,sgd,regression,0,73,1,-3.9759128677471454,4.57416670957801e-05,2.6623428171407186e-05,0.00012339313581491779,-3.6632536592386105,2.2872848527526272e-05,0.47289204265902,2.0,0.12951822280110364
cmapss_turbofan,u1_s2,F4,sgd,regression,1,73,1,-0.3929951958798098,5.522891895225329e-05,2.823039670495327e-05,0.0001694638755651664,-3.6835698040477904,0.0001232805764536164,0.47477181257045215,2.0,0.12951822280110364
cmapss_turbofan,u1_s2,F4,sgd,regression,2,72,1,-0.8967027072886719,3.678366242950605e-05,1.9187627881845432e-05,0.00011507958184171966,-3.7477075410185505,1.3915224792985648e-05,0.4705115357851958,2.0,0.12951822280110364
cmapss_turbofan,u1_s2,F4,sgd,regression,3,72,1,-0.9311181779732751,5.325601932889602e-05,2.6969683316987834e-05,0.00015219835520201823,-3.6920421951931663,4.784192434777648e-05,0.4737734807013228,2.0,0.12951822280110364
cmapss_turbofan,u1_s2,F4,sgd,classification,0,1514,1,-1.8652370163109675,0.0007072304656910164,0.0006074130519386315,0.0008538248047096518,-2.499982741627009,0.0005870380728869651,0.896551724137931,2.0,0.12951822280110364
cmapss_turbofan,u1_s2,F4,sgd,classification,1,1477,1,-1.9009550439510452,0.0006625175569450878,0.000560735621968477,0.0008024577519162185,-2.51753641679224,0.0005456778720964405,0.896551724137931,2.0,0.12951822280110364
cmapss_turbofan,u1_s2,F4,sgd,classification,2,1499,1,-1.667364860547533,0.0007308131552569925,0.0006367788396619997,0.0008586840804205662,-2.499534568573236,0.0006089160101449507,0.896551724137931,2.0,0.12951822280110364
cmapss_turbofan,u1_s2,F4,sgd,classification,3,1530,1,-1.802953741519535,0.0007215200303528116,0.0006047820086090963,0.0008563459694132268,-2.4987164867995904,0.0005928888263677733,0.896551724137931,2.0,0.12951822280110364
cmapss_turbofan,u1_s2,F4,adam,regression,0,19,1,-0.01726171868282367,0.00042990988940372056,5.116570694747998e-05,0.0018000296561257534,-3.4326737630469744,0.0002270778424667402,0.4743564142319484,2.0,0.12951822280110364
cmapss_turbofan,u1_s2,F4,adam,regression,1,19,1,-0.6883863140708669,0.00033928050113366627,3.475910732820321e-05,0.0019099864044906613,-3.4329872650229882,0.0019093312378728662,0.48802320269247274,2.0,0.12951822280110364
cmapss_turbofan,u1_s2,F4,adam,regression,2,20,1,-0.9929433472791088,0.00033377551452090155,3.8446397343762186e-05,0.002206502149503391,-3.443926555604681,0.00028686844308451755,0.4713681280142173,2.0,0.12951822280110364
cmapss_turbofan,u1_s2,F4,adam,regression,3,19,1,2.0038345375863473,0.00036252404666799214,3.9043925808698536e-05,0.0019507694570250014,-3.4463764557447982,0.00017278155782745992,0.4730313581210433,2.0,0.12951822280110364
cmapss_turbofan,u1_s2,F4,adam,classification,0,225,1,-1.7011438417439135,1.6466014339191768e-05,1.412711208096888e-05,1.929180684044414e-05,-4.214114223856562,1.3697434236617798e-05,0.896551724137931,2.0,0.12951822280110364
cmapss_turbofan,u1_s2,F4,adam,classification,1,213,1,-0.6188660804782182,1.2109733479063834e-05,1.188688396068694e-05,1.2875777388052066e-05,-4.331066970997151,1.208435974711892e-05,0.896551724137931,2.0,0.12951822280110364
cmapss_turbofan,u1_s2,F4,adam,classification,2,204,1,-0.6571559859857729,1.8222658587637072e-05,1.7181896716497673e-05,2.028991857161017e-05,-4.221443538751957,1.5473507299869222e-05,0.896551724137931,2.0,0.12951822280110364
cmapss_turbofan,u1_s2,F4,adam,classification,3,214,1,-1.1340816030816117,1.6523831291385396e-05,1.357264911588699e-05,1.8941876629399825e-05,-4.215523880205153,1.3996546104800569e-05,0.896551724137931,2.0,0.12951822280110364
cmapss_turbofan,u1_s2,FA,sgd,regression,0,79,1,-4.66460824484308,2.5271640175395753e-05,1.002908097436477e-05,0.00010646342894594173,-3.7387597089150395,1.7238178263372074e-05,0.5021224742676977,2.0,0.12951822280110364
cmapss_turbofan,u1_s2,FA,sgd,regression,1,79,1,-1.4047869769727535,4.388451410006638e-05,1.499655808151956e-05,0.00015438031217962497,-3.694067379338009,0.00010281156097014516,0.5024424860784731,2.0,0.12951822280110364
cmapss_turbofan,u1_s2,FA,sgd,regression,2,78,1,0.19817304717622106,3.143739433434993e-05,1.5437967092053162e-05,0.00010787261299218109,-3.7964181873776703,1.090926093455187e-05,0.5020007203601111,2.0,0.12951822280110364
cmapss_turbofan,u1_s2,FA,sgd,regression,3,79,1,-1.9634479015332138,3.167184046133149e-05,8.319930830626395e-06,0.00012574705061406226,-3.7340073737666506,3.23476712373918e-05,0.5021000753543655,2.0,0.12951822280110364
cmapss_turbofan,u1_s2,FA,sgd,classification,0,1451,1,-1.7536341036474867,0.0005425722545080764,0.0004739094621890918,0.0006484862694864902,-2.602573617571785,0.0004604458728106909,0.896551724137931,2.0,0.12951822280110364
cmapss_turbofan,u1_s2,FA,sgd,classification,1,1416,1,-1.7535385464077033,0.0005031001902115536,0.0004355855635307399,0.0006025162911015133,-2.6232262237249633,0.0004280424264190259,0.896551724137931,2.0,0.12951822280110364
cmapss_turbofan,u1_s2,FA,sgd,classification,2,1427,1,-1.526021584623946,0.0005603865834536619,0.0004969713563338968,0.0006493213045793376,-2.6035587452155697,0.00047582120104607147,0.896551724137931,2.0,0.12951822280110364
cmapss_turbofan,u1_s2,FA,sgd,classification,3,1450,1,-1.6763592695711453,0.0005546933466031742,0.00047016859050771686,0.0006509005507516626,-2.6014006059600816,0.00046539326291512184,0.896551724137931,2.0,0.12951822280110364
cmapss_turbofan,u1_s2,FA,adam,regression,0,19,1,0.04405776003176029,0.0004723276535849002,8.490691835020647e-05,0.0018337125817576364,-3.3635754232394213,0.00021381981733067853,0.5075268906144956,2.0,0.12951822280110364
cmapss_turbofan,u1_s2,FA,adam,regression,1,19,1,-0.45203281764193237,0.00036354445889820507,5.7771681936907e-05,0.0018274540883365757,-3.377504130492205,0.0017961391596852518,0.5096789945698803,2.0,0.12951822280110364
cmapss_turbofan,u1_s2,FA,adam,regression,2,19,1,-0.7099335943373201,0.0003638971796466828,7.760445065113899e-05,0.0022148586897291194,-3.3729507727906514,0.0003452337589389278,0.5100502118990988,2.0,0.12951822280110364
cmapss_turbofan,u1_s2,FA,adam,regression,3,19,1,1.8742338441364974,0.00038896681066440824,6.801161133960562e-05,0.0019407487849702287,-3.374667352441159,0.0002788501063605262,0.5014881976990848,2.0,0.12951822280110364
cmapss_turbofan,u1_s2,FA,adam,classification,0,206,1,-2.82852131255952,2.899610946218146e-05,2.1386939524421544e-05,3.443178032801979e-05,-3.9741131408961037,2.1355508767849713e-05,0.896551724137931,2.0,0.12951822280110364
cmapss_turbofan,u1_s2,FA,adam,classification,1,196,1,0.36115507505968203,3.559662553267534e-05,2.905272682074629e-05,5.0379300345091774e-05,-3.9524077951842442,3.0335037287687864e-05,0.896551724137931,2.0,0.12951822280110364
cmapss_turbofan,u1_s2,FA,adam,classification,2,185,1,-1.7924208889448856,2.9515796567208185e-05,2.3431275208587256e-05,4.344999759331792e-05,-3.999353842710825,1.761802737870842e-05,0.896551724137931,2.0,0.12951822280110364
cmapss_turbofan,u1_s2,FA,adam,classification,3,192,1,-2.7169860082946653,3.2815801146337784e-05,2.0156215081058064e-05,4.246984805108436e-05,-3.95153703294048,2.2982781425920385e-05,0.896551724137931,2.0,0.12951822280110364
cmapss_turbofan,u1_s2,F10,sgd,regression,0,64,1,-2.281111900882986,5.045842924854333e-05,3.4811920429180684e-05,0.00013468796641834052,-4.007186160108827,3.485597341997069e-05,1.005977414642324,2.0,0.12951822280110364
cmapss_turbofan,u1_s2,F10,sgd,regression,1,66,1,0.35303529346278684,5.80313533548097e-05,2.9102603247839506e-05,0.00018325494166333673,-4.012718395756014,0.0001409611734800783,1.007203016293609,2.0,0.12951822280110364
cmapss_turbofan,u1_s2,F10,sgd,regression,2,65,1,-0.29988534442565123,4.727879938462633e-05,2.8918641551918337e-05,0.00013352004724461082,-4.0295053552863225,2.5442220760332664e-05,1.0003726161446207,2.0,0.12951822280110364
cmapss_turbofan,u1_s2,F10,sgd,regression,3,64,1,0.961474778143752,5.2172573851898496e-05,3.204197853606749e-05,0.00016662832526320837,-4.040018964278103,5.285851683224516e-05,1.0055920570572996,2.0,0.12951822280110364
cmapss_turbofan,u1_s2,F10,sgd,classification,0,1323,1,-1.9370663977271123,0.0006505053542024115,0.000555767344412809,0.0007913949059415034,-2.508726931319223,0.0005365303495087901,0.8448275862068966,2.0,0.12951822280110364
cmapss_turbofan,u1_s2,F10,sgd,classification,1,1302,1,-1.9752864942392732,0.000607300235661212,0.0005105471446870688,0.0007414304913783906,-2.5271247516069657,0.0004964678892414138,0.8448275862068966,2.0,0.12951822280110364
cmapss_turbofan,u1_s2,F10,sgd,classification,2,1312,1,-1.7273284033585807,0.0006745321159135219,0.0005851902912302343,0.0007975614488547319,-2.507858661641814,0.0005585753659382323,0.8448275862068966,2.0,0.12951822280110364
cmapss_turbofan,u1_s2,F10,sgd,classification,3,1330,1,-1.8681497344860536,0.0006645713651944362,0.0005534571590852206,0.0007939518516955355,-2.5073585202658437,0.0005422954047833561,0.8448275862068966,2.0,0.12951822280110364
cmapss_turbofan,u1_s2,F10,adam,regression,0,19,1,-0.5736369396571724,0.00043024231295961564,2.131021720354816e-05,0.0018478594469316298,-3.5494327139841406,0.00024973625305213884,0.8979601908878572,2.0,0.12951822280110364
cmapss_turbofan,u1_s2,F10,adam,regression,1,19,1,-0.9365573128822958,0.0003267509549869283,1.3172113282371007e-05,0.001885923163375057,-3.5250104768072696,0.002049351535739535,0.9810851479330439,2.0,0.12951822280110364
cmapss_turbofan,u1_s2,F10,adam,regression,2,20,1,0.9021434753616909,0.0003391193669383276,2.39974267071347e-05,0.0023947851994013075,-3.5503984925523917,0.00019763184738799902,0.9243452352463172,2.0,0.12951822280110364
cmapss_turbofan,u1_s2,F10,adam,regression,3,19,1,1.486358951349008,0.00034730423176158095,1.4036428096428299e-05,0.0020831240405211463,-3.5456206174823026,7.10339021891375e-05,0.9291335654698172,2.0,0.12951822280110364
cmapss_turbofan,u1_s2,F10,adam,classification,0,217,1,-3.0631105284305087,5.744368881942175e-06,4.635876584607374e-06,8.361725089248841e-06,-4.401690367305563,4.707063258444227e-06,0.8448275862068966,2.0,0.12951822280110364
cmapss_turbofan,u1_s2,F10,adam,classification,1,208,1,-3.4475498979116725,3.1372142909403795e-06,2.0502392432339416e-06,4.7437638612042005e-06,-4.5782102921344885,2.1074316164564104e-06,0.8448275862068966,2.0,0.12951822280110364
cmapss_turbofan,u1_s2,F10,adam,classification,2,200,1,-0.7411612780066339,9.582243492983006e-06,8.924366802107762e-06,1.093462393888856e-05,-4.373215160327105,7.730087813870412e-06,0.8448275862068966,2.0,0.12951822280110364
cmapss_turbofan,u1_s2,F10,adam,classification,3,209,1,-2.298674041711853,6.9254185974054055e-06,5.082396543513324e-06,9.472084009462225e-06,-4.367303419552024,5.437934411203676e-06,0.8448275862068966,2.0,0.12951822280110364
cmapss_turbofan,u1_s2,F11,sgd,regression,0,83,1,-1.2647116124955755,6.153249882844592e-05,1.909365977713289e-05,0.00016707958488144004,-4.007619381418953,5.8222713135083015e-05,0.5851984267237733,2.0,0.12951822280110364
cmapss_turbofan,u1_s2,F11,sgd,regression,1,84,1,0.6446129968569523,5.827111066225892e-05,1.6884016758382713e-05,0.00017069156712022415,-4.028812448920334,0.00014181559315682463,0.5862850737323176,2.0,0.12951822280110364
cmapss_turbofan,u1_s2,F11,sgd,regression,2,81,1,-1.1117998869524797,5.693542706270512e-05,2.688265303941422e-05,0.00013168735755244302,-4.025925456982553,5.23628249200711e-05,0.5835024749985821,2.0,0.12951822280110364
cmapss_turbofan,u1_s2,F11,sgd,regression,3,82,1,3.7661467242302558,6.900371744169385e-05,2.4882892135947162e-05,0.00018740430988397038,-4.0329181110191294,4.0043698176468735e-05,0.5849188739591196,2.0,0.12951822280110364
cmapss_turbofan,u1_s2,F11,sgd,classification,0,887,1,-3.9591018296387563,1.9641278791153626e-05,1.4502266105547561e-05,2.6723461254758616e-05,-3.6761846619211265,1.2508156796047281e-05,0.8793103448275862,2.0,0.12951822280110364
cmapss_turbofan,u1_s2,F11,sgd,classification,1,894,1,-2.0517879873218097,3.884330381474487e-05,2.6916754087190394e-05,4.565538491388758e-05,-3.57977762271535,1.9042769868705436e-05,0.8793103448275862,2.0,0.12951822280110364
cmapss_turbofan,u1_s2,F11,sgd,classification,2,926,1,-3.1949800148981127,2.933811399877948e-05,1.9721631672836345e-05,3.9710349063223846e-05,-3.640433748692729,1.66840261768679e-05,0.8620689655172413,2.0,0.12951822280110364
cmapss_turbofan,u1_s2,F11,sgd,classification,3,877,1,-5.104819886969008,2.1784343854699238e-05,1.1123941304219402e-05,3.814415123844154e-05,-3.6184371543145484,1.1516157054274406e-05,0.8793103448275862,2.0,0.12951822280110364
cmapss_turbofan,u1_s2,F11,adam,regression,0,37,1,-0.8510926327889426,0.0011937790185438243,0.0004054560334801794,0.002888836789597357,-2.97063444754212,0.0006292626840266286,0.5941822197501255,2.0,0.12951822280110364
cmapss_turbofan,u1_s2,F11,adam,regression,1,37,1,0.46236361866751796,0.0011160931666563722,0.00038566722184415613,0.0026641446406582238,-2.9686902607328562,0.002142434506837886,0.6035995217950783,2.0,0.12951822280110364
cmapss_turbofan,u1_s2,F11,adam,regression,2,37,1,-0.014702532574637573,0.0011429881504812795,0.0004448098105059069,0.0031478411096433723,-2.957453240247136,0.0010276664192418717,0.5931335606647058,2.0,0.12951822280110364
cmapss_turbofan,u1_s2,F11,adam,regression,3,38,1,1.006228222691655,0.001072872984514459,0.00042230688919170026,0.002953019845840325,-2.948028718042675,0.0003577173995077316,0.5903509314699517,2.0,0.12951822280110364
cmapss_turbofan,u1_s2,F11,adam,classification,0,154,1,-1.9247508932960944,0.00011582273826677679,3.108074175739299e-05,0.0002926690370494848,-3.856449053826745,6.918847146313724e-05,0.8448275862068966,2.0,0.12951822280110364
cmapss_turbofan,u1_s2,F11,adam,classification,1,94,1,-0.30806330425981543,0.0001035669490385772,2.9497617440503726e-05,0.00022620724698096213,-3.9095579108806633,0.00014871665789963943,0.8793103448275862,2.0,0.12951822280110364
cmapss_turbofan,u1_s2,F11,adam,classification,2,97,1,-0.6717584824161921,9.607615115470234e-05,4.679097822311431e-05,0.0002323642994337186,-3.8990194729184693,7.67560506774352e-05,0.8620689655172413,2.0,0.12951822280110364
cmapss_turbofan,u1_s2,F11,adam,classification,3,100,1,3.0959249635050483,0.0001180086003656808,3.820794227313228e-05,0.00030817655491336706,-3.886402260876418,0.00013271973703132196,0.8793103448275862,2.0,0.12951822280110364
cmapss_turbofan,u1_s3,F0,sgd,regression,0,92,1,-1.2007442841552498,7.997538834272647e-05,2.170364659020547e-05,0.00018383082915016092,-4.001551241468371,6.0029151360746586e-05,0.794540677036015,2.0,0.06784536744702384
cmapss_turbofan,u1_s3,F0,sgd,regression,1,91,1,0.4156195451919893,6.090845440557172e-05,2.0527434503482116e-05,0.00017277207802850439,-4.045499464672958,0.00013076318675808352,0.8018620159500679,2.0,0.06784536744702384
cmapss_turbofan,u1_s3,F0,sgd,regression,2,87,1,-1.214135990725153,7.443252140692578e-05,3.315815765007284e-05,0.0001397119728847257,-4.01621414854904,6.450502318195865e-05,0.7931558825960445,2.0,0.06784536744702384
cmapss_turbofan,u1_s3,F0,sgd,regression,3,86,1,3.143981304267696,8.184031856233411e-05,3.0192644942779963e-05,0.0002089527052679426,-4.023978005782603,7.558114802513202e-05,0.7986007995011793,2.0,0.06784536744702384
cmapss_turbofan,u1_s3,F0,sgd,classification,0,778,1,-2.938384949467984,3.849544111345912e-06,1.4121909140114132e-06,9.485555797153333e-06,-4.522847070874771,8.457599388075477e-06,0.8620689655172413,2.0,0.06784536744702384
cmapss_turbofan,u1_s3,F0,sgd,classification,1,797,1,2.3206075439012253,1.0952603799914814e-05,5.691702268676561e-06,2.5398616242375427e-05,-4.404045230677686,5.859628385683087e-06,0.8620689655172413,2.0,0.06784536744702384
cmapss_turbofan,u1_s3,F0,sgd,classification,2,931,1,-2.5092549713918326,1.2723935554884095e-05,7.883883945856147e-06,1.9969755765247335e-05,-4.298013067605588,1.0182471915631959e-05,0.8448275862068966,2.0,0.06784536744702384
cmapss_turbofan,u1_s3,F0,sgd,classification,3,837,1,2.8300025107700484,6.407436966572568e-06,3.6513034181950403e-06,1.591218068601981e-05,-4.49995030806469,2.779281467329635e-06,0.8620689655172413,2.0,0.06784536744702384
cmapss_turbofan,u1_s3,F0,adam,regression,0,33,1,-0.2645679447578638,0.0015085965536430087,0.0005425772815967024,0.0031606712406456886,-2.8705898714447904,0.0007929433304084104,0.801792663707687,2.0,0.06784536744702384
cmapss_turbofan,u1_s3,F0,adam,regression,1,32,1,0.4138851646043589,0.0013357465215249197,0.0005814492425093148,0.00292088240125599,-2.8690634653083866,0.0021475086447458845,0.821283309431963,2.0,0.06784536744702384
cmapss_turbofan,u1_s3,F0,adam,regression,2,13,1,0.06535358607721366,0.0014569902396559986,0.0006196311860995543,0.0033449058060336665,-2.864253679506238,0.0013198522210735814,0.804027831293206,2.0,0.06784536744702384
cmapss_turbofan,u1_s3,F0,adam,regression,3,12,1,1.0000897769861647,0.0014066264948745396,0.0005263819671906193,0.002986325743863541,-2.8575514961231896,0.0002924581367795393,0.8043294800069465,2.0,0.06784536744702384
cmapss_turbofan,u1_s3,F0,adam,classification,0,100,1,-1.4545403122071892,0.00020436901791614338,4.550159188839861e-05,0.00040365198515992606,-3.7012440177059087,5.9897894038123243e-05,0.8448275862068966,2.0,0.06784536744702384
cmapss_turbofan,u1_s3,F0,adam,classification,1,30,1,-0.025998297620003746,0.00014775095975307122,6.419873140502602e-05,0.00032831439366895314,-3.7708388873966214,0.00018569611452728263,0.8275862068965517,2.0,0.06784536744702384
cmapss_turbofan,u1_s3,F0,adam,classification,2,44,1,-0.4885301401704791,0.00016267650135342405,8.084444720620325e-05,0.00033647197795849367,-3.7493849888158994,0.00011629519791047236,0.8620689655172413,2.0,0.06784536744702384
cmapss_turbofan,u1_s3,F0,adam,classification,3,56,1,2.502779192900472,0.00017391793279988046,6.732492678425788e-05,0.0004507923092825831,-3.760401376976569,0.00023466769841313603,0.8448275862068966,2.0,0.06784536744702384
cmapss_turbofan,u1_s3,F4,sgd,regression,0,75,1,-3.4600991137580124,3.7591979457871647e-05,2.0364948438638367e-05,0.0001234070997972322,-3.6291995839986098,2.845712392357495e-05,0.7250837717978276,2.0,0.06784536744702384
cmapss_turbofan,u1_s3,F4,sgd,regression,1,76,1,-0.9336143722707255,5.349383804456816e-05,2.4326142990698953e-05,0.00017349606300962877,-3.605226977945631,0.0001335971704015564,0.7242972648576579,2.0,0.06784536744702384
cmapss_turbofan,u1_s3,F4,sgd,regression,2,73,1,0.3714663209329993,3.169314900154093e-05,1.536303675751401e-05,0.00011322137567409916,-3.745381953187182,7.457128610559096e-06,0.7252195376924399,2.0,0.06784536744702384
cmapss_turbofan,u1_s3,F4,sgd,regression,3,73,1,-0.8546838144585027,4.508265541275178e-05,1.99753050615225e-05,0.0001525098661602908,-3.635297375597109,3.910684829156614e-05,0.724569566124639,2.0,0.06784536744702384
cmapss_turbofan,u1_s3,F4,sgd,classification,0,1341,1,-1.0792076519326583,0.0007790982714618831,0.0007097308939627008,0.0008627109551775545,-2.5981587613149433,0.0006965954302345797,0.8275862068965517,2.0,0.06784536744702384
cmapss_turbofan,u1_s3,F4,sgd,classification,1,1318,1,-0.9685050402529373,0.000736986794793114,0.0006832583672207327,0.0008115030249241728,-2.615782340123814,0.0006772330326464052,0.8275862068965517,2.0,0.06784536744702384
cmapss_turbofan,u1_s3,F4,sgd,classification,2,1320,1,-0.9709185052853507,0.0007700657146173652,0.0007117622979434563,0.000843819387477065,-2.6038014258674242,0.0006936811294293689,0.8275862068965517,2.0,0.06784536744702384
cmapss_turbofan,u1_s3,F4,sgd,classification,3,1349,1,-0.991205135203751,0.0007793118646332799,0.0007031899341625018,0.0008542494903024437,-2.6014291853924267,0.0006974196020885404,0.8275862068965517,2.0,0.06784536744702384
cmapss_turbofan,u1_s3,F4,adam,regression,0,20,1,0.021540584579302913,0.0005268758526993807,8.860614165477045e-05,0.0019242041707554236,-3.335011767803451,0.00024207967753210572,0.7307167493640708,2.0,0.06784536744702384
cmapss_turbofan,u1_s3,F4,adam,regression,1,20,1,-0.5352532420689232,0.00038374819149338175,5.847069733997582e-05,0.0019232473825920996,-3.3432890456786084,0.00217502755900958,0.7284025195070091,2.0,0.06784536744702384
cmapss_turbofan,u1_s3,F4,adam,regression,2,20,1,-0.3861064292490203,0.00040572421297631204,7.632717638605327e-05,0.002423712709628979,-3.340603749818415,0.0002583663268010234,0.7328670720106827,2.0,0.06784536744702384
cmapss_turbofan,u1_s3,F4,adam,regression,3,20,1,1.8005895596283232,0.0004179978106207066,6.612832770250862e-05,0.002138574831217009,-3.342163180947865,0.00017032654626174872,0.7237151713509926,2.0,0.06784536744702384
cmapss_turbofan,u1_s3,F4,adam,classification,0,199,1,-3.9279143143943465,2.022725978366736e-05,1.1115026286710602e-05,3.1187818005444744e-05,-3.9896262269649507,1.5771774489266467e-05,0.8448275862068966,2.0,0.06784536744702384
cmapss_turbofan,u1_s3,F4,adam,classification,1,189,1,0.37821603115211905,2.5920384536383024e-05,1.9532418513405987e-05,6.43727044727535e-05,-3.9529740425480018,1.3633421311684704e-05,0.8448275862068966,2.0,0.06784536744702384
cmapss_turbofan,u1_s3,F4,adam,classification,2,173,1,-2.2983150899773284,2.1454640137547335e-05,1.4581221156968476e-05,4.184941675360634e-05,-4.001410924543414,1.152211253635799e-05,0.8448275862068966,2.0,0.06784536744702384
cmapss_turbofan,u1_s3,F4,adam,classification,3,172,1,-4.131592387962358,2.361069801909251e-05,9.162730628416849e-06,3.484598915163335e-05,-3.96808294012564,1.4953333086423754e-05,0.8448275862068966,2.0,0.06784536744702384
cmapss_turbofan,u1_s3,FA,sgd,regression,0,93,1,-4.144409770314327,2.0500825611021332e-05,7.769526029146124e-06,9.171976146111628e-05,-3.8271152112540405,1.7873267071826202e-05,0.751969243359191,2.0,0.06784536744702384
cmapss_turbofan,u1_s3,FA,sgd,regression,1,95,1,-1.0513050884138948,3.1552874950271244e-05,8.001114741961802e-06,0.00012816466105751426,-3.804756352906402,8.37903910522442e-05,0.75492262830047,2.0,0.06784536744702384
cmapss_turbofan,u1_s3,FA,sgd,regression,2,91,1,1.9749840286390614,2.403430952837302e-05,8.10084063604435e-06,8.77288980969391e-05,-3.9660484754371113,6.039840694910529e-06,0.7512153615602976,2.0,0.06784536744702384
cmapss_turbofan,u1_s3,FA,sgd,regression,3,91,1,-0.1859344957612506,2.6629206323860712e-05,1.0179725423140976e-05,0.0001047574789643251,-3.831544399024193,3.524252321679437e-05,0.7534303027208235,2.0,0.06784536744702384
cmapss_turbofan,u1_s3,FA,sgd,classification,0,1608,1,-1.6783822996011386,0.0005853676391540154,0.0005120191126708675,0.0006911969975978552,-2.5856269994664203,0.0004982165618702041,0.8275862068965517,2.0,0.06784536744702384
cmapss_turbofan,u1_s3,FA,sgd,classification,1,1567,1,-1.6230687006333968,0.0005399947634164487,0.00047449043943254606,0.0006375272932526281,-2.607528243625197,0.0004679856110690656,0.8275862068965517,2.0,0.06784536744702384
cmapss_turbofan,u1_s3,FA,sgd,classification,2,1608,1,-1.4787539502603786,0.0005929648399309428,0.000528416809101003,0.0006833046055765319,-2.5888893279947323,0.0005072312300298062,0.8275862068965517,2.0,0.06784536744702384
cmapss_turbofan,u1_s3,FA,sgd,classification,3,1639,1,-1.5787447670611165,0.0005943944753153715,0.000507222583738971,0.0006896341419515132,-2.5865231114469034,0.000502480576308383,0.8275862068965517,2.0,0.06784536744702384
cmapss_turbofan,u1_s3,FA,adam,regression,0,20,1,0.02816822886262997,0.00047341426694834707,0.00010261301363971811,0.0017122756558091957,-3.3572882139477973,0.00018872119534478436,0.7522698624257175,2.0,0.06784536744702384
cmapss_turbofan,u1_s3,FA,adam,regression,1,20,1,-0.29669550135780315,0.000341429010417004,6.740001901591417e-05,0.00163784914561865,-3.3871759074215575,0.0015161311538658927,0.7626382480554352,2.0,0.06784536744702384
cmapss_turbofan,u1_s3,FA,adam,regression,2,20,1,-0.771162531358051,0.00038662339026950714,8.566343754487164e-05,0.0020305715045837443,-3.3676334300407302,0.00038752244337363073,0.7520375433642719,2.0,0.06784536744702384
cmapss_turbofan,u1_s3,FA,adam,regression,3,20,1,1.9287384439924955,0.00038197084283563844,9.292019054219281e-05,0.0017412281364939358,-3.3846894958795444,0.000360655944261782,0.7578648681886749,2.0,0.06784536744702384
cmapss_turbofan,u1_s3,FA,adam,classification,0,220,1,-4.016087160707054,1.6244519686982943e-05,9.7853488655773e-06,2.300471587793328e-05,-4.088555231395081,1.3709549553046817e-05,0.8448275862068966,2.0,0.06784536744702384
cmapss_turbofan,u1_s3,FA,adam,classification,1,205,1,0.37922383814422983,2.1087264910133343e-05,1.5176575353218353e-05,5.130100771786841e-05,-4.049744739005644,1.135674631701121e-05,0.8275862068965517,2.0,0.06784536744702384
cmapss_turbofan,u1_s3,FA,adam,classification,2,194,1,-2.2261600673571644,1.6262839948431637e-05,1.199071570372934e-05,3.372389807069636e-05,-4.127153872661001,8.353057213663541e-06,0.8275862068965517,2.0,0.06784536744702384
cmapss_turbofan,u1_s3,FA,adam,classification,3,204,1,-4.614379395690179,1.812086084103702e-05,6.724724454454081e-06,2.7409371541343378e-05,-4.082583445783485,9.948236583137668e-06,0.8448275862068966,2.0,0.06784536744702384
cmapss_turbofan,u1_s3,F10,sgd,regression,0,94,1,-2.12772618752778,5.134149991841521e-05,4.0408186148695684e-05,0.00011471159407637865,-3.972715028994682,3.6961769821635414e-05,1.0414228408830142,2.0,0.06784536744702384
cmapss_turbofan,u1_s3,F10,sgd,regression,1,95,1,0.35819647832043056,5.623264392897352e-05,3.5437369407827833e-05,0.0001522526815667272,-3.970402110201285,9.826874379829235e-05,1.0429294386242804,2.0,0.06784536744702384
cmapss_turbofan,u1_s3,F10,sgd,regression,2,95,1,-0.5780238153644367,4.829263239169643e-05,3.371426254192202e-05,0.0001034848097438754,-3.998608332096671,3.181886944660379e-05,1.0372760484272463,2.0,0.06784536744702384
cmapss_turbofan,u1_s3,F10,sgd,regression,3,93,1,0.5571647392284986,5.413142950600563e-05,3.8489656937935024e-05,0.00012227755298361908,-3.9944333161452725,6.662587180204303e-05,1.0421721834889033,2.0,0.06784536744702384
cmapss_turbofan,u1_s3,F10,sgd,classification,0,1860,1,-1.9851016284109584,0.0008393971490388862,0.0007123963073773992,0.00102404656463129,-2.405590704859209,0.0006869783108393541,0.7068965517241379,2.0,0.06784536744702384
cmapss_turbofan,u1_s3,F10,sgd,classification,1,1820,1,-2.014444341605734,0.0007865432297135012,0.0006591805275891536,0.0009621639643400425,-2.4226086513664167,0.0006401096061476065,0.7068965517241379,2.0,0.06784536744702384
cmapss_turbofan,u1_s3,F10,sgd,classification,2,1847,1,-1.7929822930180603,0.0008646989378860673,0.0007454109863583735,0.0010279223310204573,-2.4051655307073534,0.000711444732006235,0.7068965517241379,2.0,0.06784536744702384
cmapss_turbofan,u1_s3,F10,sgd,classification,3,1864,1,-1.916948143164495,0.00085507907828336,0.000709759125575323,0.0010251161237955558,-2.4048488647019486,0.0006936443312871565,0.7068965517241379,2.0,0.06784536744702384
cmapss_turbofan,u1_s3,F10,adam,regression,0,20,1,-0.9513880764593038,0.0003152049128682193,2.302657112130424e-05,0.001474475608764108,-3.603901314323789,0.00019308209542595288,0.9823164820159034,2.0,0.06784536744702384
cmapss_turbofan,u1_s3,F10,adam,regression,1,20,1,-0.9020938215728348,0.00023835004220574993,1.5273387032846826e-05,0.0014560749701658148,-3.610353472587079,0.0012860118317904851,1.0328053081381465,2.0,0.06784536744702384
cmapss_turbofan,u1_s3,F10,adam,regression,2,21,1,-0.1305904772731854,0.0002991679597753635,1.741480940129249e-05,0.0015954588079439432,-3.6360517726816046,0.0003520855008792313,1.0022395786934786,2.0,0.06784536744702384
cmapss_turbofan,u1_s3,F10,adam,regression,3,20,1,1.7494533542839816,0.0002643517221571283,1.899454210051338e-05,0.0014127871273848676,-3.646641154742027,0.00011714138213214985,0.9985008687469749,2.0,0.06784536744702384
cmapss_turbofan,u1_s3,F10,adam,classification,0,259,1,-3.3170058641195457,7.757541120921438e-06,5.726135387339091e-06,1.066041778926645e-05,-4.3334748944851,5.393349467890863e-06,0.7068965517241379,2.0,0.06784536744702384
cmapss_turbofan,u1_s3,F10,adam,classification,1,249,1,-2.4741322433095125,3.8102633131065406e-06,3.0460783403111433e-06,5.101142256595616e-06,-4.5326844382989675,3.1830183545621408e-06,0.7068965517241379,2.0,0.06784536744702384
cmapss_turbofan,u1_s3,F10,adam,classification,2,243,1,-0.9670904929125989,9.680232570873352e-06,8.834471122704056e-06,1.1104133481835323e-05,-4.341912835720365,7.584476216285946e-06,0.7068965517241379,2.0,0.06784536744702384
cmapss_turbofan,u1_s3,F10,adam,classification,3,253,1,-2.2979920815568793,8.74156484305738e-06,5.7452125994209755e-06,1.1327896302950368e-05,-4.321138018475756,6.316021203057628e-06,0.7068965517241379,2.0,0.06784536744702384
cmapss_turbofan,u1_s3,F11,sgd,regression,0,92,1,-1.2007442841552498,7.997538834272647e-05,2.170364659020547e-05,0.00018383082915016092,-4.001551241468371,6.0029151360746586e-05,0.794540677036015,2.0,0.06784536744702384
cmapss_turbofan,u1_s3,F11,sgd,regression,1,91,1,0.4156195451919893,6.090845440557172e-05,2.0527434503482116e-05,0.00017277207802850439,-4.045499464672958,0.00013076318675808352,0.8018620159500679,2.0,0.06784536744702384
cmapss_turbofan,u1_s3,F11,sgd,regression,2,87,1,-1.214135990725153,7.443252140692578e-05,3.315815765007284e-05,0.0001397119728847257,-4.01621414854904,6.450502318195865e-05,0.7931558825960445,2.0,0.06784536744702384
cmapss_turbofan,u1_s3,F11,sgd,regression,3,86,1,3.143981304267696,8.184031856233411e-05,3.0192644942779963e-05,0.0002089527052679426,-4.023978005782603,7.558114802513202e-05,0.7986007995011793,2.0,0.06784536744702384
cmapss_turbofan,u1_s3,F11,sgd,classification,0,778,1,-2.938384949467984,3.849544111345912e-06,1.4121909140114132e-06,9.485555797153333e-06,-4.522847070874771,8.457599388075477e-06,0.8620689655172413,2.0,0.06784536744702384
cmapss_turbofan,u1_s3,F11,sgd,classification,1,797,1,2.3206075439012253,1.0952603799914814e-05,5.691702268676561e-06,2.5398616242375427e-05,-4.404045230677686,5.859628385683087e-06,0.8620689655172413,2.0,0.06784536744702384
cmapss_turbofan,u1_s3,F11,sgd,classification,2,931,1,-2.5092549713918326,1.2723935554884095e-05,7.883883945856147e-06,1.9969755765247335e-05,-4.298013067605588,1.0182471915631959e-05,0.8448275862068966,2.0,0.06784536744702384
cmapss_turbofan,u1_s3,F11,sgd,classification,3,837,1,2.8300025107700484,6.407436966572568e-06,3.6513034181950403e-06,1.591218068601981e-05,-4.49995030806469,2.779281467329635e-06,0.8620689655172413,2.0,0.06784536744702384
cmapss_turbofan,u1_s3,F11,adam,regression,0,33,1,-0.2645679447578638,0.0015085965536430087,0.0005425772815967024,0.0031606712406456886,-2.8705898714447904,0.0007929433304084104,0.801792663707687,2.0,0.06784536744702384
cmapss_turbofan,u1_s3,F11,adam,regression,1,32,1,0.4138851646043589,0.0013357465215249197,0.0005814492425093148,0.00292088240125599,-2.8690634653083866,0.0021475086447458845,0.821283309431963,2.0,0.06784536744702384
cmapss_turbofan,u1_s3,F11,adam,regression,2,13,1,0.06535358607721366,0.0014569902396559986,0.0006196311860995543,0.0033449058060336665,-2.864253679506238,0.0013198522210735814,0.804027831293206,2.0,0.06784536744702384
cmapss_turbofan,u1_s3,F11,adam,regression,3,12,1,1.0000897769861647,0.0014066264948745396,0.0005263819671906193,0.002986325743863541,-2.8575514961231896,0.0002924581367795393,0.8043294800069465,2.0,0.06784536744702384
cmapss_turbofan,u1_s3,F11,adam,classification,0,100,1,-1.4545403122071892,0.00020436901791614338,4.550159188839861e-05,0.00040365198515992606,-3.7012440177059087,5.9897894038123243e-05,0.8448275862068966,2.0,0.06784536744702384
cmapss_turbofan,u1_s3,F11,adam,classification,1,30,1,-0.025998297620003746,0.00014775095975307122,6.419873140502602e-05,0.00032831439366895314,-3.7708388873966214,0.00018569611452728263,0.8275862068965517,2.0,0.06784536744702384
cmapss_turbofan,u1_s3,F11,adam,classification,2,44,1,-0.4885301401704791,0.00016267650135342405,8.084444720620325e-05,0.00033647197795849367,-3.7493849888158994,0.00011629519791047236,0.8620689655172413,2.0,0.06784536744702384
cmapss_turbofan,u1_s3,F11,adam,classification,3,56,1,2.502779192900472,0.00017391793279988046,6.732492678425788e-05,0.0004507923092825831,-3.760401376976569,0.00023466769841313603,0.8448275862068966,2.0,0.06784536744702384
cmapss_turbofan,u1_s4,F0,sgd,regression,0,60,1,-2.31863114437173,3.5404834132028553e-05,9.804374213420006e-06,0.0001307766872924241,-4.093716983482589,3.476426487786345e-05,0.3276875258988871,2.0,0.05905354063783837
cmapss_turbofan,u1_s4,F0,sgd,regression,1,62,1,0.7653929904938803,4.45295436311993e-05,1.1047667037476377e-05,0.00017042742775789805,-4.115682447880289,0.00015088271119869496,0.33541248238944993,2.0,0.05905354063783837
cmapss_turbofan,u1_s4,F0,sgd,regression,2,62,1,-0.7803578760105334,3.627164283299444e-05,1.566275033855344e-05,0.00012762992359209994,-4.043570910389664,2.770456830395235e-05,0.32833822086032116,2.0,0.05905354063783837
cmapss_turbofan,u1_s4,F0,sgd,regression,3,61,1,3.885059686974006,5.196094109039379e-05,1.4216058597730664e-05,0.00017226473030228744,-4.106327887639243,2.712688672246987e-05,0.33054607370529093,2.0,0.05905354063783837
cmapss_turbofan,u1_s4,F0,sgd,classification,0,1030,1,-1.587759455656328,0.00030461050036422865,0.00027694303035125643,0.000363613672931815,-2.8468544606500363,0.0002694356289758342,0.8793103448275862,2.0,0.05905354063783837
cmapss_turbofan,u1_s4,F0,sgd,classification,1,1006,1,-1.536754614133135,0.00030640519844641766,0.0002646305767806632,0.0003623994929011463,-2.8603020817977223,0.00025770893832967816,0.8793103448275862,2.0,0.05905354063783837
cmapss_turbofan,u1_s4,F0,sgd,classification,2,1046,1,-1.5500181626083647,0.0003449221342878749,0.00030845308655373226,0.0004098548553017739,-2.827295900671393,0.00029677461297168716,0.8793103448275862,2.0,0.05905354063783837
cmapss_turbofan,u1_s4,F0,sgd,classification,3,1014,1,-1.4566855003674286,0.0003165164394056964,0.0002843087569467783,0.0003713424859205913,-2.8416678895084115,0.00027339903359203846,0.8793103448275862,2.0,0.05905354063783837
cmapss_turbofan,u1_s4,F0,adam,regression,0,19,1,-0.8795968876965592,0.0008419611339102724,0.00023296923321684465,0.002445001740296463,-3.1415007407255753,0.0004169853509673573,0.32945321474685274,2.0,0.05905354063783837
cmapss_turbofan,u1_s4,F0,adam,regression,1,19,1,-0.37506622977415544,0.0006542865255124938,0.00020532103754269853,0.0023676244835831345,-3.1455495277648815,0.002324836492418328,0.3488041044204746,2.0,0.05905354063783837
cmapss_turbofan,u1_s4,F0,adam,regression,2,19,1,0.2748395483888156,0.0007926129771118621,0.0002611972278093587,0.0029380807330373878,-3.125651479163158,0.0004895455853573015,0.33358493012739493,2.0,0.05905354063783837
cmapss_turbofan,u1_s4,F0,adam,regression,3,19,1,0.912439598902971,0.000690372021409318,0.00021304553540769385,0.002641741358991737,-3.1225346192422894,0.00017216835066859027,0.33248963004297555,2.0,0.05905354063783837
cmapss_turbofan,u1_s4,F0,adam,classification,0,151,1,-1.9034756440824225,2.6371983084827833e-05,7.881564853332766e-06,4.6295017176019636e-05,-4.289279625825065,2.776309274135311e-05,0.8620689655172413,2.0,0.05905354063783837
cmapss_turbofan,u1_s4,F0,adam,classification,1,138,1,1.697577835369945,2.8816611629537676e-05,8.32845215568624e-06,8.4722692934675e-05,-4.267041178518426,2.0493753255012752e-05,0.8620689655172413,2.0,0.05905354063783837
cmapss_turbofan,u1_s4,F0,adam,classification,2,142,1,-1.1600896434599826,3.192025660445996e-05,2.024195245876965e-05,5.952588628833016e-05,-4.195285885509682,5.369699691159655e-05,0.8620689655172413,2.0,0.05905354063783837
cmapss_turbofan,u1_s4,F0,adam,classification,3,138,1,3.9450095152849847,3.284865759331859e-05,1.3276811238394575e-05,0.00010787837077196123,-4.25468300314163,6.891161378152222e-05,0.8620689655172413,2.0,0.05905354063783837
cmapss_turbofan,u1_s4,F4,sgd,regression,0,64,1,-2.840900563026965,5.221362650966526e-05,3.471978635475673e-05,0.00013472392145615414,-3.907220432263833,3.0998922321898086e-05,0.320104656406756,2.0,0.05905354063783837
cmapss_turbofan,u1_s4,F4,sgd,regression,1,66,1,-0.05758024698920643,5.6162713437981105e-05,2.706981517995122e-05,0.00018019767791541884,-3.928479147434834,0.00014184585532894223,0.32284501371830054,2.0,0.05905354063783837
cmapss_turbofan,u1_s4,F4,sgd,regression,2,65,1,-0.8322107754933883,4.511322364784055e-05,2.6357227112238326e-05,0.00013142919438807364,-3.9489523619215814,2.123270264113126e-05,0.31791026790654314,2.0,0.05905354063783837
cmapss_turbofan,u1_s4,F4,sgd,regression,3,64,1,0.4300445138106245,5.3652809135436794e-05,3.177279309149773e-05,0.0001668285686913338,-3.9501619539182364,5.04899674120759e-05,0.321082813403437,2.0,0.05905354063783837
cmapss_turbofan,u1_s4,F4,sgd,classification,0,1438,1,-1.7242657403009585,0.0007547121844979176,0.0006559048630356607,0.0008981131193296695,-2.502035777656859,0.0006355808633644369,0.8448275862068966,2.0,0.05905354063783837
cmapss_turbofan,u1_s4,F4,sgd,classification,1,1408,1,-1.7530017267299118,0.0007111900359724308,0.0006099015960694736,0.0008483099576563167,-2.5186091666904162,0.0005944292115758766,0.8448275862068966,2.0,0.05905354063783837
cmapss_turbofan,u1_s4,F4,sgd,classification,2,1414,1,-1.5480773882663132,0.0007779185632625226,0.0006846733030435911,0.0009035874058568446,-2.5015419495675943,0.0006572859571429165,0.8448275862068966,2.0,0.05905354063783837
cmapss_turbofan,u1_s4,F4,sgd,classification,3,1437,1,-1.6672888773738908,0.0007687409467126228,0.0006540349949372997,0.0009007731781231712,-2.500860700309456,0.0006414737130303917,0.8448275862068966,2.0,0.05905354063783837
cmapss_turbofan,u1_s4,F4,adam,regression,0,20,1,-0.32268582146587876,0.00044862692273219836,3.0274477460344284e-05,0.0018816871433619607,-3.5085770580870776,0.0002688967414933414,0.3086160117985367,2.0,0.05905354063783837
cmapss_turbofan,u1_s4,F4,adam,regression,1,20,1,-0.6607933452878652,0.0003411888239008102,1.9255141888828833e-05,0.0019086756781815629,-3.489424267194219,0.002149708644943205,0.3278187915546989,2.0,0.05905354063783837
cmapss_turbofan,u1_s4,F4,adam,regression,2,20,1,-0.10478004851068573,0.0003535413138236515,2.8550729492025424e-05,0.002460340016232168,-3.4953574519270134,0.0002015428211331967,0.3121987692867164,2.0,0.05905354063783837
cmapss_turbofan,u1_s4,F4,adam,regression,3,20,1,1.9772109784163534,0.00036331300771629926,2.2280282234174e-05,0.0020679097033321657,-3.5118772819124926,8.009190851229644e-05,0.30945338545020384,2.0,0.05905354063783837
cmapss_turbofan,u1_s4,F4,adam,classification,0,217,1,-2.216777901448519,1.1064324494100733e-05,9.378098553474539e-06,1.4238052535623658e-05,-4.257519256878173,9.363426162220879e-06,0.8620689655172413,2.0,0.05905354063783837
cmapss_turbofan,u1_s4,F4,adam,classification,1,206,1,-1.5879099109483996,7.2700391401948014e-06,6.5487152503828925e-06,8.994908450457086e-06,-4.395880114536456,6.6417166772947655e-06,0.8620689655172413,2.0,0.05905354063783837
cmapss_turbofan,u1_s4,F4,adam,classification,2,197,1,-0.6599075762787096,1.5040459621525601e-05,1.4125619803881858e-05,1.6838134378229078e-05,-4.246300207702609,1.2597031052928425e-05,0.8620689655172413,2.0,0.05905354063783837
cmapss_turbofan,u1_s4,F4,adam,classification,3,207,1,-1.675657278768831,1.1861454524324632e-05,9.356612008166584e-06,1.4848169367969076e-05,-4.240776989212607,9.900042557836048e-06,0.8620689655172413,2.0,0.05905354063783837
cmapss_turbofan,u1_s4,FA,sgd,regression,0,61,1,-3.5335139995661042,5.1830954208295105e-05,3.1191294196938255e-05,0.0001364409148719526,-3.787007728103711,2.6209227281116066e-05,0.3094880114682253,2.0,0.05905354063783837
cmapss_turbofan,u1_s4,FA,sgd,regression,1,62,1,-0.40809476578002174,5.5330562820060495e-05,2.5084994103739156e-05,0.0001838591506161515,-3.8175076392115583,0.0001476016134951324,0.31219393541781765,2.0,0.05905354063783837
cmapss_turbofan,u1_s4,FA,sgd,regression,2,62,1,-1.0804835090770974,3.957086602082176e-05,2.1082579141473015e-05,0.00012995051395425092,-3.8590081230462707,1.5366390584240398e-05,0.3076170946937083,2.0,0.05905354063783837
cmapss_turbofan,u1_s4,FA,sgd,regression,3,61,1,-0.3141115443193884,5.399644226248465e-05,2.9207229409167488e-05,0.00017129584307260694,-3.8295198958864822,4.449713836758887e-05,0.31049880496049426,2.0,0.05905354063783837
cmapss_turbofan,u1_s4,FA,sgd,classification,0,1287,1,-2.042357976109612,0.0005197274311360795,0.0004394855477868393,0.0006401449029746057,-2.600536344750527,0.0004231829562106875,0.8793103448275862,2.0,0.05905354063783837
cmapss_turbofan,u1_s4,FA,sgd,classification,1,1264,1,-2.1006036831918884,0.00047848928790710855,0.0003964520498093744,0.0005928180120663431,-2.6217002489327625,0.00038528687799596205,0.8793103448275862,2.0,0.05905354063783837
cmapss_turbofan,u1_s4,FA,sgd,classification,2,1279,1,-1.7921441326966725,0.000542007736865897,0.0004670474844177802,0.0006455906044561669,-2.599627836499787,0.00044358873211051676,0.8793103448275862,2.0,0.05905354063783837
cmapss_turbofan,u1_s4,FA,sgd,classification,3,1292,1,-1.9623172944449245,0.0005328115606904366,0.0004367917004861851,0.0006426174759219641,-2.5990823318631975,0.00042851481980264836,0.8793103448275862,2.0,0.05905354063783837
cmapss_turbofan,u1_s4,FA,adam,regression,0,20,1,-0.2780888036480735,0.0004911665037427935,5.178580109320498e-05,0.0019505496188673831,-3.4467889091147055,0.0003191808722867602,0.30376711508570187,2.0,0.05905354063783837
cmapss_turbofan,u1_s4,FA,adam,regression,1,20,1,-0.7755840743035745,0.0003657085738991774,2.8272367449163293e-05,0.0020196685350196988,-3.4380099027000406,0.0021791816962574502,0.32311922453380104,2.0,0.05905354063783837
cmapss_turbofan,u1_s4,FA,adam,regression,2,20,1,-0.21991230767127942,0.0003707952792561724,3.404388748441719e-05,0.002576872737447335,-3.4448086906253668,0.0001548995490304371,0.3051149855049942,2.0,0.05905354063783837
cmapss_turbofan,u1_s4,FA,adam,regression,3,20,1,2.101951935354566,0.0003805392811792312,3.7203392960930617e-05,0.0022181911266131523,-3.4491099015285616,3.722773354663533e-05,0.30758589676775894,2.0,0.05905354063783837
cmapss_turbofan,u1_s4,FA,adam,classification,0,198,1,-2.314507406427175,8.56349537469257e-06,6.147518101220074e-06,9.928051259436717e-06,-4.4809484488941855,6.037124901910795e-06,0.8793103448275862,2.0,0.05905354063783837
cmapss_turbofan,u1_s4,FA,adam,classification,1,190,1,1.8463918772739072,7.532331837083462e-06,4.185175785444509e-06,1.1356470823525513e-05,-4.632797955165213,8.95395506025538e-06,0.8793103448275862,2.0,0.05905354063783837
cmapss_turbofan,u1_s4,FA,adam,classification,2,181,1,-0.6530981585316143,1.0078075237894881e-05,7.85766529148263e-06,1.3837278936837908e-05,-4.495445762034813,6.3861396448332856e-06,0.896551724137931,2.0,0.05905354063783837
cmapss_turbofan,u1_s4,FA,adam,classification,3,187,1,-1.040641705428062,7.076908156058675e-06,5.965449795913256e-06,8.795543401596713e-06,-4.543072083526923,5.291835939347169e-06,0.8793103448275862,2.0,0.05905354063783837
cmapss_turbofan,u1_s4,F10,sgd,regression,0,53,1,-3.1787146579602292,2.4490399409502533e-05,4.019331037407509e-06,0.00012178845354719853,-4.437190878346397,1.309031951936181e-05,1.0931786820548743,2.0,0.05905354063783837
cmapss_turbofan,u1_s4,F10,sgd,regression,1,53,1,1.138553676764331,3.722067336032301e-05,3.91306638413275e-06,0.00017836899158743657,-4.430337893018085,0.00015825150478359178,1.0946819465098057,2.0,0.05905354063783837
cmapss_turbofan,u1_s4,F10,sgd,regression,2,54,1,0.6999206441862726,2.3725712015861612e-05,3.3617070489641286e-06,0.0001249335600883572,-4.441194667987558,2.7737637296543385e-06,1.0858205830246892,2.0,0.05905354063783837
cmapss_turbofan,u1_s4,F10,sgd,regression,3,53,1,2.884652172753748,2.6905881035665424e-05,3.911387923432069e-06,0.00016993540554622151,-4.4692121948903925,2.1254114433135002e-05,1.0912443907993457,2.0,0.05905354063783837
cmapss_turbofan,u1_s4,F10,sgd,classification,0,1102,1,-1.9156053796048245,0.0005712647772748781,0.0004889208154817782,0.0006939882684787771,-2.567154664496862,0.00047220658496681227,0.7413793103448276,2.0,0.05905354063783837
cmapss_turbofan,u1_s4,F10,sgd,classification,1,1064,1,-1.9552211300834832,0.0005308580886377892,0.00044673673499347736,0.0006473654567235426,-2.5867678058632366,0.00043483735942242947,0.7413793103448276,2.0,0.05905354063783837
cmapss_turbofan,u1_s4,F10,sgd,classification,2,1096,1,-1.6939599876537128,0.0005933927828951108,0.0005162270247700691,0.0006997184951674603,-2.566342748762963,0.0004926362343389022,0.7413793103448276,2.0,0.05905354063783837
cmapss_turbofan,u1_s4,F10,sgd,classification,3,1078,1,-1.8423042613716263,0.0005842887516594414,0.0004868025641632036,0.0006966354026288027,-2.565721872896429,0.0004776479725815551,0.7413793103448276,2.0,0.05905354063783837
cmapss_turbofan,u1_s4,F10,adam,regression,0,20,1,-1.2863190765619328,0.00047642992988884214,1.6511293830477993e-05,0.0022583642716474685,-3.5755613642901936,0.000482102298109046,0.9936136105113401,2.0,0.05905354063783837
cmapss_turbofan,u1_s4,F10,adam,regression,1,20,1,-1.0025235097640193,0.00034622879499371877,1.3205351319090915e-05,0.0023697517146631128,-3.546396610711899,0.0019301312637382622,1.0361770226464315,2.0,0.05905354063783837
cmapss_turbofan,u1_s4,F10,adam,regression,2,20,1,1.709007827969567,0.00039740466634197256,1.9696869133869464e-05,0.002632159087314982,-3.554548504523083,1.5138269338167019e-05,0.9697559132340935,2.0,0.05905354063783837
cmapss_turbofan,u1_s4,F10,adam,regression,3,20,1,1.4110413946892941,0.00039958163820675967,2.2531941330803282e-05,0.002424660879348513,-3.521544007834223,1.657359994865581e-05,1.0160505296755553,2.0,0.05905354063783837
cmapss_turbofan,u1_s4,F10,adam,classification,0,194,1,-3.71452258615078,4.15119379953238e-06,3.1676287096343983e-06,6.577134827641271e-06,-4.476203099167437,3.2615247358977707e-06,0.7413793103448276,2.0,0.05905354063783837
cmapss_turbofan,u1_s4,F10,adam,classification,1,189,1,-4.372232625288427,1.847019306565823e-06,1.0596147442832314e-06,3.140642280837114e-06,-4.6973832236938,1.1123146770156435e-06,0.7413793103448276,2.0,0.05905354063783837
cmapss_turbofan,u1_s4,F10,adam,classification,2,180,1,-0.6846462493203564,7.91646173797582e-06,7.16112796677743e-06,9.138258564386349e-06,-4.440612923020737,6.162957963614207e-06,0.7586206896551724,2.0,0.05905354063783837
cmapss_turbofan,u1_s4,F10,adam,classification,3,185,1,-2.6732053641519244,5.206757003023077e-06,3.531909514164622e-06,7.586729932002986e-06,-4.439321733976379,3.933036429123444e-06,0.7413793103448276,2.0,0.05905354063783837
cmapss_turbofan,u1_s4,F11,sgd,regression,0,60,1,-2.31863114437173,3.5404834132028553e-05,9.804374213420006e-06,0.0001307766872924241,-4.093716983482589,3.476426487786345e-05,0.3276875258988871,2.0,0.05905354063783837
cmapss_turbofan,u1_s4,F11,sgd,regression,1,62,1,0.7653929904938803,4.45295436311993e-05,1.1047667037476377e-05,0.00017042742775789805,-4.115682447880289,0.00015088271119869496,0.33541248238944993,2.0,0.05905354063783837
cmapss_turbofan,u1_s4,F11,sgd,regression,2,62,1,-0.7803578760105334,3.627164283299444e-05,1.566275033855344e-05,0.00012762992359209994,-4.043570910389664,2.770456830395235e-05,0.32833822086032116,2.0,0.05905354063783837
cmapss_turbofan,u1_s4,F11,sgd,regression,3,61,1,3.885059686974006,5.196094109039379e-05,1.4216058597730664e-05,0.00017226473030228744,-4.106327887639243,2.712688672246987e-05,0.33054607370529093,2.0,0.05905354063783837
cmapss_turbofan,u1_s4,F11,sgd,classification,0,1030,1,-1.587759455656328,0.00030461050036422865,0.00027694303035125643,0.000363613672931815,-2.8468544606500363,0.0002694356289758342,0.8793103448275862,2.0,0.05905354063783837
cmapss_turbofan,u1_s4,F11,sgd,classification,1,1006,1,-1.536754614133135,0.00030640519844641766,0.0002646305767806632,0.0003623994929011463,-2.8603020817977223,0.00025770893832967816,0.8793103448275862,2.0,0.05905354063783837
cmapss_turbofan,u1_s4,F11,sgd,classification,2,1046,1,-1.5500181626083647,0.0003449221342878749,0.00030845308655373226,0.0004098548553017739,-2.827295900671393,0.00029677461297168716,0.8793103448275862,2.0,0.05905354063783837
cmapss_turbofan,u1_s4,F11,sgd,classification,3,1014,1,-1.4566855003674286,0.0003165164394056964,0.0002843087569467783,0.0003713424859205913,-2.8416678895084115,0.00027339903359203846,0.8793103448275862,2.0,0.05905354063783837
cmapss_turbofan,u1_s4,F11,adam,regression,0,19,1,-0.8795968876965592,0.0008419611339102724,0.00023296923321684465,0.002445001740296463,-3.1415007407255753,0.0004169853509673573,0.32945321474685274,2.0,0.05905354063783837
cmapss_turbofan,u1_s4,F11,adam,regression,1,19,1,-0.37506622977415544,0.0006542865255124938,0.00020532103754269853,0.0023676244835831345,-3.1455495277648815,0.002324836492418328,0.3488041044204746,2.0,0.05905354063783837
cmapss_turbofan,u1_s4,F11,adam,regression,2,19,1,0.2748395483888156,0.0007926129771118621,0.0002611972278093587,0.0029380807330373878,-3.125651479163158,0.0004895455853573015,0.33358493012739493,2.0,0.05905354063783837
cmapss_turbofan,u1_s4,F11,adam,regression,3,19,1,0.912439598902971,0.000690372021409318,0.00021304553540769385,0.002641741358991737,-3.1225346192422894,0.00017216835066859027,0.33248963004297555,2.0,0.05905354063783837
cmapss_turbofan,u1_s4,F11,adam,classification,0,151,1,-1.9034756440824225,2.6371983084827833e-05,7.881564853332766e-06,4.6295017176019636e-05,-4.289279625825065,2.776309274135311e-05,0.8620689655172413,2.0,0.05905354063783837
cmapss_turbofan,u1_s4,F11,adam,classification,1,138,1,1.697577835369945,2.8816611629537676e-05,8.32845215568624e-06,8.4722692934675e-05,-4.267041178518426,2.0493753255012752e-05,0.8620689655172413,2.0,0.05905354063783837
cmapss_turbofan,u1_s4,F11,adam,classification,2,142,1,-1.1600896434599826,3.192025660445996e-05,2.024195245876965e-05,5.952588628833016e-05,-4.195285885509682,5.369699691159655e-05,0.8620689655172413,2.0,0.05905354063783837
cmapss_turbofan,u1_s4,F11,adam,classification,3,138,1,3.9450095152849847,3.284865759331859e-05,1.3276811238394575e-05,0.00010787837077196123,-4.25468300314163,6.891161378152222e-05,0.8620689655172413,2.0,0.05905354063783837
cmapss_turbofan,u1_s8,F0,sgd,regression,0,64,1,-1.920978147871326,3.69905117866044e-05,1.0852473308043817e-05,0.0001312123649852233,-4.163766771535617,4.046829424880785e-05,0.27371356322928897,2.0,0.09253200244946408
cmapss_turbofan,u1_s8,F0,sgd,regression,1,66,1,1.0587506876127093,4.3532713963890764e-05,1.172088933107303e-05,0.00016263913041995572,-4.125227058712026,0.00013846216954761182,0.2775890803465132,2.0,0.09253200244946408
cmapss_turbofan,u1_s8,F0,sgd,regression,2,65,1,-0.9344057454472295,3.4692198413536644e-05,1.535989753618972e-05,0.00012062031018725282,-4.131675513135266,2.6231110054727925e-05,0.27232080584648977,2.0,0.09253200244946408
cmapss_turbofan,u1_s8,F0,sgd,regression,3,64,1,4.002344008448672,5.061982073300041e-05,1.2922980040194519e-05,0.00015786148252749048,-4.188410014609357,2.9413314376960714e-05,0.27480980376869807,2.0,0.09253200244946408
cmapss_turbofan,u1_s8,F0,sgd,classification,0,885,1,-3.707637389039365,2.0982756337190082e-05,1.7510167953745492e-05,3.32483840654436e-05,-3.4837559969187675,1.7992128627257384e-05,0.9137931034482759,2.0,0.09253200244946408
cmapss_turbofan,u1_s8,F0,sgd,classification,1,870,1,-1.9520817185215835,2.60387980976022e-05,2.2862019214984976e-05,3.4900929679961786e-05,-3.50573294614342,2.1429642484262614e-05,0.9137931034482759,2.0,0.09253200244946408
cmapss_turbofan,u1_s8,F0,sgd,classification,2,897,1,-2.017709043635259,4.014806691843224e-05,3.403134175386858e-05,4.978213090878749e-05,-3.4231948367865646,3.098525860981499e-05,0.9137931034482759,2.0,0.09253200244946408
cmapss_turbofan,u1_s8,F0,sgd,classification,3,862,1,-3.175128697875263,2.783022261888832e-05,1.9678350508393055e-05,4.0010024334122294e-05,-3.45118665691411,2.0793156875599746e-05,0.9137931034482759,2.0,0.09253200244946408
cmapss_turbofan,u1_s8,F0,adam,regression,0,18,1,-0.7471858095019128,0.0008375832512239089,0.0002263332114165379,0.0023807583837645962,-3.136692340861414,0.0003531420174790467,0.2760701515389253,2.0,0.09253200244946408
cmapss_turbofan,u1_s8,F0,adam,regression,1,18,1,-0.11217597130410807,0.0006420277366031387,0.00022592826688241826,0.0022649872706593725,-3.1407970678541943,0.002262126410403154,0.2922706829933959,2.0,0.09253200244946408
cmapss_turbofan,u1_s8,F0,adam,regression,2,18,1,-0.040455599139695854,0.0007722279863857221,0.00027700062566469335,0.0027667628155874577,-3.1321343605539194,0.0005570816275368089,0.2854437740086212,2.0,0.09253200244946408
cmapss_turbofan,u1_s8,F0,adam,regression,3,18,1,0.9846702392781393,0.0006825899518845551,0.0002147366142269211,0.002563842764894188,-3.1274730392480534,0.00025134120890263394,0.2717378831003216,2.0,0.09253200244946408
cmapss_turbofan,u1_s8,F0,adam,classification,0,108,1,-1.5247285584895485,3.271401142155113e-05,1.1516869601462106e-05,9.497293531405137e-05,-4.324076724703518,4.6496929615318565e-05,0.896551724137931,2.0,0.09253200244946408
cmapss_turbofan,u1_s8,F0,adam,classification,1,114,1,1.82638141608255,3.806307512965337e-05,1.1067369304618986e-05,0.00010920160681514475,-4.308161239091094,3.805520806932762e-05,0.8793103448275862,2.0,0.09253200244946408
cmapss_turbofan,u1_s8,F0,adam,classification,2,107,1,-1.2258486514189633,3.176745633092489e-05,1.8459149439024398e-05,8.869141768226931e-05,-4.298660431665008,4.398669646168239e-05,0.896551724137931,2.0,0.09253200244946408
cmapss_turbofan,u1_s8,F0,adam,classification,3,105,1,4.072530579401334,3.943456648929554e-05,1.3099933709034063e-05,9.303785683359043e-05,-4.31167319876358,6.32770594728527e-05,0.896551724137931,2.0,0.09253200244946408
cmapss_turbofan,u1_s8,F4,sgd,regression,0,57,1,-3.1527329371142274,6.86760843058254e-05,4.4978718496499596e-05,0.00016090177412484663,-3.689063568804123,3.9749183598000296e-05,0.2702683270773333,2.0,0.09253200244946408
cmapss_turbofan,u1_s8,F4,sgd,regression,1,57,1,-0.4754744149625808,7.272812984213407e-05,4.1432794189481675e-05,0.00020776402235874814,-3.7075884052954735,0.0001767445865095107,0.2739531511666292,2.0,0.09253200244946408
cmapss_turbofan,u1_s8,F4,sgd,regression,2,58,1,-1.041361790492504,5.379544984411599e-05,3.455305384024392e-05,0.0001491483626616478,-3.7487088554231325,2.658720607880474e-05,0.2680126601223403,2.0,0.09253200244946408
cmapss_turbofan,u1_s8,F4,sgd,regression,3,57,1,-0.3985830526417144,7.274713166091295e-05,4.4435102415123945e-05,0.00019993939345870905,-3.718931081167054,5.5024684692452394e-05,0.2713965301287567,2.0,0.09253200244946408
cmapss_turbofan,u1_s8,F4,sgd,classification,0,1197,1,-1.9921255146773629,0.0005385652829486248,0.00045777807240909515,0.0006598416001786549,-2.5879348586974356,0.0004413507161904009,0.9310344827586207,2.0,0.09253200244946408
cmapss_turbofan,u1_s8,F4,sgd,classification,1,1173,1,-2.0428840304124782,0.0004978038750661513,0.00041503919195631534,0.0006129590873944136,-2.6084592128462263,0.0004036416340641825,0.9310344827586207,2.0,0.09253200244946408
cmapss_turbofan,u1_s8,F4,sgd,classification,2,1197,1,-1.7530293291402943,0.0005611803828231045,0.0004855550791008628,0.0006658312961296659,-2.586931156483464,0.0004620709704318852,0.9310344827586207,2.0,0.09253200244946408
cmapss_turbofan,u1_s8,F4,sgd,classification,3,1194,1,-1.9139946818131912,0.0005517068525713925,0.00045535686432176403,0.0006623772875439224,-2.5864673537148564,0.00044675354119672614,0.9310344827586207,2.0,0.09253200244946408
cmapss_turbofan,u1_s8,F4,adam,regression,0,20,1,-0.4210070678258863,0.0004916727990550353,4.4695557713409666e-05,0.0020898608089073394,-3.4335950225071854,0.00040798081049644145,0.25709272530859384,2.0,0.09253200244946408
cmapss_turbofan,u1_s8,F4,adam,regression,1,20,1,-0.8332087836207223,0.0003697057064702177,2.3121821754298862e-05,0.00219446388063192,-3.4219817654446167,0.0020784907375954787,0.2853866562535443,2.0,0.09253200244946408
cmapss_turbofan,u1_s8,F4,adam,regression,2,20,1,0.3379308189208732,0.00038354560853325254,2.8898878199619833e-05,0.002566414576267235,-3.4251852911515734,6.964486362246559e-05,0.26124667748508434,2.0,0.09253200244946408
cmapss_turbofan,u1_s8,F4,adam,regression,3,20,1,2.0352771885782253,0.00039517783501211205,3.462282989548503e-05,0.0022954719975816443,-3.421059560367946,1.2752598909944898e-06,0.2628230279488027,2.0,0.09253200244946408
cmapss_turbofan,u1_s8,F4,adam,classification,0,195,1,-2.0510489591966654,9.60709370227984e-06,7.546429781847053e-06,1.1219300981926093e-05,-4.420512043366964,7.200390723328653e-06,0.9310344827586207,2.0,0.09253200244946408
cmapss_turbofan,u1_s8,F4,adam,classification,1,189,1,0.9763267433345767,8.382769546245958e-06,6.775051218843769e-06,1.081241294009159e-05,-4.54334198102539,9.90491064496356e-06,0.9310344827586207,2.0,0.09253200244946408
cmapss_turbofan,u1_s8,F4,adam,classification,2,180,1,-0.45064866898869194,1.1164273291343528e-05,9.447632994668442e-06,1.3672504405752649e-05,-4.4346275685196215,8.153546963746955e-06,0.9310344827586207,2.0,0.09253200244946408
cmapss_turbofan,u1_s8,F4,adam,classification,3,185,1,-1.2326657136064927,9.753432376593786e-06,7.393910865909948e-06,1.1568303891792227e-05,-4.421854012265369,7.775886624712036e-06,0.9310344827586207,2.0,0.09253200244946408
cmapss_turbofan,u1_s8,FA,sgd,regression,0,59,1,-3.6052280544870525,6.311222446204044e-05,3.79529951306461e-05,0.00015317984961870493,-3.587893145619173,3.4569539506466256e-05,0.2503644642261074,2.0,0.09253200244946408
cmapss_turbofan,u1_s8,FA,sgd,regression,1,60,1,-0.781578533405973,7.72058588906218e-05,4.427273959225569e-05,0.00020970242079733974,-3.587310341039847,0.00017106495783781266,0.2535290782271204,2.0,0.09253200244946408
cmapss_turbofan,u1_s8,FA,sgd,regression,2,61,1,-0.8668093465625368,4.996291596022945e-05,3.3174617036509104e-05,0.0001440610572060478,-3.656630196159551,2.3662894621498347e-05,0.2488080359729907,2.0,0.09253200244946408
cmapss_turbofan,u1_s8,FA,sgd,regression,3,59,1,-1.080884254065662,7.247855247452347e-05,4.004256468714582e-05,0.00019260576000311973,-3.5998379023935323,5.210055417850491e-05,0.2516035773528046,2.0,0.09253200244946408
cmapss_turbofan,u1_s8,FA,sgd,classification,0,1291,1,-1.8407102751794315,0.0006798919812006081,0.0005850022169455169,0.0008189255491826451,-2.520688944584497,0.0005656455330677273,0.9310344827586207,2.0,0.09253200244946408
cmapss_turbofan,u1_s8,FA,sgd,classification,1,1270,1,-1.8754157039250965,0.000635894086733801,0.0005392359594877825,0.0007684800259752023,-2.538643743170819,0.0005251078541269684,0.9310344827586207,2.0,0.09253200244946408
cmapss_turbofan,u1_s8,FA,sgd,classification,2,1283,1,-1.6407476490372404,0.0007025819155409164,0.0006135302027701587,0.000823525028125085,-2.520312014021524,0.0005869146284511709,0.9310344827586207,2.0,0.09253200244946408
cmapss_turbofan,u1_s8,FA,sgd,classification,3,1297,1,-1.776122943713844,0.0006936883836615533,0.000582500383149953,0.000821379076720738,-2.5194926278634813,0.0005714020342627835,0.9310344827586207,2.0,0.09253200244946408
cmapss_turbofan,u1_s8,FA,adam,regression,0,20,1,-0.2045547650224264,0.000510623507258862,6.346834916769383e-05,0.002055950537314126,-3.3992327013524117,0.00035386140794222673,0.2572798878133832,2.0,0.09253200244946408
cmapss_turbofan,u1_s8,FA,adam,regression,1,20,1,-0.9201579273689511,0.0003886789219840669,3.3155112590770085e-05,0.002108028600138107,-3.390348894277741,0.0021399954129051914,0.27560895909172595,2.0,0.09253200244946408
cmapss_turbofan,u1_s8,FA,adam,regression,2,20,1,0.09860465094275939,0.00038785284522789906,4.100916357156526e-05,0.0025922880242607864,-3.4011128159081245,0.00010995146281295459,0.25441761637948795,2.0,0.09253200244946408
cmapss_turbofan,u1_s8,FA,adam,regression,3,20,1,1.9593388727137724,0.00039103179978357044,4.40648709511724e-05,0.0022593107435722086,-3.386421953116373,1.7850785116552277e-05,0.2559609681503929,2.0,0.09253200244946408
cmapss_turbofan,u1_s8,FA,adam,classification,0,209,1,-2.0214882768972524,1.7085012404939695e-05,1.3582700193849854e-05,2.0051905507670516e-05,-4.192099683343018,1.2999946902219004e-05,0.9137931034482759,2.0,0.09253200244946408
cmapss_turbofan,u1_s8,FA,adam,classification,1,200,1,-0.5085337328954888,1.2768066275383907e-05,1.2471390303966916e-05,1.335339971049416e-05,-4.3055394811555345,1.3017451542462796e-05,0.9137931034482759,2.0,0.09253200244946408
cmapss_turbofan,u1_s8,FA,adam,classification,2,191,1,-0.8004406973860413,1.7419582915294847e-05,1.6164818013052724e-05,1.9647443119354303e-05,-4.213017204456166,1.4263093072304516e-05,0.9310344827586207,2.0,0.09253200244946408
cmapss_turbofan,u1_s8,FA,adam,classification,3,198,1,-1.3388880315751206,1.7820109397604503e-05,1.3519278492033978e-05,2.0327468328264587e-05,-4.1928908161713805,1.4179998596152535e-05,0.9137931034482759,2.0,0.09253200244946408
cmapss_turbofan,u1_s8,F10,sgd,regression,0,54,1,-3.049377056840388,2.5737311800995038e-05,5.3775287317347595e-06,0.00012336520834236033,-4.399408563922041,1.4086129189414343e-05,1.1456808363352635,2.0,0.09253200244946408
cmapss_turbofan,u1_s8,F10,sgd,regression,1,54,1,1.0740409478476742,3.8505401931059586e-05,5.1128341006810365e-06,0.00017863298106866735,-4.392427158108444,0.00015758627319124624,1.146952791155249,2.0,0.09253200244946408
cmapss_turbofan,u1_s8,F10,sgd,regression,2,54,1,0.637375752484927,2.468786593504921e-05,4.45948315310375e-06,0.0001258764691438496,-4.407250260069403,3.779447203079065e-06,1.1376305953934667,2.0,0.09253200244946408
cmapss_turbofan,u1_s8,F10,sgd,regression,3,53,1,2.681494330836395,2.7918993811575927e-05,5.201260799584443e-06,0.00016937747497669636,-4.430447963762579,2.2702510888694424e-05,1.1435419489377359,2.0,0.09253200244946408
cmapss_turbofan,u1_s8,F10,sgd,classification,0,1065,1,-1.9940640094957542,0.0005102892618277398,0.000434133101388845,0.0006252998930886938,-2.5952492575610027,0.00041868484458077853,0.7068965517241379,2.0,0.09253200244946408
cmapss_turbofan,u1_s8,F10,sgd,classification,1,1036,1,-2.039188732009761,0.0004712752537048052,0.0003934885371915855,0.0005800901547712663,-2.6162171400617615,0.000382862322934429,0.7068965517241379,2.0,0.09253200244946408
cmapss_turbofan,u1_s8,F10,sgd,classification,2,1065,1,-1.7513476844584748,0.0005320156299190245,0.0004607600452180995,0.0006311071303152323,-2.5942706409601177,0.00043856070296696237,0.7068965517241379,2.0,0.09253200244946408
cmapss_turbofan,u1_s8,F10,sgd,classification,3,1047,1,-1.9135632982859847,0.0005229662834688876,0.0004319219895157257,0.0006278113406424178,-2.593697612368653,0.00042393776859668,0.7068965517241379,2.0,0.09253200244946408
cmapss_turbofan,u1_s8,F10,adam,regression,0,20,1,-1.3057900529302864,0.00046884515956490845,1.5576264035990372e-05,0.002233320820432957,-3.5721786405703533,0.00046533752112919174,1.030680137643533,2.0,0.09253200244946408
cmapss_turbofan,u1_s8,F10,adam,regression,1,20,1,-1.0042904122574368,0.000345529308823104,1.3041815672776986e-05,0.0023117591418830978,-3.5383503740920825,0.001940913172852671,1.0858765305265048,2.0,0.09253200244946408
cmapss_turbofan,u1_s8,F10,adam,regression,2,20,1,1.843165867163112,0.000392344575340698,1.975420579308922e-05,0.0026505697006565967,-3.551733662382351,1.8454972715973662e-05,1.0150723846522787,2.0,0.09253200244946408
cmapss_turbofan,u1_s8,F10,adam,regression,3,20,1,1.3250666416970291,0.0004016379437892596,2.1450471229050202e-05,0.0024058719050394006,-3.5163766325524106,1.2750575116133815e-05,1.0556855820014726,2.0,0.09253200244946408
cmapss_turbofan,u1_s8,F10,adam,classification,0,190,1,-4.04047373243316,3.2197677791999864e-06,2.388258348551531e-06,5.333345285217219e-06,-4.558231855838544,2.4904849921470736e-06,0.7068965517241379,2.0,0.09253200244946408
cmapss_turbofan,u1_s8,F10,adam,classification,1,186,1,-4.7599900460567905,1.2561068915372343e-06,6.796822766084574e-07,2.262128874420553e-06,-4.8142179497183735,7.225700012614995e-07,0.7068965517241379,2.0,0.09253200244946408
cmapss_turbofan,u1_s8,F10,adam,classification,2,178,1,-0.5240267370343321,6.7109334610202506e-06,5.938161463065507e-06,7.817379483796502e-06,-4.518487539664005,5.159283684667192e-06,0.7068965517241379,2.0,0.09253200244946408
cmapss_turbofan,u1_s8,F10,adam,classification,3,181,1,-2.8107752290298196,4.16110635884027e-06,2.697498797933437e-06,6.257972496756901e-06,-4.51809862927257,3.093911982560751e-06,0.7068965517241379,2.0,0.09253200244946408
cmapss_turbofan,u1_s8,F11,sgd,regression,0,64,1,-1.920978147871326,3.69905117866044e-05,1.0852473308043817e-05,0.0001312123649852233,-4.163766771535617,4.046829424880785e-05,0.27371356322928897,2.0,0.09253200244946408
cmapss_turbofan,u1_s8,F11,sgd,regression,1,66,1,1.0587506876127093,4.3532713963890764e-05,1.172088933107303e-05,0.00016263913041995572,-4.125227058712026,0.00013846216954761182,0.2775890803465132,2.0,0.09253200244946408
cmapss_turbofan,u1_s8,F11,sgd,regression,2,65,1,-0.9344057454472295,3.4692198413536644e-05,1.535989753618972e-05,0.00012062031018725282,-4.131675513135266,2.6231110054727925e-05,0.27232080584648977,2.0,0.09253200244946408
cmapss_turbofan,u1_s8,F11,sgd,regression,3,64,1,4.002344008448672,5.061982073300041e-05,1.2922980040194519e-05,0.00015786148252749048,-4.188410014609357,2.9413314376960714e-05,0.27480980376869807,2.0,0.09253200244946408
cmapss_turbofan,u1_s8,F11,sgd,classification,0,885,1,-3.707637389039365,2.0982756337190082e-05,1.7510167953745492e-05,3.32483840654436e-05,-3.4837559969187675,1.7992128627257384e-05,0.9137931034482759,2.0,0.09253200244946408
cmapss_turbofan,u1_s8,F11,sgd,classification,1,870,1,-1.9520817185215835,2.60387980976022e-05,2.2862019214984976e-05,3.4900929679961786e-05,-3.50573294614342,2.1429642484262614e-05,0.9137931034482759,2.0,0.09253200244946408
cmapss_turbofan,u1_s8,F11,sgd,classification,2,897,1,-2.017709043635259,4.014806691843224e-05,3.403134175386858e-05,4.978213090878749e-05,-3.4231948367865646,3.098525860981499e-05,0.9137931034482759,2.0,0.09253200244946408
cmapss_turbofan,u1_s8,F11,sgd,classification,3,862,1,-3.175128697875263,2.783022261888832e-05,1.9678350508393055e-05,4.0010024334122294e-05,-3.45118665691411,2.0793156875599746e-05,0.9137931034482759,2.0,0.09253200244946408
cmapss_turbofan,u1_s8,F11,adam,regression,0,18,1,-0.7471858095019128,0.0008375832512239089,0.0002263332114165379,0.0023807583837645962,-3.136692340861414,0.0003531420174790467,0.2760701515389253,2.0,0.09253200244946408
cmapss_turbofan,u1_s8,F11,adam,regression,1,18,1,-0.11217597130410807,0.0006420277366031387,0.00022592826688241826,0.0022649872706593725,-3.1407970678541943,0.002262126410403154,0.2922706829933959,2.0,0.09253200244946408
cmapss_turbofan,u1_s8,F11,adam,regression,2,18,1,-0.040455599139695854,0.0007722279863857221,0.00027700062566469335,0.0027667628155874577,-3.1321343605539194,0.0005570816275368089,0.2854437740086212,2.0,0.09253200244946408
cmapss_turbofan,u1_s8,F11,adam,regression,3,18,1,0.9846702392781393,0.0006825899518845551,0.0002147366142269211,0.002563842764894188,-3.1274730392480534,0.00025134120890263394,0.2717378831003216,2.0,0.09253200244946408
cmapss_turbofan,u1_s8,F11,adam,classification,0,108,1,-1.5247285584895485,3.271401142155113e-05,1.1516869601462106e-05,9.497293531405137e-05,-4.324076724703518,4.6496929615318565e-05,0.896551724137931,2.0,0.09253200244946408
cmapss_turbofan,u1_s8,F11,adam,classification,1,114,1,1.82638141608255,3.806307512965337e-05,1.1067369304618986e-05,0.00010920160681514475,-4.308161239091094,3.805520806932762e-05,0.8793103448275862,2.0,0.09253200244946408
cmapss_turbofan,u1_s8,F11,adam,classification,2,107,1,-1.2258486514189633,3.176745633092489e-05,1.8459149439024398e-05,8.869141768226931e-05,-4.298660431665008,4.398669646168239e-05,0.896551724137931,2.0,0.09253200244946408
cmapss_turbofan,u1_s8,F11,adam,classification,3,105,1,4.072530579401334,3.943456648929554e-05,1.3099933709034063e-05,9.303785683359043e-05,-4.31167319876358,6.32770594728527e-05,0.896551724137931,2.0,0.09253200244946408
cmapss_turbofan,u1_s11,F0,sgd,regression,0,58,1,-2.110107186474788,3.734384600081201e-05,9.92766943169419e-06,0.00014196918544957888,-4.139455349492864,4.204768821238221e-05,0.23768060661696214,2.0,0.12185279203682028
cmapss_turbofan,u1_s11,F0,sgd,regression,1,58,1,1.0443471107168838,4.341192844372375e-05,1.0407920874178917e-05,0.00017361929198991187,-4.128495488496149,0.00015997616354389207,0.24126871603823452,2.0,0.12185279203682028
cmapss_turbofan,u1_s11,F0,sgd,regression,2,58,1,-1.0838730309334716,3.477215523305626e-05,1.4986264677236705e-05,0.0001349077855961613,-4.137896259996876,2.029391880631729e-05,0.2359140818500047,2.0,0.12185279203682028
cmapss_turbofan,u1_s11,F0,sgd,regression,3,57,1,3.984000448571845,5.176378420068245e-05,1.3453956309783273e-05,0.00017864337282808753,-4.16434857684979,2.368036178955098e-05,0.23843103789555858,2.0,0.12185279203682028
cmapss_turbofan,u1_s11,F0,sgd,classification,0,887,1,-2.5136922432656625,9.484527905347781e-05,7.492894176766721e-05,0.00011951953630670382,-3.1588469363225524,7.130754671554507e-05,0.896551724137931,2.0,0.12185279203682028
cmapss_turbofan,u1_s11,F0,sgd,classification,1,879,1,-2.0038987868037395,7.215243178832311e-05,6.476257926311365e-05,8.9995971490121e-05,-3.224299941787562,6.476107092001388e-05,0.896551724137931,2.0,0.12185279203682028
cmapss_turbofan,u1_s11,F0,sgd,classification,2,903,1,-2.169017541118215,8.686618371046212e-05,7.394593318677343e-05,0.00011057086797883526,-3.182883162374437,6.682384541221377e-05,0.896551724137931,2.0,0.12185279203682028
cmapss_turbofan,u1_s11,F0,sgd,classification,3,864,1,-2.152103130609417,9.547778283740659e-05,7.262270106579973e-05,0.00011721257229969132,-3.1699712970542175,7.24472791343346e-05,0.896551724137931,2.0,0.12185279203682028
cmapss_turbofan,u1_s11,F0,adam,regression,0,18,1,-0.7276607038408444,0.000854053240175128,0.00021489171357297966,0.002554307186007617,-3.139633136256045,0.0004323363475289985,0.24022925218028773,2.0,0.12185279203682028
cmapss_turbofan,u1_s11,F0,adam,regression,1,18,1,-0.3397688037417849,0.0006243566957288054,0.00021231614187877375,0.0025075413274638653,-3.1445162953877053,0.0021240331205613716,0.25302444379481237,2.0,0.12185279203682028
cmapss_turbofan,u1_s11,F0,adam,regression,2,19,1,0.2975740536986479,0.0007938057389343468,0.0002675123987753708,0.002913804890607756,-3.1381039217238826,0.0004424462931067982,0.24304169581620857,2.0,0.12185279203682028
cmapss_turbofan,u1_s11,F0,adam,regression,3,18,1,0.950920448669302,0.0006975677951029853,0.00021536487226994633,0.0027626209144250057,-3.125961615118452,0.00018026058266710956,0.23573507061681395,2.0,0.12185279203682028
cmapss_turbofan,u1_s11,F0,adam,classification,0,122,1,-1.4008362822710203,2.3454524353320766e-05,5.69353029521391e-06,8.23870218215447e-05,-4.3631729961197,3.360348460352294e-05,0.8793103448275862,2.0,0.12185279203682028
cmapss_turbofan,u1_s11,F0,adam,classification,1,122,1,1.3983466213461464,3.237796011575561e-05,7.959674186908189e-06,0.0001070566943295852,-4.328250317472142,1.9123653269985222e-05,0.896551724137931,2.0,0.12185279203682028
cmapss_turbofan,u1_s11,F0,adam,classification,2,119,1,-2.3867142660896965,2.3201418814308196e-05,1.0361066654467694e-05,6.527300214750022e-05,-4.321598238931687,2.2933630091725952e-05,0.896551724137931,2.0,0.12185279203682028
cmapss_turbofan,u1_s11,F0,adam,classification,3,113,1,3.4058245843753157,3.284956982114815e-05,1.0530894667449873e-05,5.852395394351683e-05,-4.4361152079124135,4.4230429577424856e-05,0.896551724137931,2.0,0.12185279203682028
cmapss_turbofan,u1_s11,F4,sgd,regression,0,55,1,-3.5477488321921142,6.121626358630997e-05,3.667934350973255e-05,0.00015576805654014152,-3.638652473244392,3.3728997940193304e-05,0.23332438056771557,2.0,0.12185279203682028
cmapss_turbofan,u1_s11,F4,sgd,regression,1,56,1,-0.5110524586228181,6.938784829094461e-05,3.749938524793545e-05,0.0002088372898257069,-3.654243906370419,0.00018053498797219103,0.23635957061324447,2.0,0.12185279203682028
cmapss_turbofan,u1_s11,F4,sgd,regression,2,56,1,-0.9412138356614881,4.564729230077925e-05,2.7059625256995925e-05,0.00014466288115142322,-3.7120935320917714,1.9631804218316327e-05,0.23248024072386492,2.0,0.12185279203682028
cmapss_turbofan,u1_s11,F4,sgd,regression,3,55,1,-0.6427581318145063,6.705230344597793e-05,3.775570687908007e-05,0.00019822112130340498,-3.6646109912762963,4.740057725310082e-05,0.2341532807472438,2.0,0.12185279203682028
cmapss_turbofan,u1_s11,F4,sgd,classification,0,1323,1,-1.722400592556774,0.000762861574233685,0.0006618590693689604,0.0009069742090225579,-2.507131036672112,0.0006413269463749349,0.896551724137931,2.0,0.12185279203682028
cmapss_turbofan,u1_s11,F4,sgd,classification,1,1303,1,-1.7448737079792687,0.0007167832097487765,0.0006149418093289244,0.000854059569423059,-2.524077146102347,0.0005996327253315642,0.896551724137931,2.0,0.12185279203682028
cmapss_turbofan,u1_s11,F4,sgd,classification,2,1309,1,-1.543825734896048,0.0007835859761485141,0.0006895014062229066,0.0009095159417798757,-2.50728019746326,0.0006619136829166849,0.896551724137931,2.0,0.12185279203682028
cmapss_turbofan,u1_s11,F4,sgd,classification,3,1328,1,-1.6610438283198339,0.0007762724871236497,0.0006597912509345488,0.0009087279757813876,-2.5063601000606033,0.0006472737005578311,0.896551724137931,2.0,0.12185279203682028
cmapss_turbofan,u1_s11,F4,adam,regression,0,20,1,-0.372774854689968,0.0004950946906403823,5.0628906594736996e-05,0.002211963536277346,-3.404492249580485,0.0004576685752842014,0.23674831722225573,2.0,0.12185279203682028
cmapss_turbofan,u1_s11,F4,adam,regression,1,20,1,-0.9132947259316433,0.0003773870698789121,2.638362602557168e-05,0.002269429206262598,-3.3934290873569726,0.0020347089384179515,0.24958840109551356,2.0,0.12185279203682028
cmapss_turbofan,u1_s11,F4,adam,regression,2,20,1,0.42906254829003193,0.0004025519708740976,3.541630118624106e-05,0.0025394063644820137,-3.4048735076296786,4.549317324540653e-05,0.23607184183592939,2.0,0.12185279203682028
cmapss_turbofan,u1_s11,F4,adam,regression,3,20,1,1.9690094202213422,0.00040426963848225585,4.4385512005669086e-05,0.0023851805981214293,-3.388077743377697,7.2248921482442775e-06,0.2343266501145079,2.0,0.12185279203682028
cmapss_turbofan,u1_s11,F4,adam,classification,0,208,1,-2.696273472558142,1.1373349335164075e-05,8.884974611225777e-06,1.4733910841903763e-05,-4.245856222658957,8.484640695456096e-06,0.896551724137931,2.0,0.12185279203682028
cmapss_turbofan,u1_s11,F4,adam,classification,1,199,1,-1.705514711852481,6.0710521659640796e-06,5.619052875960974e-06,7.477249715146603e-06,-4.419867619592956,5.8126986579992794e-06,0.896551724137931,2.0,0.12185279203682028
cmapss_turbofan,u1_s11,F4,adam,classification,2,190,1,-1.0094822648522839,1.3319549005375136e-05,1.2302137621027665e-05,1.5544886608794877e-05,-4.254924119044302,1.0582603520585601e-05,0.896551724137931,2.0,0.12185279203682028
cmapss_turbofan,u1_s11,F4,adam,classification,3,196,1,-1.892152490642686,1.1938787049473234e-05,8.546207942949095e-06,1.4830655656463033e-05,-4.245262831127223,9.103474279129185e-06,0.896551724137931,2.0,0.12185279203682028
cmapss_turbofan,u1_s11,FA,sgd,regression,0,57,1,-3.183939943668296,6.937950967788428e-05,4.510334345306149e-05,0.0001627920575082264,-3.61903910802305,4.2253950315078125e-05,0.2269864964447494,2.0,0.12185279203682028
cmapss_turbofan,u1_s11,FA,sgd,regression,1,57,1,-0.5502137322162662,7.883689343451717e-05,4.668358846337768e-05,0.00021528463013122606,-3.628153079919706,0.0001850385207001402,0.23028197461611272,2.0,0.12185279203682028
cmapss_turbofan,u1_s11,FA,sgd,regression,2,57,1,-0.685908809472766,5.289583227410236e-05,3.534569277252398e-05,0.00015046606958221955,-3.6925259330692963,2.6615660791049833e-05,0.22674442362986713,2.0,0.12185279203682028
cmapss_turbofan,u1_s11,FA,sgd,regression,3,56,1,-0.6228337630810165,7.514633913011567e-05,4.534666815131286e-05,0.00020261475855299559,-3.641628716840174,5.5626235540603446e-05,0.22817020390234471,2.0,0.12185279203682028
cmapss_turbofan,u1_s11,FA,sgd,classification,0,1169,1,-2.002525185048506,0.00043800373196451,0.0003726909274829932,0.0005374600290026378,-2.669111828320724,0.00035981600116226554,0.896551724137931,2.0,0.12185279203682028
cmapss_turbofan,u1_s11,FA,sgd,classification,1,1141,1,-2.0370034329819315,0.0003985766378934272,0.0003335602549594188,0.0004916904854722465,-2.6932175445381503,0.00032608921481190004,0.896551724137931,2.0,0.12185279203682028
cmapss_turbofan,u1_s11,FA,sgd,classification,2,1158,1,-1.7299009904992075,0.0004564391483688641,0.0003969315192222608,0.0005407938083855872,-2.6688697427852275,0.00037727344944406944,0.896551724137931,2.0,0.12185279203682028
cmapss_turbofan,u1_s11,FA,sgd,classification,3,1151,1,-1.9024293028157337,0.0004491323467008336,0.0003700224569308857,0.0005388739036974702,-2.668237439394873,0.0003645088562559354,0.896551724137931,2.0,0.12185279203682028
cmapss_turbofan,u1_s11,FA,adam,regression,0,20,1,-0.29912989887733527,0.0005016879360616881,4.94101980161197e-05,0.0021817989013992005,-3.3943929288267647,0.00042591839900594223,0.23903032887416742,2.0,0.12185279203682028
cmapss_turbofan,u1_s11,FA,adam,regression,1,20,1,-0.95474877324134,0.0003733909182157566,2.9318465440476314e-05,0.0022153094606873077,-3.3872570909396305,0.0020759165832417753,0.24846005371406496,2.0,0.12185279203682028
cmapss_turbofan,u1_s11,FA,adam,regression,2,20,1,0.24760966711804297,0.0004022828241087244,3.932883502424901e-05,0.0025134384744965248,-3.3960090892660957,5.939862852263745e-05,0.24006880825950072,2.0,0.12185279203682028
cmapss_turbofan,u1_s11,FA,adam,regression,3,20,1,1.943929971878752,0.00040556855061713926,4.580397374588243e-05,0.002369318055940137,-3.3808312333129242,1.0627347284714238e-05,0.23691476021140465,2.0,0.12185279203682028
cmapss_turbofan,u1_s11,FA,adam,classification,0,178,1,-3.3736586741211663,1.899595364257842e-05,1.068786560132007e-05,2.2242649811403943e-05,-4.186291114464662,9.48658799876666e-06,0.896551724137931,2.0,0.12185279203682028
cmapss_turbofan,u1_s11,FA,adam,classification,1,171,1,0.779301909549951,1.7554851219027842e-05,1.175658468043005e-05,2.3763363994782072e-05,-4.2445121493720235,1.7595670920394186e-05,0.896551724137931,2.0,0.12185279203682028
cmapss_turbofan,u1_s11,FA,adam,classification,2,166,1,-1.938888430012541,1.6218032251595e-05,1.2646063182694611e-05,2.335798846327314e-05,-4.227794788615856,8.615322654742266e-06,0.896551724137931,2.0,0.12185279203682028
cmapss_turbofan,u1_s11,FA,adam,classification,3,164,1,-2.3849010392409284,1.8737851519058424e-05,1.1700747869890856e-05,2.36258396975439e-05,-4.214934683155223,1.1894944719491341e-05,0.896551724137931,2.0,0.12185279203682028
cmapss_turbofan,u1_s11,F10,sgd,regression,0,50,1,-2.231428891721403,5.847011572571225e-05,3.6513074820116066e-05,0.0001638366828566174,-3.973448271528183,4.212921977205159e-05,0.9973005246424634,2.0,0.12185279203682028
cmapss_turbofan,u1_s11,F10,sgd,regression,1,50,1,0.2605998579700242,6.621882147767028e-05,3.160586784300809e-05,0.00021326277677181742,-3.98311692224233,0.00019973699714043495,0.9994935701681756,2.0,0.12185279203682028
cmapss_turbofan,u1_s11,F10,sgd,regression,2,51,1,-0.1184205546810205,5.1069852473159766e-05,3.072581514431708e-05,0.00016266613697455914,-3.999945228743843,2.6931715133638156e-05,0.9913327798798521,2.0,0.12185279203682028
cmapss_turbofan,u1_s11,F10,sgd,regression,3,50,1,1.1197043203172277,5.926323102386048e-05,3.426309537226323e-05,0.00021115424579975302,-4.007769439613126,4.496799137076787e-05,0.9961451877700158,2.0,0.12185279203682028
cmapss_turbofan,u1_s11,F10,sgd,classification,0,1053,1,-1.8357105257960595,0.0005989316413289106,0.0005156976164828137,0.0007211744052625205,-2.5651157330728367,0.0004988444047246653,0.7758620689655172,2.0,0.12185279203682028
cmapss_turbofan,u1_s11,F10,sgd,classification,1,1030,1,-1.8647711783836016,0.000557892382523853,0.00047355050888860974,0.000673814938180146,-2.584302652502399,0.00046153320092637745,0.7758620689655172,2.0,0.12185279203682028
cmapss_turbofan,u1_s11,F10,sgd,classification,2,1054,1,-1.6264071109198655,0.0006196178294793202,0.000542059957597238,0.0007255069023623171,-2.5647494994039572,0.0005185405660550149,0.7758620689655172,2.0,0.12185279203682028
cmapss_turbofan,u1_s11,F10,sgd,classification,3,1027,1,-1.7636904476027246,0.0006115824829602206,0.0005137400157933529,0.0007235211489642317,-2.563949720864147,0.0005043500823369121,0.7758620689655172,2.0,0.12185279203682028
cmapss_turbofan,u1_s11,F10,adam,regression,0,20,1,-1.4123015333157387,0.0004994806570747263,2.1166550286321458e-05,0.0023469111915271888,-3.4963568087826125,0.0006705855976280403,0.8845684111690149,2.0,0.12185279203682028
cmapss_turbofan,u1_s11,F10,adam,regression,1,20,1,-0.9048991454240242,0.0003626804966269787,1.706597409437571e-05,0.002565662432885826,-3.4624051340899342,0.001822483195012621,0.9621919780515,2.0,0.12185279203682028
cmapss_turbofan,u1_s11,F10,adam,regression,2,21,1,2.1936098958123598,0.00045276011631539674,2.425931534076996e-05,0.0027948745812116094,-3.47630116360922,4.049704837374497e-06,0.9016644699647225,2.0,0.12185279203682028
cmapss_turbofan,u1_s11,F10,adam,regression,3,20,1,1.352110298877334,0.0004159157807589991,2.322771971328089e-05,0.0025900444254901675,-3.4555086985797123,8.235839622538792e-05,0.9058002333463825,2.0,0.12185279203682028
cmapss_turbofan,u1_s11,F10,adam,classification,0,189,1,-3.413355079253537,5.779568296595036e-06,4.451169830606154e-06,8.63494116318242e-06,-4.385377782094287,4.501317270222299e-06,0.7758620689655172,2.0,0.12185279203682028
cmapss_turbofan,u1_s11,F10,adam,classification,1,184,1,-3.784330339512898,2.9240985420672274e-06,1.8340992555405856e-06,4.590698458680942e-06,-4.573615065340846,1.9005976392506208e-06,0.7758620689655172,2.0,0.12185279203682028
cmapss_turbofan,u1_s11,F10,adam,classification,2,176,1,-0.837194198314752,9.58033426853102e-06,8.851298897986322e-06,1.0994727010405548e-05,-4.360871706526572,7.584375997276015e-06,0.7758620689655172,2.0,0.12185279203682028
cmapss_turbofan,u1_s11,F10,adam,classification,3,179,1,-2.512581684329172,7.055794191134302e-06,4.903774126239577e-06,9.776235059310006e-06,-4.353776065094447,5.319172354409463e-06,0.7758620689655172,2.0,0.12185279203682028
cmapss_turbofan,u1_s11,F11,sgd,regression,0,58,1,-2.110107186474788,3.734384600081201e-05,9.92766943169419e-06,0.00014196918544957888,-4.139455349492864,4.204768821238221e-05,0.23768060661696214,2.0,0.12185279203682028
cmapss_turbofan,u1_s11,F11,sgd,regression,1,58,1,1.0443471107168838,4.341192844372375e-05,1.0407920874178917e-05,0.00017361929198991187,-4.128495488496149,0.00015997616354389207,0.24126871603823452,2.0,0.12185279203682028
cmapss_turbofan,u1_s11,F11,sgd,regression,2,58,1,-1.0838730309334716,3.477215523305626e-05,1.4986264677236705e-05,0.0001349077855961613,-4.137896259996876,2.029391880631729e-05,0.2359140818500047,2.0,0.12185279203682028
cmapss_turbofan,u1_s11,F11,sgd,regression,3,57,1,3.984000448571845,5.176378420068245e-05,1.3453956309783273e-05,0.00017864337282808753,-4.16434857684979,2.368036178955098e-05,0.23843103789555858,2.0,0.12185279203682028
cmapss_turbofan,u1_s11,F11,sgd,classification,0,887,1,-2.5136922432656625,9.484527905347781e-05,7.492894176766721e-05,0.00011951953630670382,-3.1588469363225524,7.130754671554507e-05,0.896551724137931,2.0,0.12185279203682028
cmapss_turbofan,u1_s11,F11,sgd,classification,1,879,1,-2.0038987868037395,7.215243178832311e-05,6.476257926311365e-05,8.9995971490121e-05,-3.224299941787562,6.476107092001388e-05,0.896551724137931,2.0,0.12185279203682028
cmapss_turbofan,u1_s11,F11,sgd,classification,2,903,1,-2.169017541118215,8.686618371046212e-05,7.394593318677343e-05,0.00011057086797883526,-3.182883162374437,6.682384541221377e-05,0.896551724137931,2.0,0.12185279203682028
cmapss_turbofan,u1_s11,F11,sgd,classification,3,864,1,-2.152103130609417,9.547778283740659e-05,7.262270106579973e-05,0.00011721257229969132,-3.1699712970542175,7.24472791343346e-05,0.896551724137931,2.0,0.12185279203682028
cmapss_turbofan,u1_s11,F11,adam,regression,0,18,1,-0.7276607038408444,0.000854053240175128,0.00021489171357297966,0.002554307186007617,-3.139633136256045,0.0004323363475289985,0.24022925218028773,2.0,0.12185279203682028
cmapss_turbofan,u1_s11,F11,adam,regression,1,18,1,-0.3397688037417849,0.0006243566957288054,0.00021231614187877375,0.0025075413274638653,-3.1445162953877053,0.0021240331205613716,0.25302444379481237,2.0,0.12185279203682028
cmapss_turbofan,u1_s11,F11,adam,regression,2,19,1,0.2975740536986479,0.0007938057389343468,0.0002675123987753708,0.002913804890607756,-3.1381039217238826,0.0004424462931067982,0.24304169581620857,2.0,0.12185279203682028
cmapss_turbofan,u1_s11,F11,adam,regression,3,18,1,0.950920448669302,0.0006975677951029853,0.00021536487226994633,0.0027626209144250057,-3.125961615118452,0.00018026058266710956,0.23573507061681395,2.0,0.12185279203682028
cmapss_turbofan,u1_s11,F11,adam,classification,0,122,1,-1.4008362822710203,2.3454524353320766e-05,5.69353029521391e-06,8.23870218215447e-05,-4.3631729961197,3.360348460352294e-05,0.8793103448275862,2.0,0.12185279203682028
cmapss_turbofan,u1_s11,F11,adam,classification,1,122,1,1.3983466213461464,3.237796011575561e-05,7.959674186908189e-06,0.0001070566943295852,-4.328250317472142,1.9123653269985222e-05,0.896551724137931,2.0,0.12185279203682028
cmapss_turbofan,u1_s11,F11,adam,classification,2,119,1,-2.3867142660896965,2.3201418814308196e-05,1.0361066654467694e-05,6.527300214750022e-05,-4.321598238931687,2.2933630091725952e-05,0.896551724137931,2.0,0.12185279203682028
cmapss_turbofan,u1_s11,F11,adam,classification,3,113,1,3.4058245843753157,3.284956982114815e-05,1.0530894667449873e-05,5.852395394351683e-05,-4.4361152079124135,4.4230429577424856e-05,0.896551724137931,2.0,0.12185279203682028
cmapss_turbofan,u1_s13,F0,sgd,regression,0,62,1,-2.106185588822263,3.7054537000497605e-05,1.015744611736653e-05,0.0001375028551269255,-4.077584566653851,4.114243667053302e-05,0.2809390378075075,1.9619016393185205,0.10637572837027812
cmapss_turbofan,u1_s13,F0,sgd,regression,1,62,1,0.8578374670920482,4.313127379544056e-05,1.0458580844983623e-05,0.00017015352594278816,-4.111454333608748,0.00015135306144968308,0.2876094754570879,1.9619016393185205,0.10637572837027812
cmapss_turbofan,u1_s13,F0,sgd,regression,2,62,1,-1.4009074634873175,3.599406419101859e-05,1.5772388919283925e-05,0.00012877623326630982,-4.097716663429725,1.849498292298927e-05,0.281456985990785,1.9619016393185205,0.10637572837027812
cmapss_turbofan,u1_s13,F0,sgd,regression,3,61,1,3.971150608981146,5.306116607130582e-05,1.564869004962173e-05,0.00017056611425087155,-4.130446318603799,2.604987288761644e-05,0.28326931582016357,1.9619016393185205,0.10637572837027812
cmapss_turbofan,u1_s13,F0,sgd,classification,0,948,1,-1.3493405975565063,0.0003454279716106907,0.00030238774172922875,0.00039384098912115343,-2.873513213080434,0.0002947253909184922,0.9310344827586207,1.9619016393185205,0.10637572837027812
cmapss_turbofan,u1_s13,F0,sgd,classification,1,921,1,-1.296875663605959,0.00033154644438547373,0.00030025446435380195,0.0003717928447702049,-2.8918419407360854,0.0002886476768494201,0.9310344827586207,1.9619016393185205,0.10637572837027812
cmapss_turbofan,u1_s13,F0,sgd,classification,2,949,1,-1.1340686459988136,0.00032825976564789574,0.00029308602233833113,0.00036529582901895273,-2.8934742744321356,0.00027979971975496343,0.9310344827586207,1.9619016393185205,0.10637572837027812
cmapss_turbofan,u1_s13,F0,sgd,classification,3,906,1,-1.4138321527961542,0.00034189182636547473,0.0002922026152720852,0.0003899498735100476,-2.8769266283874355,0.00028929697257515494,0.9310344827586207,1.9619016393185205,0.10637572837027812
cmapss_turbofan,u1_s13,F0,adam,regression,0,18,1,-0.838036414957493,0.0008712687528635043,0.0002365517698385752,0.0024467022283421397,-3.1289284726597826,0.0003612709512093047,0.28630722584498514,1.9619016393185205,0.10637572837027812
cmapss_turbofan,u1_s13,F0,adam,regression,1,18,1,-0.32255205111312957,0.0006205381910369939,0.00020736542055818443,0.002387426178078937,-3.1381421544811476,0.002224011981192887,0.3018647803266061,1.9619016393185205,0.10637572837027812
cmapss_turbofan,u1_s13,F0,adam,regression,2,19,1,0.22667889848534792,0.0007801226323417522,0.0002804990117203022,0.0029253629388967177,-3.125846664220557,0.0005563189129724349,0.28261374208214807,1.9619016393185205,0.10637572837027812
cmapss_turbofan,u1_s13,F0,adam,regression,3,19,1,1.0555609301472133,0.000711636485048334,0.00020551609490232373,0.0025983899733861495,-3.118446219959985,0.00018500107219145717,0.28609821382528844,1.9619016393185205,0.10637572837027812
cmapss_turbofan,u1_s13,F0,adam,classification,0,140,1,-1.7123292477194119,2.914398001205334e-05,7.024770049129927e-06,9.929313784764203e-05,-4.171207157970179,3.919562150687342e-05,0.9137931034482759,1.9619016393185205,0.10637572837027812
cmapss_turbofan,u1_s13,F0,adam,classification,1,128,1,2.1322814746809424,3.100128232610341e-05,1.1920464823900202e-05,0.00013058541985506362,-4.230422824953937,3.108231843701565e-05,0.9137931034482759,1.9619016393185205,0.10637572837027812
cmapss_turbofan,u1_s13,F0,adam,classification,2,126,1,-2.764227297115411,3.62371015862765e-05,1.230621206227039e-05,7.403078304098781e-05,-4.181220143599823,1.9009799078689262e-05,0.9137931034482759,1.9619016393185205,0.10637572837027812
cmapss_turbofan,u1_s13,F0,adam,classification,3,123,1,3.312765395733926,3.929537905240814e-05,1.586467712452338e-05,7.341050122881665e-05,-4.28016239983367,4.804850061427684e-05,0.9137931034482759,1.9619016393185205,0.10637572837027812
cmapss_turbofan,u1_s13,F4,sgd,regression,0,54,1,-3.7470527644770715,6.582377388889514e-05,3.9074967199911814e-05,0.00016465709974165823,-3.5988799416065396,3.364557658129726e-05,0.2800816743727227,1.9619016393185205,0.10637572837027812
cmapss_turbofan,u1_s13,F4,sgd,regression,1,54,1,-0.6721783111960441,6.752497572094199e-05,3.401245872996325e-05,0.00021029099507542128,-3.6319458584115925,0.00018354406000975116,0.283185126874874,1.9619016393185205,0.10637572837027812
cmapss_turbofan,u1_s13,F4,sgd,regression,2,54,1,-1.63998689212263,4.602490108969066e-05,2.5757599542615736e-05,0.00014790664023209944,-3.6703315701229795,1.7330694007824904e-05,0.27800339070822444,1.9619016393185205,0.10637572837027812
cmapss_turbofan,u1_s13,F4,sgd,regression,3,53,1,-0.7280331082193453,6.955740166110852e-05,3.955223354503117e-05,0.00020560869467712236,-3.6349108116433024,4.5997536003513506e-05,0.28065061641276534,1.9619016393185205,0.10637572837027812
cmapss_turbofan,u1_s13,F4,sgd,classification,0,1142,1,-1.8630518361717288,0.0005130487569504178,0.0004419891378930121,0.0006206403926058357,-2.6253998571706796,0.000427670676171696,0.9482758620689655,1.9619016393185205,0.10637572837027812
cmapss_turbofan,u1_s13,F4,sgd,classification,1,1108,1,-1.901314244495426,0.00047397846900507946,0.00040143343461701374,0.0005757814686801506,-2.646480424834982,0.0003920390328414063,0.9482758620689655,1.9619016393185205,0.10637572837027812
cmapss_turbofan,u1_s13,F4,sgd,classification,2,1132,1,-1.6297196215530398,0.0005338381710488136,0.0004677597007568379,0.0006260189454271074,-2.624732100179555,0.0004466404011653947,0.9482758620689655,1.9619016393185205,0.10637572837027812
cmapss_turbofan,u1_s13,F4,sgd,classification,3,1117,1,-1.7843592658372038,0.0005249504664887868,0.0004393264032341358,0.0006225683606302183,-2.6241258802376914,0.00043237957580148694,0.9482758620689655,1.9619016393185205,0.10637572837027812
cmapss_turbofan,u1_s13,F4,adam,regression,0,19,1,-0.5607163037280323,0.0004995175997575659,5.28378427962522e-05,0.002284377591435854,-3.4047021435631772,0.0005243811994887401,0.2735437808120071,1.9619016393185205,0.10637572837027812
cmapss_turbofan,u1_s13,F4,adam,regression,1,19,1,-0.8982279714401968,0.0003499784539712427,2.6026130526496988e-05,0.00235667685588692,-3.3863423530826093,0.0019295223862064422,0.2899620187613434,1.9619016393185205,0.10637572837027812
cmapss_turbofan,u1_s13,F4,adam,regression,2,20,1,0.6738554604197686,0.000411279249192771,3.318480315482629e-05,0.0026715309876931656,-3.4070814939603844,2.6059187015737924e-05,0.2722787692100858,1.9619016393185205,0.10637572837027812
cmapss_turbofan,u1_s13,F4,adam,regression,3,20,1,1.9303739874009813,0.0004195735004884181,4.1682049744810124e-05,0.0024625572024020615,-3.385848539601397,1.7676895820550543e-05,0.27134082154004696,1.9619016393185205,0.10637572837027812
cmapss_turbofan,u1_s13,F4,adam,classification,0,181,1,-2.287413638765983,2.7988497990137547e-05,1.9797257747762068e-05,3.2264525491644205e-05,-4.07691705869793,1.880168490047402e-05,0.9482758620689655,1.9619016393185205,0.10637572837027812
cmapss_turbofan,u1_s13,F4,adam,classification,1,175,1,-0.24486720258849237,2.240723142979994e-05,1.9137499376143857e-05,2.444702529280957e-05,-4.152132065040718,2.2409072073984014e-05,0.9482758620689655,1.9619016393185205,0.10637572837027812
cmapss_turbofan,u1_s13,F4,adam,classification,2,169,1,-1.3605970109227117,2.4978565107530788e-05,2.1951221468067406e-05,3.046874434583563e-05,-4.105419104705449,1.8336837509033782e-05,0.9482758620689655,1.9619016393185205,0.10637572837027812
cmapss_turbofan,u1_s13,F4,adam,classification,3,168,1,-1.5793937524800863,2.6664216792575368e-05,1.9926151963585414e-05,3.084025185653864e-05,-4.105981402730102,2.006562560179985e-05,0.9482758620689655,1.9619016393185205,0.10637572837027812
cmapss_turbofan,u1_s13,FA,sgd,regression,0,55,1,-3.47147747568286,5.4904757630292855e-05,3.193511459308041e-05,0.00014984993414092438,-3.7542088304309047,2.9634618390523485e-05,0.25398119692323234,1.9619016393185205,0.10637572837027812
cmapss_turbofan,u1_s13,FA,sgd,regression,1,55,1,-0.3668364550851514,6.106181334215501e-05,2.7939171368066213e-05,0.0001996535728835821,-3.777871918636023,0.00017224339534626515,0.25771301332357033,1.9619016393185205,0.10637572837027812
cmapss_turbofan,u1_s13,FA,sgd,regression,2,56,1,-0.9471651173780532,3.8169724340671814e-05,1.9698027258187684e-05,0.00013817378730308615,-3.840701625518931,1.3323608300046413e-05,0.2521250390933739,1.9619016393185205,0.10637572837027812
cmapss_turbofan,u1_s13,FA,sgd,regression,3,54,1,-0.31328965280343024,5.872250968032818e-05,3.131266089338072e-05,0.00019264251837485577,-3.7913932328717936,4.1671760223269774e-05,0.25506958385882117,1.9619016393185205,0.10637572837027812
cmapss_turbofan,u1_s13,FA,sgd,classification,0,1155,1,-2.0784488779777965,0.00044353902652017794,0.0003746883668950096,0.0005493528385983135,-2.6554558162905786,0.00036082099370813946,0.9482758620689655,1.9619016393185205,0.10637572837027812
cmapss_turbofan,u1_s13,FA,sgd,classification,1,1130,1,-2.1446571737064635,0.0004059454924697875,0.0003350287988125727,0.0005059785041894128,-2.678158263913886,0.0003258395066841369,0.9482758620689655,1.9619016393185205,0.10637572837027812
cmapss_turbofan,u1_s13,FA,sgd,classification,2,1146,1,-1.8030285273679791,0.0004655703526973801,0.00040118973171597924,0.0005556540636839017,-2.654111158758945,0.0003804209064607576,0.9482758620689655,1.9619016393185205,0.10637572837027812
cmapss_turbofan,u1_s13,FA,sgd,classification,3,1131,1,-1.991897356422141,0.00045611748645251957,0.0003723424832645437,0.0005521818480144838,-2.6536243217091324,0.00036586780235794926,0.9482758620689655,1.9619016393185205,0.10637572837027812
cmapss_turbofan,u1_s13,FA,adam,regression,0,19,1,-0.48894683900093694,0.0004845648994305868,5.143231207038442e-05,0.002244199790374932,-3.414250426984658,0.0004713509866870384,0.24499321361847107,1.9619016393185205,0.10637572837027812
cmapss_turbofan,u1_s13,FA,adam,regression,1,19,1,-0.9464439369427156,0.0003830032153001616,2.7924960460504148e-05,0.002310806857356858,-3.4009649434612546,0.001991671689214686,0.26489129035098563,1.9619016393185205,0.10637572837027812
cmapss_turbofan,u1_s13,FA,adam,regression,2,20,1,0.3526424690806875,0.0004015019661054684,3.773100097354297e-05,0.002550644739012826,-3.411645179368927,4.4761997199513035e-05,0.2458147334080373,1.9619016393185205,0.10637572837027812
cmapss_turbofan,u1_s13,FA,adam,regression,3,20,1,1.9113955286847808,0.0004065459707997328,4.72349989720832e-05,0.002406207261873368,-3.398096851474427,9.001778199327177e-06,0.24964954820271446,1.9619016393185205,0.10637572837027812
cmapss_turbofan,u1_s13,FA,adam,classification,0,180,1,-2.0825403798326527,1.3675107964890734e-05,9.847340651053128e-06,1.5238982078953613e-05,-4.378054169633596,9.42689813266735e-06,0.9482758620689655,1.9619016393185205,0.10637572837027812
cmapss_turbofan,u1_s13,FA,adam,classification,1,173,1,0.6865950289838887,1.427216858224788e-05,1.126684746128828e-05,1.8261308385555357e-05,-4.420886137225404,1.5174678282904331e-05,0.9482758620689655,1.9619016393185205,0.10637572837027812
cmapss_turbofan,u1_s13,FA,adam,classification,2,168,1,-0.31666666454297104,1.4760531926187153e-05,1.2347559765530639e-05,1.8611432263358793e-05,-4.402928282626411,1.0113127018453447e-05,0.9482758620689655,1.9619016393185205,0.10637572837027812
cmapss_turbofan,u1_s13,FA,adam,classification,3,167,1,-1.6963562210558332,1.3235918501309737e-05,9.594053897451548e-06,1.6028287956778623e-05,-4.378078642995088,9.837721773881001e-06,0.9482758620689655,1.9619016393185205,0.10637572837027812
cmapss_turbofan,u1_s13,F10,sgd,regression,0,46,1,-3.252542502151393,2.6085261613264026e-05,2.657153278924214e-06,0.00013908158302677954,-4.439499552102098,1.7432873546235396e-05,0.9972444397389133,1.9619016393185205,0.10637572837027812
cmapss_turbofan,u1_s13,F10,sgd,regression,1,46,1,1.0972277953388574,3.7870667146949455e-05,2.9619055492929973e-06,0.0001939096118237876,-4.4440537797028,0.0001926542533704683,0.9984948631950749,1.9619016393185205,0.10637572837027812
cmapss_turbofan,u1_s13,F10,sgd,regression,2,46,1,0.6194763701651563,2.576559567635939e-05,2.505197824305722e-06,0.00014998658329129402,-4.448035533696573,2.250501449110798e-06,0.989831208295639,1.9619016393185205,0.10637572837027812
cmapss_turbofan,u1_s13,F10,sgd,regression,3,46,1,3.1188510470496147,3.0157524016773078e-05,2.857366145874311e-06,0.00019035390822465004,-4.4791243259914895,1.3387086880111706e-05,0.9945495189723934,1.9619016393185205,0.10637572837027812
cmapss_turbofan,u1_s13,F10,sgd,classification,0,953,1,-1.8853798138077398,0.000530507072496751,0.0004554390952271077,0.0006428719778709984,-2.603808017868124,0.0004401297096173609,0.8103448275862069,1.9619016393185205,0.10637572837027812
cmapss_turbofan,u1_s13,F10,sgd,classification,1,941,1,-1.92586644367193,0.0004922621415183187,0.000415274684336587,0.0005988301613261821,-2.623945115872973,0.00040452335787295594,0.8103448275862069,1.9619016393185205,0.10637572837027812
cmapss_turbofan,u1_s13,F10,sgd,classification,2,954,1,-1.6597993977221734,0.0005517100273819612,0.00048143248502225734,0.0006486378656523927,-2.6030075718455046,0.00045960274337616665,0.8103448275862069,1.9619016393185205,0.10637572837027812
cmapss_turbofan,u1_s13,F10,sgd,classification,3,929,1,-1.8113133450860082,0.0005429200442402292,0.00045344356311807706,0.0006455154854567041,-2.6022747580376016,0.0004453020256256478,0.8103448275862069,1.9619016393185205,0.10637572837027812
cmapss_turbofan,u1_s13,F10,adam,regression,0,20,1,-1.4857173298924435,0.0005262715117762388,2.2982949183747596e-05,0.002559954097377443,-3.5428560524483146,0.0009244413532099252,0.916281353441559,1.9619016393185205,0.10637572837027812
cmapss_turbofan,u1_s13,F10,adam,regression,1,20,1,-0.8231092154780641,0.00035567179675011256,1.255085620337221e-05,0.002782704748962957,-3.5045304576845586,0.001812137613722681,0.9431787656343477,1.9619016393185205,0.10637572837027812
cmapss_turbofan,u1_s13,F10,adam,regression,2,20,1,2.052945301431703,0.0004656317686345206,1.6156458209569594e-05,0.003200953395110923,-3.5164608823344707,1.1499221009767491e-07,0.8750791385160362,1.9619016393185205,0.10637572837027812
cmapss_turbofan,u1_s13,F10,adam,regression,3,20,1,0.9197103198040736,0.0004500942220289364,1.8185534264025737e-05,0.0026862020103827233,-3.492982175137616,0.000321913875531567,0.9294242889851498,1.9619016393185205,0.10637572837027812
cmapss_turbofan,u1_s13,F10,adam,classification,0,177,1,-3.6089515593908232,4.343635974320252e-06,3.3425978336095927e-06,6.7951686966776845e-06,-4.468972235596259,3.439417460415963e-06,0.8103448275862069,1.9619016393185205,0.10637572837027812
cmapss_turbofan,u1_s13,F10,adam,classification,1,172,1,-4.248161086936,2.002680092328937e-06,1.1690478821935227e-06,3.353894133403416e-06,-4.681573277951977,1.2230535062254275e-06,0.8103448275862069,1.9619016393185205,0.10637572837027812
cmapss_turbofan,u1_s13,F10,adam,classification,2,168,1,-0.6910696716096013,8.140609284551678e-06,7.401423732677076e-06,9.380398313339465e-06,-4.434145778898866,6.366465992925379e-06,0.8103448275862069,1.9619016393185205,0.10637572837027812
cmapss_turbofan,u1_s13,F10,adam,classification,3,166,1,-2.6213949585645833,5.412166028671216e-06,3.7165575471652637e-06,7.819511344627445e-06,-4.432731577854544,4.113892818890637e-06,0.8103448275862069,1.9619016393185205,0.10637572837027812
cmapss_turbofan,u1_s13,F11,sgd,regression,0,62,1,-2.106185588822263,3.7054537000497605e-05,1.015744611736653e-05,0.0001375028551269255,-4.077584566653851,4.114243667053302e-05,0.2809390378075075,1.9619016393185205,0.10637572837027812
cmapss_turbofan,u1_s13,F11,sgd,regression,1,62,1,0.8578374670920482,4.313127379544056e-05,1.0458580844983623e-05,0.00017015352594278816,-4.111454333608748,0.00015135306144968308,0.2876094754570879,1.9619016393185205,0.10637572837027812
cmapss_turbofan,u1_s13,F11,sgd,regression,2,62,1,-1.4009074634873175,3.599406419101859e-05,1.5772388919283925e-05,0.00012877623326630982,-4.097716663429725,1.849498292298927e-05,0.281456985990785,1.9619016393185205,0.10637572837027812
cmapss_turbofan,u1_s13,F11,sgd,regression,3,61,1,3.971150608981146,5.306116607130582e-05,1.564869004962173e-05,0.00017056611425087155,-4.130446318603799,2.604987288761644e-05,0.28326931582016357,1.9619016393185205,0.10637572837027812
cmapss_turbofan,u1_s13,F11,sgd,classification,0,948,1,-1.3493405975565063,0.0003454279716106907,0.00030238774172922875,0.00039384098912115343,-2.873513213080434,0.0002947253909184922,0.9310344827586207,1.9619016393185205,0.10637572837027812
cmapss_turbofan,u1_s13,F11,sgd,classification,1,921,1,-1.296875663605959,0.00033154644438547373,0.00030025446435380195,0.0003717928447702049,-2.8918419407360854,0.0002886476768494201,0.9310344827586207,1.9619016393185205,0.10637572837027812
cmapss_turbofan,u1_s13,F11,sgd,classification,2,949,1,-1.1340686459988136,0.00032825976564789574,0.00029308602233833113,0.00036529582901895273,-2.8934742744321356,0.00027979971975496343,0.9310344827586207,1.9619016393185205,0.10637572837027812
cmapss_turbofan,u1_s13,F11,sgd,classification,3,906,1,-1.4138321527961542,0.00034189182636547473,0.0002922026152720852,0.0003899498735100476,-2.8769266283874355,0.00028929697257515494,0.9310344827586207,1.9619016393185205,0.10637572837027812
cmapss_turbofan,u1_s13,F11,adam,regression,0,18,1,-0.838036414957493,0.0008712687528635043,0.0002365517698385752,0.0024467022283421397,-3.1289284726597826,0.0003612709512093047,0.28630722584498514,1.9619016393185205,0.10637572837027812
cmapss_turbofan,u1_s13,F11,adam,regression,1,18,1,-0.32255205111312957,0.0006205381910369939,0.00020736542055818443,0.002387426178078937,-3.1381421544811476,0.002224011981192887,0.3018647803266061,1.9619016393185205,0.10637572837027812
cmapss_turbofan,u1_s13,F11,adam,regression,2,19,1,0.22667889848534792,0.0007801226323417522,0.0002804990117203022,0.0029253629388967177,-3.125846664220557,0.0005563189129724349,0.28261374208214807,1.9619016393185205,0.10637572837027812
cmapss_turbofan,u1_s13,F11,adam,regression,3,19,1,1.0555609301472133,0.000711636485048334,0.00020551609490232373,0.0025983899733861495,-3.118446219959985,0.00018500107219145717,0.28609821382528844,1.9619016393185205,0.10637572837027812
cmapss_turbofan,u1_s13,F11,adam,classification,0,140,1,-1.7123292477194119,2.914398001205334e-05,7.024770049129927e-06,9.929313784764203e-05,-4.171207157970179,3.919562150687342e-05,0.9137931034482759,1.9619016393185205,0.10637572837027812
cmapss_turbofan,u1_s13,F11,adam,classification,1,128,1,2.1322814746809424,3.100128232610341e-05,1.1920464823900202e-05,0.00013058541985506362,-4.230422824953937,3.108231843701565e-05,0.9137931034482759,1.9619016393185205,0.10637572837027812
cmapss_turbofan,u1_s13,F11,adam,classification,2,126,1,-2.764227297115411,3.62371015862765e-05,1.230621206227039e-05,7.403078304098781e-05,-4.181220143599823,1.9009799078689262e-05,0.9137931034482759,1.9619016393185205,0.10637572837027812
cmapss_turbofan,u1_s13,F11,adam,classification,3,123,1,3.312765395733926,3.929537905240814e-05,1.586467712452338e-05,7.341050122881665e-05,-4.28016239983367,4.804850061427684e-05,0.9137931034482759,1.9619016393185205,0.10637572837027812
cmapss_turbofan,u2_s2,F0,sgd,regression,0,66,1,-1.4501127536846565,5.057000939772101e-05,1.6945592785553508e-05,0.00015979813076893415,-4.02485291444311,5.264766126635945e-05,0.3987710592099619,1.7907920792078478,0.11541023920259456
cmapss_turbofan,u2_s2,F0,sgd,regression,1,67,1,0.7394854247365776,5.1186347517274025e-05,1.3565254050530526e-05,0.0001794527825561804,-4.060340561157493,0.00016118265463764805,0.4019047027382073,1.7907920792078478,0.11541023920259456
cmapss_turbofan,u2_s2,F0,sgd,regression,2,65,1,-1.426411086460533,4.468893292093361e-05,2.060609293724656e-05,0.00013574811169051465,-4.038899829081732,3.023184741657168e-05,0.3975522169321628,1.7907920792078478,0.11541023920259456
cmapss_turbofan,u2_s2,F0,sgd,regression,3,66,1,3.9178211772966587,6.303883668669206e-05,2.147454563470725e-05,0.0001787400637859603,-4.102240791002752,2.7536161963220445e-05,0.39995639025493596,1.7907920792078478,0.11541023920259456
cmapss_turbofan,u2_s2,F0,sgd,classification,0,760,1,-3.9607742221628035,5.087357063627472e-05,2.7149439888741623e-05,6.632121003020988e-05,-3.4585624708034586,2.4750029944915893e-05,0.896551724137931,1.7907920792078478,0.11541023920259456
cmapss_turbofan,u2_s2,F0,sgd,classification,1,751,1,-1.7344025446850873,3.4738168402449136e-05,3.021764436381798e-05,4.079114107475175e-05,-3.5486723658570116,2.910340714308687e-05,0.8850574712643678,1.7907920792078478,0.11541023920259456
cmapss_turbofan,u2_s2,F0,sgd,classification,2,734,1,-3.1435170455048325,3.305971784519959e-05,2.5733430582330254e-05,4.8355041311333817e-05,-3.536407020980638,2.0492477380179894e-05,0.896551724137931,1.7907920792078478,0.11541023920259456
cmapss_turbofan,u2_s2,F0,sgd,classification,3,745,1,-3.188396341892663,4.7289822226423544e-05,2.873804795610026e-05,6.19365111210951e-05,-3.502664580095817,2.7104916385378916e-05,0.896551724137931,1.7907920792078478,0.11541023920259456
cmapss_turbofan,u2_s2,F0,adam,regression,0,17,1,-1.1579717289226303,0.0010028573910475223,0.00030547122440264103,0.002676445350732278,-3.0410498358578284,0.00042618457766384614,0.40552493734586353,1.7907920792078478,0.11541023920259456
cmapss_turbofan,u2_s2,F0,adam,regression,1,17,1,0.018566861294567364,0.0008131769322440392,0.00031762088492000767,0.0027356855985647805,-3.038752949942264,0.002214770672587599,0.4159251644848927,1.7907920792078478,0.11541023920259456
cmapss_turbofan,u2_s2,F0,adam,regression,2,17,1,0.06500778617451443,0.0009814223149112074,0.00034785111347195193,0.0030714506889440597,-3.0325283417572777,0.0007076622764386848,0.3976337210575597,1.7907920792078478,0.11541023920259456
cmapss_turbofan,u2_s2,F0,adam,regression,3,18,1,0.8401256894303064,0.0008989168001027438,0.0002997651169434279,0.0029867283585740885,-3.016717857065469,0.0001387410044120928,0.4012338114966396,1.7907920792078478,0.11541023920259456
cmapss_turbofan,u2_s2,F0,adam,classification,0,79,1,-1.6238557103967743,6.778033319107649e-05,2.3143162652854918e-05,0.00017916264828910677,-4.0417864432391015,6.47300708584648e-05,0.896551724137931,1.7907920792078478,0.11541023920259456
cmapss_turbofan,u2_s2,F0,adam,classification,1,80,1,0.2811645477898949,6.702145139485686e-05,1.3928320367271656e-05,0.00018398260971735081,-4.0754310014921264,8.462038986044758e-05,0.8850574712643678,1.7907920792078478,0.11541023920259456
cmapss_turbofan,u2_s2,F0,adam,classification,2,77,1,-1.2898936930777603,5.85336219508498e-05,2.600428243564699e-05,0.00014701871923498814,-4.07550949150363,4.708387805940558e-05,0.9080459770114943,1.7907920792078478,0.11541023920259456
cmapss_turbofan,u2_s2,F0,adam,classification,3,79,1,3.73935947654418,7.39186373090434e-05,2.7682500605019745e-05,0.00018833839892063315,-4.0996995254592745,0.00010190776037485004,0.8850574712643678,1.7907920792078478,0.11541023920259456
cmapss_turbofan,u2_s2,F4,sgd,regression,0,56,1,-3.606594758686453,6.40926598845308e-05,3.863478406815883e-05,0.00016030422357834746,-3.5316499675412953,3.74211565145567e-05,0.3565165443138242,1.7907920792078478,0.11541023920259456
cmapss_turbofan,u2_s2,F4,sgd,regression,1,57,1,-0.5705198987464826,7.389445206334313e-05,4.1643996739696484e-05,0.0002135548827106242,-3.55015075339773,0.0001818050788565231,0.3581168374389363,1.7907920792078478,0.11541023920259456
cmapss_turbofan,u2_s2,F4,sgd,regression,2,57,1,-0.7465094512125223,5.1868224356355934e-05,3.382569075447778e-05,0.0001520888851298752,-3.5936071640338874,2.69071322656202e-05,0.35540638383267753,1.7907920792078478,0.11541023920259456
cmapss_turbofan,u2_s2,F4,sgd,regression,3,55,1,-0.8458337206706648,7.063110960656958e-05,4.052950311964659e-05,0.00020070423203839453,-3.556659049010398,4.9295158616095696e-05,0.356458924581862,1.7907920792078478,0.11541023920259456
cmapss_turbofan,u2_s2,F4,sgd,classification,0,1353,1,-1.7284963299759957,0.0008571019774890228,0.0007434007589680222,0.0010194314780314917,-2.4535422476345765,0.0007202385878681124,0.9310344827586207,1.7907920792078478,0.11541023920259456
cmapss_turbofan,u2_s2,F4,sgd,classification,1,1341,1,-1.753127203542006,0.0008095006828243018,0.0006943102653536802,0.000964646185435844,-2.469246951756293,0.0006763764146739877,0.9310344827586207,1.7907920792078478,0.11541023920259456
cmapss_turbofan,u2_s2,F4,sgd,classification,2,1344,1,-1.5602143343926023,0.0008800424376063085,0.0007730052951645961,0.001022608053993301,-2.453591772039889,0.0007422129829342038,0.9310344827586207,1.7907920792078478,0.11541023920259456
cmapss_turbofan,u2_s2,F4,sgd,classification,3,1363,1,-1.6741231499898395,0.0008718699604779011,0.0007413850302454557,0.0010217223442854837,-2.452591084664106,0.0007266067106967564,0.9310344827586207,1.7907920792078478,0.11541023920259456
cmapss_turbofan,u2_s2,F4,adam,regression,0,19,1,-0.3667540877687839,0.0004957588037190411,5.566415274070861e-05,0.002245325279851682,-3.373980647117721,0.00045032019587250565,0.3560087764318471,1.7907920792078478,0.11541023920259456
cmapss_turbofan,u2_s2,F4,adam,regression,1,19,1,-0.976961834029851,0.00038792609790482837,2.9241573375167163e-05,0.0023082864430617606,-3.366098871000542,0.0019937974338371045,0.35966631949451333,1.7907920792078478,0.11541023920259456
cmapss_turbofan,u2_s2,F4,adam,regression,2,20,1,0.4922819035541385,0.00040361351556642065,3.9388954502746424e-05,0.002553558700401586,-3.3695558968765575,5.0669184547452826e-05,0.351976410315865,1.7907920792078478,0.11541023920259456
cmapss_turbofan,u2_s2,F4,adam,regression,3,20,1,1.9183273199650075,0.00041519857314254057,4.723091246439152e-05,0.002395240218691844,-3.3602927563374476,1.3106668076805317e-05,0.35093156287453264,1.7907920792078478,0.11541023920259456
cmapss_turbofan,u2_s2,F4,adam,classification,0,220,1,-3.117251994444054,9.323190073379435e-06,7.161056025912993e-06,1.3100528766699195e-05,-4.230413491685842,7.081968010763791e-06,0.9310344827586207,1.7907920792078478,0.11541023920259456
cmapss_turbofan,u2_s2,F4,adam,classification,1,210,1,-3.2880398759885483,5.167867847456677e-06,3.579093196979667e-06,7.643719868585172e-06,-4.385927333882571,3.672057006731987e-06,0.9310344827586207,1.7907920792078478,0.11541023920259456
cmapss_turbofan,u2_s2,F4,adam,classification,2,202,1,-0.9594297563076881,1.3213743135898731e-05,1.2141756143725671e-05,1.5037607111454529e-05,-4.219845497273474,1.0546968034656587e-05,0.9310344827586207,1.7907920792078478,0.11541023920259456
cmapss_turbofan,u2_s2,F4,adam,classification,3,211,1,-2.432685306596929,1.0822682442660666e-05,7.510834262152097e-06,1.4256722586274046e-05,-4.205780861415287,8.049629851442898e-06,0.9310344827586207,1.7907920792078478,0.11541023920259456
cmapss_turbofan,u2_s2,FA,sgd,regression,0,55,1,-3.663826346957189,5.593600798579508e-05,3.126779632617699e-05,0.00015554025627848736,-3.5707221541286582,3.493931703347442e-05,0.35452790190086236,1.7907920792078478,0.11541023920259456
cmapss_turbofan,u2_s2,FA,sgd,regression,1,56,1,-1.0965952119184048,6.777854379084032e-05,3.3366044022856546e-05,0.00020972400359827727,-3.5754678316522033,0.00017647379578452198,0.3564451147655444,1.7907920792078478,0.11541023920259456
cmapss_turbofan,u2_s2,FA,sgd,regression,2,56,1,-0.2751453943023562,4.878947401570352e-05,3.0414022893601163e-05,0.00014965424018811981,-3.6413167129278254,2.266911141716061e-05,0.35368286156443335,1.7907920792078478,0.11541023920259456
cmapss_turbofan,u2_s2,FA,sgd,regression,3,54,1,-1.0945641422363601,5.978058494343955e-05,2.988091829720507e-05,0.00019262523341242256,-3.5939457569729454,3.889294069455434e-05,0.35453173304883684,1.7907920792078478,0.11541023920259456
cmapss_turbofan,u2_s2,FA,sgd,classification,0,1289,1,-1.921296809433727,0.0006822038985015869,0.0005820497036703855,0.0008280449686938317,-2.5127111638499895,0.0005617397802915069,0.9310344827586207,1.7907920792078478,0.11541023920259456
cmapss_turbofan,u2_s2,FA,sgd,classification,1,1268,1,-1.9569666392272147,0.0006355346355151079,0.0005346049631769403,0.0007743628980111469,-2.5311385164062674,0.0005200770391935825,0.9310344827586207,1.7907920792078478,0.11541023920259456
cmapss_turbofan,u2_s2,FA,sgd,classification,2,1280,1,-1.7122113479005623,0.0007041441622035877,0.0006106815016229017,0.0008308531003449268,-2.512683253767612,0.000582831687213087,0.9310344827586207,1.7907920792078478,0.11541023920259456
cmapss_turbofan,u2_s2,FA,sgd,classification,3,1293,1,-1.8515015900390197,0.0006962848301317553,0.0005792342888423546,0.0008301345512565703,-2.5117200893661202,0.0005678029586328024,0.9310344827586207,1.7907920792078478,0.11541023920259456
cmapss_turbofan,u2_s2,FA,adam,regression,0,19,1,-0.33563574030337856,0.0005138964116800655,7.413587082841115e-05,0.002297644347393774,-3.339497685800776,0.00048294051815458956,0.35300435237688094,1.7907920792078478,0.11541023920259456
cmapss_turbofan,u2_s2,FA,adam,regression,1,19,1,-0.9684958129177186,0.0003918665786214452,4.026487439071001e-05,0.0023167321051201137,-3.3382328173282354,0.001964282434646725,0.3590938589516871,1.7907920792078478,0.11541023920259456
cmapss_turbofan,u2_s2,FA,adam,regression,2,20,1,0.5030756939736378,0.0004363975368457596,5.735739456171392e-05,0.0026452654438587435,-3.337528485157781,5.736041642138251e-05,0.34981625001569583,1.7907920792078478,0.11541023920259456
cmapss_turbofan,u2_s2,FA,adam,regression,3,20,1,1.8066194045320725,0.00042950976620477764,6.288152307987607e-05,0.002501416216365268,-3.330035477658729,5.771532072489364e-05,0.35130144656598256,1.7907920792078478,0.11541023920259456
cmapss_turbofan,u2_s2,FA,adam,classification,0,210,1,-2.644911600480478,1.2127667781589061e-05,8.612824801031412e-06,1.4568611750575593e-05,-4.290941941862664,8.111719109447717e-06,0.9310344827586207,1.7907920792078478,0.11541023920259456
cmapss_turbofan,u2_s2,FA,adam,classification,1,201,1,0.027626851435263933,9.331212308418863e-06,8.314788947096984e-06,1.0668073881539787e-05,-4.415016774375645,1.030761371851752e-05,0.9310344827586207,1.7907920792078478,0.11541023920259456
cmapss_turbofan,u2_s2,FA,adam,classification,2,192,1,-0.6496036217997709,1.2649379797029388e-05,1.1090097553816996e-05,1.4898749222454954e-05,-4.3202148188391165,9.331728626231857e-06,0.9310344827586207,1.7907920792078478,0.11541023920259456
cmapss_turbofan,u2_s2,FA,adam,classification,3,199,1,-1.8211949827806946,1.2701854321501007e-05,8.55848558075129e-06,1.518691128878473e-05,-4.289312572764064,9.211252594503557e-06,0.9310344827586207,1.7907920792078478,0.11541023920259456
cmapss_turbofan,u2_s2,F10,sgd,regression,0,47,1,-2.9424556269845383,2.91321289317199e-05,5.964001968931009e-06,0.000141417678963601,-4.347341452127197,1.941298856424977e-05,0.7204844319299993,1.7907920792078478,0.11541023920259456
cmapss_turbofan,u2_s2,F10,sgd,regression,1,47,1,0.9332965774803342,4.059377133943603e-05,5.944268496570907e-06,0.0001933652475936625,-4.351853796307157,0.00019061116291174863,0.7226329823324423,1.7907920792078478,0.11541023920259456
cmapss_turbofan,u2_s2,F10,sgd,regression,2,47,1,0.5313014842699914,2.7814637845204045e-05,5.226882705290497e-06,0.00014704013687051555,-4.362296672687209,4.730011090612756e-06,0.7158721407738748,1.7907920792078478,0.11541023920259456
cmapss_turbofan,u2_s2,F10,sgd,regression,3,47,1,2.6325590238128025,3.285834946787893e-05,5.918870080453686e-06,0.00019108786969442487,-4.385430554511261,1.7095629793183738e-05,0.7190238028314792,1.7907920792078478,0.11541023920259456
cmapss_turbofan,u2_s2,F10,sgd,classification,0,1031,1,-1.8281874292015907,0.0006128488040717933,0.0005282293403784097,0.0007376324941880108,-2.5597456180159286,0.0005110148674027592,0.8620689655172413,1.7907920792078478,0.11541023920259456
cmapss_turbofan,u2_s2,F10,sgd,classification,1,1011,1,-1.8620420695710749,0.0005720919314765717,0.0004856414867270992,0.0006907694588785875,-2.578440152877667,0.0004731310572173475,0.8620689655172413,1.7907920792078478,0.11541023920259456
cmapss_turbofan,u2_s2,F10,sgd,classification,2,1030,1,-1.6230415149339572,0.0006346649515300547,0.0005553373845291201,0.0007430444543148287,-2.559172920248456,0.0005313396362089879,0.8620689655172413,1.7907920792078478,0.11541023920259456
cmapss_turbofan,u2_s2,F10,sgd,classification,3,1014,1,-1.7601177553311496,0.0006258195929350187,0.000526282233765181,0.0007402900244827153,-2.558442675673068,0.0005164909304446544,0.8620689655172413,1.7907920792078478,0.11541023920259456
cmapss_turbofan,u2_s2,F10,adam,regression,0,20,1,-1.5774167667969143,0.0005238281089229756,2.1556467645203484e-05,0.0025433947995527036,-3.5300531262331907,0.0008683328381709461,0.6631010068810174,1.7907920792078478,0.11541023920259456
cmapss_turbofan,u2_s2,F10,adam,regression,1,20,1,-0.8772907275474732,0.00035255622864827465,1.305312205673886e-05,0.0027860426516711266,-3.495136439224429,0.0017865361884052094,0.6911611308627248,1.7907920792078478,0.11541023920259456
cmapss_turbofan,u2_s2,F10,adam,regression,2,20,1,2.256940520893046,0.00044826261639766235,1.8983917698366416e-05,0.0031126745293488614,-3.5097575420976166,5.918122718513032e-07,0.648865136609967,1.7907920792078478,0.11541023920259456
cmapss_turbofan,u2_s2,F10,adam,regression,3,20,1,0.7185986610501963,0.0004582477633097854,1.9969043453369044e-05,0.0026413315234006317,-3.4836431189045056,0.0002477679194083758,0.6667742108445041,1.7907920792078478,0.11541023920259456
cmapss_turbofan,u2_s2,F10,adam,classification,0,187,1,-3.026663308303213,6.399716503362313e-06,5.181774208879088e-06,9.256819317232873e-06,-4.3620073094568985,5.2447272036334625e-06,0.8620689655172413,1.7907920792078478,0.11541023920259456
cmapss_turbofan,u2_s2,F10,adam,classification,1,183,1,-3.3919726809230144,3.6386846976358933e-06,2.4066843817424525e-06,5.458364587747504e-06,-4.5268055871460104,2.46096385235203e-06,0.8620689655172413,1.7907920792078478,0.11541023920259456
cmapss_turbofan,u2_s2,F10,adam,classification,2,175,1,-0.8108901958237731,1.043598165955048e-05,9.754291548589079e-06,1.1954734393263947e-05,-4.334733222012861,8.427991530163072e-06,0.8620689655172413,1.7907920792078478,0.11541023920259456
cmapss_turbofan,u2_s2,F10,adam,classification,3,177,1,-2.300246125996532,7.699913122138186e-06,5.667885875815353e-06,1.044543756129596e-05,-4.329318008826922,6.02648999837462e-06,0.8620689655172413,1.7907920792078478,0.11541023920259456
cmapss_turbofan,u2_s2,F11,sgd,regression,0,94,1,-2.7417570365541435,3.634329798542082e-05,6.676138472915813e-06,0.00015137975428422052,-3.6428453789150654,4.620419974030997e-05,0.37045434523885734,1.7907920792078478,0.11541023920259456
cmapss_turbofan,u2_s2,F11,sgd,regression,1,104,1,0.39119301481134544,3.917611696754782e-05,6.17975358863691e-06,0.0001806272976076962,-3.6955052116075238,0.00016916021086647737,0.37033297467406234,1.7907920792078478,0.11541023920259456
cmapss_turbofan,u2_s2,F11,sgd,regression,2,84,1,-0.4236290352935485,3.1810536814014134e-05,1.0849593883335632e-05,0.0001393134813875254,-3.7384407538066227,5.959211331825889e-06,0.3697045454307171,1.7907920792078478,0.11541023920259456
cmapss_turbofan,u2_s2,F11,sgd,regression,3,92,1,2.6166170647512645,4.866849710174566e-05,1.4856491587918738e-05,0.0001827138309918259,-3.6893739328104482,1.964330922954992e-05,0.3695996504008384,1.7907920792078478,0.11541023920259456
cmapss_turbofan,u2_s2,F11,sgd,classification,0,1141,1,-1.429940409217727,0.0006719983721767797,0.0005802064853495635,0.0007630557181315231,-2.6570009213204595,0.0005639442918015235,0.9310344827586207,1.7907920792078478,0.11541023920259456
cmapss_turbofan,u2_s2,F11,sgd,classification,1,1091,1,-1.2326931459293389,0.0006326957822993118,0.0005726367512336001,0.0007088058009574278,-2.673593278412657,0.0005622049156373631,0.9310344827586207,1.7907920792078478,0.11541023920259456
cmapss_turbofan,u2_s2,F11,sgd,classification,2,1119,1,-1.2843697196686794,0.0006387696444654008,0.0005672579427829204,0.0007148981648318736,-2.6706785238720405,0.0005471953021412622,0.9310344827586207,1.7907920792078478,0.11541023920259456
cmapss_turbofan,u2_s2,F11,sgd,classification,3,1096,1,-1.3394341783088335,0.0006690620228575047,0.0005751464361171277,0.0007541680016533462,-2.6613881657582468,0.0005677712425064317,0.9310344827586207,1.7907920792078478,0.11541023920259456
cmapss_turbofan,u2_s2,F11,adam,regression,0,64,1,-0.18924078553867404,0.0007716380836307867,0.00017497304722667562,0.0025858980292018208,-3.1474122504132485,0.0005186026769984236,0.3757946309522385,1.7907920792078478,0.11541023920259456
cmapss_turbofan,u2_s2,F11,adam,regression,1,65,1,-0.2994161885347119,0.0005881654877099519,0.0001426790030785961,0.002556019008536529,-3.1581371067993214,0.001789380233480642,0.37662589296405813,1.7907920792078478,0.11541023920259456
cmapss_turbofan,u2_s2,F11,adam,regression,2,62,1,0.3904168676097278,0.000676145796433952,0.00017875130252708788,0.0028443086499249067,-3.137644137885902,0.00041161801706644373,0.3741702738003686,1.7907920792078478,0.11541023920259456
cmapss_turbofan,u2_s2,F11,adam,regression,3,63,1,1.4713849237579768,0.0005973689764851159,0.0001549224286192219,0.0028073018562516636,-3.143137901560986,0.0002460497068428739,0.36601918528282373,1.7907920792078478,0.11541023920259456
cmapss_turbofan,u2_s2,F11,adam,classification,0,185,1,-3.2908352278586745,1.1831461513185958e-05,4.286932433442828e-06,7.264649029682198e-05,-4.13555619952249,2.6886729159051307e-05,0.9195402298850575,1.7907920792078478,0.11541023920259456
cmapss_turbofan,u2_s2,F11,adam,classification,1,171,1,0.0583360959701868,2.2763012982777578e-05,2.8858099132396847e-06,0.00010415398919424662,-4.147106614909134,1.1265225815820454e-05,0.9195402298850575,1.7907920792078478,0.11541023920259456
cmapss_turbofan,u2_s2,F11,adam,classification,2,159,1,-0.6105743248180151,1.9438696329979255e-05,7.035815556193597e-06,6.711136727482876e-05,-4.198247993413841,8.844419356866094e-06,0.9195402298850575,1.7907920792078478,0.11541023920259456
cmapss_turbofan,u2_s2,F11,adam,classification,3,156,1,0.26697388990315457,2.0478941914886897e-05,7.976995317428155e-06,4.438907429284466e-05,-4.174105430921726,2.616618084390723e-05,0.9195402298850575,1.7907920792078478,0.11541023920259456
cmapss_turbofan,u2_s3,F0,sgd,regression,0,75,1,-1.4078641366237497,5.545486395714883e-05,2.0183031323659896e-05,0.00015722283880557022,-4.001552912640284,5.307825714406429e-05,0.5284304501618218,1.76829624170971,0.0772677502688599
cmapss_turbofan,u2_s3,F0,sgd,regression,1,74,1,0.5834054043449676,5.655100237982281e-05,1.4072239962017589e-05,0.00016564038946252063,-4.0492536506937835,0.00015122300729836352,0.532590897748782,1.76829624170971,0.0772677502688599
cmapss_turbofan,u2_s3,F0,sgd,regression,2,71,1,-1.5491418200221807,5.161995478595479e-05,2.3977761921651454e-05,0.0001321961147179083,-4.013310699155944,3.361463516447751e-05,0.5272084149213205,1.76829624170971,0.0772677502688599
cmapss_turbofan,u2_s3,F0,sgd,regression,3,72,1,3.718548885156058,6.836829505718213e-05,2.6593408075678183e-05,0.00017270633018914437,-4.047742740980145,4.175199719184285e-05,0.5299174059501087,1.76829624170971,0.0772677502688599
cmapss_turbofan,u2_s3,F0,sgd,classification,0,885,1,-2.4046936746991383,8.527557688168218e-05,6.499517756603146e-05,0.00010168630826403065,-3.296018311152432,5.873282879778417e-05,0.8850574712643678,1.76829624170971,0.0772677502688599
cmapss_turbofan,u2_s3,F0,sgd,classification,1,844,1,-1.9719261997898487,8.652849119621698e-05,7.540525143042783e-05,9.53529007214505e-05,-3.310578904709061,6.459760885997995e-05,0.8850574712643678,1.76829624170971,0.0772677502688599
cmapss_turbofan,u2_s3,F0,sgd,classification,2,897,1,-2.391237947484153,6.461206455114721e-05,4.970610240835409e-05,8.559298364191067e-05,-3.3720850157439277,3.999171992442816e-05,0.8850574712643678,1.76829624170971,0.0772677502688599
cmapss_turbofan,u2_s3,F0,sgd,classification,3,840,1,-2.5703688347228493,9.138190453780806e-05,6.751487217453786e-05,0.00011774414651515744,-3.3020467980106183,6.322794288728992e-05,0.8850574712643678,1.76829624170971,0.0772677502688599
cmapss_turbofan,u2_s3,F0,adam,regression,0,40,1,-0.9482509348088768,0.0010885400316063387,0.000372553346144979,0.002764063993357048,-3.002066710200735,0.0004147379682506741,0.5307025155629729,1.76829624170971,0.0772677502688599
cmapss_turbofan,u2_s3,F0,adam,regression,1,41,1,0.31092120400691636,0.000958796018204201,0.00036238368407738526,0.002683354729583152,-3.0043535452989873,0.0024836015956953266,0.5466134798167042,1.76829624170971,0.0772677502688599
cmapss_turbofan,u2_s3,F0,adam,regression,2,18,1,-0.0036930836124692127,0.0010246134132224384,0.0004131223102694316,0.0031243456692848126,-2.999008985500307,0.0009573317900164082,0.5335553463852181,1.76829624170971,0.0772677502688599
cmapss_turbofan,u2_s3,F0,adam,regression,3,40,1,1.1549007638246724,0.001041716784678947,0.00031544730098961697,0.0028348314414596183,-2.9859202745960727,0.0002483997435436247,0.5315154561936597,1.76829624170971,0.0772677502688599
cmapss_turbofan,u2_s3,F0,adam,classification,0,93,1,-1.4891216645954644,9.017955456785913e-05,2.5337226619090885e-05,0.00021381605799312986,-3.973372447988916,7.13095924327821e-05,0.8735632183908046,1.76829624170971,0.0772677502688599
cmapss_turbofan,u2_s3,F0,adam,classification,1,100,1,-0.062328671376460795,7.904337783323171e-05,1.3934409741387569e-05,0.00018983308659230628,-4.023177829097691,0.00010537890293536484,0.8735632183908046,1.76829624170971,0.0772677502688599
cmapss_turbofan,u2_s3,F0,adam,classification,2,87,1,-1.2147902208575312,7.189500963414e-05,3.130020795240059e-05,0.000170940851844239,-4.002898158901052,5.261322962197198e-05,0.8735632183908046,1.76829624170971,0.0772677502688599
cmapss_turbofan,u2_s3,F0,adam,classification,3,90,1,3.5865085234232414,8.90419094817922e-05,3.55430467310736e-05,0.00020465823230043592,-4.011217828486482,0.00013039430746440136,0.8735632183908046,1.76829624170971,0.0772677502688599
cmapss_turbofan,u2_s3,F4,sgd,regression,0,91,1,-4.109518073627848,5.160978538904885e-05,3.1487544147088843e-05,0.00012096867246679756,-3.630287827183042,2.323917530271391e-05,0.5864500144032487,1.76829624170971,0.0772677502688599
cmapss_turbofan,u2_s3,F4,sgd,regression,1,91,1,-0.6501415934011314,5.0548611116414124e-05,2.7563119728081392e-05,0.00014952213665783465,-3.670388777462507,9.641530657787301e-05,0.5863818840513917,1.76829624170971,0.0772677502688599
cmapss_turbofan,u2_s3,F4,sgd,regression,2,89,1,-1.725588806184312,4.064999963563065e-05,2.482360458695447e-05,0.00010274174769897897,-3.6932243753988176,2.1097584934108614e-05,0.58480922214695,1.76829624170971,0.0772677502688599
cmapss_turbofan,u2_s3,F4,sgd,regression,3,89,1,-1.2126080692864494,5.56499660634712e-05,3.031330985729235e-05,0.00012707009565493608,-3.6672435187789456,5.4538675521227496e-05,0.5859291570026702,1.76829624170971,0.0772677502688599
cmapss_turbofan,u2_s3,F4,sgd,classification,0,1840,1,-2.056351064666763,0.0005916363026462276,0.0005012842277780627,0.0007289601683873628,-2.545163513457536,0.0004834753518777408,0.8620689655172413,1.76829624170971,0.0772677502688599
cmapss_turbofan,u2_s3,F4,sgd,classification,1,1785,1,-2.093939381294617,0.0005442240171746992,0.00045403963206119537,0.0006739598244341841,-2.566197932023777,0.0004428159729862865,0.8620689655172413,1.76829624170971,0.0772677502688599
cmapss_turbofan,u2_s3,F4,sgd,classification,2,1819,1,-1.810942989851162,0.0006145355283408199,0.0005306559564892052,0.0007327547749545801,-2.54478058401205,0.0005043751295886018,0.8505747126436781,1.76829624170971,0.0772677502688599
cmapss_turbofan,u2_s3,F4,sgd,classification,3,1842,1,-1.9707608525388869,0.0006053163631068407,0.000497244885484431,0.0007299635265730543,-2.5444196554050773,0.0004887977506815926,0.8620689655172413,1.76829624170971,0.0772677502688599
cmapss_turbofan,u2_s3,F4,adam,regression,0,20,1,-0.17279172552000258,0.00035590652935897605,5.2188527722568595e-05,0.0015975996597028701,-3.4784764099313406,0.00020381578806841997,0.5996567038786995,1.76829624170971,0.0772677502688599
cmapss_turbofan,u2_s3,F4,adam,regression,1,20,1,-0.5762621528091129,0.0002794613136503436,3.0285118177845994e-05,0.0015004847576506712,-3.4963584565028962,0.001412047689372353,0.5859766325017765,1.76829624170971,0.0772677502688599
cmapss_turbofan,u2_s3,F4,adam,regression,2,20,1,-1.060427686329255,0.00032021348298526926,3.296818744789695e-05,0.0018430631285113375,-3.49334235896825,0.00033448933335727726,0.5866091409628578,1.76829624170971,0.0772677502688599
cmapss_turbofan,u2_s3,F4,adam,regression,3,20,1,2.2651129949817443,0.0003067851231309875,4.4214069846553976e-05,0.001592865211244916,-3.520675474606378,0.00017997702834249738,0.588078151013107,1.76829624170971,0.0772677502688599
cmapss_turbofan,u2_s3,F4,adam,classification,0,233,1,-3.3224354293977885,2.573794766945553e-05,1.5753409424777345e-05,3.041612904841904e-05,-4.053568003352971,1.3662369255962039e-05,0.8505747126436781,1.76829624170971,0.0772677502688599
cmapss_turbofan,u2_s3,F4,adam,classification,1,218,1,0.7121258581273385,2.441463450339759e-05,1.7179817531080033e-05,3.613017035676161e-05,-4.092011337930036,2.1835353598066605e-05,0.8505747126436781,1.76829624170971,0.0772677502688599
cmapss_turbofan,u2_s3,F4,adam,classification,2,207,1,-2.2610181506815517,2.1505117627630724e-05,1.6976442297153704e-05,3.2427382177893356e-05,-4.089035838000213,1.2310200394009184e-05,0.8390804597701149,1.76829624170971,0.0772677502688599
cmapss_turbofan,u2_s3,F4,adam,classification,3,220,1,-2.4564373346316106,2.564543698720757e-05,1.6309754154720643e-05,3.27757539768293e-05,-4.077418687206258,1.6822910821614575e-05,0.8505747126436781,1.76829624170971,0.0772677502688599
cmapss_turbofan,u2_s3,FA,sgd,regression,0,85,1,-4.020700107917576,4.0073085105371746e-05,2.385750443861341e-05,0.00011136348545912971,-3.702146341330527,2.042686529482178e-05,0.5359045597287126,1.76829624170971,0.0772677502688599
cmapss_turbofan,u2_s3,FA,sgd,regression,1,86,1,-0.6591943346596614,4.7142338035510435e-05,2.277608538521231e-05,0.00014753258258979926,-3.726606960288537,9.809880207389791e-05,0.5366599749296226,1.76829624170971,0.0772677502688599
cmapss_turbofan,u2_s3,FA,sgd,regression,2,84,1,-0.5643984741529783,3.1892844659323264e-05,1.6453302916866646e-05,9.830243485547519e-05,-3.8065928848609496,1.2584073632648471e-05,0.533184060337014,1.76829624170971,0.0772677502688599
cmapss_turbofan,u2_s3,FA,sgd,regression,3,84,1,-1.01371862190386,4.543988719713405e-05,2.3042736638540108e-05,0.00012401602844964302,-3.738903049543377,4.729185744214158e-05,0.5360107219526971,1.76829624170971,0.0772677502688599
cmapss_turbofan,u2_s3,FA,sgd,classification,0,1750,1,-2.0621307469414782,0.0005914227032388108,0.0004996402331346564,0.0007289451289895872,-2.5507333044210765,0.00048135892890635834,0.8850574712643678,1.76829624170971,0.0772677502688599
cmapss_turbofan,u2_s3,FA,sgd,classification,1,1720,1,-2.10441530491953,0.0005440965138761647,0.00045238451806586024,0.0006742478669338848,-2.571644266957382,0.0004405554124063589,0.8850574712643678,1.76829624170971,0.0772677502688599
cmapss_turbofan,u2_s3,FA,sgd,classification,2,1760,1,-1.8190908391717169,0.0006134133294579142,0.0005283369728329626,0.0007318843890036785,-2.5504846256510736,0.0005019113941082687,0.8850574712643678,1.76829624170971,0.0772677502688599
cmapss_turbofan,u2_s3,FA,sgd,classification,3,1780,1,-1.977741482600953,0.0006050076332811817,0.0004958470477275539,0.0007301020993952271,-2.5499601917737746,0.0004868747714288314,0.8850574712643678,1.76829624170971,0.0772677502688599
cmapss_turbofan,u2_s3,FA,adam,regression,0,19,1,-0.004657968458532317,0.0004009079412956424,6.874603633133426e-05,0.0016761537764555569,-3.427224008477806,0.00019245182588975205,0.5339654048634761,1.76829624170971,0.0772677502688599
cmapss_turbofan,u2_s3,FA,adam,regression,1,20,1,-0.4503034056146693,0.0003057970834234908,4.3516852725194365e-05,0.0015707497888836814,-3.4455057131438926,0.0015510221950943194,0.5372885727589213,1.76829624170971,0.0772677502688599
cmapss_turbofan,u2_s3,FA,adam,regression,2,20,1,-1.1387470272042832,0.00033407649547376823,4.806600452167977e-05,0.002056131365203505,-3.442723362582144,0.0003297539544516941,0.5282647022101719,1.76829624170971,0.0772677502688599
cmapss_turbofan,u2_s3,FA,adam,regression,3,20,1,2.081047096678538,0.00033867843806072303,5.961054463361189e-05,0.001710608020312177,-3.4572153993744887,0.00026559510306528713,0.5352241541293321,1.76829624170971,0.0772677502688599
cmapss_turbofan,u2_s3,FA,adam,classification,0,230,1,-3.3498599615397016,2.0279790500955798e-05,1.2778101376784378e-05,2.413089569145945e-05,-4.152852584244011,1.1511480865421179e-05,0.8735632183908046,1.76829624170971,0.0772677502688599
cmapss_turbofan,u2_s3,FA,adam,classification,1,214,1,0.8778984893120569,2.173835365521957e-05,1.551555404225414e-05,3.115445029033424e-05,-4.178396453554567,2.0272276713079325e-05,0.8735632183908046,1.76829624170971,0.0772677502688599
cmapss_turbofan,u2_s3,FA,adam,classification,2,204,1,-1.6062615473474307,1.9563806510203123e-05,1.6110890121086597e-05,2.9048114552416923e-05,-4.172798311244371,1.254068184973765e-05,0.8850574712643678,1.76829624170971,0.0772677502688599
cmapss_turbofan,u2_s3,FA,adam,classification,3,216,1,-2.5158070913452457,2.0565676227730872e-05,1.2836581629925131e-05,2.6364089118492856e-05,-4.170303713834791,1.3578423897971769e-05,0.8735632183908046,1.76829624170971,0.0772677502688599
cmapss_turbofan,u2_s3,F10,sgd,regression,0,78,1,-3.0338724360201703,1.782626451393765e-05,5.3620048685448674e-06,9.197121406558934e-05,-4.4945967976932675,8.424547958504549e-06,0.8579220710442341,1.76829624170971,0.0772677502688599
cmapss_turbofan,u2_s3,F10,sgd,regression,1,78,1,1.3400944394477023,2.895818567155646e-05,5.099914472101379e-06,0.00013457968268033692,-4.449389958491232,9.21400869437507e-05,0.8603127799280722,1.76829624170971,0.0772677502688599
cmapss_turbofan,u2_s3,F10,sgd,regression,2,78,1,0.5236889535888686,2.2117220827967232e-05,4.335500699958008e-06,9.245362298545714e-05,-4.483028271697041,5.1673373586705035e-06,0.8534239945867812,1.76829624170971,0.0772677502688599
cmapss_turbofan,u2_s3,F10,sgd,regression,3,78,1,2.613065071777602,2.1735462293382572e-05,5.12388603623744e-06,0.00011175796892740213,-4.5009734329097615,3.5494760928970607e-05,0.8584614257013069,1.76829624170971,0.0772677502688599
cmapss_turbofan,u2_s3,F10,sgd,classification,0,1636,1,-1.8832805918953746,0.0008352111925414228,0.0007153628916584353,0.001009114308003446,-2.4264687611125804,0.0006911088012551662,0.8160919540229885,1.76829624170971,0.0772677502688599
cmapss_turbofan,u2_s3,F10,sgd,classification,1,1598,1,-1.9139002051147016,0.0007855563576903682,0.000664094276195737,0.0009514987046323912,-2.442917090339891,0.0006455288954080692,0.8160919540229885,1.76829624170971,0.0772677502688599
cmapss_turbofan,u2_s3,F10,sgd,classification,2,1647,1,-1.700167681745961,0.0008607242069957608,0.000747629702112715,0.0010141730697754907,-2.4259421866967084,0.0007152210527950314,0.8160919540229885,1.76829624170971,0.0772677502688599
cmapss_turbofan,u2_s3,F10,sgd,classification,3,1661,1,-1.8217192482481477,0.0008507448520096906,0.0007131371548169431,0.0010110714041904072,-2.425488249851374,0.0006976219909461752,0.8160919540229885,1.76829624170971,0.0772677502688599
cmapss_turbofan,u2_s3,F10,adam,regression,0,20,1,-0.7801445282647953,0.0003576918467364948,2.0183444358824764e-05,0.0016709790767455938,-3.637923377877798,0.00016312049640007938,0.8108379801896265,1.76829624170971,0.0772677502688599
cmapss_turbofan,u2_s3,F10,adam,regression,1,20,1,-0.12507657441509853,0.0003067063928418141,1.4108738718023375e-05,0.0016657764905257536,-3.619088893487816,0.0016652804744678028,0.850503276871128,1.76829624170971,0.0772677502688599
cmapss_turbofan,u2_s3,F10,adam,regression,2,21,1,-0.08244646553518695,0.00029814278090821704,1.6806335257577428e-05,0.002113726529690284,-3.642423445489616,0.000289572973375273,0.8109426055032035,1.76829624170971,0.0772677502688599
cmapss_turbofan,u2_s3,F10,adam,regression,3,20,1,1.4876647010348674,0.000301877427707629,1.3849403717730015e-05,0.0017563422801230976,-3.642444807000465,0.00022962725370830002,0.8274514094640396,1.76829624170971,0.0772677502688599
cmapss_turbofan,u2_s3,F10,adam,classification,0,243,1,-3.5713737599317525,5.623240571082597e-06,4.27935762532777e-06,8.59648471627739e-06,-4.362105699794357,4.3334580199544625e-06,0.8160919540229885,1.76829624170971,0.0772677502688599
cmapss_turbofan,u2_s3,F10,adam,classification,1,234,1,-4.110158783658435,2.6841154857781273e-06,1.6147488421799286e-06,4.368601124544405e-06,-4.560433110878145,1.6838147497727707e-06,0.8160919540229885,1.76829624170971,0.0772677502688599
cmapss_turbofan,u2_s3,F10,adam,classification,2,227,1,-0.9043735202299235,9.578527623701568e-06,8.82168327923945e-06,1.1126402510044326e-05,-4.334396366110268,7.4939581921341765e-06,0.8160919540229885,1.76829624170971,0.0772677502688599
cmapss_turbofan,u2_s3,F10,adam,classification,3,236,1,-2.6357668294903243,6.909692766041004e-06,4.724094075999992e-06,9.747057920372796e-06,-4.329727183234182,5.1479934670754975e-06,0.8160919540229885,1.76829624170971,0.0772677502688599
cmapss_turbofan,u2_s3,F11,sgd,regression,0,130,1,-3.4165902894579583,2.8639035129935048e-05,7.878663173207934e-06,0.00011953408968714478,-3.657765704438667,3.713572767794614e-05,0.529374014898612,1.76829624170971,0.0772677502688599
cmapss_turbofan,u2_s3,F11,sgd,regression,1,125,1,-0.25973348228598464,3.212779648313868e-05,6.134843942979792e-06,0.00013996266062713949,-3.711048851188629,0.00011251238383884467,0.5288908892036096,1.76829624170971,0.0772677502688599
cmapss_turbofan,u2_s3,F11,sgd,regression,2,111,1,-0.5798121705188168,3.1065986080579456e-05,1.2469940098720814e-05,0.00010467322149125594,-3.73885224225561,7.321067591805974e-06,0.5268039375691186,1.76829624170971,0.0772677502688599
cmapss_turbofan,u2_s3,F11,sgd,regression,3,116,1,1.8437832692523957,4.1602589469087555e-05,1.5660201546556224e-05,0.00013270862235801638,-3.699212955785245,3.119793369566972e-05,0.5290051635742122,1.76829624170971,0.0772677502688599
cmapss_turbofan,u2_s3,F11,sgd,classification,0,1490,1,-1.1663334659938234,0.0007559383608493782,0.0006818670295386884,0.0008455056464629518,-2.597968132598493,0.0006683006274730904,0.8850574712643678,1.76829624170971,0.0772677502688599
cmapss_turbofan,u2_s3,F11,sgd,classification,1,1459,1,-1.0570485619706562,0.0007312070701058074,0.0006730121816547807,0.0008113171525083657,-2.611253051492131,0.000663301485155288,0.8850574712643678,1.76829624170971,0.0772677502688599
cmapss_turbofan,u2_s3,F11,sgd,classification,2,1463,1,-1.0114730997339272,0.0007477682638037991,0.0006827476054583911,0.0008162007503182288,-2.6064304160301863,0.0006622524653758494,0.8850574712643678,1.76829624170971,0.0772677502688599
cmapss_turbofan,u2_s3,F11,sgd,classification,3,1513,1,-1.1342849427290531,0.0007662339730056147,0.0006786695763548505,0.0008504553298766027,-2.5970599035861652,0.0006748393052058033,0.8850574712643678,1.76829624170971,0.0772677502688599
cmapss_turbofan,u2_s3,F11,adam,regression,0,66,1,0.19810767716593114,0.0006433466905036358,0.00015753613290534334,0.0019745699113953713,-3.212030528787801,0.00022144607519803346,0.5289185438353201,1.76829624170971,0.0772677502688599
cmapss_turbofan,u2_s3,F11,adam,regression,1,67,1,0.07367754839696518,0.0005113808219389595,0.0001378403606652762,0.0019708215790627177,-3.236458750925156,0.0019036487959143032,0.5362367155461248,1.76829624170971,0.0772677502688599
cmapss_turbofan,u2_s3,F11,adam,regression,2,63,1,-0.40870680236765433,0.0005273071288994214,0.0001572039871103517,0.002370671596358548,-3.2145986430855626,0.0005940532380803344,0.5314531265872526,1.76829624170971,0.0772677502688599
cmapss_turbofan,u2_s3,F11,adam,regression,3,65,1,1.951596263952265,0.0005190230123120283,0.0001334823415676188,0.002102020311137481,-3.232688940902284,0.00041895384587040916,0.5315115938789213,1.76829624170971,0.0772677502688599
cmapss_turbofan,u2_s3,F11,adam,classification,0,219,1,-5.174985029287313,1.0051006935056785e-05,4.28632348352047e-06,3.96331049528495e-05,-4.114829337769884,2.27782832188166e-05,0.8735632183908046,1.76829624170971,0.0772677502688599
cmapss_turbofan,u2_s3,F11,adam,classification,1,200,1,0.7823695740047505,1.3958791096452443e-05,3.2917472431701873e-06,7.310242646447958e-05,-4.131561927942312,9.179764021726444e-06,0.8620689655172413,1.76829624170971,0.0772677502688599
cmapss_turbofan,u2_s3,F11,adam,classification,2,183,1,-1.3796027773141797,2.0659725165669775e-05,1.022514590635536e-05,5.0889789122001013e-05,-4.113154226366115,7.487786774415289e-06,0.8620689655172413,1.76829624170971,0.0772677502688599
cmapss_turbofan,u2_s3,F11,adam,classification,3,195,1,-1.9538932017151687,1.5133734732554391e-05,7.618550720018152e-06,2.678210137007388e-05,-4.138693164740546,7.655511829919903e-06,0.8620689655172413,1.76829624170971,0.0772677502688599
atm_withdrawals,withdrawn,F0,sgd,regression,0,79,1,-1.3488886617360167,7.90025340311354e-05,2.188890663880027e-05,0.00020208847266555053,-3.943510750579786,6.255033995381764e-05,0.6222344220805309,1.7651998714652959,0.0766778240174895
atm_withdrawals,withdrawn,F0,sgd,regression,1,81,1,0.32639488238721626,6.864915505703999e-05,2.0818191010101432e-05,0.00019120213773574804,-3.9728959201269434,0.00016822054992953435,0.6246588293883769,1.7651998714652959,0.0766778240174895
atm_withdrawals,withdrawn,F0,sgd,regression,2,77,1,-1.009175268892197,7.1221709400278e-05,3.219118087437429e-05,0.00015598006109107735,-3.969362260826607,6.072163030348223e-05,0.6210271785161441,1.7651998714652959,0.0766778240174895
atm_withdrawals,withdrawn,F0,sgd,regression,3,79,1,3.3207822901194493,8.561097480664764e-05,2.9861272878629978e-05,0.00022448412760208168,-3.970739757786316,5.214444233043572e-05,0.6231968943420316,1.7651998714652959,0.0766778240174895
atm_withdrawals,withdrawn,F0,sgd,classification,0,717,1,-6.679781104912549,4.417867608413102e-06,2.6320470800344785e-06,6.220783122123346e-06,-4.164273317773579,4.328281429173887e-06,0.8264094955489614,1.7651998714652959,0.0766778240174895
atm_withdrawals,withdrawn,F0,sgd,classification,1,753,1,4.358683555481103,1.0335734513030073e-05,4.283978620144289e-06,2.437769612143254e-05,-4.278841390939495,6.228179487221704e-06,0.8308605341246291,1.7651998714652959,0.0766778240174895
atm_withdrawals,withdrawn,F0,sgd,classification,2,668,1,-3.5643125025247437,9.713436235124975e-06,4.857505977476714e-06,1.860883176003829e-05,-4.061069164255332,8.111373146993187e-06,0.827893175074184,1.7651998714652959,0.0766778240174895
atm_withdrawals,withdrawn,F0,sgd,classification,3,715,1,-2.1706708142040787,7.510563130979209e-06,2.795245121391108e-06,1.0912675446633508e-05,-4.199417505688823,1.9449402566905975e-06,0.8293768545994066,1.7651998714652959,0.0766778240174895
atm_withdrawals,withdrawn,F0,adam,regression,0,34,1,-0.6501715871970655,0.0014163100583317162,0.0005089527865342622,0.003417215415695422,-2.888873584837116,0.0008697936862394647,0.627392670472411,1.7651998714652959,0.0766778240174895
atm_withdrawals,withdrawn,F0,adam,regression,1,34,1,0.3137165383925912,0.0013368397816228513,0.0005425988303191873,0.003318241827428864,-2.884053614446692,0.002577659370169525,0.6360327630305812,1.7651998714652959,0.0766778240174895
atm_withdrawals,withdrawn,F0,adam,regression,2,35,1,0.30449225142048664,0.0014281144866167981,0.0005220330804573934,0.0037892859395119672,-2.8752575409699066,0.0012985653312808977,0.6252100047023981,1.7651998714652959,0.0766778240174895
atm_withdrawals,withdrawn,F0,adam,regression,3,35,1,0.9102345243997924,0.0013213409321021926,0.0005076778931346324,0.0036628129716030438,-2.858153280279068,0.00018394522512200833,0.6246627422639279,1.7651998714652959,0.0766778240174895
atm_withdrawals,withdrawn,F0,adam,classification,0,58,1,-1.7661750885398178,0.00015952087262155292,3.5695738794361025e-05,0.0003355220319138673,-3.7689442681376164,7.198830320770368e-05,0.8249258160237388,1.7651998714652959,0.0766778240174895
atm_withdrawals,withdrawn,F0,adam,classification,1,71,1,-0.29443430871251575,0.0001274703747605058,4.1770092684794296e-05,0.00028260072816092173,-3.8231387770302905,0.0001694493299769061,0.8323442136498517,1.7651998714652959,0.0766778240174895
atm_withdrawals,withdrawn,F0,adam,classification,2,57,1,-0.6331430555029713,0.00012300072751747455,6.280253264803417e-05,0.0002885939900679364,-3.819111998973901,8.015063350032527e-05,0.8234421364985163,1.7651998714652959,0.0766778240174895
atm_withdrawals,withdrawn,F0,adam,classification,3,78,1,2.6517788678409255,0.00014721878231848605,5.3592351498949316e-05,0.00038874337815024223,-3.819641218257816,0.00019168026429009622,0.8293768545994066,1.7651998714652959,0.0766778240174895
atm_withdrawals,withdrawn,F4,sgd,regression,0,167,1,-2.74107636975139,6.207078692499115e-05,4.438223949792983e-05,0.00014319227205753096,-3.4884715286352295,5.3676895323088325e-05,0.6210600902987883,1.7651998714652959,0.0766778240174895
atm_withdrawals,withdrawn,F4,sgd,regression,1,182,1,-1.1262465567199988,7.482956557702363e-05,4.340212294948281e-05,0.00017792307170270185,-3.4785445225892633,0.0001276233473128886,0.620040601025336,1.7651998714652959,0.0766778240174895
atm_withdrawals,withdrawn,F4,sgd,regression,2,149,1,-0.4547165675474907,5.637002310220064e-05,3.892892808573882e-05,0.0001278995343561821,-3.564854100020796,2.7751556972824733e-05,0.6213085018955099,1.7651998714652959,0.0766778240174895
atm_withdrawals,withdrawn,F4,sgd,regression,3,156,1,-1.0209056818994602,6.561303927402756e-05,4.120614749352462e-05,0.00015042570971612,-3.505412990203888,6.020769650678833e-05,0.6204945148896391,1.7651998714652959,0.0766778240174895
atm_withdrawals,withdrawn,F4,sgd,classification,0,2376,1,-1.2387343699016795,0.0010581068994038611,0.0009525866818902867,0.0011916685137751018,-2.4777718213335036,0.0009321124942364923,0.8338278931750742,1.7651998714652959,0.0766778240174895
atm_withdrawals,withdrawn,F4,sgd,classification,1,2326,1,-1.17519691656664,0.0010004453764326053,0.0009095160161606858,0.0011237394365755206,-2.493560796258495,0.0008979205770656831,0.8338278931750742,1.7651998714652959,0.0766778240174895
atm_withdrawals,withdrawn,F4,sgd,classification,2,2295,1,-1.1282948254660712,0.0010530052594634612,0.0009607099494760201,0.001171635837311469,-2.481959705431405,0.0009339742199772659,0.8338278931750742,1.7651998714652959,0.0766778240174895
atm_withdrawals,withdrawn,F4,sgd,classification,3,2348,1,-1.1668635419366251,0.0010595955319454278,0.0009434749065702879,0.001180386194366161,-2.4805413715771536,0.0009325481672691353,0.8338278931750742,1.7651998714652959,0.0766778240174895
atm_withdrawals,withdrawn,F4,adam,regression,0,69,1,0.34500955493361946,0.0004826539700425117,8.284128948580257e-05,0.0018286812831112787,-3.3401141677911044,0.00018030680148986415,0.6182772839899562,1.7651998714652959,0.0766778240174895
atm_withdrawals,withdrawn,F4,adam,regression,1,71,1,-0.1498100412690137,0.0003733692595500978,6.186771064723777e-05,0.001749212887838875,-3.362486892162038,0.0017688677014072365,0.6145840391366464,1.7651998714652959,0.0766778240174895
atm_withdrawals,withdrawn,F4,adam,regression,2,67,1,-0.9599103835041141,0.0003710273991323049,7.143459425518179e-05,0.0022182040423530175,-3.350356063891273,0.0003186034475749904,0.6182062028978077,1.7651998714652959,0.0766778240174895
atm_withdrawals,withdrawn,F4,adam,regression,3,69,1,1.7534392132666152,0.0003742898795469295,6.61115166875453e-05,0.0019019512794635084,-3.366947392513958,0.00028302124979137785,0.6201054812306371,1.7651998714652959,0.0766778240174895
atm_withdrawals,withdrawn,F4,adam,classification,0,282,1,-3.519169951637285,2.2107971477449927e-05,1.3069953369588562e-05,3.416804130610183e-05,-3.9532317544113345,1.7800004386866103e-05,0.827893175074184,1.7651998714652959,0.0766778240174895
atm_withdrawals,withdrawn,F4,adam,classification,1,274,1,2.051494807405758,2.2164179641515672e-05,1.166969954711179e-05,5.429153683615452e-05,-4.025007926904278,1.4974183337062435e-05,0.8323442136498517,1.7651998714652959,0.0766778240174895
atm_withdrawals,withdrawn,F4,adam,classification,2,254,1,-3.0915292091298094,1.8584567410920265e-05,1.097912015305679e-05,4.1204651508655124e-05,-3.9901618502034006,8.023573958849513e-06,0.8293768545994066,1.7651998714652959,0.0766778240174895
atm_withdrawals,withdrawn,F4,adam,classification,3,282,1,-2.9924746660977393,2.2877157715585534e-05,1.1710583264132011e-05,3.253104633490374e-05,-3.9913976407198355,1.7101707489949734e-05,0.8293768545994066,1.7651998714652959,0.0766778240174895
atm_withdrawals,withdrawn,FA,sgd,regression,0,185,1,-3.740906453987935,2.7931070631824358e-05,1.2410014321464926e-05,0.00010474678401930666,-3.687156460608083,2.8723440355989926e-05,0.588638256112614,1.7651998714652959,0.0766778240174895
atm_withdrawals,withdrawn,FA,sgd,regression,1,189,1,-1.5001450906660623,3.862110542901581e-05,1.3100808510879303e-05,0.00013725686869613585,-3.664321980943579,8.989140822382884e-05,0.5879368120788783,1.7651998714652959,0.0766778240174895
atm_withdrawals,withdrawn,FA,sgd,regression,2,157,1,0.23909869677118945,3.2535891003307355e-05,1.6780838794498444e-05,9.78750778344944e-05,-3.762554643645767,1.1731450467394067e-05,0.5891925233411034,1.7651998714652959,0.0766778240174895
atm_withdrawals,withdrawn,FA,sgd,regression,3,170,1,-1.0429054066990466,2.9858405026836415e-05,1.2082806183271555e-05,0.00010893329257012557,-3.701204342722912,3.480135935504818e-05,0.5882136234673229,1.7651998714652959,0.0766778240174895
atm_withdrawals,withdrawn,FA,sgd,classification,0,2574,1,-1.2460807956912323,0.0010328192051279879,0.0009229440655819627,0.0011608208974980834,-2.4999137436701266,0.0009016975879708329,0.8338278931750742,1.7651998714652959,0.0766778240174895
atm_withdrawals,withdrawn,FA,sgd,classification,1,2478,1,-1.1498829302730407,0.0009763922511045844,0.0008886175260305565,0.0010922038582446487,-2.515716325105719,0.0008768315597521134,0.8338278931750742,1.7651998714652959,0.0766778240174895
atm_withdrawals,withdrawn,FA,sgd,classification,2,2442,1,-1.1481994818050785,0.0010150384036979746,0.000921456974375373,0.0011304962572935434,-2.505911449462487,0.0008950564373681599,0.8338278931750742,1.7651998714652959,0.0766778240174895
atm_withdrawals,withdrawn,FA,sgd,classification,3,2509,1,-1.1633710475803796,0.0010309982316934379,0.0009145919486806785,0.0011471932395395994,-2.503668952589538,0.0009025853313753919,0.8338278931750742,1.7651998714652959,0.0766778240174895
atm_withdrawals,withdrawn,FA,adam,regression,0,67,1,0.29257014616162313,0.0004988267969621979,9.89762377433765e-05,0.001771043056519762,-3.334042730977271,0.00018392627935728267,0.5876218884087903,1.7651998714652959,0.0766778240174895
atm_withdrawals,withdrawn,FA,adam,regression,1,70,1,-0.12016135407862129,0.00037175809870797,6.976685328090203e-05,0.0015986563914693207,-3.3618433384976165,0.0015511804687080525,0.5849814876062409,1.7651998714652959,0.0766778240174895
atm_withdrawals,withdrawn,FA,adam,regression,2,65,1,-0.8172000200279625,0.00039831255593838284,8.303991592669164e-05,0.002087955432373553,-3.3410814905174,0.00037629895221134304,0.587145843229568,1.7651998714652959,0.0766778240174895
atm_withdrawals,withdrawn,FA,adam,regression,3,68,1,1.815266049996582,0.00037798993850189557,8.93962534682698e-05,0.001832078856115457,-3.361429232847472,0.0003371533756613872,0.5872355356733713,1.7651998714652959,0.0766778240174895
atm_withdrawals,withdrawn,FA,adam,classification,0,308,1,-4.468745695271357,1.2209250427435156e-05,4.34698472930234e-06,3.456574624623501e-05,-4.11802220709217,1.4499109581634612e-05,0.8293768545994066,1.7651998714652959,0.0766778240174895
atm_withdrawals,withdrawn,FA,adam,classification,1,302,1,1.3500881535001694,1.6299079427013036e-05,8.318861958863478e-06,6.965849771079184e-05,-4.113410114856903,4.602940461843314e-06,0.8323442136498517,1.7651998714652959,0.0766778240174895
atm_withdrawals,withdrawn,FA,adam,classification,2,287,1,-2.05842420956867,1.4490514144613311e-05,6.996790634229263e-06,4.221257213725659e-05,-4.138709710470624,7.226895996153442e-06,0.8293768545994066,1.7651998714652959,0.0766778240174895
atm_withdrawals,withdrawn,FA,adam,classification,3,301,1,-5.218261089403431,1.3806704000495272e-05,2.5418261976631302e-06,2.450979674359051e-05,-4.14009223110584,1.131094445951243e-05,0.8323442136498517,1.7651998714652959,0.0766778240174895
atm_withdrawals,withdrawn,F10,sgd,regression,0,157,1,-1.7873312672133002,2.517206976373864e-05,1.9425949417620186e-05,6.171051722555868e-05,-4.302300875131315,1.991669150846421e-05,0.7100715297643605,1.7651998714652959,0.0766778240174895
atm_withdrawals,withdrawn,F10,sgd,regression,1,155,1,1.3381421866717107,3.054038710311374e-05,1.680759534328999e-05,0.00010670218942259023,-4.253086870871037,4.245857673036544e-05,0.7093181562826062,1.7651998714652959,0.0766778240174895
atm_withdrawals,withdrawn,F10,sgd,regression,2,154,1,-0.42973245537002175,2.793549478975978e-05,1.6632650157029684e-05,6.245039477667229e-05,-4.278824430305546,1.9975876549112954e-05,0.7090017625949433,1.7651998714652959,0.0766778240174895
atm_withdrawals,withdrawn,F10,sgd,regression,3,147,1,1.1814244049749132,2.8224066047941533e-05,1.8559306229509107e-05,6.380567753346537e-05,-4.2936940014463945,4.197069800337658e-05,0.7092507862841014,1.7651998714652959,0.0766778240174895
atm_withdrawals,withdrawn,F10,sgd,classification,0,4000,0,-1.4451222606739103,0.0018978971034812081,0.001682471516619594,0.0021887683005208203,-2.2329601735096896,0.0016370118074988409,0.814540059347181,1.7651998714652959,0.0766778240174895
atm_withdrawals,withdrawn,F10,sgd,classification,1,4000,0,-1.4558690655859892,0.001830693773273358,0.0016126896486536875,0.002111347905370751,-2.2433962446622817,0.0015740069294262894,0.814540059347181,1.7651998714652959,0.0766778240174895
atm_withdrawals,withdrawn,F10,sgd,classification,2,4000,0,-1.347962590131909,0.0019263968099718781,0.0017205827568732943,0.002190850645229582,-2.2330733338064745,0.001665622126194607,0.814540059347181,1.7651998714652959,0.0766778240174895
atm_withdrawals,withdrawn,F10,sgd,classification,3,4000,0,-1.4109109873902725,0.001916297067869342,0.0016805634234148348,0.002188864358191401,-2.2328320875563814,0.001644874101213377,0.814540059347181,1.7651998714652959,0.0766778240174895
atm_withdrawals,withdrawn,F10,adam,regression,0,20,1,-2.120053055510523,0.00015832708859475915,7.033700592665111e-06,0.0009419172060960476,-3.838821444231293,0.0004779114391529209,0.6696607644056655,1.7651998714652959,0.0766778240174895
atm_withdrawals,withdrawn,F10,adam,regression,1,20,1,-3.0750977055597755,0.00011854041552730815,6.558459347297375e-06,0.0009288319133474563,-3.842791746895359,0.0008792826349511155,0.6881405041024435,1.7651998714652959,0.0766778240174895
atm_withdrawals,withdrawn,F10,adam,regression,2,21,1,0.931439533031865,0.00018161067611469094,9.65236977317262e-06,0.0009884786787681444,-3.8392058651365306,0.00028517819694116615,0.6734627049674495,1.7651998714652959,0.0766778240174895
atm_withdrawals,withdrawn,F10,adam,regression,3,20,1,1.6403290097245082,0.00014064744552234242,7.806998444634888e-06,0.0007546082246641053,-3.9042237799612387,2.379156172001109e-06,0.6826295637164674,1.7651998714652959,0.0766778240174895
atm_withdrawals,withdrawn,F10,adam,classification,0,435,1,-2.2213777903161773,2.8125441792247343e-05,2.3702207229993366e-05,3.595098488232709e-05,-3.883685680945353,2.313105122321912e-05,0.8160237388724035,1.7651998714652959,0.0766778240174895
atm_withdrawals,withdrawn,F10,adam,classification,1,455,1,-2.2758287478671937,2.0327991600749012e-05,1.607431222605874e-05,2.6065789844605914e-05,-3.9760298032996975,1.6067152238641734e-05,0.8160237388724035,1.7651998714652959,0.0766778240174895
atm_withdrawals,withdrawn,F10,adam,classification,2,442,1,-1.2154592863991618,3.351104032892566e-05,3.06697242212952e-05,3.874910485266336e-05,-3.8766296051589606,2.8203301391799966e-05,0.8160237388724035,1.7651998714652959,0.0766778240174895
atm_withdrawals,withdrawn,F10,adam,classification,3,443,1,-1.8534499043461956,3.0886089235330404e-05,2.4555782114312497e-05,3.760875984480115e-05,-3.867355984582936,2.4761738363325687e-05,0.8160237388724035,1.7651998714652959,0.0766778240174895
atm_withdrawals,withdrawn,F11,sgd,regression,0,190,1,-2.0821040143526712,3.9075240427112146e-05,6.026707875755989e-06,0.0001538509048280825,-3.844024572461333,4.895214443932501e-05,0.621787110547465,1.7651998714652959,0.0766778240174895
atm_withdrawals,withdrawn,F11,sgd,regression,1,189,1,0.8878629248336521,4.048934370745948e-05,9.14838633381281e-06,0.0001619064159693231,-3.888343811449794,0.0001448666222370302,0.6197851088788155,1.7651998714652959,0.0766778240174895
atm_withdrawals,withdrawn,F11,sgd,regression,2,174,1,-1.5558760037181176,3.4815394809778143e-05,1.2188450260376114e-05,0.0001262184986035981,-3.8716146847502815,1.23742832504377e-05,0.6198175685005429,1.7651998714652959,0.0766778240174895
atm_withdrawals,withdrawn,F11,sgd,regression,3,180,1,4.594870751295639,5.202802125334427e-05,1.2759458763270032e-05,0.00015660630245750622,-3.889484636250215,2.1002018872156743e-05,0.6204101009245182,1.7651998714652959,0.0766778240174895
atm_withdrawals,withdrawn,F11,sgd,classification,0,2221,1,-2.021790716135798,0.0005992499968713803,0.00048411945737538673,0.0007119980090371994,-2.6720865010284,0.00046571676079658347,0.8353115727002968,1.7651998714652959,0.0766778240174895
atm_withdrawals,withdrawn,F11,sgd,classification,1,2195,1,-1.6712102287028792,0.0005659962556133019,0.000494369532312847,0.0006536177117743169,-2.6859889167456266,0.0004794934533416196,0.8338278931750742,1.7651998714652959,0.0766778240174895
atm_withdrawals,withdrawn,F11,sgd,classification,2,2135,1,-1.755986097442152,0.0005596553858082322,0.0004757772081277764,0.0006497268574997379,-2.690792735302433,0.00045199023714391034,0.8338278931750742,1.7651998714652959,0.0766778240174895
atm_withdrawals,withdrawn,F11,sgd,classification,3,2179,1,-1.9005750022975227,0.0006026208623948885,0.00048633450197717196,0.0007118614893711523,-2.6773771677986913,0.0004781763616317405,0.8353115727002968,1.7651998714652959,0.0766778240174895
atm_withdrawals,withdrawn,F11,adam,regression,0,72,1,-0.3580037616847542,0.0008714347939697264,0.0002016147454634133,0.002469478393688107,-3.1024378054930777,0.0002850387700156324,0.6203431201850381,1.7651998714652959,0.0766778240174895
atm_withdrawals,withdrawn,F11,adam,regression,1,70,1,0.1923132877382457,0.0006825928689517475,0.00019520122633300325,0.0022469532263570424,-3.119404674267408,0.002032702425585852,0.6235861918958016,1.7651998714652959,0.0766778240174895
atm_withdrawals,withdrawn,F11,adam,regression,2,66,1,-0.18062100551356872,0.0007433428652170188,0.00022033687418531925,0.0028597792799591832,-3.099117463553352,0.0006610288902533203,0.6292219381238457,1.7651998714652959,0.0766778240174895
atm_withdrawals,withdrawn,F11,adam,regression,3,72,1,1.358128029245199,0.000676547500393545,0.0002077698528700396,0.00250309157916748,-3.100708429995324,0.00025039158559272414,0.6166173315833996,1.7651998714652959,0.0766778240174895
atm_withdrawals,withdrawn,F11,adam,classification,0,286,1,-3.292772863241542,2.370710713392245e-05,5.073175366266491e-06,0.00012670319111535188,-4.104667668519612,3.5047830621783063e-05,0.8219584569732937,1.7651998714652959,0.0766778240174895
atm_withdrawals,withdrawn,F11,adam,classification,1,273,1,1.1618241722364444,3.619280437259507e-05,9.403911040278817e-06,0.0001318307580757649,-4.135842593638954,3.342685832497923e-05,0.8264094955489614,1.7651998714652959,0.0766778240174895
atm_withdrawals,withdrawn,F11,adam,classification,2,255,1,-2.089061645006815,2.8501863073981183e-05,8.346753474682165e-06,9.65544730981228e-05,-4.15088814789596,1.1395538620659821e-05,0.8234421364985163,1.7651998714652959,0.0766778240174895
atm_withdrawals,withdrawn,F11,adam,classification,3,295,1,2.6454091524503176,3.925423968113078e-05,1.0911300660209494e-05,9.054715988320433e-05,-4.182050740146805,3.605534024757161e-05,0.8234421364985163,1.7651998714652959,0.0766778240174895
